﻿<?xml version="1.0" encoding="UTF-8" standalone="yes"?>
<alto xmlns="http://www.loc.gov/standards/alto/ns-v2#" xmlns:xlink="http://www.w3.org/1999/xlink" xmlns:xsi="http://www.w3.org/2001/XMLSchema-instance" xsi:schemaLocation="http://www.loc.gov/standards/alto/ns-v2# http://www.loc.gov/standards/alto/alto-v2.0.xsd">
<Description>
<MeasurementUnit>pixel</MeasurementUnit>
<OCRProcessing ID="IdOcr"><ocrProcessingStep><processingDateTime>2017-03-20</processingDateTime><processingSoftware><softwareCreator>ABBYY</softwareCreator><softwareName>ABBYY FineReader Engine</softwareName><softwareVersion>11</softwareVersion></processingSoftware></ocrProcessingStep></OCRProcessing>
</Description>
<Styles><TextStyle ID="font0" FONTFAMILY="Arial" FONTSIZE="26"/><TextStyle ID="font1" FONTFAMILY="Times New Roman" FONTSIZE="8"/><TextStyle ID="font2" FONTFAMILY="Times New Roman" FONTSIZE="9"/><TextStyle ID="font3" FONTFAMILY="Times New Roman" FONTSIZE="10"/><TextStyle ID="font4" FONTFAMILY="Times New Roman" FONTSIZE="11"/><TextStyle ID="font5" FONTFAMILY="Times New Roman" FONTSIZE="12"/><TextStyle ID="font6" FONTFAMILY="Times New Roman" FONTSIZE="14"/><TextStyle ID="font7" FONTFAMILY="Times New Roman" FONTSIZE="19"/>
</Styles>
<Layout>
<Page ID="Page1" PHYSICAL_IMG_NR="1" HEIGHT="2042" WIDTH="1227">
<TopMargin HEIGHT="193" WIDTH="1227" VPOS="0" HPOS="0"><GraphicalElement ID="Page1_Block1" HEIGHT="22" WIDTH="544" VPOS="171" HPOS="43"/><GraphicalElement ID="Page1_Block2" HEIGHT="3" WIDTH="295" VPOS="190" HPOS="610"/>
</TopMargin>
<LeftMargin HEIGHT="1689" WIDTH="4" VPOS="193" HPOS="0">
</LeftMargin>
<RightMargin HEIGHT="1689" WIDTH="164" VPOS="193" HPOS="1063">
</RightMargin>
<BottomMargin HEIGHT="160" WIDTH="1227" VPOS="1882" HPOS="0">
</BottomMargin>
<PrintSpace HEIGHT="1689" WIDTH="1059" VPOS="193" HPOS="4">
<TextBlock ID="Page1_Block3" HEIGHT="963" WIDTH="1049" VPOS="193" HPOS="14" language="de" STYLEREFS="font4"><Shape><Polygon POINTS="30,210 1066,210 1066,1158 30,1158 30,210"/></Shape>
<TextLine HEIGHT="51" WIDTH="129" VPOS="203" HPOS="459" STYLEREFS="font6"><String STYLE="bold" WC="0.3574999869" CONTENT="CXI." HEIGHT="51" WIDTH="129" VPOS="203" HPOS="459"/></TextLine>
<TextLine HEIGHT="59" WIDTH="617" VPOS="265" HPOS="225" STYLEREFS="font6"><String STYLE="bold" WC="0.3487499952" CONTENT="Sprüchw." HEIGHT="51" WIDTH="220" VPOS="265" HPOS="225"/><SP WIDTH="21" VPOS="270" HPOS="445"/><String STYLE="bold" WC="0.337500006" CONTENT="Lap." HEIGHT="49" WIDTH="99" VPOS="270" HPOS="467"/><SP WIDTH="16" VPOS="274" HPOS="567"/><String STYLE="bold" WC="0.7400000095" CONTENT="vi." HEIGHT="36" WIDTH="59" VPOS="274" HPOS="584"/><SP WIDTH="13" VPOS="285" HPOS="644"/><String STYLE="bold" WC="0.5344444513" CONTENT="vers.6/7." HEIGHT="50" WIDTH="184" VPOS="274" HPOS="658"/></TextLine>
<TextLine HEIGHT="67" WIDTH="949" VPOS="310" HPOS="88" STYLEREFS="font6"><String STYLE="bold" WC="0.5299999714" CONTENT="Gebe" HEIGHT="45" WIDTH="97" VPOS="310" HPOS="88"/><SP WIDTH="9" VPOS="311" HPOS="185"/><String STYLE="bold" WC="0.6700000167" CONTENT="hin" HEIGHT="48" WIDTH="55" VPOS="312" HPOS="194"/><SP WIDTH="7" VPOS="324" HPOS="249"/><String STYLE="bold" WC="0.5950000286" CONTENT="zu" HEIGHT="39" WIDTH="37" VPOS="325" HPOS="256"/><SP WIDTH="8" VPOS="319" HPOS="293"/><String STYLE="bold" WC="0.4066666663" CONTENT="der" HEIGHT="38" WIDTH="55" VPOS="319" HPOS="301"/><SP WIDTH="8" VPOS="314" HPOS="356"/><String STYLE="bold" WC="0.6636363864" CONTENT="Ameissen/du" HEIGHT="54" WIDTH="219" VPOS="314" HPOS="364"/><SP WIDTH="10" VPOS="320" HPOS="583"/><String STYLE="bold" WC="0.4589999914" CONTENT="Fauler/und" HEIGHT="50" WIDTH="202" VPOS="320" HPOS="593"/><SP WIDTH="7" VPOS="324" HPOS="795"/><String STYLE="bold" WC="0.2975000143" CONTENT="habe" HEIGHT="48" WIDTH="82" VPOS="322" HPOS="802"/><SP WIDTH="10" VPOS="333" HPOS="884"/><String STYLE="bold" WC="0.3149999976" CONTENT="acht" HEIGHT="49" WIDTH="73" VPOS="323" HPOS="894"/><SP WIDTH="6" VPOS="331" HPOS="967"/><String STYLE="bold" WC="0.3966666758" CONTENT="auf" HEIGHT="54" WIDTH="64" VPOS="323" HPOS="973"/></TextLine>
<TextLine HEIGHT="69" WIDTH="991" VPOS="353" HPOS="41" STYLEREFS="font6"><String STYLE="bold" WC="0.3700000048" CONTENT="ihre" HEIGHT="51" WIDTH="67" VPOS="353" HPOS="41"/><SP WIDTH="17" VPOS="359" HPOS="109"/><String STYLE="bold" WC="0.5939999819" CONTENT="Wege/" HEIGHT="52" WIDTH="138" VPOS="360" HPOS="127"/><SP WIDTH="19" VPOS="372" HPOS="266"/><String STYLE="bold" WC="0.2633333206" CONTENT="und" HEIGHT="39" WIDTH="69" VPOS="367" HPOS="286"/><SP WIDTH="16" VPOS="366" HPOS="356"/><String STYLE="bold" WC="0.4300000072" CONTENT="lerne" HEIGHT="40" WIDTH="83" VPOS="366" HPOS="373"/><SP WIDTH="8" VPOS="366" HPOS="457"/><String STYLE="bold" WC="0.6666666865" CONTENT="Wcislleit" HEIGHT="46" WIDTH="172" VPOS="366" HPOS="466"/><SP WIDTH="24" VPOS="372" HPOS="639"/><String STYLE="bold" WC="0.3600000143" CONTENT=";" HEIGHT="38" WIDTH="10" VPOS="376" HPOS="664"/><SP WIDTH="24" VPOS="371" HPOS="674"/><String STYLE="bold" WC="0.5099999905" CONTENT="Ob" HEIGHT="46" WIDTH="64" VPOS="371" HPOS="698"/><SP WIDTH="23" VPOS="371" HPOS="762"/><String STYLE="bold" WC="0.7200000286" CONTENT="sie" HEIGHT="48" WIDTH="41" VPOS="371" HPOS="785"/><SP WIDTH="13" VPOS="381" HPOS="827"/><String STYLE="bold" WC="0.4366666675" CONTENT="wol" HEIGHT="41" WIDTH="65" VPOS="376" HPOS="841"/><SP WIDTH="17" VPOS="377" HPOS="906"/><String STYLE="bold" WC="0.5659999847" CONTENT="weder" HEIGHT="40" WIDTH="109" VPOS="378" HPOS="923"/></TextLine>
<TextLine HEIGHT="71" WIDTH="1003" VPOS="403" HPOS="39" STYLEREFS="font6"><String STYLE="bold" WC="0.4516666532" CONTENT="Führer" HEIGHT="59" WIDTH="125" VPOS="403" HPOS="39"/><SP WIDTH="10" VPOS="421" HPOS="164"/><String STYLE="bold" WC="1." CONTENT="/" HEIGHT="29" WIDTH="13" VPOS="421" HPOS="175"/><SP WIDTH="13" VPOS="419" HPOS="189"/><String STYLE="bold" WC="0.5500000119" CONTENT="noch" HEIGHT="46" WIDTH="77" VPOS="412" HPOS="203"/><SP WIDTH="8" VPOS="413" HPOS="281"/><String STYLE="bold" WC="0.3841666579" CONTENT="Meister/noch" HEIGHT="49" WIDTH="238" VPOS="413" HPOS="290"/><SP WIDTH="9" VPOS="417" HPOS="529"/><String STYLE="bold" WC="0.3219999969" CONTENT="Herrn" HEIGHT="48" WIDTH="112" VPOS="417" HPOS="539"/><SP WIDTH="8" VPOS="419" HPOS="652"/><String STYLE="bold" WC="0.5575000048" CONTENT="hat/" HEIGHT="46" WIDTH="77" VPOS="419" HPOS="661"/><SP WIDTH="16" VPOS="419" HPOS="739"/><String STYLE="bold" WC="0.6612499952" CONTENT="bereitet" HEIGHT="41" WIDTH="125" VPOS="419" HPOS="756"/><SP WIDTH="12" VPOS="423" HPOS="882"/><String STYLE="bold" WC="0.7066666484" CONTENT="sie" HEIGHT="45" WIDTH="39" VPOS="423" HPOS="895"/><SP WIDTH="15" VPOS="426" HPOS="935"/><String STYLE="bold" WC="0.4539999962" CONTENT="doch," HEIGHT="48" WIDTH="91" VPOS="426" HPOS="951"/></TextLine>
<TextLine HEIGHT="67" WIDTH="994" VPOS="452" HPOS="38" STYLEREFS="font6"><String STYLE="bold" WC="0.5924999714" CONTENT="ihre" HEIGHT="51" WIDTH="66" VPOS="452" HPOS="38"/><SP WIDTH="9" VPOS="458" HPOS="104"/><String STYLE="bold" WC="0.5483333468" CONTENT="Speise" HEIGHT="51" WIDTH="125" VPOS="457" HPOS="113"/><SP WIDTH="20" VPOS="461" HPOS="238"/><String STYLE="bold" WC="0.6800000072" CONTENT="im" HEIGHT="39" WIDTH="43" VPOS="461" HPOS="258"/><SP WIDTH="12" VPOS="462" HPOS="301"/><String STYLE="bold" WC="0.5042856932" CONTENT="Sommer/" HEIGHT="44" WIDTH="191" VPOS="462" HPOS="313"/><SP WIDTH="25" VPOS="475" HPOS="504"/><String STYLE="bold" WC="0.4566666782" CONTENT="und" HEIGHT="41" WIDTH="67" VPOS="465" HPOS="529"/><SP WIDTH="11" VPOS="466" HPOS="596"/><String STYLE="bold" WC="0.6471428275" CONTENT="sammlet" HEIGHT="47" WIDTH="147" VPOS="467" HPOS="607"/><SP WIDTH="19" VPOS="468" HPOS="754"/><String STYLE="bold" WC="0.4300000072" CONTENT="in" HEIGHT="40" WIDTH="33" VPOS="469" HPOS="773"/><SP WIDTH="16" VPOS="468" HPOS="806"/><String STYLE="bold" WC="0.4633333385" CONTENT="der" HEIGHT="43" WIDTH="53" VPOS="468" HPOS="822"/><SP WIDTH="15" VPOS="470" HPOS="875"/><String STYLE="bold" WC="0.3700000048" CONTENT="Erndte/" HEIGHT="46" WIDTH="142" VPOS="470" HPOS="890"/></TextLine>
<TextLine HEIGHT="54" WIDTH="351" VPOS="503" HPOS="42" STYLEREFS="font6"><String STYLE="bold" WC="0.603333354" CONTENT="daß" HEIGHT="49" WIDTH="66" VPOS="503" HPOS="42"/><SP WIDTH="11" VPOS="505" HPOS="108"/><String STYLE="bold" WC="0.4366666675" CONTENT="sie" HEIGHT="47" WIDTH="41" VPOS="507" HPOS="119"/><SP WIDTH="8" VPOS="517" HPOS="160"/><String STYLE="bold" WC="0.3650000095" CONTENT="zu" HEIGHT="38" WIDTH="36" VPOS="517" HPOS="168"/><SP WIDTH="9" VPOS="518" HPOS="205"/><String STYLE="bold" WC="0.621999979" CONTENT="essen" HEIGHT="48" WIDTH="76" VPOS="508" HPOS="214"/><SP WIDTH="10" VPOS="510" HPOS="290"/><String STYLE="bold" WC="0.5619999766" CONTENT="habe." HEIGHT="46" WIDTH="93" VPOS="510" HPOS="300"/></TextLine>
<TextLine HEIGHT="67" WIDTH="937" VPOS="552" HPOS="89" STYLEREFS="font4"><String STYLE="italics" WC="0.3249999881" CONTENT="ya&amp;e" HEIGHT="40" WIDTH="90" VPOS="553" HPOS="89"/><SP WIDTH="7" VPOS="568" HPOS="180"/><String STYLE="italics" WC="0.6209999919" CONTENT="adformicam" HEIGHT="54" WIDTH="220" VPOS="554" HPOS="188"/><String WC="0.6600000262" CONTENT="," HEIGHT="16" WIDTH="11" VPOS="587" HPOS="417"/><SP WIDTH="7" VPOS="558" HPOS="429"/><String WC="0.5400000215" CONTENT="ö" HEIGHT="40" WIDTH="20" VPOS="558" HPOS="437"/><SP WIDTH="12" VPOS="558" HPOS="458"/><String STYLE="italics" WC="0.6016666889" CONTENT="piger," HEIGHT="50" WIDTH="101" VPOS="562" HPOS="471"/><SP WIDTH="9" VPOS="560" HPOS="573"/><String WC="0.1299999952" CONTENT="G" HEIGHT="46" WIDTH="44" VPOS="560" HPOS="583"/><SP WIDTH="8" VPOS="561" HPOS="628"/><String STYLE="italics" WC="0.40625" CONTENT="conßdera" HEIGHT="50" WIDTH="158" VPOS="562" HPOS="637"/><SP WIDTH="10" VPOS="576" HPOS="796"/><String STYLE="italics" WC="0.5649999976" CONTENT="Dias" HEIGHT="37" WIDTH="75" VPOS="568" HPOS="807"/><SP WIDTH="6" VPOS="580" HPOS="883"/><String STYLE="italics" WC="0.5619999766" CONTENT="ejus," HEIGHT="50" WIDTH="78" VPOS="568" HPOS="890"/><SP WIDTH="11" VPOS="564" HPOS="969"/><String WC="1." CONTENT="O" HEIGHT="49" WIDTH="45" VPOS="565" HPOS="981"/></TextLine>
<TextLine HEIGHT="71" WIDTH="994" VPOS="598" HPOS="37" STYLEREFS="font4"><String STYLE="italics" WC="0.5120000243" CONTENT="difce" HEIGHT="54" WIDTH="85" VPOS="598" HPOS="37"/><SP WIDTH="16" VPOS="609" HPOS="122"/><String STYLE="italics" WC="0.5929999948" CONTENT="fapientiam" HEIGHT="49" WIDTH="191" VPOS="608" HPOS="138"/><SP WIDTH="14" VPOS="621" HPOS="329"/><String WC="0.5799999833" CONTENT=":" HEIGHT="25" WIDTH="8" VPOS="622" HPOS="343"/><SP WIDTH="17" VPOS="622" HPOS="351"/><String STYLE="italics" WC="1." CONTENT="qu£" HEIGHT="42" WIDTH="66" VPOS="619" HPOS="368"/><SP WIDTH="15" VPOS="620" HPOS="434"/><String STYLE="italics" WC="0.1066666692" CONTENT="cum" HEIGHT="25" WIDTH="70" VPOS="623" HPOS="449"/><SP WIDTH="14" VPOS="625" HPOS="519"/><String STYLE="italics" WC="0.823333323" CONTENT="non" HEIGHT="26" WIDTH="62" VPOS="623" HPOS="533"/><SP WIDTH="15" VPOS="614" HPOS="595"/><String STYLE="italics" WC="0.6633333564" CONTENT="habeat" HEIGHT="39" WIDTH="122" VPOS="612" HPOS="610"/><SP WIDTH="9" VPOS="615" HPOS="732"/><String STYLE="italics" WC="0.5059999824" CONTENT="ducem" HEIGHT="38" WIDTH="109" VPOS="615" HPOS="741"/><SP WIDTH="8" VPOS="626" HPOS="850"/><String STYLE="italics" WC="0.25" CONTENT=";nec" HEIGHT="31" WIDTH="74" VPOS="626" HPOS="858"/><SP WIDTH="13" VPOS="630" HPOS="932"/><String STYLE="italics" WC="0.5074999928" CONTENT="pr£-" HEIGHT="39" WIDTH="86" VPOS="630" HPOS="945"/></TextLine>
<TextLine HEIGHT="68" WIDTH="995" VPOS="650" HPOS="35" STYLEREFS="font4"><String STYLE="italics" WC="0.4824999869" CONTENT="ctptorem" HEIGHT="46" WIDTH="165" VPOS="657" HPOS="35"/><String WC="0.9599999785" CONTENT="," HEIGHT="13" WIDTH="7" VPOS="679" HPOS="214"/><SP WIDTH="11" VPOS="669" HPOS="222"/><String STYLE="italics" WC="0.5400000215" CONTENT="nec" HEIGHT="27" WIDTH="54" VPOS="667" HPOS="234"/><SP WIDTH="8" VPOS="667" HPOS="288"/><String STYLE="italics" WC="0.4420000017" CONTENT="prittcipem" HEIGHT="49" WIDTH="174" VPOS="661" HPOS="296"/><SP WIDTH="13" VPOS="672" HPOS="471"/><String WC="1." CONTENT="&gt;" HEIGHT="13" WIDTH="7" VPOS="686" HPOS="485"/><SP WIDTH="8" VPOS="671" HPOS="492"/><String STYLE="italics" WC="0.4639999866" CONTENT="parat" HEIGHT="43" WIDTH="97" VPOS="667" HPOS="500"/><SP WIDTH="10" VPOS="663" HPOS="598"/><String STYLE="italics" WC="0.7300000191" CONTENT="in" HEIGHT="35" WIDTH="32" VPOS="663" HPOS="609"/><SP WIDTH="17" VPOS="675" HPOS="642"/><String STYLE="italics" WC="0.3266666532" CONTENT="&lt;eßate" HEIGHT="47" WIDTH="104" VPOS="661" HPOS="659"/><SP WIDTH="11" VPOS="677" HPOS="763"/><String STYLE="italics" WC="0.628000021" CONTENT="cibum" HEIGHT="42" WIDTH="104" VPOS="661" HPOS="774"/><SP WIDTH="10" VPOS="667" HPOS="878"/><String STYLE="italics" WC="0.8339999914" CONTENT="fibi;" HEIGHT="51" WIDTH="76" VPOS="663" HPOS="888"/><SP WIDTH="20" VPOS="663" HPOS="964"/><String WC="1." CONTENT="U" HEIGHT="48" WIDTH="46" VPOS="664" HPOS="984"/></TextLine>
<TextLine HEIGHT="57" WIDTH="421" VPOS="705" HPOS="231" STYLEREFS="font4"><String STYLE="italics" WC="0.7950000167" CONTENT="in" HEIGHT="35" WIDTH="31" VPOS="708" HPOS="231"/><SP WIDTH="10" VPOS="718" HPOS="263"/><String STYLE="italics" WC="0.5339999795" CONTENT="mejfe" HEIGHT="48" WIDTH="88" VPOS="707" HPOS="274"/><SP WIDTH="11" VPOS="719" HPOS="363"/><String STYLE="italics" WC="0.2800000012" CONTENT="," HEIGHT="13" WIDTH="7" VPOS="737" HPOS="375"/><SP WIDTH="17" VPOS="721" HPOS="383"/><String STYLE="italics" WC="0.6299999952" CONTENT="quod" HEIGHT="53" WIDTH="85" VPOS="707" HPOS="401"/><SP WIDTH="7" VPOS="709" HPOS="487"/><String STYLE="italics" WC="0.5500000119" CONTENT="comedat." HEIGHT="39" WIDTH="157" VPOS="709" HPOS="495"/></TextLine>
<TextLine HEIGHT="67" WIDTH="944" VPOS="748" HPOS="86"><String WC="0.473333329" CONTENT="Vä," HEIGHT="41" WIDTH="61" VPOS="754" HPOS="86"/><SP WIDTH="10" VPOS="765" HPOS="147"/><String WC="0.5899999738" CONTENT="pigro," HEIGHT="46" WIDTH="105" VPOS="756" HPOS="157"/><SP WIDTH="13" VPOS="770" HPOS="262"/><String WC="0.5024999976" CONTENT="alla" HEIGHT="34" WIDTH="56" VPOS="758" HPOS="276"/><SP WIDTH="13" VPOS="758" HPOS="332"/><String WC="0.5262500048" CONTENT="formica:" HEIGHT="38" WIDTH="154" VPOS="757" HPOS="345"/><SP WIDTH="13" VPOS="771" HPOS="499"/><String WC="0.5099999905" CONTENT="riguarda" HEIGHT="51" WIDTH="143" VPOS="759" HPOS="513"/><SP WIDTH="10" VPOS="756" HPOS="656"/><String WC="0.4600000083" CONTENT="le" HEIGHT="38" WIDTH="28" VPOS="756" HPOS="666"/><SP WIDTH="9" VPOS="760" HPOS="694"/><String WC="0.2733333409" CONTENT="tue" HEIGHT="36" WIDTH="53" VPOS="760" HPOS="703"/><SP WIDTH="9" VPOS="774" HPOS="756"/><String WC="0.6299999952" CONTENT="vie" HEIGHT="34" WIDTH="50" VPOS="763" HPOS="766"/><SP WIDTH="8" VPOS="773" HPOS="816"/><String WC="0.4933333397" CONTENT="ediv.enta" HEIGHT="39" WIDTH="150" VPOS="760" HPOS="825"/><SP WIDTH="8" VPOS="764" HPOS="975"/><String WC="0.2199999988" CONTENT="fä«" HEIGHT="36" WIDTH="47" VPOS="764" HPOS="983"/></TextLine>
<TextLine HEIGHT="64" WIDTH="993" VPOS="798" HPOS="38"><String WC="0.4466666579" CONTENT="Vio" HEIGHT="36" WIDTH="56" VPOS="799" HPOS="39"/><SP WIDTH="25" VPOS="811" HPOS="95"/><String WC="0.7900000215" CONTENT=";" HEIGHT="32" WIDTH="13" VPOS="814" HPOS="120"/><SP WIDTH="28" VPOS="802" HPOS="133"/><String WC="0.5683333278" CONTENT="Concib" HEIGHT="37" WIDTH="129" VPOS="802" HPOS="162"/><SP WIDTH="15" VPOS="804" HPOS="292"/><String WC="0.7325000167" CONTENT="si&apos;a" HEIGHT="36" WIDTH="44" VPOS="804" HPOS="308"/><SP WIDTH="10" VPOS="818" HPOS="353"/><String WC="0.6342856884" CONTENT="colach’ellanon" HEIGHT="40" WIDTH="265" VPOS="804" HPOS="364"/><SP WIDTH="12" VPOS="809" HPOS="629"/><String WC="0.6383333206" CONTENT="habbia" HEIGHT="37" WIDTH="124" VPOS="808" HPOS="641"/><SP WIDTH="13" VPOS="824" HPOS="765"/><String WC="0.5215384364" CONTENT="necapicäno.ni" HEIGHT="53" WIDTH="253" VPOS="809" HPOS="778"/></TextLine>
<TextLine HEIGHT="65" WIDTH="998" VPOS="846" HPOS="33"><String WC="0.5366666913" CONTENT="naagiftraco," HEIGHT="51" WIDTH="195" VPOS="848" HPOS="33"/><SP WIDTH="7" VPOS="863" HPOS="229"/><String WC="0.349999994" CONTENT="nc" HEIGHT="24" WIDTH="39" VPOS="863" HPOS="237"/><SP WIDTH="12" VPOS="851" HPOS="277"/><String WC="0.474999994" CONTENT="fignöre." HEIGHT="52" WIDTH="139" VPOS="851" HPOS="290"/><SP WIDTH="42" VPOS="853" HPOS="430"/><String WC="0.3733333349" CONTENT="Epureella" HEIGHT="50" WIDTH="180" VPOS="854" HPOS="473"/><SP WIDTH="11" VPOS="868" HPOS="654"/><String WC="0.4281818271" CONTENT="appardcchia" HEIGHT="47" WIDTH="205" VPOS="858" HPOS="666"/><SP WIDTH="14" VPOS="874" HPOS="872"/><String WC="0.5788888931" CONTENT="nell’eftä" HEIGHT="43" WIDTH="144" VPOS="858" HPOS="887"/></TextLine>
<TextLine HEIGHT="66" WIDTH="828" VPOS="891" HPOS="33"><String WC="0.4050000012" CONTENT="&gt;1" HEIGHT="39" WIDTH="26" VPOS="891" HPOS="33"/><SP WIDTH="8" VPOS="892" HPOS="59"/><String WC="0.6366666555" CONTENT="fuo" HEIGHT="38" WIDTH="57" VPOS="895" HPOS="67"/><SP WIDTH="10" VPOS="912" HPOS="124"/><String WC="0.6859999895" CONTENT="cibo," HEIGHT="41" WIDTH="93" VPOS="900" HPOS="135"/><SP WIDTH="10" VPOS="914" HPOS="228"/><String WC="0.3100000024" CONTENT="e" HEIGHT="22" WIDTH="16" VPOS="914" HPOS="239"/><SP WIDTH="7" VPOS="914" HPOS="256"/><String WC="0.4900000095" CONTENT="raduna" HEIGHT="36" WIDTH="116" VPOS="903" HPOS="264"/><SP WIDTH="10" VPOS="914" HPOS="380"/><String WC="0.4740000069" CONTENT="nclla" HEIGHT="37" WIDTH="78" VPOS="902" HPOS="391"/><SP WIDTH="8" VPOS="915" HPOS="469"/><String WC="0.5571428537" CONTENT="ricolta" HEIGHT="35" WIDTH="110" VPOS="905" HPOS="478"/><SP WIDTH="9" VPOS="908" HPOS="588"/><String WC="0.6600000262" CONTENT="il" HEIGHT="35" WIDTH="20" VPOS="905" HPOS="597"/><SP WIDTH="11" VPOS="906" HPOS="617"/><String WC="0.6133333445" CONTENT="fuo" HEIGHT="36" WIDTH="57" VPOS="906" HPOS="628"/><SP WIDTH="8" VPOS="917" HPOS="685"/><String WC="0.6388888955" CONTENT="mangläre." HEIGHT="50" WIDTH="167" VPOS="907" HPOS="694"/></TextLine>
<TextLine HEIGHT="68" WIDTH="988" VPOS="944" HPOS="41"><String STYLE="italics" WC="0.426666677" CONTENT=",^Uez,partfftux" HEIGHT="55" WIDTH="313" VPOS="944" HPOS="41"/><String WC="1." CONTENT="," HEIGHT="14" WIDTH="9" VPOS="981" HPOS="366"/><SP WIDTH="15" VPOS="963" HPOS="375"/><String STYLE="italics" WC="0.5074999928" CONTENT="vers" HEIGHT="28" WIDTH="81" VPOS="962" HPOS="390"/><SP WIDTH="13" VPOS="953" HPOS="471"/><String STYLE="italics" WC="0.5" CONTENT="la" HEIGHT="38" WIDTH="31" VPOS="953" HPOS="484"/><SP WIDTH="8" VPOS="954" HPOS="515"/><String STYLE="italics" WC="0.7766666412" CONTENT="foumi," HEIGHT="51" WIDTH="143" VPOS="954" HPOS="523"/><SP WIDTH="19" VPOS="965" HPOS="666"/><String STYLE="italics" WC="0.4190908968" CONTENT="regardezfts" HEIGHT="55" WIDTH="222" VPOS="956" HPOS="685"/><SP WIDTH="14" VPOS="969" HPOS="907"/><String STYLE="italics" WC="0.5433333516" CONTENT="voies," HEIGHT="44" WIDTH="108" VPOS="961" HPOS="921"/></TextLine>
<TextLine HEIGHT="80" WIDTH="993" VPOS="986" HPOS="34"><String STYLE="italics" WC="0.5166666508" CONTENT="cSfoiezfagej" HEIGHT="70" WIDTH="239" VPOS="986" HPOS="34"/><SP WIDTH="15" VPOS="1007" HPOS="273"/><String STYLE="italics" WC="0.7045454383" CONTENT="parcequ’eUe" HEIGHT="51" WIDTH="227" VPOS="1002" HPOS="289"/><SP WIDTH="12" VPOS="1015" HPOS="517"/><String STYLE="italics" WC="0.6750000119" CONTENT="n’" HEIGHT="33" WIDTH="29" VPOS="1008" HPOS="530"/><SP WIDTH="13" VPOS="1009" HPOS="560"/><String STYLE="italics" WC="0.59799999" CONTENT="aiant" HEIGHT="34" WIDTH="92" VPOS="1008" HPOS="574"/><SP WIDTH="15" VPOS="1012" HPOS="667"/><String STYLE="italics" WC="0.4679999948" CONTENT="point" HEIGHT="46" WIDTH="95" VPOS="1010" HPOS="683"/><SP WIDTH="18" VPOS="1007" HPOS="779"/><String STYLE="italics" WC="0.8050000072" CONTENT="de" HEIGHT="37" WIDTH="37" VPOS="1007" HPOS="798"/><SP WIDTH="10" VPOS="1011" HPOS="836"/><String STYLE="italics" WC="0.5350000262" CONTENT="Capitaine," HEIGHT="48" WIDTH="180" VPOS="1011" HPOS="847"/></TextLine>
<TextLine HEIGHT="72" WIDTH="1001" VPOS="1034" HPOS="31"><String STYLE="italics" WC="0.9433333278" CONTENT="fii" HEIGHT="39" WIDTH="39" VPOS="1039" HPOS="31"/><SP WIDTH="26" VPOS="1035" HPOS="70"/><String STYLE="italics" WC="0.6650000215" CONTENT="de" HEIGHT="38" WIDTH="38" VPOS="1035" HPOS="96"/><SP WIDTH="17" VPOS="1044" HPOS="134"/><String STYLE="italics" WC="0.6050000191" CONTENT="prevdt" HEIGHT="45" WIDTH="130" VPOS="1042" HPOS="151"/><String WC="1." CONTENT="," HEIGHT="13" WIDTH="8" VPOS="1069" HPOS="297"/><SP WIDTH="38" VPOS="1060" HPOS="306"/><String STYLE="italics" WC="0.6750000119" CONTENT="ni" HEIGHT="30" WIDTH="34" VPOS="1053" HPOS="345"/><SP WIDTH="30" VPOS="1050" HPOS="379"/><String STYLE="italics" WC="0.7649999857" CONTENT="de" HEIGHT="34" WIDTH="40" VPOS="1051" HPOS="409"/><SP WIDTH="25" VPOS="1055" HPOS="449"/><String STYLE="italics" WC="0.6299999952" CONTENT="feigneur" HEIGHT="46" WIDTH="149" VPOS="1055" HPOS="474"/><SP WIDTH="27" VPOS="1066" HPOS="623"/><String WC="0.6700000167" CONTENT="," HEIGHT="12" WIDTH="10" VPOS="1078" HPOS="651"/><SP WIDTH="31" VPOS="1062" HPOS="662"/><String STYLE="italics" WC="0.4942857027" CONTENT="prepare" HEIGHT="38" WIDTH="135" VPOS="1063" HPOS="694"/><SP WIDTH="31" VPOS="1068" HPOS="830"/><String STYLE="italics" WC="0.7549999952" CONTENT="en" HEIGHT="23" WIDTH="37" VPOS="1068" HPOS="862"/><SP WIDTH="23" VPOS="1069" HPOS="900"/><String STYLE="italics" WC="0.7566666603" CONTENT="ete" HEIGHT="25" WIDTH="49" VPOS="1068" HPOS="924"/><SP WIDTH="21" VPOS="1059" HPOS="974"/><String STYLE="italics" WC="9.999999776e-003" CONTENT="ß" HEIGHT="46" WIDTH="37" VPOS="1059" HPOS="995"/></TextLine>
<TextLine HEIGHT="67" WIDTH="877" VPOS="1083" HPOS="32"><String STYLE="italics" WC="0.4166666567" CONTENT="viande" HEIGHT="41" WIDTH="120" VPOS="1083" HPOS="33"/><String WC="0.4699999988" CONTENT="," HEIGHT="11" WIDTH="7" VPOS="1113" HPOS="162"/><SP WIDTH="63" VPOS="1097" HPOS="170"/><String STYLE="italics" WC="0.4333333373" CONTENT="amajjj" HEIGHT="45" WIDTH="115" VPOS="1090" HPOS="233"/><SP WIDTH="12" VPOS="1092" HPOS="348"/><String STYLE="italics" WC="0.6283333302" CONTENT="durant" HEIGHT="37" WIDTH="119" VPOS="1093" HPOS="360"/><SP WIDTH="9" VPOS="1097" HPOS="479"/><String STYLE="italics" WC="0.6899999976" CONTENT="la" HEIGHT="32" WIDTH="33" VPOS="1097" HPOS="488"/><SP WIDTH="10" VPOS="1106" HPOS="521"/><String STYLE="italics" WC="0.5233333111" CONTENT="moifon" HEIGHT="48" WIDTH="129" VPOS="1093" HPOS="531"/><SP WIDTH="3" VPOS="1099" HPOS="660"/><String STYLE="italics" WC="0.3899999857" CONTENT="famangeaille." HEIGHT="54" WIDTH="246" VPOS="1096" HPOS="663"/></TextLine>
</TextBlock>
<TextBlock ID="Page1_Block4" HEIGHT="701" WIDTH="522" VPOS="1145" HPOS="8" language="de" STYLEREFS="font2"><Shape><Polygon POINTS="34,1162 476,1162 476,1306 548,1306 548,1678 552,1678 552,1722 554,1722 554,1856 34,1856 34,1162"/></Shape>
<TextLine HEIGHT="58" WIDTH="273" VPOS="1150" HPOS="143" STYLEREFS="font5"><String STYLE="bold italics" WC="0.5249999762" CONTENT="LaDiligen^a." HEIGHT="58" WIDTH="273" VPOS="1150" HPOS="143"/></TextLine>
<TextLine HEIGHT="44" WIDTH="219" VPOS="1206" HPOS="69"><String WC="0.4399999976" CONTENT="La" HEIGHT="28" WIDTH="38" VPOS="1209" HPOS="69"/><SP WIDTH="6" VPOS="1208" HPOS="108"/><String WC="0.5460000038" CONTENT="Diligenza," HEIGHT="43" WIDTH="151" VPOS="1207" HPOS="115"/><SP WIDTH="12" VPOS="1221" HPOS="267"/><String WC="1." CONTENT="1" HEIGHT="19" WIDTH="8" VPOS="1221" HPOS="280"/></TextLine>
<TextLine HEIGHT="51" WIDTH="388" VPOS="1246" HPOS="32"><String WC="0.3161538541" CONTENT="amalefaticbe," HEIGHT="38" WIDTH="212" VPOS="1249" HPOS="32"/><SP WIDTH="10" VPOS="1256" HPOS="244"/><String STYLE="italics" WC="0.8450000286" CONTENT="il" HEIGHT="29" WIDTH="21" VPOS="1253" HPOS="254"/><SP WIDTH="8" VPOS="1254" HPOS="275"/><String STYLE="italics" WC="0.5210000277" CONTENT="travu&apos;glio" HEIGHT="47" WIDTH="137" VPOS="1250" HPOS="283"/></TextLine>
<TextLine HEIGHT="51" WIDTH="494" VPOS="1290" HPOS="31"><String WC="0.4659999907" CONTENT="fugg«" HEIGHT="43" WIDTH="80" VPOS="1290" HPOS="31"/><SP WIDTH="18" VPOS="1294" HPOS="112"/><String WC="0.4850000143" CONTENT="la" HEIGHT="30" WIDTH="24" VPOS="1294" HPOS="131"/><SP WIDTH="13" VPOS="1306" HPOS="156"/><String WC="0.4912500083" CONTENT="pigritia" HEIGHT="42" WIDTH="103" VPOS="1296" HPOS="170"/><SP WIDTH="18" VPOS="1305" HPOS="274"/><String WC="0.5500000119" CONTENT="," HEIGHT="15" WIDTH="9" VPOS="1318" HPOS="293"/><SP WIDTH="25" VPOS="1298" HPOS="303"/><String STYLE="italics" WC="0.2899999917" CONTENT="U" HEIGHT="29" WIDTH="26" VPOS="1299" HPOS="329"/><SP WIDTH="8" VPOS="1299" HPOS="356"/><String STYLE="italics" WC="0.3779999912" CONTENT="poltrmttia" HEIGHT="44" WIDTH="160" VPOS="1297" HPOS="365"/></TextLine>
<TextLine HEIGHT="88" WIDTH="412" VPOS="1335" HPOS="112" STYLEREFS="font2"><String STYLE="italics" STYLEREFS="font0" WC="0.4499999881" CONTENT="f" HEIGHT="83" WIDTH="19" VPOS="1335" HPOS="112"/><String STYLE="italics" WC="1." CONTENT="l’" HEIGHT="28" WIDTH="19" VPOS="1337" HPOS="132"/><SP WIDTH="7" VPOS="1337" HPOS="151"/><String STYLE="italics" WC="0.5681250095" CONTENT="infingardaggint," HEIGHT="44" WIDTH="233" VPOS="1338" HPOS="158"/><SP WIDTH="8" VPOS="1343" HPOS="392"/><String STYLE="italics" WC="0.5562499762" CONTENT="dapoggi-" HEIGHT="40" WIDTH="122" VPOS="1344" HPOS="401"/></TextLine>
<TextLine HEIGHT="19" WIDTH="29" VPOS="1388" HPOS="130" STYLEREFS="font2"><String STYLE="italics" WC="0.1449999958" CONTENT="nt" HEIGHT="19" WIDTH="29" VPOS="1388" HPOS="130"/></TextLine>
<TextLine HEIGHT="51" WIDTH="492" VPOS="1413" HPOS="30"><String WC="0.4933333397" CONTENT="fta" HEIGHT="29" WIDTH="37" VPOS="1418" HPOS="30"/><SP WIDTH="10" VPOS="1419" HPOS="68"/><String WC="0.2316666692" CONTENT="fempre" HEIGHT="40" WIDTH="103" VPOS="1419" HPOS="79"/><SP WIDTH="8" VPOS="1427" HPOS="183"/><String WC="0.4438461661" CONTENT="affaccendata," HEIGHT="42" WIDTH="197" VPOS="1416" HPOS="192"/><SP WIDTH="13" VPOS="1436" HPOS="390"/><String STYLE="italics" WC="0.3262499869" CONTENT="occupatn" HEIGHT="31" WIDTH="118" VPOS="1433" HPOS="404"/></TextLine>
<TextLine HEIGHT="46" WIDTH="419" VPOS="1459" HPOS="29"><String WC="0.2599999905" CONTENT="a" HEIGHT="19" WIDTH="18" VPOS="1467" HPOS="29"/><SP WIDTH="12" VPOS="1468" HPOS="47"/><String WC="0.5820000172" CONTENT="punto" HEIGHT="32" WIDTH="90" VPOS="1469" HPOS="59"/><SP WIDTH="9" VPOS="1469" HPOS="149"/><String WC="0.2475000024" CONTENT="come" HEIGHT="21" WIDTH="82" VPOS="1469" HPOS="158"/><SP WIDTH="9" VPOS="1462" HPOS="240"/><String WC="0.6299999952" CONTENT="la" HEIGHT="29" WIDTH="26" VPOS="1462" HPOS="249"/><SP WIDTH="11" VPOS="1464" HPOS="275"/><String WC="0.2771428525" CONTENT="formica" HEIGHT="31" WIDTH="119" VPOS="1464" HPOS="286"/><SP WIDTH="10" VPOS="1475" HPOS="405"/><String WC="0.8000000119" CONTENT=":»" HEIGHT="18" WIDTH="33" VPOS="1475" HPOS="415"/></TextLine>
<TextLine HEIGHT="48" WIDTH="494" VPOS="1500" HPOS="29"><String WC="0.3149999976" CONTENT="«d" HEIGHT="30" WIDTH="34" VPOS="1500" HPOS="29"/><SP WIDTH="7" VPOS="1501" HPOS="64"/><String WC="0.2872727215" CONTENT="amnaucchia," HEIGHT="37" WIDTH="180" VPOS="1502" HPOS="72"/><SP WIDTH="6" VPOS="1516" HPOS="253"/><String STYLE="italics" WC="0.4285714328" CONTENT="ammajja" HEIGHT="35" WIDTH="118" VPOS="1510" HPOS="260"/><String STYLE="subscript italics" WC="0.3700000048" CONTENT="&gt;" HEIGHT="17" WIDTH="8" VPOS="1524" HPOS="381"/><String STYLE="italics" WC="0.5963636637" CONTENT="fipf«&apos;ue&apos;dt" HEIGHT="43" WIDTH="134" VPOS="1505" HPOS="389"/></TextLine>
<TextLine HEIGHT="53" WIDTH="491" VPOS="1538" HPOS="29"><String WC="0.4292857051" CONTENT="abondantcmente" HEIGHT="36" WIDTH="252" VPOS="1541" HPOS="29"/><SP WIDTH="11" VPOS="1547" HPOS="281"/><String WC="0.7850000262" CONTENT="d’" HEIGHT="28" WIDTH="27" VPOS="1547" HPOS="292"/><SP WIDTH="17" VPOS="1547" HPOS="319"/><String WC="0.5099999905" CONTENT="ogni" HEIGHT="39" WIDTH="69" VPOS="1551" HPOS="336"/><SP WIDTH="11" VPOS="1552" HPOS="405"/><String WC="0.3700000048" CONTENT="cofa," HEIGHT="43" WIDTH="73" VPOS="1544" HPOS="416"/><SP WIDTH="15" VPOS="1556" HPOS="489"/><String WC="0.25" CONTENT="3" HEIGHT="30" WIDTH="14" VPOS="1556" HPOS="505"/></TextLine>
<TextLine HEIGHT="45" WIDTH="210" VPOS="1581" HPOS="30"><String WC="0.2214285731" CONTENT="ficötne" HEIGHT="35" WIDTH="102" VPOS="1581" HPOS="30"/><SP WIDTH="10" VPOS="1596" HPOS="132"/><String WC="0.604285717" CONTENT="quella." HEIGHT="39" WIDTH="98" VPOS="1587" HPOS="142"/></TextLine>
<TextLine HEIGHT="41" WIDTH="308" VPOS="1626" HPOS="68"><String WC="0.2633333206" CONTENT="Non" HEIGHT="28" WIDTH="69" VPOS="1630" HPOS="68"/><SP WIDTH="9" VPOS="1628" HPOS="138"/><String WC="0.4309999943" CONTENT="dormetutto" HEIGHT="33" WIDTH="177" VPOS="1628" HPOS="148"/><SP WIDTH="12" VPOS="1630" HPOS="326"/><String WC="0.4099999964" CONTENT="dl," HEIGHT="37" WIDTH="37" VPOS="1630" HPOS="339"/></TextLine>
<TextLine HEIGHT="51" WIDTH="496" VPOS="1665" HPOS="28"><String WC="0.3149999976" CONTENT="na" HEIGHT="24" WIDTH="37" VPOS="1671" HPOS="29"/><SP WIDTH="16" VPOS="1670" HPOS="66"/><String WC="0.7466666698" CONTENT="ftä" HEIGHT="30" WIDTH="38" VPOS="1670" HPOS="82"/><SP WIDTH="17" VPOS="1672" HPOS="120"/><String WC="0.3433333337" CONTENT="gia" HEIGHT="39" WIDTH="43" VPOS="1672" HPOS="137"/><SP WIDTH="21" VPOS="1682" HPOS="180"/><String WC="0.5139999986" CONTENT="collc" HEIGHT="29" WIDTH="71" VPOS="1672" HPOS="201"/><SP WIDTH="14" VPOS="1681" HPOS="272"/><String WC="0.6460000277" CONTENT="tnani" HEIGHT="27" WIDTH="77" VPOS="1675" HPOS="286"/><SP WIDTH="16" VPOS="1671" HPOS="363"/><String WC="0.25" CONTENT="ä" HEIGHT="32" WIDTH="16" VPOS="1671" HPOS="379"/><SP WIDTH="18" VPOS="1672" HPOS="395"/><String WC="0.6150000095" CONTENT="cintola," HEIGHT="35" WIDTH="111" VPOS="1671" HPOS="413"/></TextLine>
<TextLine HEIGHT="43" WIDTH="191" VPOS="1714" HPOS="334"><String STYLE="italics" WC="0.2036363631" CONTENT="[{cioptrdto" HEIGHT="43" WIDTH="158" VPOS="1714" HPOS="334"/><SP WIDTH="11" VPOS="1727" HPOS="493"/><String WC="0.2599999905" CONTENT="4" HEIGHT="26" WIDTH="20" VPOS="1727" HPOS="505"/></TextLine>
<TextLine HEIGHT="53" WIDTH="498" VPOS="1748" HPOS="27"><String STYLEREFS="font1" WC="0.3075000048" CONTENT="••BW" HEIGHT="30" WIDTH="82" VPOS="1752" HPOS="27"/><SP WIDTH="7" VPOS="1750" HPOS="109"/><String WC="0.275000006" CONTENT="fd" HEIGHT="33" WIDTH="28" VPOS="1750" HPOS="116"/><SP WIDTH="5" VPOS="1751" HPOS="144"/><String WC="0.6200000048" CONTENT="il" HEIGHT="34" WIDTH="19" VPOS="1752" HPOS="149"/><SP WIDTH="9" VPOS="1752" HPOS="168"/><String WC="0.2919999957" CONTENT="pigro" HEIGHT="45" WIDTH="80" VPOS="1753" HPOS="177"/><SP WIDTH="10" VPOS="1763" HPOS="257"/><String STYLE="italics" WC="0.5" CONTENT="»p" HEIGHT="34" WIDTH="35" VPOS="1763" HPOS="267"/><SP WIDTH="2" VPOS="1763" HPOS="302"/><String STYLE="italics" WC="0.4133333266" CONTENT="thront" HEIGHT="32" WIDTH="97" VPOS="1757" HPOS="304"/><SP WIDTH="6" VPOS="1770" HPOS="401"/><String STYLE="italics" WC="0.3787499964" CONTENT=",poltro-" HEIGHT="40" WIDTH="117" VPOS="1758" HPOS="408"/></TextLine>
<TextLine HEIGHT="41" WIDTH="114" VPOS="1801" HPOS="411"><String STYLE="italics" STYLEREFS="font3" WC="0.5500000119" CONTENT="{n*((i»" HEIGHT="40" WIDTH="99" VPOS="1801" HPOS="412"/><String STYLE="subscript italics" STYLEREFS="font3" WC="0.2599999905" CONTENT="t" HEIGHT="21" WIDTH="15" VPOS="1821" HPOS="510"/></TextLine>
</TextBlock>
<TextBlock ID="Page1_Block5" HEIGHT="659" WIDTH="520" VPOS="1157" HPOS="530" language="de" STYLEREFS="font2"><Shape><Polygon POINTS="588,1166 1066,1166 1066,1818 558,1818 558,1732 556,1732 556,1680 554,1680 554,1570 552,1570 552,1480 550,1480 550,1432 628,1432 628,1348 550,1348 550,1262 588,1262 588,1166"/></Shape>
<TextLine HEIGHT="61" WIDTH="268" VPOS="1162" HPOS="652" STYLEREFS="font5"><String STYLE="bold italics" WC="0.3600000143" CONTENT="La" HEIGHT="34" WIDTH="51" VPOS="1165" HPOS="653"/><SP WIDTH="8" VPOS="1166" HPOS="705"/><String STYLE="bold italics" WC="0.5577777624" CONTENT="Diligence" HEIGHT="60" WIDTH="194" VPOS="1163" HPOS="713"/><String STYLE="bold" STYLEREFS="font7" WC="0.25" CONTENT="." HEIGHT="13" WIDTH="12" VPOS="1199" HPOS="908"/></TextLine>
<TextLine HEIGHT="48" WIDTH="224" VPOS="1213" HPOS="574" STYLEREFS="font2"><String STYLEREFS="font3" WC="0.2700000107" CONTENT="La" HEIGHT="30" WIDTH="36" VPOS="1214" HPOS="574"/><SP WIDTH="7" VPOS="1213" HPOS="611"/><String WC="0.6140000224" CONTENT="Diligence," HEIGHT="47" WIDTH="153" VPOS="1214" HPOS="619"/><SP WIDTH="12" VPOS="1232" HPOS="773"/><String WC="0.2599999905" CONTENT="t" HEIGHT="23" WIDTH="12" VPOS="1232" HPOS="786"/></TextLine>
<TextLine HEIGHT="46" WIDTH="385" VPOS="1256" HPOS="535" STYLEREFS="font2"><String WC="0.4499999881" CONTENT="aime" HEIGHT="31" WIDTH="70" VPOS="1258" HPOS="535"/><SP WIDTH="6" VPOS="1260" HPOS="605"/><String WC="0.3100000024" CONTENT="le" HEIGHT="29" WIDTH="25" VPOS="1260" HPOS="611"/><SP WIDTH="9" VPOS="1267" HPOS="636"/><String WC="0.4612500072" CONTENT="travail," HEIGHT="41" WIDTH="104" VPOS="1258" HPOS="645"/><SP WIDTH="8" VPOS="1276" HPOS="749"/><String STYLE="italics" STYLEREFS="font1" WC="0.5799999833" CONTENT="a" HEIGHT="15" WIDTH="14" VPOS="1277" HPOS="758"/><SP WIDTH="7" VPOS="1273" HPOS="773"/><String STYLE="italics" STYLEREFS="font1" WC="0.4930000007" CONTENT="trat/aiäet" HEIGHT="29" WIDTH="139" VPOS="1267" HPOS="781"/></TextLine>
<TextLine HEIGHT="52" WIDTH="495" VPOS="1298" HPOS="536" STYLEREFS="font2"><String WC="0.287499994" CONTENT="hait" HEIGHT="31" WIDTH="53" VPOS="1303" HPOS="537"/><SP WIDTH="7" VPOS="1312" HPOS="591"/><String WC="0.4250000119" CONTENT="al" HEIGHT="32" WIDTH="23" VPOS="1302" HPOS="599"/><SP WIDTH="13" VPOS="1303" HPOS="623"/><String WC="0.5400000215" CONTENT="," HEIGHT="18" WIDTH="8" VPOS="1322" HPOS="637"/><SP WIDTH="14" VPOS="1318" HPOS="646"/><String STYLE="italics" STYLEREFS="font1" WC="0.2949999869" CONTENT="iß" HEIGHT="35" WIDTH="33" VPOS="1307" HPOS="661"/><SP WIDTH="8" VPOS="1308" HPOS="695"/><String STYLE="italics" STYLEREFS="font1" WC="0.3824999928" CONTENT="eniitmit" HEIGHT="25" WIDTH="109" VPOS="1310" HPOS="704"/><SP WIDTH="7" VPOS="1310" HPOS="813"/><String STYLE="italics" STYLEREFS="font1" WC="0.5580000281" CONTENT="jurce" HEIGHT="35" WIDTH="76" VPOS="1310" HPOS="820"/><SP WIDTH="10" VPOS="1304" HPOS="897"/><String WC="0.125" CONTENT="de" HEIGHT="32" WIDTH="32" VPOS="1304" HPOS="908"/><SP WIDTH="6" VPOS="1306" HPOS="941"/><String STYLEREFS="font3" WC="0.5099999905" CONTENT="la" HEIGHT="34" WIDTH="25" VPOS="1306" HPOS="948"/><SP WIDTH="8" VPOS="1318" HPOS="973"/><String WC="0.5066666603" CONTENT="pä»" HEIGHT="32" WIDTH="50" VPOS="1318" HPOS="981"/></TextLine>
<TextLine HEIGHT="47" WIDTH="396" VPOS="1345" HPOS="632" STYLEREFS="font2"><String WC="0.5728571415" CONTENT="(reffe," HEIGHT="37" WIDTH="86" VPOS="1345" HPOS="632"/><SP WIDTH="7" VPOS="1361" HPOS="719"/><String STYLE="italics" STYLEREFS="font1" WC="0.4099999964" CONTENT="no»cbaUnce" HEIGHT="31" WIDTH="166" VPOS="1348" HPOS="727"/><String STYLE="subscript italics" STYLEREFS="font1" WC="0.6100000143" CONTENT="}" HEIGHT="18" WIDTH="8" VPOS="1368" HPOS="895"/><SP WIDTH="5" VPOS="1360" HPOS="904"/><String STYLE="italics" STYLEREFS="font1" WC="0.3574999869" CONTENT="polt" HEIGHT="41" WIDTH="56" VPOS="1350" HPOS="910"/><SP WIDTH="1" VPOS="1360" HPOS="967"/><String STYLE="italics" STYLEREFS="font1" WC="0.5059999824" CONTENT="roh’&apos;" HEIGHT="26" WIDTH="59" VPOS="1357" HPOS="969"/></TextLine>
<TextLine HEIGHT="30" WIDTH="81" VPOS="1390" HPOS="623" STYLEREFS="font1"><String STYLE="bold italics" WC="0.4449999928" CONTENT="(nerii" HEIGHT="30" WIDTH="81" VPOS="1390" HPOS="623"/></TextLine>
<TextLine HEIGHT="48" WIDTH="459" VPOS="1425" HPOS="534"><String WC="0.3600000143" CONTENT="eft" HEIGHT="28" WIDTH="36" VPOS="1427" HPOS="534"/><SP WIDTH="7" VPOS="1428" HPOS="571"/><String WC="0.5187500119" CONTENT="toujours" HEIGHT="35" WIDTH="120" VPOS="1426" HPOS="579"/><SP WIDTH="9" VPOS="1440" HPOS="700"/><String WC="0.5500000119" CONTENT="," HEIGHT="18" WIDTH="8" VPOS="1449" HPOS="710"/><SP WIDTH="8" VPOS="1441" HPOS="719"/><String WC="0.5237500072" CONTENT="occnpec," HEIGHT="33" WIDTH="129" VPOS="1438" HPOS="728"/><SP WIDTH="9" VPOS="1445" HPOS="858"/><String STYLE="italics" WC="0.625" CONTENT="en" HEIGHT="18" WIDTH="29" VPOS="1445" HPOS="868"/><SP WIDTH="6" VPOS="1445" HPOS="898"/><String STYLE="italics" WC="0.3933333457" CONTENT="a(lion" HEIGHT="32" WIDTH="88" VPOS="1431" HPOS="905"/></TextLine>
<TextLine HEIGHT="46" WIDTH="364" VPOS="1468" HPOS="535"><String WC="0.2649999857" CONTENT="de" HEIGHT="26" WIDTH="33" VPOS="1468" HPOS="535"/><SP WIDTH="9" VPOS="1477" HPOS="568"/><String WC="0.3560000062" CONTENT="merhe" HEIGHT="23" WIDTH="89" VPOS="1474" HPOS="577"/><SP WIDTH="10" VPOS="1480" HPOS="666"/><String WC="0.3766666651" CONTENT="que" HEIGHT="30" WIDTH="52" VPOS="1481" HPOS="676"/><SP WIDTH="9" VPOS="1473" HPOS="728"/><String WC="0.1400000006" CONTENT="la" HEIGHT="28" WIDTH="25" VPOS="1473" HPOS="737"/><SP WIDTH="9" VPOS="1472" HPOS="762"/><String WC="0.3216666579" CONTENT="fourmi" HEIGHT="30" WIDTH="103" VPOS="1472" HPOS="771"/><SP WIDTH="11" VPOS="1476" HPOS="874"/><String STYLE="italics" WC="0.2399999946" CONTENT="1" HEIGHT="19" WIDTH="13" VPOS="1487" HPOS="885"/></TextLine>
<TextLine HEIGHT="53" WIDTH="466" VPOS="1505" HPOS="536"><String WC="0.4099999964" CONTENT="&amp;fait" HEIGHT="32" WIDTH="84" VPOS="1505" HPOS="536"/><SP WIDTH="10" VPOS="1516" HPOS="621"/><String WC="0.3580000103" CONTENT="amas," HEIGHT="28" WIDTH="80" VPOS="1521" HPOS="632"/><SP WIDTH="6" VPOS="1523" HPOS="713"/><String STYLE="italics" WC="0.4276922941" CONTENT="pro-vifioutjc" HEIGHT="42" WIDTH="171" VPOS="1514" HPOS="720"/><SP WIDTH="3" VPOS="1519" HPOS="892"/><String STYLE="italics" WC="0.3885714412" CONTENT="füutnit" HEIGHT="39" WIDTH="106" VPOS="1518" HPOS="896"/></TextLine>
<TextLine HEIGHT="46" WIDTH="264" VPOS="1548" HPOS="535"><String WC="0.3600000143" CONTENT="de" HEIGHT="29" WIDTH="33" VPOS="1548" HPOS="535"/><SP WIDTH="11" VPOS="1556" HPOS="568"/><String WC="0.3600000143" CONTENT="toutes" HEIGHT="27" WIDTH="86" VPOS="1556" HPOS="579"/><SP WIDTH="6" VPOS="1563" HPOS="666"/><String WC="0.3057142794" CONTENT="chöfes," HEIGHT="36" WIDTH="101" VPOS="1554" HPOS="673"/><SP WIDTH="13" VPOS="1567" HPOS="774"/><String STYLE="italics" WC="0.8000000119" CONTENT="f" HEIGHT="27" WIDTH="10" VPOS="1567" HPOS="788"/></TextLine>
<TextLine HEIGHT="47" WIDTH="494" VPOS="1590" HPOS="535"><String WC="0.3619999886" CONTENT="comme" HEIGHT="26" WIDTH="110" VPOS="1598" HPOS="536"/><SP WIDTH="10" VPOS="1605" HPOS="647"/><String WC="0.4933333397" CONTENT="etile-" HEIGHT="32" WIDTH="81" VPOS="1595" HPOS="658"/><SP WIDTH="9" VPOS="1598" HPOS="740"/><String WC="0.6366666555" CONTENT="la." HEIGHT="28" WIDTH="34" VPOS="1598" HPOS="750"/><SP WIDTH="166" VPOS="1594" HPOS="784"/><String WC="0.425999999" CONTENT="(nee," HEIGHT="41" WIDTH="79" VPOS="1596" HPOS="950"/></TextLine>
<TextLine HEIGHT="51" WIDTH="457" VPOS="1631" HPOS="574"><String WC="0.7375000119" CONTENT="Elle" HEIGHT="32" WIDTH="57" VPOS="1634" HPOS="574"/><SP WIDTH="16" VPOS="1648" HPOS="632"/><String WC="0.4449999928" CONTENT="ne" HEIGHT="19" WIDTH="34" VPOS="1649" HPOS="649"/><SP WIDTH="11" VPOS="1639" HPOS="684"/><String WC="0.3524999917" CONTENT="dort" HEIGHT="30" WIDTH="62" VPOS="1639" HPOS="696"/><SP WIDTH="12" VPOS="1644" HPOS="759"/><String WC="0.400000006" CONTENT="päS" HEIGHT="33" WIDTH="44" VPOS="1646" HPOS="772"/><SP WIDTH="7" VPOS="1636" HPOS="817"/><String WC="0.3899999857" CONTENT="la" HEIGHT="31" WIDTH="26" VPOS="1637" HPOS="825"/><SP WIDTH="9" VPOS="1648" HPOS="852"/><String WC="0.474999994" CONTENT="graffe" HEIGHT="43" WIDTH="79" VPOS="1637" HPOS="862"/><SP WIDTH="7" VPOS="1647" HPOS="942"/><String WC="0.3160000145" CONTENT="mati-" HEIGHT="35" WIDTH="81" VPOS="1636" HPOS="950"/></TextLine>
<TextLine HEIGHT="50" WIDTH="496" VPOS="1674" HPOS="536"><String WC="0.2899999917" CONTENT="ni" HEIGHT="31" WIDTH="30" VPOS="1675" HPOS="536"/><SP WIDTH="23" VPOS="1676" HPOS="566"/><String WC="0.6349999905" CONTENT="n*" HEIGHT="32" WIDTH="28" VPOS="1676" HPOS="589"/><SP WIDTH="15" VPOS="1677" HPOS="617"/><String WC="0.7133333087" CONTENT="eft" HEIGHT="28" WIDTH="40" VPOS="1681" HPOS="632"/><SP WIDTH="9" VPOS="1681" HPOS="672"/><String WC="0.1800000072" CONTENT="oillf" HEIGHT="32" WIDTH="63" VPOS="1678" HPOS="681"/><SP WIDTH="6" VPOS="1678" HPOS="744"/><String WC="0.2549999952" CONTENT="le" HEIGHT="32" WIDTH="25" VPOS="1678" HPOS="750"/><SP WIDTH="9" VPOS="1682" HPOS="775"/><String WC="0.400000006" CONTENT="long" HEIGHT="40" WIDTH="69" VPOS="1682" HPOS="784"/><SP WIDTH="17" VPOS="1680" HPOS="853"/><String WC="0.1449999958" CONTENT="de" HEIGHT="30" WIDTH="32" VPOS="1680" HPOS="870"/><SP WIDTH="16" VPOS="1680" HPOS="902"/><String WC="0.4328571558" CONTENT="lajour-" HEIGHT="39" WIDTH="114" VPOS="1680" HPOS="918"/></TextLine>
<TextLine HEIGHT="28" WIDTH="77" VPOS="1730" HPOS="954"><String WC="0.5460000038" CONTENT="(nee," HEIGHT="28" WIDTH="77" VPOS="1730" HPOS="954"/></TextLine>
<TextLine HEIGHT="51" WIDTH="496" VPOS="1757" HPOS="536" STYLEREFS="font2"><String STYLE="bold" STYLEREFS="font4" WC="0.3712500036" CONTENT="Cotomile" HEIGHT="36" WIDTH="146" VPOS="1761" HPOS="536"/><SP WIDTH="8" VPOS="1772" HPOS="682"/><String STYLE="bold" STYLEREFS="font4" WC="0.3627272844" CONTENT="parefTeUje*" HEIGHT="44" WIDTH="147" VPOS="1762" HPOS="691"/><SP WIDTH="9" VPOS="1774" HPOS="838"/><String STYLE="italics" STYLEREFS="font3" WC="0.3633333445" CONTENT="ntmkuhfit" HEIGHT="36" WIDTH="151" VPOS="1761" HPOS="848"/><SP WIDTH="9" VPOS="1773" HPOS="999"/><String STYLE="bold" STYLEREFS="font4" WC="0.3000000119" CONTENT="4" HEIGHT="30" WIDTH="24" VPOS="1773" HPOS="1008"/></TextLine>
</TextBlock>
<TextBlock ID="Page1_Block6" HEIGHT="47" WIDTH="81" VPOS="1834" HPOS="670" language="de"><Shape><Polygon POINTS="696,1842 776,1842 776,1888 697,1888 697,1883 696,1883 696,1842"/></Shape>
<TextLine HEIGHT="33" WIDTH="44" VPOS="1844" HPOS="686"><String STYLE="italics" STYLEREFS="font2" WC="0." CONTENT="U" HEIGHT="33" WIDTH="44" VPOS="1844" HPOS="686"/></TextLine>
</TextBlock>
<TextBlock ID="Page1_Block7" HEIGHT="39" WIDTH="75" VPOS="1841" HPOS="966" language="de" STYLEREFS="font2"><Shape><Polygon POINTS="992,1844 1066,1844 1066,1882 992,1882 992,1844"/></Shape>
<TextLine HEIGHT="28" WIDTH="49" VPOS="1847" HPOS="981"><String WC="0.625" CONTENT="*k" HEIGHT="28" WIDTH="49" VPOS="1847" HPOS="981"/></TextLine>
</TextBlock><GraphicalElement ID="Page1_Block8" HEIGHT="9" WIDTH="432" VPOS="193" HPOS="610"/><GraphicalElement ID="Page1_Block9" HEIGHT="18" WIDTH="728" VPOS="1136" HPOS="35"/><GraphicalElement ID="Page1_Block10" HEIGHT="17" WIDTH="199" VPOS="1150" HPOS="798"/><GraphicalElement ID="Page1_Block11" HEIGHT="141" WIDTH="8" VPOS="1161" HPOS="527"/><GraphicalElement ID="Page1_Block12" HEIGHT="213" WIDTH="7" VPOS="1326" HPOS="527"/><GraphicalElement ID="Page1_Block13" HEIGHT="119" WIDTH="5" VPOS="1570" HPOS="526"/><GraphicalElement ID="Page1_Block14" HEIGHT="105" WIDTH="5" VPOS="1708" HPOS="528"/>
</PrintSpace>
</Page>
</Layout>
</alto>