﻿<?xml version="1.0" encoding="UTF-8" standalone="yes"?>
<alto xmlns="http://www.loc.gov/standards/alto/ns-v2#" xmlns:xlink="http://www.w3.org/1999/xlink" xmlns:xsi="http://www.w3.org/2001/XMLSchema-instance" xsi:schemaLocation="http://www.loc.gov/standards/alto/ns-v2# http://www.loc.gov/standards/alto/alto-v2.0.xsd">
<Description>
<MeasurementUnit>pixel</MeasurementUnit>
<OCRProcessing ID="IdOcr"><ocrProcessingStep><processingDateTime>2017-03-20</processingDateTime><processingSoftware><softwareCreator>ABBYY</softwareCreator><softwareName>ABBYY FineReader Engine</softwareName><softwareVersion>11</softwareVersion></processingSoftware></ocrProcessingStep></OCRProcessing>
</Description>
<Styles><TextStyle ID="font0" FONTFAMILY="Times New Roman" FONTSIZE="6"/><TextStyle ID="font1" FONTFAMILY="Times New Roman" FONTSIZE="7"/><TextStyle ID="font2" FONTFAMILY="Times New Roman" FONTSIZE="9"/><TextStyle ID="font3" FONTFAMILY="Times New Roman" FONTSIZE="10"/><TextStyle ID="font4" FONTFAMILY="Times New Roman" FONTSIZE="12"/><TextStyle ID="font5" FONTFAMILY="Times New Roman" FONTSIZE="15"/><TextStyle ID="font6" FONTFAMILY="Times New Roman" FONTSIZE="20"/><TextStyle ID="font7" FONTFAMILY="Times New Roman" FONTSIZE="25"/>
</Styles>
<Layout>
<Page ID="Page1" PHYSICAL_IMG_NR="1" HEIGHT="2038" WIDTH="1258">
<TopMargin HEIGHT="152" WIDTH="1258" VPOS="0" HPOS="0">
</TopMargin>
<LeftMargin HEIGHT="1670" WIDTH="165" VPOS="152" HPOS="0">
</LeftMargin>
<RightMargin HEIGHT="1670" WIDTH="1" VPOS="152" HPOS="1257">
</RightMargin>
<BottomMargin HEIGHT="216" WIDTH="1258" VPOS="1822" HPOS="0">
</BottomMargin>
<PrintSpace HEIGHT="1670" WIDTH="1092" VPOS="152" HPOS="165">
<ComposedBlock ID="Page1_Block1" HEIGHT="1670" WIDTH="1092" VPOS="152" HPOS="165" TYPE="container"><Shape><Polygon POINTS="181,160 1262,160 1262,1832 181,1832 181,160"/></Shape>
<ComposedBlock ID="Page1_Block2" HEIGHT="1332" WIDTH="1092" VPOS="152" HPOS="165" TYPE="container"><Shape><Polygon POINTS="181,160 1262,160 1262,1485 181,1485 181,160"/></Shape>
<TextBlock ID="Page1_Block3" HEIGHT="63" WIDTH="376" VPOS="152" HPOS="511" language="de" STYLEREFS="font7"><Shape><Polygon POINTS="528,160 903,160 903,220 528,220 528,160"/></Shape>
<TextLine HEIGHT="51" WIDTH="365" VPOS="159" HPOS="518"><String STYLE="italics" WC="0." CONTENT="m" HEIGHT="48" WIDTH="79" VPOS="162" HPOS="518"/><SP WIDTH="27" VPOS="162" HPOS="597"/><String STYLE="italics" WC="0.2700000107" CONTENT="c" HEIGHT="46" WIDTH="19" VPOS="161" HPOS="624"/><SP WIDTH="21" VPOS="161" HPOS="643"/><String STYLEREFS="font2" WC="0.2666666806" CONTENT="340" HEIGHT="36" WIDTH="72" VPOS="173" HPOS="665"/><SP WIDTH="23" VPOS="160" HPOS="737"/><String STYLEREFS="font5" WC="0.2800000012" CONTENT=")" HEIGHT="44" WIDTH="19" VPOS="160" HPOS="760"/><SP WIDTH="23" VPOS="160" HPOS="779"/><String STYLE="italics" WC="0.2899999917" CONTENT="m" HEIGHT="49" WIDTH="81" VPOS="159" HPOS="802"/></TextLine>
</TextBlock>
<ComposedBlock ID="Page1_Block4" HEIGHT="1277" WIDTH="1092" VPOS="207" HPOS="165" TYPE="table">
<TextBlock ID="Page1_Block5" HEIGHT="146" WIDTH="407" VPOS="213" HPOS="165" language="de"><Shape><Polygon POINTS="181,218 587,218 587,360 181,360 181,218"/></Shape>
<TextLine HEIGHT="39" WIDTH="166" VPOS="245" HPOS="171"><String STYLEREFS="font4" WC="0.2849999964" CONTENT="in" HEIGHT="33" WIDTH="28" VPOS="251" HPOS="171"/><SP WIDTH="10" VPOS="253" HPOS="200"/><String STYLEREFS="font4" WC="0.3742857277" CONTENT="welchem" HEIGHT="34" WIDTH="126" VPOS="245" HPOS="211"/></TextLine>
<TextLine HEIGHT="47" WIDTH="361" VPOS="280" HPOS="173"><String STYLEREFS="font4" WC="0.3199999928" CONTENT="die" HEIGHT="32" WIDTH="44" VPOS="290" HPOS="174"/><SP WIDTH="7" VPOS="287" HPOS="219"/><String STYLEREFS="font4" WC="0.4292857051" CONTENT="Rttderpursche/" HEIGHT="46" WIDTH="279" VPOS="281" HPOS="226"/><String STYLEREFS="font1" WC="0.2599999905" CONTENT=";" HEIGHT="29" WIDTH="13" VPOS="292" HPOS="521"/></TextLine>
</TextBlock>
<TextBlock ID="Page1_Block6" HEIGHT="145" WIDTH="334" VPOS="210" HPOS="571" language="de"><Shape><Polygon POINTS="587,218 920,218 920,360 587,360 587,218"/></Shape>
<TextLine HEIGHT="37" WIDTH="103" VPOS="245" HPOS="577"><String STYLEREFS="font1" WC="0.174999997" CONTENT="in" HEIGHT="27" WIDTH="29" VPOS="246" HPOS="577"/><SP WIDTH="16" VPOS="253" HPOS="607"/><String STYLEREFS="font1" WC="0.2066666633" CONTENT="qua" HEIGHT="31" WIDTH="56" VPOS="251" HPOS="624"/></TextLine>
<TextLine HEIGHT="35" WIDTH="142" VPOS="287" HPOS="578"><String STYLE="italics" STYLEREFS="font1" WC="0.4842857122" CONTENT="remiges" HEIGHT="35" WIDTH="109" VPOS="287" HPOS="578"/><SP WIDTH="18" VPOS="291" HPOS="688"/><String STYLEREFS="font1" WC="0.5199999809" CONTENT="z" HEIGHT="28" WIDTH="13" VPOS="292" HPOS="707"/></TextLine>
</TextBlock>
<TextBlock ID="Page1_Block7" HEIGHT="145" WIDTH="343" VPOS="207" HPOS="904" language="de"><Shape><Polygon POINTS="920,218 1262,218 1262,360 920,360 920,218"/></Shape>
<TextLine HEIGHT="39" WIDTH="321" VPOS="271" HPOS="910"><String STYLEREFS="font4" WC="0.5410000086" CONTENT="Remex,m.3." HEIGHT="32" WIDTH="159" VPOS="278" HPOS="910"/><SP WIDTH="13" VPOS="276" HPOS="1069"/><String STYLEREFS="font4" WC="0.3044444323" CONTENT="dekRUdek«" HEIGHT="33" WIDTH="149" VPOS="271" HPOS="1082"/></TextLine>
<TextLine HEIGHT="30" WIDTH="99" VPOS="311" HPOS="947"><String STYLEREFS="font4" WC="0.6800000072" CONTENT="klieckt." HEIGHT="30" WIDTH="99" VPOS="311" HPOS="947"/></TextLine>
</TextBlock>
<TextBlock ID="Page1_Block8" HEIGHT="93" WIDTH="407" VPOS="355" HPOS="166" language="de"><Shape><Polygon POINTS="181,360 587,360 587,449 181,449 181,360"/></Shape>
<TextLine HEIGHT="42" WIDTH="94" VPOS="372" HPOS="172"><String STYLEREFS="font4" WC="0.3628571332" CONTENT="sitzend" HEIGHT="42" WIDTH="94" VPOS="372" HPOS="172"/></TextLine>
<TextLine HEIGHT="20" WIDTH="38" VPOS="425" HPOS="212"><String STYLEREFS="font1" WC="1." CONTENT="/" HEIGHT="20" WIDTH="12" VPOS="425" HPOS="212"/><SP WIDTH="22" VPOS="425" HPOS="225"/><String STYLEREFS="font1" WC="1." CONTENT="^" HEIGHT="3" WIDTH="2" VPOS="435" HPOS="248"/></TextLine>
</TextBlock>
<TextBlock ID="Page1_Block9" HEIGHT="92" WIDTH="334" VPOS="352" HPOS="572" language="de"><Shape><Polygon POINTS="587,360 920,360 920,449 587,449 587,360"/></Shape>
<TextLine HEIGHT="32" WIDTH="181" VPOS="368" HPOS="580"><String STYLEREFS="font1" WC="0.3645454645" CONTENT="confidentts" HEIGHT="32" WIDTH="181" VPOS="368" HPOS="580"/></TextLine>
</TextBlock>
<TextBlock ID="Page1_Block10" HEIGHT="92" WIDTH="343" VPOS="349" HPOS="905" language="de"><Shape><Polygon POINTS="920,360 1262,360 1262,449 920,449 920,360"/></Shape>
<TextLine HEIGHT="39" WIDTH="318" VPOS="355" HPOS="914"><String STYLEREFS="font1" WC="0.5308333039" CONTENT="Confidere,a." HEIGHT="30" WIDTH="153" VPOS="363" HPOS="914"/><SP WIDTH="4" VPOS="370" HPOS="1068"/><String STYLEREFS="font1" WC="0.4090909064" CONTENT="r.beyfÜINM&apos;" HEIGHT="38" WIDTH="159" VPOS="355" HPOS="1073"/></TextLine>
<TextLine HEIGHT="34" WIDTH="76" VPOS="396" HPOS="946"><String STYLEREFS="font4" WC="0.4714285731" CONTENT="sitzen." HEIGHT="34" WIDTH="76" VPOS="396" HPOS="946"/></TextLine>
</TextBlock>
<TextBlock ID="Page1_Block11" HEIGHT="90" WIDTH="407" VPOS="444" HPOS="167" language="de"><Shape><Polygon POINTS="181,449 587,449 587,535 181,535 181,449"/></Shape>
<TextLine HEIGHT="46" WIDTH="388" VPOS="453" HPOS="175"><String STYLEREFS="font4" WC="0.3700000048" CONTENT="aufden" HEIGHT="38" WIDTH="108" VPOS="461" HPOS="175"/><SP WIDTH="8" VPOS="460" HPOS="284"/><String STYLEREFS="font4" WC="0.5333333611" CONTENT="Ruderbänken/" HEIGHT="44" WIDTH="270" VPOS="453" HPOS="293"/></TextLine>
</TextBlock>
<TextBlock ID="Page1_Block12" HEIGHT="89" WIDTH="334" VPOS="441" HPOS="573" language="de"><Shape><Polygon POINTS="587,449 920,449 920,535 587,535 587,449"/></Shape>
<TextLine HEIGHT="45" WIDTH="176" VPOS="450" HPOS="581"><String STYLEREFS="font1" WC="0.4699999988" CONTENT="per" HEIGHT="31" WIDTH="50" VPOS="463" HPOS="581"/><SP WIDTH="12" VPOS="458" HPOS="632"/><String STYLE="italics" STYLEREFS="font1" WC="0.2787500024" CONTENT="tranftra" HEIGHT="44" WIDTH="112" VPOS="450" HPOS="645"/></TextLine>
</TextBlock>
<TextBlock ID="Page1_Block13" HEIGHT="89" WIDTH="343" VPOS="438" HPOS="906" language="de"><Shape><Polygon POINTS="920,449 1262,449 1262,535 920,535 920,449"/></Shape>
<TextLine HEIGHT="42" WIDTH="314" VPOS="444" HPOS="917"><String STYLEREFS="font1" WC="0.493750006" CONTENT="Tranftra,n.2.pl." HEIGHT="37" WIDTH="202" VPOS="449" HPOS="917"/><SP WIDTH="6" VPOS="451" HPOS="1120"/><String STYLEREFS="font1" WC="0.3433333337" CONTENT="hse" HEIGHT="28" WIDTH="41" VPOS="450" HPOS="1127"/><SP WIDTH="5" VPOS="446" HPOS="1169"/><String STYLEREFS="font3" WC="0.2199999988" CONTENT="3" HEIGHT="30" WIDTH="17" VPOS="446" HPOS="1175"/><String STYLEREFS="font1" WC="1." CONTENT="^^" HEIGHT="31" WIDTH="41" VPOS="444" HPOS="1190"/></TextLine>
<TextLine HEIGHT="34" WIDTH="147" VPOS="481" HPOS="948"><String STYLEREFS="font4" WC="0.3950000107" CONTENT="derbäncke." HEIGHT="34" WIDTH="147" VPOS="481" HPOS="948"/></TextLine>
</TextBlock>
<TextBlock ID="Page1_Block14" HEIGHT="79" WIDTH="406" VPOS="530" HPOS="168" language="de"><Shape><Polygon POINTS="181,535 587,535 587,610 181,610 181,535"/></Shape>
<TextLine HEIGHT="44" WIDTH="390" VPOS="543" HPOS="176"><String STYLEREFS="font4" WC="0.4230000079" CONTENT="deydmRuderrittgett/4" HEIGHT="44" WIDTH="390" VPOS="543" HPOS="176"/></TextLine>
</TextBlock>
<TextBlock ID="Page1_Block15" HEIGHT="78" WIDTH="333" VPOS="527" HPOS="574" language="de"><Shape><Polygon POINTS="587,535 920,535 920,610 587,610 587,535"/></Shape>
<TextLine HEIGHT="42" WIDTH="186" VPOS="539" HPOS="584"><String STYLEREFS="font1" WC="0.5" CONTENT="ad" HEIGHT="32" WIDTH="34" VPOS="541" HPOS="584"/><String STYLE="italics" STYLEREFS="font1" WC="0.4485714138" CONTENT="fcdlmos" HEIGHT="41" WIDTH="107" VPOS="540" HPOS="623"/><SP WIDTH="19" VPOS="549" HPOS="731"/><String STYLEREFS="font1" WC="0.3300000131" CONTENT="4" HEIGHT="25" WIDTH="19" VPOS="551" HPOS="751"/></TextLine>
</TextBlock>
<TextBlock ID="Page1_Block16" HEIGHT="78" WIDTH="342" VPOS="524" HPOS="907" language="de"><Shape><Polygon POINTS="920,535 1262,535 1262,610 920,610 920,535"/></Shape>
<TextLine HEIGHT="37" WIDTH="316" VPOS="533" HPOS="917"><String STYLEREFS="font4" WC="0.4328571558" CONTENT="8eaimus,m.2.derRuder^" HEIGHT="37" WIDTH="316" VPOS="533" HPOS="917"/></TextLine>
<TextLine HEIGHT="31" WIDTH="69" VPOS="572" HPOS="951"><String STYLEREFS="font4" WC="0.5339999795" CONTENT="ring." HEIGHT="31" WIDTH="69" VPOS="572" HPOS="951"/></TextLine>
</TextBlock>
<TextBlock ID="Page1_Block17" HEIGHT="168" WIDTH="408" VPOS="605" HPOS="168" language="de"><Shape><Polygon POINTS="181,610 587,610 587,774 181,774 181,610"/></Shape>
<TextLine HEIGHT="43" WIDTH="194" VPOS="634" HPOS="177"><String STYLEREFS="font4" WC="0.7533333302" CONTENT="das" HEIGHT="32" WIDTH="54" VPOS="638" HPOS="177"/><SP WIDTH="8" VPOS="636" HPOS="232"/><String STYLEREFS="font4" WC="0.521666646" CONTENT="Wasser" HEIGHT="43" WIDTH="130" VPOS="634" HPOS="241"/></TextLine>
<TextLine HEIGHT="45" WIDTH="394" VPOS="669" HPOS="177"><String STYLEREFS="font4" WC="0.296666652" CONTENT="mtt" HEIGHT="32" WIDTH="53" VPOS="678" HPOS="177"/><SP WIDTH="7" VPOS="678" HPOS="231"/><String STYLEREFS="font4" WC="0.3566666543" CONTENT="denRudeln" HEIGHT="40" WIDTH="165" VPOS="672" HPOS="239"/><SP WIDTH="6" VPOS="671" HPOS="405"/><String STYLEREFS="font4" WC="0.423999995" CONTENT="jchlagend/" HEIGHT="43" WIDTH="159" VPOS="669" HPOS="412"/></TextLine>
<TextLine HEIGHT="37" WIDTH="153" VPOS="718" HPOS="178"><String STYLEREFS="font4" WC="0.35857144" CONTENT="rudern," HEIGHT="33" WIDTH="117" VPOS="718" HPOS="178"/><SP WIDTH="16" VPOS="727" HPOS="295"/><String STYLE="italics" STYLEREFS="font1" WC="0.2599999905" CONTENT="r" HEIGHT="27" WIDTH="20" VPOS="727" HPOS="311"/></TextLine>
</TextBlock>
<TextBlock ID="Page1_Block18" HEIGHT="167" WIDTH="335" VPOS="602" HPOS="574" language="de"><Shape><Polygon POINTS="587,610 920,610 920,774 587,774 587,610"/></Shape>
<TextLine HEIGHT="32" WIDTH="93" VPOS="639" HPOS="584"><String STYLE="italics" STYLEREFS="font1" WC="0.349999994" CONTENT="aquam" HEIGHT="32" WIDTH="93" VPOS="639" HPOS="584"/></TextLine>
<TextLine HEIGHT="41" WIDTH="252" VPOS="666" HPOS="585"><String STYLEREFS="font1" WC="0.5339999795" CONTENT="remis" HEIGHT="28" WIDTH="87" VPOS="672" HPOS="585"/><SP WIDTH="15" VPOS="679" HPOS="673"/><String STYLEREFS="font1" WC="0.5333333611" CONTENT="pellendo," HEIGHT="40" WIDTH="148" VPOS="666" HPOS="689"/></TextLine>
<TextLine HEIGHT="35" WIDTH="195" VPOS="710" HPOS="586"><String STYLEREFS="font1" WC="0.400000006" CONTENT="remigant." HEIGHT="34" WIDTH="153" VPOS="711" HPOS="586"/><SP WIDTH="28" VPOS="715" HPOS="739"/><String STYLE="italics" STYLEREFS="font1" WC="0.2300000042" CONTENT="f" HEIGHT="22" WIDTH="14" VPOS="715" HPOS="767"/></TextLine>
</TextBlock>
<TextBlock ID="Page1_Block19" HEIGHT="167" WIDTH="344" VPOS="599" HPOS="907" language="de"><Shape><Polygon POINTS="920,610 1262,610 1262,774 920,774 920,610"/></Shape>
<TextLine HEIGHT="38" WIDTH="296" VPOS="620" HPOS="920"><String STYLEREFS="font4" WC="0.5355555415" CONTENT="^lpiaFi-dasWasier-" HEIGHT="38" WIDTH="296" VPOS="620" HPOS="920"/></TextLine>
<TextLine HEIGHT="34" WIDTH="279" VPOS="663" HPOS="917"><String STYLEREFS="font1" WC="0.7342857122" CONTENT="PeNere," HEIGHT="28" WIDTH="94" VPOS="665" HPOS="917"/><SP WIDTH="6" VPOS="674" HPOS="1012"/><String STYLEREFS="font1" WC="0.9900000095" CONTENT="a." HEIGHT="15" WIDTH="19" VPOS="674" HPOS="1019"/><SP WIDTH="8" VPOS="674" HPOS="1039"/><String STYLEREFS="font1" WC="0.6100000143" CONTENT="z." HEIGHT="22" WIDTH="20" VPOS="674" HPOS="1048"/><SP WIDTH="7" VPOS="665" HPOS="1069"/><String STYLEREFS="font4" WC="0.306250006" CONTENT="schlagen" HEIGHT="33" WIDTH="119" VPOS="663" HPOS="1077"/></TextLine>
<TextLine HEIGHT="36" WIDTH="313" VPOS="701" HPOS="918"><String STYLEREFS="font1" WC="0.2522222102" CONTENT="Remigäre," HEIGHT="32" WIDTH="136" VPOS="705" HPOS="918"/><SP WIDTH="7" VPOS="713" HPOS="1054"/><String STYLEREFS="font1" WC="0.6349999905" CONTENT="a." HEIGHT="17" WIDTH="19" VPOS="712" HPOS="1062"/><SP WIDTH="9" VPOS="711" HPOS="1082"/><String STYLEREFS="font1" WC="1." CONTENT="i." HEIGHT="17" WIDTH="21" VPOS="711" HPOS="1092"/><SP WIDTH="10" VPOS="711" HPOS="1114"/><String STYLEREFS="font1" WC="0.4970000088" CONTENT="Vllötl&apos;lt&apos;" HEIGHT="33" WIDTH="107" VPOS="701" HPOS="1124"/></TextLine>
</TextBlock>
<TextBlock ID="Page1_Block20" HEIGHT="93" WIDTH="407" VPOS="769" HPOS="170" language="de"><Shape><Polygon POINTS="181,774 587,774 587,863 181,863 181,774"/></Shape>
<TextLine HEIGHT="46" WIDTH="337" VPOS="792" HPOS="217"><String STYLEREFS="font4" WC="0.6733333468" CONTENT="Der" HEIGHT="36" WIDTH="67" VPOS="802" HPOS="217"/><SP WIDTH="6" VPOS="800" HPOS="285"/><String STYLEREFS="font4" WC="0.3729999959" CONTENT="Schiffmann" HEIGHT="43" WIDTH="227" VPOS="793" HPOS="292"/><SP WIDTH="14" VPOS="792" HPOS="520"/><String STYLEREFS="font4" WC="0.5199999809" CONTENT="6" HEIGHT="30" WIDTH="19" VPOS="792" HPOS="535"/></TextLine>
</TextBlock>
<TextBlock ID="Page1_Block21" HEIGHT="92" WIDTH="334" VPOS="766" HPOS="576" language="de"><Shape><Polygon POINTS="587,774 920,774 920,863 587,863 587,774"/></Shape>
<TextLine HEIGHT="31" WIDTH="266" VPOS="790" HPOS="635"><String STYLE="italics" STYLEREFS="font1" WC="0.3637500107" CONTENT="Pterctit" HEIGHT="30" WIDTH="108" VPOS="791" HPOS="635"/><SP WIDTH="26" VPOS="794" HPOS="744"/><String STYLE="bold italics" STYLEREFS="font2" WC="0.5400000215" CONTENT="6" HEIGHT="25" WIDTH="18" VPOS="794" HPOS="771"/><SP WIDTH="19" VPOS="794" HPOS="790"/><String STYLEREFS="font1" WC="0.2949999869" CONTENT="ffi." HEIGHT="23" WIDTH="40" VPOS="796" HPOS="810"/><SP WIDTH="23" VPOS="795" HPOS="851"/><String STYLEREFS="font1" WC="0.5350000262" CONTENT="I." HEIGHT="22" WIDTH="26" VPOS="795" HPOS="875"/></TextLine>
</TextBlock>
<TextBlock ID="Page1_Block22" HEIGHT="322" WIDTH="408" VPOS="858" HPOS="171" language="de"><Shape><Polygon POINTS="181,863 587,863 587,1181 181,1181 181,863"/></Shape>
<TextLine HEIGHT="40" WIDTH="106" VPOS="884" HPOS="181"><String STYLEREFS="font1" WC="0.2237499952" CONTENT="Itcljenö" HEIGHT="40" WIDTH="106" VPOS="884" HPOS="181"/></TextLine>
<TextLine HEIGHT="43" WIDTH="289" VPOS="922" HPOS="180"><String STYLEREFS="font4" WC="0.3033333421" CONTENT="jrn" HEIGHT="33" WIDTH="42" VPOS="929" HPOS="180"/><SP WIDTH="7" VPOS="924" HPOS="223"/><String STYLEREFS="font4" WC="0.5124999881" CONTENT="Vorderthei!/" HEIGHT="43" WIDTH="238" VPOS="922" HPOS="231"/></TextLine>
<TextLine HEIGHT="40" WIDTH="385" VPOS="964" HPOS="183"><String STYLEREFS="font4" WC="0.2599999905" CONTENT="und" HEIGHT="32" WIDTH="57" VPOS="968" HPOS="183"/><SP WIDTH="8" VPOS="968" HPOS="241"/><String STYLEREFS="font4" WC="0.416428566" CONTENT="derSreuerrnann" HEIGHT="37" WIDTH="292" VPOS="964" HPOS="250"/><SP WIDTH="9" VPOS="970" HPOS="543"/><String STYLEREFS="font0" WC="0.5699999928" CONTENT="7" HEIGHT="27" WIDTH="15" VPOS="974" HPOS="553"/></TextLine>
<TextLine HEIGHT="39" WIDTH="90" VPOS="1007" HPOS="182"><String STYLEREFS="font4" WC="0.3628571332" CONTENT="sitzend" HEIGHT="39" WIDTH="90" VPOS="1007" HPOS="182"/></TextLine>
<TextLine HEIGHT="46" WIDTH="274" VPOS="1039" HPOS="183"><String STYLEREFS="font1" WC="0.1766666621" CONTENT="ini" HEIGHT="40" WIDTH="41" VPOS="1041" HPOS="183"/><SP WIDTH="16" VPOS="1041" HPOS="224"/><String STYLEREFS="font4" WC="0.5590909123" CONTENT="Hindertheil" HEIGHT="42" WIDTH="217" VPOS="1043" HPOS="240"/></TextLine>
<TextLine HEIGHT="38" WIDTH="192" VPOS="1084" HPOS="183"><String STYLEREFS="font4" WC="0.296666652" CONTENT="und" HEIGHT="31" WIDTH="58" VPOS="1088" HPOS="183"/><SP WIDTH="15" VPOS="1087" HPOS="242"/><String STYLEREFS="font4" WC="0.3457142711" CONTENT="führend" HEIGHT="38" WIDTH="117" VPOS="1084" HPOS="258"/></TextLine>
<TextLine HEIGHT="42" WIDTH="350" VPOS="1123" HPOS="184"><String STYLEREFS="font4" WC="0.4799999893" CONTENT="das" HEIGHT="33" WIDTH="54" VPOS="1127" HPOS="184"/><SP WIDTH="7" VPOS="1126" HPOS="239"/><String STYLEREFS="font4" WC="0.3574999869" CONTENT="Steuerruder/" HEIGHT="41" WIDTH="251" VPOS="1124" HPOS="247"/><SP WIDTH="16" VPOS="1127" HPOS="499"/><String STYLEREFS="font4" WC="0.2199999988" CONTENT="8" HEIGHT="32" WIDTH="18" VPOS="1126" HPOS="516"/></TextLine>
</TextBlock>
<TextBlock ID="Page1_Block23" HEIGHT="321" WIDTH="335" VPOS="855" HPOS="577" language="de"><Shape><Polygon POINTS="587,863 920,863 920,1181 587,1181 587,863"/></Shape>
<TextLine HEIGHT="32" WIDTH="78" VPOS="882" HPOS="587"><String STYLEREFS="font1" WC="0.5320000052" CONTENT="ftans" HEIGHT="32" WIDTH="78" VPOS="882" HPOS="587"/></TextLine>
<TextLine HEIGHT="36" WIDTH="139" VPOS="927" HPOS="589"><String STYLEREFS="font1" WC="0.6700000167" CONTENT="in" HEIGHT="26" WIDTH="28" VPOS="928" HPOS="589"/><SP WIDTH="13" VPOS="932" HPOS="618"/><String STYLE="italics" STYLEREFS="font1" WC="0.5720000267" CONTENT="prora" HEIGHT="30" WIDTH="76" VPOS="932" HPOS="631"/><SP WIDTH="9" VPOS="932" HPOS="708"/><String STYLE="italics" STYLEREFS="font1" WC="0.8500000238" CONTENT="," HEIGHT="13" WIDTH="10" VPOS="943" HPOS="718"/></TextLine>
<TextLine HEIGHT="44" WIDTH="314" VPOS="960" HPOS="589"><String STYLEREFS="font1" WC="0.9300000072" CONTENT="&amp;" HEIGHT="23" WIDTH="24" VPOS="969" HPOS="589"/><SP WIDTH="12" VPOS="969" HPOS="614"/><String STYLE="italics" STYLEREFS="font1" WC="0.3089999855" CONTENT="gubtrnktor" HEIGHT="41" WIDTH="153" VPOS="961" HPOS="627"/><SP WIDTH="7" VPOS="971" HPOS="781"/><String STYLEREFS="font1" WC="0.3100000024" CONTENT="7" HEIGHT="24" WIDTH="15" VPOS="975" HPOS="789"/><SP WIDTH="12" VPOS="971" HPOS="805"/><String STYLEREFS="font1" WC="0.7149999738" CONTENT="m." HEIGHT="22" WIDTH="41" VPOS="970" HPOS="818"/><SP WIDTH="15" VPOS="971" HPOS="860"/><String STYLEREFS="font1" WC="0.7400000095" CONTENT="z." HEIGHT="30" WIDTH="27" VPOS="971" HPOS="876"/></TextLine>
<TextLine HEIGHT="28" WIDTH="98" VPOS="1004" HPOS="591"><String STYLEREFS="font1" WC="0.3249999881" CONTENT="fedens" HEIGHT="28" WIDTH="98" VPOS="1004" HPOS="591"/></TextLine>
<TextLine HEIGHT="36" WIDTH="133" VPOS="1045" HPOS="591"><String STYLE="italics" STYLEREFS="font1" WC="0.6062499881" CONTENT="iapuvpi," HEIGHT="36" WIDTH="133" VPOS="1045" HPOS="591"/></TextLine>
<TextLine HEIGHT="30" WIDTH="130" VPOS="1093" HPOS="592"><String STYLEREFS="font1" WC="0.3387500048" CONTENT="renensq;" HEIGHT="30" WIDTH="130" VPOS="1093" HPOS="592"/></TextLine>
<TextLine HEIGHT="35" WIDTH="159" VPOS="1123" HPOS="591"><String STYLE="italics" STYLEREFS="font1" WC="0.4514285624" CONTENT="clavum," HEIGHT="33" WIDTH="121" VPOS="1125" HPOS="591"/><SP WIDTH="18" VPOS="1124" HPOS="713"/><String STYLEREFS="font4" WC="0.2700000107" CONTENT="8" HEIGHT="31" WIDTH="18" VPOS="1123" HPOS="732"/></TextLine>
</TextBlock>
<TextBlock ID="Page1_Block24" HEIGHT="321" WIDTH="344" VPOS="852" HPOS="910" language="de"><Shape><Polygon POINTS="920,863 1262,863 1262,1181 920,1181 920,863"/></Shape>
<TextLine HEIGHT="36" WIDTH="257" VPOS="877" HPOS="920"><String STYLEREFS="font1" WC="0.5950000286" CONTENT="Stans," HEIGHT="30" WIDTH="76" VPOS="879" HPOS="920"/><SP WIDTH="7" VPOS="887" HPOS="997"/><String STYLEREFS="font1" WC="0.7699999809" CONTENT="o." HEIGHT="17" WIDTH="21" VPOS="887" HPOS="1005"/><SP WIDTH="7" VPOS="886" HPOS="1027"/><String STYLEREFS="font0" WC="0.25" CONTENT="3" HEIGHT="25" WIDTH="11" VPOS="886" HPOS="1035"/><String STYLEREFS="font4" WC="1." CONTENT="." HEIGHT="6" WIDTH="6" VPOS="897" HPOS="1050"/><SP WIDTH="6" VPOS="878" HPOS="1057"/><String STYLEREFS="font4" WC="0.3199999928" CONTENT="srehMdi" HEIGHT="35" WIDTH="113" VPOS="877" HPOS="1064"/></TextLine>
<TextLine HEIGHT="37" WIDTH="325" VPOS="919" HPOS="921"><String STYLEREFS="font1" WC="0.4233333468" CONTENT="Prora," HEIGHT="30" WIDTH="80" VPOS="924" HPOS="921"/><SP WIDTH="7" VPOS="923" HPOS="1002"/><String STYLEREFS="font1" WC="0.5450000167" CONTENT="f." HEIGHT="26" WIDTH="16" VPOS="923" HPOS="1010"/><SP WIDTH="10" VPOS="932" HPOS="1027"/><String STYLEREFS="font4" WC="1." CONTENT="I." HEIGHT="18" WIDTH="19" VPOS="932" HPOS="1038"/><SP WIDTH="10" VPOS="927" HPOS="1058"/><String STYLEREFS="font4" WC="0.4727272689" CONTENT="dasPsrder*." HEIGHT="36" WIDTH="177" VPOS="919" HPOS="1069"/></TextLine>
<TextLine HEIGHT="44" WIDTH="242" VPOS="955" HPOS="954"><String STYLEREFS="font4" WC="0.275000006" CONTENT="rtzeii" HEIGHT="30" WIDTH="67" VPOS="958" HPOS="954"/><SP WIDTH="8" VPOS="960" HPOS="1021"/><String STYLEREFS="font4" WC="0.5099999905" CONTENT="des" HEIGHT="26" WIDTH="47" VPOS="960" HPOS="1029"/><SP WIDTH="7" VPOS="958" HPOS="1076"/><String STYLEREFS="font4" WC="0.5074999928" CONTENT="Schiffs." HEIGHT="42" WIDTH="113" VPOS="955" HPOS="1083"/></TextLine>
<TextLine HEIGHT="36" WIDTH="258" VPOS="996" HPOS="923"><String STYLEREFS="font4" WC="0.6399999857" CONTENT="Segens," HEIGHT="30" WIDTH="95" VPOS="997" HPOS="923"/><SP WIDTH="6" VPOS="1007" HPOS="1019"/><String STYLEREFS="font1" WC="0.6200000048" CONTENT="0.3." HEIGHT="24" WIDTH="51" VPOS="1007" HPOS="1026"/><SP WIDTH="7" VPOS="999" HPOS="1078"/><String STYLEREFS="font4" WC="0.4650000036" CONTENT="sitzend." HEIGHT="32" WIDTH="95" VPOS="998" HPOS="1086"/></TextLine>
<TextLine HEIGHT="42" WIDTH="317" VPOS="1033" HPOS="923"><String STYLEREFS="font4" WC="0.646666646" CONTENT="Pnppis.si" HEIGHT="37" WIDTH="118" VPOS="1037" HPOS="923"/><SP WIDTH="8" VPOS="1037" HPOS="1042"/><String STYLEREFS="font0" WC="0." CONTENT="3" HEIGHT="22" WIDTH="10" VPOS="1049" HPOS="1051"/><String STYLEREFS="font4" WC="0.5360000134" CONTENT="-dasHinde^" HEIGHT="41" WIDTH="174" VPOS="1033" HPOS="1066"/></TextLine>
<TextLine HEIGHT="42" WIDTH="267" VPOS="1066" HPOS="961"><String STYLEREFS="font4" WC="0.5606666803" CONTENT="tbeildesSdaffs." HEIGHT="38" WIDTH="239" VPOS="1066" HPOS="961"/><SP WIDTH="16" VPOS="1084" HPOS="1201"/><String STYLEREFS="font4" WC="1." CONTENT="^" HEIGHT="9" WIDTH="10" VPOS="1096" HPOS="1218"/></TextLine>
<TextLine HEIGHT="39" WIDTH="314" VPOS="1096" HPOS="926"><String STYLEREFS="font4" WC="0.4830000103" CONTENT="c&gt;avus,m.-.dasSUuer-" HEIGHT="39" WIDTH="314" VPOS="1096" HPOS="926"/></TextLine>
<TextLine HEIGHT="30" WIDTH="89" VPOS="1138" HPOS="958"><String STYLEREFS="font4" WC="0.4166666567" CONTENT="rüder." HEIGHT="30" WIDTH="89" VPOS="1138" HPOS="958"/></TextLine>
</TextBlock>
<TextBlock ID="Page1_Block25" HEIGHT="308" WIDTH="409" VPOS="1176" HPOS="173" language="de"><Shape><Polygon POINTS="181,1181 587,1181 587,1485 181,1485 181,1181"/></Shape>
<TextLine HEIGHT="39" WIDTH="126" VPOS="1211" HPOS="187"><String STYLEREFS="font4" WC="0.4012500048" CONTENT="regieren" HEIGHT="39" WIDTH="126" VPOS="1211" HPOS="187"/></TextLine>
<TextLine HEIGHT="46" WIDTH="261" VPOS="1249" HPOS="187"><String STYLEREFS="font4" WC="0.5" CONTENT="die" HEIGHT="35" WIDTH="44" VPOS="1252" HPOS="187"/><SP WIDTH="7" VPOS="1253" HPOS="232"/><String STYLEREFS="font4" WC="0.3627272844" CONTENT="Schiffahrt." HEIGHT="46" WIDTH="208" VPOS="1249" HPOS="240"/></TextLine>
</TextBlock>
<TextBlock ID="Page1_Block26" HEIGHT="307" WIDTH="336" VPOS="1173" HPOS="579" language="de"><Shape><Polygon POINTS="587,1181 920,1181 920,1485 587,1485 587,1181"/></Shape>
<TextLine HEIGHT="42" WIDTH="165" VPOS="1208" HPOS="590"><String STYLEREFS="font1" WC="0.3588888943" CONTENT="gubernant" HEIGHT="42" WIDTH="165" VPOS="1208" HPOS="590"/></TextLine>
<TextLine HEIGHT="39" WIDTH="144" VPOS="1253" HPOS="590"><String STYLE="italics" STYLEREFS="font1" WC="0.4449999928" CONTENT="Mvigium*" HEIGHT="39" WIDTH="144" VPOS="1253" HPOS="590"/></TextLine>
<TextLine HEIGHT="21" WIDTH="10" VPOS="1452" HPOS="787"><String STYLE="italics" STYLEREFS="font1" WC="0.2800000012" CONTENT="\" HEIGHT="21" WIDTH="10" VPOS="1452" HPOS="787"/></TextLine>
</TextBlock>
<TextBlock ID="Page1_Block27" HEIGHT="307" WIDTH="345" VPOS="1170" HPOS="912" language="de"><Shape><Polygon POINTS="920,1181 1262,1181 1262,1485 920,1485 920,1181"/></Shape>
<TextLine HEIGHT="38" WIDTH="317" VPOS="1181" HPOS="923"><String STYLEREFS="font1" WC="0.5630769134" CONTENT="Gi&gt;bernäre,a." HEIGHT="31" WIDTH="163" VPOS="1187" HPOS="924"/><SP WIDTH="8" VPOS="1196" HPOS="1088"/><String STYLEREFS="font4" WC="0.3883333206" CONTENT="I.reöiereff&apos;" HEIGHT="36" WIDTH="144" VPOS="1181" HPOS="1096"/></TextLine>
<TextLine HEIGHT="43" WIDTH="313" VPOS="1211" HPOS="925"><String STYLEREFS="font1" WC="0.6277777553" CONTENT="Navigium," HEIGHT="34" WIDTH="143" VPOS="1220" HPOS="925"/><SP WIDTH="24" VPOS="1230" HPOS="1069"/><String STYLEREFS="font1" WC="0.7200000286" CONTENT="n." HEIGHT="15" WIDTH="21" VPOS="1230" HPOS="1094"/><SP WIDTH="29" VPOS="1225" HPOS="1116"/><String STYLEREFS="font1" WC="0.3950000107" CONTENT="s." HEIGHT="17" WIDTH="22" VPOS="1225" HPOS="1146"/><SP WIDTH="29" VPOS="1213" HPOS="1169"/><String STYLEREFS="font1" WC="0.4699999988" CONTENT="HU" HEIGHT="31" WIDTH="39" VPOS="1211" HPOS="1199"/></TextLine>
<TextLine HEIGHT="37" WIDTH="160" VPOS="1251" HPOS="961"><String STYLEREFS="font4" WC="0.3581818044" CONTENT="Scbiffartb." HEIGHT="37" WIDTH="160" VPOS="1251" HPOS="961"/></TextLine>
</TextBlock></ComposedBlock></ComposedBlock>
<TextBlock ID="Page1_Block28" HEIGHT="82" WIDTH="134" VPOS="1740" HPOS="1118" language="de" STYLEREFS="font6"><Shape><Polygon POINTS="1121,1751 1254,1751 1254,1832 1121,1832 1121,1751"/></Shape>
<TextLine HEIGHT="71" WIDTH="123" VPOS="1746" HPOS="1124"><String STYLE="bold" WC="0.7733333111" CONTENT="Das" HEIGHT="71" WIDTH="123" VPOS="1746" HPOS="1124"/></TextLine>
</TextBlock></ComposedBlock><GraphicalElement ID="Page1_Block29" HEIGHT="17" WIDTH="311" VPOS="206" HPOS="918"/><GraphicalElement ID="Page1_Block30" HEIGHT="13" WIDTH="356" VPOS="219" HPOS="180"/><GraphicalElement ID="Page1_Block31" HEIGHT="8" WIDTH="326" VPOS="218" HPOS="567"/><GraphicalElement ID="Page1_Block32" HEIGHT="296" WIDTH="12" VPOS="255" HPOS="565"/><GraphicalElement ID="Page1_Block33" HEIGHT="721" WIDTH="15" VPOS="566" HPOS="571"/><GraphicalElement ID="Page1_Block34" HEIGHT="123" WIDTH="7" VPOS="237" HPOS="898"/><GraphicalElement ID="Page1_Block35" HEIGHT="923" WIDTH="19" VPOS="362" HPOS="901"/>
</PrintSpace>
</Page>
</Layout>
</alto>