﻿<?xml version="1.0" encoding="UTF-8" standalone="yes"?>
<alto xmlns="http://www.loc.gov/standards/alto/ns-v2#" xmlns:xlink="http://www.w3.org/1999/xlink" xmlns:xsi="http://www.w3.org/2001/XMLSchema-instance" xsi:schemaLocation="http://www.loc.gov/standards/alto/ns-v2# http://www.loc.gov/standards/alto/alto-v2.0.xsd">
<Description>
<MeasurementUnit>pixel</MeasurementUnit>
<OCRProcessing ID="IdOcr"><ocrProcessingStep><processingDateTime>2017-03-20</processingDateTime><processingSoftware><softwareCreator>ABBYY</softwareCreator><softwareName>ABBYY FineReader Engine</softwareName><softwareVersion>11</softwareVersion></processingSoftware></ocrProcessingStep></OCRProcessing>
</Description>
<Styles><TextStyle ID="font0" FONTFAMILY="Times New Roman" FONTSIZE="5"/><TextStyle ID="font1" FONTFAMILY="Times New Roman" FONTSIZE="7"/><TextStyle ID="font2" FONTFAMILY="Times New Roman" FONTSIZE="9"/><TextStyle ID="font3" FONTFAMILY="Times New Roman" FONTSIZE="10"/><TextStyle ID="font4" FONTFAMILY="Times New Roman" FONTSIZE="12"/>
</Styles>
<Layout>
<Page ID="Page1" PHYSICAL_IMG_NR="1" HEIGHT="2050" WIDTH="1237">
<TopMargin HEIGHT="136" WIDTH="1237" VPOS="0" HPOS="0">
</TopMargin>
<LeftMargin HEIGHT="1760" WIDTH="10" VPOS="136" HPOS="0">
</LeftMargin>
<RightMargin HEIGHT="1760" WIDTH="164" VPOS="136" HPOS="1073">
</RightMargin>
<BottomMargin HEIGHT="154" WIDTH="1237" VPOS="1896" HPOS="0">
</BottomMargin>
<PrintSpace HEIGHT="1760" WIDTH="1063" VPOS="136" HPOS="10">
<TextBlock ID="Page1_Block1" HEIGHT="56" WIDTH="632" VPOS="136" HPOS="213" language="de"><Shape><Polygon POINTS="214,140 846,140 846,194 214,194 214,140"/></Shape>
<TextLine HEIGHT="42" WIDTH="600" VPOS="145" HPOS="229"><String STYLE="bold" STYLEREFS="font4" WC="0.4866666794" CONTENT="mal" HEIGHT="38" WIDTH="69" VPOS="147" HPOS="229"/><SP WIDTH="50" VPOS="147" HPOS="299"/><String STYLE="bold" STYLEREFS="font4" WC="0.6200000048" CONTENT="mal" HEIGHT="39" WIDTH="74" VPOS="145" HPOS="350"/><SP WIDTH="50" VPOS="146" HPOS="425"/><String STYLE="bold" STYLEREFS="font4" WC="0.3966666758" CONTENT="mam" HEIGHT="26" WIDTH="97" VPOS="158" HPOS="476"/><SP WIDTH="48" VPOS="157" HPOS="574"/><String STYLE="bold" STYLEREFS="font4" WC="0.4866666794" CONTENT="man" HEIGHT="26" WIDTH="80" VPOS="158" HPOS="623"/><SP WIDTH="47" VPOS="159" HPOS="704"/><String STYLE="bold" STYLEREFS="font4" WC="0.226666674" CONTENT="mar" HEIGHT="27" WIDTH="77" VPOS="159" HPOS="752"/></TextLine>
</TextBlock>
<TextBlock ID="Page1_Block2" HEIGHT="260" WIDTH="518" VPOS="209" HPOS="12" language="de" STYLEREFS="font2"><Shape><Polygon POINTS="14,214 388,214 388,382 532,382 532,432 526,432 526,472 306,472 306,464 14,464 14,214"/></Shape>
<TextLine HEIGHT="41" WIDTH="355" VPOS="213" HPOS="27"><String WC="0.4250000119" CONTENT="maifon" HEIGHT="30" WIDTH="104" VPOS="213" HPOS="27"/><SP WIDTH="4" VPOS="216" HPOS="132"/><String WC="0.3933333457" CONTENT="Royale" HEIGHT="38" WIDTH="101" VPOS="216" HPOS="137"/><SP WIDTH="6" VPOS="217" HPOS="239"/><String WC="0.3100000024" CONTENT="de" HEIGHT="29" WIDTH="31" VPOS="217" HPOS="246"/><SP WIDTH="8" VPOS="218" HPOS="278"/><String WC="0.3366666734" CONTENT="David»" HEIGHT="32" WIDTH="95" VPOS="216" HPOS="287"/></TextLine>
<TextLine HEIGHT="33" WIDTH="222" VPOS="256" HPOS="28"><String WC="1." CONTENT="-" HEIGHT="7" WIDTH="14" VPOS="270" HPOS="28"/><SP WIDTH="40" VPOS="270" HPOS="43"/><String WC="1." CONTENT="-" HEIGHT="6" WIDTH="13" VPOS="273" HPOS="84"/><SP WIDTH="37" VPOS="256" HPOS="98"/><String WC="0.1350000054" CONTENT="de" HEIGHT="29" WIDTH="31" VPOS="256" HPOS="136"/><SP WIDTH="11" VPOS="267" HPOS="168"/><String WC="0.5866666436" CONTENT="ville." HEIGHT="30" WIDTH="70" VPOS="259" HPOS="180"/></TextLine>
<TextLine HEIGHT="40" WIDTH="228" VPOS="299" HPOS="30"><String WC="0.224999994" CONTENT="mait" HEIGHT="27" WIDTH="68" VPOS="300" HPOS="30"/><SP WIDTH="11" VPOS="307" HPOS="99"/><String WC="0.3000000119" CONTENT="a" HEIGHT="17" WIDTH="14" VPOS="310" HPOS="111"/><SP WIDTH="8" VPOS="310" HPOS="126"/><String WC="0.4900000095" CONTENT="petrir," HEIGHT="39" WIDTH="92" VPOS="300" HPOS="135"/><SP WIDTH="7" VPOS="300" HPOS="228"/><String WC="0.2599999905" CONTENT="f," HEIGHT="35" WIDTH="22" VPOS="300" HPOS="236"/></TextLine>
<TextLine HEIGHT="29" WIDTH="152" VPOS="342" HPOS="29"><String WC="0.4837499857" CONTENT="tnaitre." HEIGHT="28" WIDTH="106" VPOS="342" HPOS="29"/><SP WIDTH="7" VPOS="351" HPOS="135"/><String WC="0.6549999714" CONTENT="m." HEIGHT="19" WIDTH="37" VPOS="351" HPOS="143"/></TextLine>
<TextLine HEIGHT="42" WIDTH="494" VPOS="382" HPOS="29"><String WC="1." CONTENT="-" HEIGHT="8" WIDTH="15" VPOS="395" HPOS="29"/><SP WIDTH="42" VPOS="395" HPOS="45"/><String WC="1." CONTENT="-" HEIGHT="8" WIDTH="14" VPOS="399" HPOS="88"/><SP WIDTH="38" VPOS="382" HPOS="103"/><String WC="0.5" CONTENT="du" HEIGHT="31" WIDTH="35" VPOS="382" HPOS="142"/><SP WIDTH="8" VPOS="385" HPOS="178"/><String WC="0.4724999964" CONTENT="bain" HEIGHT="30" WIDTH="65" VPOS="385" HPOS="187"/><SP WIDTH="6" VPOS="383" HPOS="253"/><String WC="0.3925000131" CONTENT="(des" HEIGHT="40" WIDTH="61" VPOS="383" HPOS="260"/><SP WIDTH="6" VPOS="393" HPOS="322"/><String WC="0.4325000048" CONTENT="etuves.)" HEIGHT="34" WIDTH="115" VPOS="383" HPOS="329"/><SP WIDTH="19" VPOS="384" HPOS="445"/><String WC="0.1599999964" CONTENT="2" HEIGHT="17" WIDTH="14" VPOS="395" HPOS="465"/><SP WIDTH="6" VPOS="390" HPOS="480"/><String WC="0.6000000238" CONTENT="$7" HEIGHT="31" WIDTH="36" VPOS="390" HPOS="487"/></TextLine>
<TextLine HEIGHT="41" WIDTH="493" VPOS="424" HPOS="27"><String WC="0.3100000024" CONTENT="&gt;" HEIGHT="8" WIDTH="15" VPOS="437" HPOS="27"/><SP WIDTH="39" VPOS="437" HPOS="43"/><String WC="1." CONTENT="-" HEIGHT="7" WIDTH="15" VPOS="441" HPOS="83"/><SP WIDTH="42" VPOS="424" HPOS="99"/><String WC="0.3325000107" CONTENT="d&apos;ecole." HEIGHT="35" WIDTH="123" VPOS="424" HPOS="142"/><SP WIDTH="52" VPOS="436" HPOS="266"/><String WC="0.4611110985" CONTENT="J7M5*-473" HEIGHT="31" WIDTH="201" VPOS="434" HPOS="319"/></TextLine>
</TextBlock>
<TextBlock ID="Page1_Block3" HEIGHT="100" WIDTH="580" VPOS="211" HPOS="459" language="de" STYLEREFS="font2"><Shape><Polygon POINTS="460,214 1040,214 1040,312 542,312 542,304 462,304 462,262 460,262 460,214"/></Shape>
<TextLine HEIGHT="49" WIDTH="567" VPOS="215" HPOS="464"><String WC="0.1299999952" CONTENT="t" HEIGHT="20" WIDTH="10" VPOS="228" HPOS="464"/><SP WIDTH="7" VPOS="223" HPOS="475"/><String WC="0.2150000036" CONTENT="81" HEIGHT="26" WIDTH="32" VPOS="223" HPOS="483"/><SP WIDTH="27" VPOS="226" HPOS="516"/><String WC="0.2533333302" CONTENT="par" HEIGHT="28" WIDTH="47" VPOS="226" HPOS="544"/><SP WIDTH="10" VPOS="226" HPOS="592"/><String WC="0.4042857289" CONTENT="maniere" HEIGHT="29" WIDTH="118" VPOS="217" HPOS="603"/><SP WIDTH="7" VPOS="216" HPOS="722"/><String WC="0.6299999952" CONTENT="de" HEIGHT="28" WIDTH="32" VPOS="216" HPOS="730"/><SP WIDTH="7" VPOS="217" HPOS="763"/><String WC="0.1899999976" CONTENT="dirq," HEIGHT="35" WIDTH="67" VPOS="217" HPOS="771"/><SP WIDTH="129" VPOS="232" HPOS="839"/><String STYLE="italics" WC="5.000000075e-002" CONTENT="yyy" HEIGHT="31" WIDTH="62" VPOS="233" HPOS="969"/></TextLine>
<TextLine HEIGHT="47" WIDTH="570" VPOS="257" HPOS="464"><String WC="0.2899999917" CONTENT="48" HEIGHT="30" WIDTH="37" VPOS="266" HPOS="464"/><SP WIDTH="7" VPOS="266" HPOS="502"/><String WC="0.5400000215" CONTENT="t" HEIGHT="17" WIDTH="7" VPOS="269" HPOS="510"/><SP WIDTH="26" VPOS="267" HPOS="518"/><String WC="0.4727272689" CONTENT="mante(bufte" HEIGHT="38" WIDTH="188" VPOS="257" HPOS="545"/><SP WIDTH="9" VPOS="259" HPOS="734"/><String WC="0.4633333385" CONTENT="defemme.)" HEIGHT="46" WIDTH="170" VPOS="258" HPOS="744"/><SP WIDTH="11" VPOS="264" HPOS="915"/><String WC="0.474999994" CONTENT="f." HEIGHT="31" WIDTH="20" VPOS="264" HPOS="927"/><SP WIDTH="21" VPOS="276" HPOS="948"/><String WC="0.3533333242" CONTENT="24t" HEIGHT="30" WIDTH="64" VPOS="274" HPOS="970"/></TextLine>
</TextBlock>
<TextBlock ID="Page1_Block4" HEIGHT="78" WIDTH="87" VPOS="305" HPOS="438" language="de" STYLEREFS="font2"><Shape><Polygon POINTS="450,308 526,308 526,386 440,386 440,350 450,350 450,308"/></Shape>
<TextLine HEIGHT="28" WIDTH="55" VPOS="308" HPOS="465"><String WC="0.5699999928" CONTENT="195" HEIGHT="28" WIDTH="55" VPOS="308" HPOS="465"/></TextLine>
<TextLine HEIGHT="27" WIDTH="58" VPOS="352" HPOS="461" STYLEREFS="font2"><String WC="0.5133333206" CONTENT="473" HEIGHT="27" WIDTH="58" VPOS="352" HPOS="461"/></TextLine>
</TextBlock>
<TextBlock ID="Page1_Block5" HEIGHT="1388" WIDTH="683" VPOS="463" HPOS="10" language="de" STYLEREFS="font2"><Shape><Polygon POINTS="18,468 268,468 268,476 532,476 532,894 534,894 534,934 532,934 532,1056 534,1056 534,1180 536,1180 536,1264 534,1264 534,1302 538,1302 538,1560 456,1560 456,1644 700,1644 700,1726 440,1726 440,1854 18,1854 18,468"/></Shape>
<TextLine HEIGHT="38" WIDTH="492" VPOS="467" HPOS="30"><String STYLE="bold" WC="0.5500000119" CONTENT="-" HEIGHT="8" WIDTH="14" VPOS="479" HPOS="30"/><SP WIDTH="37" VPOS="479" HPOS="45"/><String STYLE="bold" WC="1." CONTENT="-" HEIGHT="7" WIDTH="14" VPOS="483" HPOS="83"/><SP WIDTH="41" VPOS="467" HPOS="98"/><String STYLE="bold" WC="1." CONTENT="d’" HEIGHT="29" WIDTH="25" VPOS="467" HPOS="140"/><SP WIDTH="10" VPOS="469" HPOS="166"/><String STYLE="bold" WC="0.4950000048" CONTENT="hotel," HEIGHT="34" WIDTH="85" VPOS="469" HPOS="177"/><SP WIDTH="202" VPOS="476" HPOS="263"/><String STYLE="bold" WC="0.2399999946" CONTENT="743" HEIGHT="29" WIDTH="56" VPOS="476" HPOS="466"/></TextLine>
<TextLine HEIGHT="40" WIDTH="492" VPOS="510" HPOS="31" STYLEREFS="font2"><String WC="0.2700000107" CONTENT="*" HEIGHT="9" WIDTH="14" VPOS="520" HPOS="31"/><SP WIDTH="40" VPOS="520" HPOS="46"/><String WC="1." CONTENT="-" HEIGHT="6" WIDTH="15" VPOS="525" HPOS="87"/><SP WIDTH="41" VPOS="510" HPOS="103"/><String WC="0.53125" CONTENT="dulogis." HEIGHT="39" WIDTH="123" VPOS="510" HPOS="145"/><SP WIDTH="194" VPOS="517" HPOS="269"/><String WC="0.1033333316" CONTENT="227" HEIGHT="29" WIDTH="59" VPOS="518" HPOS="464"/></TextLine>
<TextLine HEIGHT="39" WIDTH="493" VPOS="551" HPOS="29" STYLEREFS="font2"><String WC="1." CONTENT="“" HEIGHT="11" WIDTH="17" VPOS="561" HPOS="29"/><SP WIDTH="39" VPOS="561" HPOS="46"/><String WC="1." CONTENT="-" HEIGHT="7" WIDTH="15" VPOS="567" HPOS="85"/><SP WIDTH="40" VPOS="551" HPOS="100"/><String WC="0.5699999928" CONTENT="du" HEIGHT="29" WIDTH="35" VPOS="551" HPOS="140"/><SP WIDTH="10" VPOS="563" HPOS="175"/><String WC="0.2800000012" CONTENT="navire*" HEIGHT="28" WIDTH="108" VPOS="553" HPOS="185"/><SP WIDTH="172" VPOS="561" HPOS="293"/><String WC="0.573333323" CONTENT="341" HEIGHT="29" WIDTH="57" VPOS="561" HPOS="465"/></TextLine>
<TextLine HEIGHT="42" WIDTH="495" VPOS="589" HPOS="28" STYLEREFS="font2"><String WC="0.25" CONTENT="*" HEIGHT="10" WIDTH="16" VPOS="604" HPOS="28"/><SP WIDTH="39" VPOS="604" HPOS="45"/><String WC="1." CONTENT="-" HEIGHT="6" WIDTH="14" VPOS="609" HPOS="85"/><SP WIDTH="40" VPOS="592" HPOS="100"/><String WC="0.3463636339" CONTENT="fetendrede," HEIGHT="36" WIDTH="179" VPOS="589" HPOS="141"/><SP WIDTH="145" VPOS="603" HPOS="321"/><String WC="0.75" CONTENT="555" HEIGHT="28" WIDTH="56" VPOS="603" HPOS="467"/></TextLine>
<TextLine HEIGHT="42" WIDTH="489" VPOS="634" HPOS="31" STYLEREFS="font2"><String WC="0.3400000036" CONTENT="maitrefle," HEIGHT="35" WIDTH="142" VPOS="634" HPOS="31"/><SP WIDTH="7" VPOS="636" HPOS="174"/><String WC="0.2949999869" CONTENT="f." HEIGHT="30" WIDTH="20" VPOS="636" HPOS="182"/><SP WIDTH="178" VPOS="648" HPOS="203"/><String WC="0.3228571415" CONTENT="473.463" HEIGHT="40" WIDTH="138" VPOS="636" HPOS="382"/></TextLine>
<TextLine HEIGHT="39" WIDTH="491" VPOS="676" HPOS="31" STYLEREFS="font2"><String WC="0.3690909147" CONTENT="maitrife.f," HEIGHT="38" WIDTH="156" VPOS="676" HPOS="31"/><SP WIDTH="283" VPOS="685" HPOS="188"/><String WC="0.5199999809" CONTENT="127" HEIGHT="28" WIDTH="50" VPOS="686" HPOS="472"/></TextLine>
<TextLine HEIGHT="37" WIDTH="488" VPOS="719" HPOS="32" STYLEREFS="font2"><String WC="0.4145454466" CONTENT="ruaitrifer." HEIGHT="36" WIDTH="139" VPOS="719" HPOS="32"/><SP WIDTH="291" VPOS="726" HPOS="172"/><String WC="0.2399999946" CONTENT="3" HEIGHT="28" WIDTH="14" VPOS="727" HPOS="464"/><String STYLE="bold italics" STYLEREFS="font1" WC="0.8100000024" CONTENT="1" HEIGHT="20" WIDTH="15" VPOS="728" HPOS="488"/><String WC="1." CONTENT="!" HEIGHT="20" WIDTH="8" VPOS="728" HPOS="512"/></TextLine>
<TextLine HEIGHT="41" WIDTH="496" VPOS="758" HPOS="29" STYLEREFS="font2"><String WC="0.8075000048" CONTENT="Mal." HEIGHT="31" WIDTH="63" VPOS="760" HPOS="30"/><SP WIDTH="8" VPOS="772" HPOS="94"/><String WC="0.7300000191" CONTENT="m." HEIGHT="19" WIDTH="39" VPOS="772" HPOS="103"/><SP WIDTH="248" VPOS="768" HPOS="143"/><String WC="0.5342857242" CONTENT="169.447" HEIGHT="40" WIDTH="134" VPOS="759" HPOS="391"/></TextLine>
<TextLine HEIGHT="38" WIDTH="488" VPOS="803" HPOS="33"><String STYLE="bold" WC="1." CONTENT="-" HEIGHT="7" WIDTH="14" VPOS="816" HPOS="33"/><SP WIDTH="38" VPOS="816" HPOS="48"/><String STYLE="bold" WC="1." CONTENT="-" HEIGHT="6" WIDTH="14" VPOS="820" HPOS="87"/><SP WIDTH="39" VPOS="803" HPOS="102"/><String STYLE="bold" WC="0.7419999838" CONTENT="faic." HEIGHT="30" WIDTH="55" VPOS="803" HPOS="142"/><SP WIDTH="267" VPOS="812" HPOS="198"/><String STYLE="bold" WC="0.6266666651" CONTENT="17-" HEIGHT="30" WIDTH="55" VPOS="811" HPOS="466"/></TextLine>
<TextLine HEIGHT="38" WIDTH="487" VPOS="845" HPOS="31"><String STYLE="bold" WC="0.8787500262" CONTENT="Malbeur," HEIGHT="34" WIDTH="132" VPOS="845" HPOS="31"/><SP WIDTH="7" VPOS="856" HPOS="164"/><String STYLE="bold" WC="0.1299999952" CONTENT="m." HEIGHT="20" WIDTH="39" VPOS="857" HPOS="172"/><SP WIDTH="250" VPOS="854" HPOS="212"/><String STYLE="bold" WC="0.3333333433" CONTENT="441" HEIGHT="28" WIDTH="55" VPOS="855" HPOS="463"/></TextLine>
<TextLine HEIGHT="38" WIDTH="496" VPOS="887" HPOS="30"><String STYLE="bold" WC="0.6575000286" CONTENT="Malaise." HEIGHT="35" WIDTH="117" VPOS="887" HPOS="30"/><SP WIDTH="236" VPOS="893" HPOS="148"/><String STYLE="bold" WC="0.4714285731" CONTENT="3:9.427" HEIGHT="32" WIDTH="141" VPOS="893" HPOS="385"/></TextLine>
<TextLine HEIGHT="36" WIDTH="490" VPOS="930" HPOS="31"><String STYLE="bold" WC="0.8928571343" CONTENT="Malade," HEIGHT="30" WIDTH="114" VPOS="930" HPOS="31"/><SP WIDTH="12" VPOS="940" HPOS="146"/><String STYLE="bold" WC="0.9700000286" CONTENT="c." HEIGHT="21" WIDTH="26" VPOS="940" HPOS="159"/><SP WIDTH="281" VPOS="937" HPOS="186"/><String STYLE="bold" WC="0.2466666698" CONTENT="foi" HEIGHT="28" WIDTH="53" VPOS="938" HPOS="468"/></TextLine>
<TextLine HEIGHT="37" WIDTH="491" VPOS="969" HPOS="32"><String STYLE="bold" WC="0.4466666579" CONTENT="tnaladie." HEIGHT="28" WIDTH="123" VPOS="970" HPOS="32"/><SP WIDTH="8" VPOS="969" HPOS="156"/><String STYLE="bold" WC="0.5350000262" CONTENT="f," HEIGHT="32" WIDTH="23" VPOS="969" HPOS="165"/><SP WIDTH="277" VPOS="979" HPOS="189"/><String STYLE="bold" WC="0.1933333278" CONTENT="575" HEIGHT="26" WIDTH="56" VPOS="980" HPOS="467"/></TextLine>
<TextLine HEIGHT="43" WIDTH="492" VPOS="1009" HPOS="31"><String STYLE="bold" WC="0.3140000105" CONTENT="mäle," HEIGHT="32" WIDTH="81" VPOS="1012" HPOS="31"/><SP WIDTH="11" VPOS="1022" HPOS="112"/><String STYLE="bold" WC="0.3899999857" CONTENT="tn," HEIGHT="24" WIDTH="39" VPOS="1021" HPOS="123"/><SP WIDTH="5" VPOS="1012" HPOS="162"/><String STYLE="italics" STYLEREFS="font1" WC="0.4933333397" CONTENT="fahft*" HEIGHT="41" WIDTH="77" VPOS="1010" HPOS="167"/><SP WIDTH="224" VPOS="1019" HPOS="244"/><String STYLE="bold" WC="0.2849999964" CONTENT="ij" HEIGHT="27" WIDTH="34" VPOS="1020" HPOS="468"/><SP WIDTH="8" VPOS="1021" HPOS="502"/><String STYLE="bold" WC="0.150000006" CONTENT="3" HEIGHT="27" WIDTH="13" VPOS="1021" HPOS="510"/></TextLine>
<TextLine HEIGHT="36" WIDTH="494" VPOS="1053" HPOS="30"><String STYLE="bold" WC="0.7462499738" CONTENT="Malerte," HEIGHT="29" WIDTH="119" VPOS="1055" HPOS="30"/><SP WIDTH="8" VPOS="1053" HPOS="150"/><String STYLE="bold" WC="0.625" CONTENT="k." HEIGHT="31" WIDTH="19" VPOS="1053" HPOS="159"/><SP WIDTH="292" VPOS="1061" HPOS="179"/><String STYLE="bold" WC="0.3600000143" CONTENT="X87" HEIGHT="32" WIDTH="52" VPOS="1057" HPOS="472"/></TextLine>
<TextLine HEIGHT="40" WIDTH="493" VPOS="1093" HPOS="31"><String STYLE="bold" WC="0.4408333302" CONTENT="ÄÄalfaiteus." HEIGHT="38" WIDTH="164" VPOS="1093" HPOS="31"/><SP WIDTH="9" VPOS="1106" HPOS="196"/><String STYLE="bold" WC="0.2049999982" CONTENT="m," HEIGHT="22" WIDTH="41" VPOS="1106" HPOS="206"/><SP WIDTH="214" VPOS="1105" HPOS="248"/><String STYLE="bold" WC="0.3966666758" CONTENT="489" HEIGHT="33" WIDTH="61" VPOS="1100" HPOS="463"/></TextLine>
<TextLine HEIGHT="38" WIDTH="493" VPOS="1139" HPOS="32"><String STYLE="bold" WC="0.6816666722" CONTENT="Malin." HEIGHT="28" WIDTH="94" VPOS="1139" HPOS="32"/><SP WIDTH="9" VPOS="1149" HPOS="127"/><String STYLE="bold" WC="0.6349999905" CONTENT="m." HEIGHT="19" WIDTH="38" VPOS="1149" HPOS="137"/><SP WIDTH="289" VPOS="1148" HPOS="176"/><String STYLE="bold" WC="0.3433333337" CONTENT="99s" HEIGHT="29" WIDTH="59" VPOS="1148" HPOS="466"/></TextLine>
<TextLine HEIGHT="40" WIDTH="492" VPOS="1179" HPOS="33" STYLEREFS="font2"><String WC="1." CONTENT="-" HEIGHT="8" WIDTH="14" VPOS="1191" HPOS="33"/><SP WIDTH="39" VPOS="1191" HPOS="48"/><String WC="1." CONTENT="-" HEIGHT="6" WIDTH="13" VPOS="1196" HPOS="88"/><SP WIDTH="38" VPOS="1190" HPOS="102"/><String WC="0.7042857409" CONTENT="espric»" HEIGHT="39" WIDTH="92" VPOS="1179" HPOS="141"/><SP WIDTH="223" VPOS="1180" HPOS="234"/><String WC="0.4420000017" CONTENT="ibid." HEIGHT="31" WIDTH="67" VPOS="1181" HPOS="458"/></TextLine>
<TextLine HEIGHT="36" WIDTH="492" VPOS="1221" HPOS="33" STYLEREFS="font2"><String WC="0.6733333468" CONTENT="Mammelle." HEIGHT="28" WIDTH="165" VPOS="1221" HPOS="34"/><SP WIDTH="269" VPOS="1232" HPOS="199"/><String WC="0.4300000072" CONTENT="149" HEIGHT="25" WIDTH="57" VPOS="1232" HPOS="468"/></TextLine>
<TextLine HEIGHT="35" WIDTH="493" VPOS="1263" HPOS="31" STYLEREFS="font2"><String WC="0.4514285624" CONTENT="manche." HEIGHT="28" WIDTH="126" VPOS="1263" HPOS="31"/><SP WIDTH="310" VPOS="1270" HPOS="158"/><String WC="0.2399999946" CONTENT="179" HEIGHT="26" WIDTH="55" VPOS="1272" HPOS="469"/></TextLine>
<TextLine HEIGHT="34" WIDTH="494" VPOS="1300" HPOS="33" STYLEREFS="font2"><String WC="1." CONTENT="-" HEIGHT="8" WIDTH="13" VPOS="1315" HPOS="33"/><SP WIDTH="39" VPOS="1315" HPOS="47"/><String WC="1." CONTENT="-" HEIGHT="7" WIDTH="15" VPOS="1322" HPOS="87"/><SP WIDTH="40" VPOS="1302" HPOS="103"/><String WC="7.999999821e-002" CONTENT="de" HEIGHT="31" WIDTH="32" VPOS="1302" HPOS="144"/><SP WIDTH="8" VPOS="1315" HPOS="177"/><String WC="0.4328571558" CONTENT="charrue" HEIGHT="30" WIDTH="111" VPOS="1303" HPOS="186"/><SP WIDTH="8" VPOS="1304" HPOS="298"/><String WC="0.7300000191" CONTENT="&amp;c," HEIGHT="29" WIDTH="56" VPOS="1304" HPOS="307"/><SP WIDTH="94" VPOS="1303" HPOS="364"/><String WC="0.6000000238" CONTENT="ibid." HEIGHT="28" WIDTH="68" VPOS="1302" HPOS="459"/></TextLine>
<TextLine HEIGHT="39" WIDTH="486" VPOS="1345" HPOS="38" STYLEREFS="font2"><String WC="0.4399999976" CONTENT="*" HEIGHT="8" WIDTH="11" VPOS="1357" HPOS="38"/><SP WIDTH="37" VPOS="1357" HPOS="50"/><String WC="1." CONTENT="-" HEIGHT="7" WIDTH="14" VPOS="1364" HPOS="88"/><SP WIDTH="41" VPOS="1347" HPOS="103"/><String WC="0.5" CONTENT="d’" HEIGHT="30" WIDTH="24" VPOS="1347" HPOS="145"/><SP WIDTH="9" VPOS="1347" HPOS="170"/><String WC="0.4740000069" CONTENT="Habit" HEIGHT="31" WIDTH="81" VPOS="1346" HPOS="180"/><SP WIDTH="8" VPOS="1349" HPOS="262"/><String WC="0.7366666794" CONTENT="&amp;c." HEIGHT="28" WIDTH="52" VPOS="1349" HPOS="271"/><SP WIDTH="143" VPOS="1355" HPOS="324"/><String WC="0.4499999881" CONTENT="341" HEIGHT="29" WIDTH="56" VPOS="1355" HPOS="468"/></TextLine>
<TextLine HEIGHT="38" WIDTH="491" VPOS="1390" HPOS="34" STYLEREFS="font2"><String WC="1." CONTENT="-" HEIGHT="8" WIDTH="13" VPOS="1397" HPOS="34"/><SP WIDTH="35" VPOS="1397" HPOS="48"/><String WC="1." CONTENT="-" HEIGHT="7" WIDTH="14" VPOS="1405" HPOS="84"/><SP WIDTH="39" VPOS="1391" HPOS="99"/><String WC="0.4399999976" CONTENT="d’Inftrument»" HEIGHT="32" WIDTH="213" VPOS="1390" HPOS="139"/><SP WIDTH="117" VPOS="1399" HPOS="353"/><String WC="0.5766666532" CONTENT="385" HEIGHT="29" WIDTH="54" VPOS="1399" HPOS="471"/></TextLine>
<TextLine HEIGHT="35" WIDTH="493" VPOS="1432" HPOS="35" STYLEREFS="font2"><String WC="0.6912500262" CONTENT="Mandier." HEIGHT="32" WIDTH="130" VPOS="1432" HPOS="35"/><SP WIDTH="300" VPOS="1443" HPOS="166"/><String WC="5.000000075e-002" CONTENT="4" HEIGHT="23" WIDTH="19" VPOS="1444" HPOS="467"/><SP WIDTH="6" VPOS="1443" HPOS="487"/><String WC="0.4850000143" CONTENT="59" HEIGHT="25" WIDTH="34" VPOS="1442" HPOS="494"/></TextLine>
<TextLine HEIGHT="33" WIDTH="490" VPOS="1474" HPOS="35" STYLEREFS="font2"><String WC="0.7466666698" CONTENT="Mandille-" HEIGHT="31" WIDTH="136" VPOS="1475" HPOS="35"/><SP WIDTH="8" VPOS="1475" HPOS="172"/><String WC="0.4600000083" CONTENT="s." HEIGHT="29" WIDTH="22" VPOS="1475" HPOS="180"/><SP WIDTH="265" VPOS="1481" HPOS="202"/><String WC="0.7400000095" CONTENT="241" HEIGHT="28" WIDTH="56" VPOS="1479" HPOS="468"/></TextLine>
<TextLine HEIGHT="37" WIDTH="490" VPOS="1514" HPOS="36" STYLEREFS="font2"><String WC="0.5899999738" CONTENT="Mandore." HEIGHT="33" WIDTH="142" VPOS="1517" HPOS="36"/><SP WIDTH="9" VPOS="1517" HPOS="179"/><String WC="0.2300000042" CONTENT="s" HEIGHT="30" WIDTH="15" VPOS="1517" HPOS="189"/><SP WIDTH="266" VPOS="1517" HPOS="205"/><String STYLEREFS="font3" WC="0.573333323" CONTENT="3^5" HEIGHT="33" WIDTH="54" VPOS="1516" HPOS="472"/></TextLine>
<TextLine HEIGHT="41" WIDTH="402" VPOS="1557" HPOS="37" STYLEREFS="font2"><String WC="0.7836363912" CONTENT="Mangeaille." HEIGHT="38" WIDTH="168" VPOS="1559" HPOS="37"/><SP WIDTH="6" VPOS="1558" HPOS="206"/><String STYLE="bold" STYLEREFS="font1" WC="0.8799999952" CONTENT="5" HEIGHT="31" WIDTH="14" VPOS="1558" HPOS="213"/><String WC="0.6600000262" CONTENT="," HEIGHT="13" WIDTH="10" VPOS="1581" HPOS="226"/><SP WIDTH="150" VPOS="1561" HPOS="237"/><String WC="0.2199999988" CONTENT="I" HEIGHT="22" WIDTH="12" VPOS="1561" HPOS="388"/><SP WIDTH="9" VPOS="1560" HPOS="401"/><String WC="1." CONTENT="^" HEIGHT="21" WIDTH="28" VPOS="1560" HPOS="411"/></TextLine>
<TextLine HEIGHT="37" WIDTH="407" VPOS="1600" HPOS="38" STYLEREFS="font2"><String WC="0.6385714412" CONTENT="Manger." HEIGHT="35" WIDTH="118" VPOS="1600" HPOS="38"/><SP WIDTH="249" VPOS="1603" HPOS="157"/><String WC="0.5" CONTENT="97" HEIGHT="26" WIDTH="38" VPOS="1605" HPOS="407"/></TextLine>
<TextLine HEIGHT="49" WIDTH="618" VPOS="1641" HPOS="40" STYLEREFS="font2"><String WC="0.3100000024" CONTENT="*" HEIGHT="9" WIDTH="13" VPOS="1646" HPOS="40"/><SP WIDTH="39" VPOS="1646" HPOS="54"/><String WC="0.3600000143" CONTENT="*" HEIGHT="7" WIDTH="13" VPOS="1653" HPOS="94"/><SP WIDTH="41" VPOS="1650" HPOS="108"/><String WC="0.6779999733" CONTENT="c’eft" HEIGHT="29" WIDTH="68" VPOS="1641" HPOS="150"/><SP WIDTH="13" VPOS="1643" HPOS="219"/><String WC="0.400000006" CONTENT="un" HEIGHT="18" WIDTH="37" VPOS="1653" HPOS="233"/><SP WIDTH="11" VPOS="1651" HPOS="271"/><String WC="0.3366666734" CONTENT="pauvr«" HEIGHT="35" WIDTH="96" VPOS="1646" HPOS="283"/><SP WIDTH="9" VPOS="1645" HPOS="380"/><String WC="0.3249999881" CONTENT="que;" HEIGHT="31" WIDTH="61" VPOS="1645" HPOS="390"/><SP WIDTH="18" VPOS="1647" HPOS="452"/><String STYLE="bold" STYLEREFS="font1" WC="0.25" CONTENT="3" HEIGHT="21" WIDTH="16" VPOS="1647" HPOS="471"/><String STYLE="superscript" WC="0.2700000107" CONTENT="0" HEIGHT="16" WIDTH="15" VPOS="1650" HPOS="493"/><String STYLE="bold" STYLEREFS="font1" WC="0." CONTENT="9" HEIGHT="25" WIDTH="15" VPOS="1649" HPOS="513"/><String WC="0.2937499881" CONTENT="jmarier," HEIGHT="46" WIDTH="120" VPOS="1644" HPOS="538"/></TextLine>
<TextLine HEIGHT="47" WIDTH="652" VPOS="1677" HPOS="37" STYLEREFS="font2"><String WC="0.3133333325" CONTENT="manicordion." HEIGHT="33" WIDTH="205" VPOS="1680" HPOS="37"/><SP WIDTH="230" VPOS="1689" HPOS="242"/><String WC="0.5680000186" CONTENT="ZSsj-" HEIGHT="44" WIDTH="92" VPOS="1679" HPOS="472"/><SP WIDTH="40" VPOS="1705" HPOS="564"/><String WC="0.5500000119" CONTENT="." HEIGHT="6" WIDTH="12" VPOS="1706" HPOS="605"/><SP WIDTH="45" VPOS="1687" HPOS="618"/><String WC="0.2700000107" CONTENT="f" HEIGHT="30" WIDTH="17" VPOS="1687" HPOS="663"/><String STYLE="subscript" WC="0.3100000024" CONTENT="e" HEIGHT="17" WIDTH="15" VPOS="1700" HPOS="674"/></TextLine>
<TextLine HEIGHT="29" WIDTH="111" VPOS="1723" HPOS="37" STYLEREFS="font2"><String WC="0.7200000286" CONTENT="Manier." HEIGHT="29" WIDTH="111" VPOS="1723" HPOS="37"/></TextLine>
<TextLine HEIGHT="41" WIDTH="178" VPOS="1759" HPOS="39" STYLEREFS="font2"><String WC="0.555555582" CONTENT="En-miere&apos;" HEIGHT="35" WIDTH="130" VPOS="1760" HPOS="39"/><SP WIDTH="7" VPOS="1760" HPOS="170"/><String WC="1." CONTENT="^&apos;" HEIGHT="40" WIDTH="39" VPOS="1760" HPOS="178"/></TextLine>
<TextLine HEIGHT="40" WIDTH="371" VPOS="1807" HPOS="41" STYLEREFS="font2"><String WC="0.7400000095" CONTENT="7" HEIGHT="24" WIDTH="15" VPOS="1810" HPOS="41"/><SP WIDTH="37" VPOS="1810" HPOS="57"/><String WC="1." CONTENT="-" HEIGHT="9" WIDTH="15" VPOS="1818" HPOS="95"/><SP WIDTH="40" VPOS="1807" HPOS="111"/><String WC="0.8199999928" CONTENT="d&apos;" HEIGHT="30" WIDTH="25" VPOS="1807" HPOS="152"/><SP WIDTH="8" VPOS="1808" HPOS="178"/><String WC="0.7699999809" CONTENT="uns" HEIGHT="23" WIDTH="54" VPOS="1819" HPOS="187"/><SP WIDTH="13" VPOS="1821" HPOS="242"/><String WC="0.7580000162" CONTENT="admirable." HEIGHT="34" WIDTH="156" VPOS="1813" HPOS="256"/></TextLine>
</TextBlock>
<TextBlock ID="Page1_Block6" HEIGHT="288" WIDTH="110" VPOS="309" HPOS="953" language="de" STYLEREFS="font2"><Shape><Polygon POINTS="954,310 1064,310 1064,598 986,598 986,558 956,558 956,348 954,348 954,310"/></Shape>
<TextLine HEIGHT="31" WIDTH="68" VPOS="312" HPOS="969" STYLEREFS="font2"><String WC="0.7933333516" CONTENT="281" HEIGHT="31" WIDTH="68" VPOS="312" HPOS="969"/></TextLine>
<TextLine HEIGHT="32" WIDTH="65" VPOS="357" HPOS="970"><String STYLE="bold" STYLEREFS="font3" WC="0.453333348" CONTENT="Z2I" HEIGHT="32" WIDTH="65" VPOS="357" HPOS="970"/></TextLine>
<TextLine HEIGHT="30" WIDTH="67" VPOS="400" HPOS="971"><String WC="0.2566666603" CONTENT="241" HEIGHT="30" WIDTH="67" VPOS="400" HPOS="971"/></TextLine>
<TextLine HEIGHT="30" WIDTH="67" VPOS="441" HPOS="973"><String STYLE="bold" STYLEREFS="font3" WC="0.9599999785" CONTENT="54" HEIGHT="30" WIDTH="45" VPOS="441" HPOS="973"/><SP WIDTH="4" VPOS="441" HPOS="1019"/><String STYLE="bold" STYLEREFS="font3" WC="0.2599999905" CONTENT="r" HEIGHT="24" WIDTH="16" VPOS="441" HPOS="1024"/></TextLine>
<TextLine HEIGHT="31" WIDTH="64" VPOS="481" HPOS="975"><String WC="0.6733333468" CONTENT="241" HEIGHT="31" WIDTH="64" VPOS="481" HPOS="975"/></TextLine>
<TextLine HEIGHT="33" WIDTH="68" VPOS="520" HPOS="973"><String STYLE="bold" STYLEREFS="font3" WC="0.5566666722" CONTENT="375" HEIGHT="33" WIDTH="68" VPOS="520" HPOS="973"/></TextLine>
<TextLine HEIGHT="34" WIDTH="46" VPOS="559" HPOS="999"><String STYLE="bold" STYLEREFS="font3" WC="0.6399999857" CONTENT="87" HEIGHT="34" WIDTH="46" VPOS="559" HPOS="999"/></TextLine>
</TextBlock>
<TextBlock ID="Page1_Block7" HEIGHT="808" WIDTH="522" VPOS="297" HPOS="541" language="de" STYLEREFS="font2"><Shape><Polygon POINTS="542,300 756,300 756,340 844,340 844,592 1064,592 1064,644 1066,644 1066,1106 546,1106 546,342 542,342 542,300"/></Shape>
<TextLine HEIGHT="29" WIDTH="201" VPOS="300" HPOS="545" STYLEREFS="font2"><String WC="1." CONTENT="-" HEIGHT="7" WIDTH="15" VPOS="315" HPOS="545"/><SP WIDTH="37" VPOS="315" HPOS="561"/><String WC="1." CONTENT="-" HEIGHT="8" WIDTH="15" VPOS="315" HPOS="599"/><SP WIDTH="41" VPOS="300" HPOS="615"/><String WC="0.8999999762" CONTENT="de" HEIGHT="27" WIDTH="33" VPOS="301" HPOS="657"/><SP WIDTH="8" VPOS="302" HPOS="691"/><String STYLE="bold" STYLEREFS="font3" WC="0.6320000291" CONTENT="lit.-" HEIGHT="27" WIDTH="46" VPOS="302" HPOS="700"/></TextLine>
<TextLine HEIGHT="37" WIDTH="264" VPOS="342" HPOS="545"><String WC="1." CONTENT="-" HEIGHT="7" WIDTH="12" VPOS="358" HPOS="545"/><SP WIDTH="42" VPOS="357" HPOS="558"/><String WC="1." CONTENT="-" HEIGHT="7" WIDTH="15" VPOS="357" HPOS="601"/><SP WIDTH="41" VPOS="342" HPOS="617"/><String WC="0.3311111033" CONTENT="decheyal," HEIGHT="36" WIDTH="151" VPOS="343" HPOS="658"/></TextLine>
<TextLine HEIGHT="27" WIDTH="184" VPOS="391" HPOS="547"><String WC="0.4662500024" CONTENT="manteau." HEIGHT="23" WIDTH="135" VPOS="391" HPOS="547"/><SP WIDTH="10" VPOS="395" HPOS="683"/><String WC="0.2700000107" CONTENT="m," HEIGHT="23" WIDTH="37" VPOS="395" HPOS="694"/></TextLine>
<TextLine HEIGHT="40" WIDTH="278" VPOS="427" HPOS="548"><String WC="0.5699999928" CONTENT="-" HEIGHT="6" WIDTH="13" VPOS="443" HPOS="548"/><SP WIDTH="41" VPOS="442" HPOS="562"/><String WC="1." CONTENT="-" HEIGHT="8" WIDTH="13" VPOS="442" HPOS="604"/><SP WIDTH="46" VPOS="427" HPOS="618"/><String WC="0.3383333385" CONTENT="Royal," HEIGHT="39" WIDTH="95" VPOS="428" HPOS="665"/><SP WIDTH="9" VPOS="431" HPOS="761"/><String WC="0.6100000143" CONTENT="&amp;c." HEIGHT="29" WIDTH="55" VPOS="431" HPOS="771"/></TextLine>
<TextLine HEIGHT="33" WIDTH="194" VPOS="468" HPOS="548"><String WC="0.3838461637" CONTENT="mantelline.f." HEIGHT="33" WIDTH="194" VPOS="468" HPOS="548"/></TextLine>
<TextLine HEIGHT="30" WIDTH="166" VPOS="511" HPOS="549"><String WC="0.5614285469" CONTENT="manuel." HEIGHT="30" WIDTH="118" VPOS="511" HPOS="549"/><SP WIDTH="7" VPOS="522" HPOS="668"/><String WC="0.6399999857" CONTENT="in." HEIGHT="19" WIDTH="39" VPOS="522" HPOS="676"/></TextLine>
<TextLine HEIGHT="40" WIDTH="181" VPOS="552" HPOS="549"><String WC="0.6424999833" CONTENT="manuque." HEIGHT="29" WIDTH="147" VPOS="563" HPOS="549"/><SP WIDTH="10" VPOS="553" HPOS="696"/><String WC="0.3050000072" CONTENT="f," HEIGHT="34" WIDTH="24" VPOS="553" HPOS="706"/></TextLine>
<TextLine HEIGHT="45" WIDTH="495" VPOS="593" HPOS="549"><String WC="0.4445454478" CONTENT="maquerelle." HEIGHT="41" WIDTH="174" VPOS="595" HPOS="549"/><SP WIDTH="14" VPOS="594" HPOS="724"/><String WC="0.4699999988" CONTENT="k," HEIGHT="37" WIDTH="20" VPOS="594" HPOS="739"/><SP WIDTH="16" VPOS="596" HPOS="760"/><String WC="0.349999994" CONTENT="(" HEIGHT="41" WIDTH="15" VPOS="596" HPOS="777"/><SP WIDTH="7" VPOS="596" HPOS="793"/><String WC="0.3059999943" CONTENT="maquereau," HEIGHT="34" WIDTH="171" VPOS="604" HPOS="801"/><SP WIDTH="7" VPOS="605" HPOS="973"/><String WC="0.6233333349" CONTENT="m.)" HEIGHT="36" WIDTH="63" VPOS="598" HPOS="981"/></TextLine>
<TextLine HEIGHT="31" WIDTH="68" VPOS="646" HPOS="976" STYLEREFS="font2"><String STYLE="bold" STYLEREFS="font3" WC="0.3199999928" CONTENT="439" HEIGHT="31" WIDTH="68" VPOS="646" HPOS="976"/></TextLine>
<TextLine HEIGHT="37" WIDTH="493" VPOS="680" HPOS="548" STYLEREFS="font2"><String WC="0.3666666746" CONTENT="marais.m." HEIGHT="34" WIDTH="156" VPOS="680" HPOS="548"/><SP WIDTH="296" VPOS="688" HPOS="705"/><String WC="0.2300000042" CONTENT="Zl" HEIGHT="29" WIDTH="39" VPOS="688" HPOS="1002"/></TextLine>
<TextLine HEIGHT="41" WIDTH="492" VPOS="719" HPOS="549" STYLEREFS="font2"><String STYLE="bold" STYLEREFS="font3" WC="0.3757142723" CONTENT="marätre" HEIGHT="28" WIDTH="113" VPOS="724" HPOS="549"/><SP WIDTH="17" VPOS="723" HPOS="663"/><String STYLE="bold" STYLEREFS="font3" WC="0.25" CONTENT="f," HEIGHT="33" WIDTH="23" VPOS="723" HPOS="681"/><SP WIDTH="265" VPOS="728" HPOS="705"/><String STYLE="bold" STYLEREFS="font3" WC="0.6666666865" CONTENT="4^7" HEIGHT="39" WIDTH="70" VPOS="721" HPOS="971"/></TextLine>
<TextLine HEIGHT="38" WIDTH="494" VPOS="765" HPOS="549" STYLEREFS="font2"><String STYLE="bold" STYLEREFS="font3" WC="0.462857157" CONTENT="marbre." HEIGHT="30" WIDTH="115" VPOS="765" HPOS="550"/><SP WIDTH="8" VPOS="776" HPOS="666"/><String STYLE="bold" STYLEREFS="font3" WC="0.6449999809" CONTENT="m." HEIGHT="18" WIDTH="40" VPOS="776" HPOS="675"/><SP WIDTH="279" VPOS="771" HPOS="716"/><String STYLE="bold" STYLEREFS="font3" WC="0.5400000215" CONTENT="47" HEIGHT="33" WIDTH="48" VPOS="770" HPOS="995"/></TextLine>
<TextLine HEIGHT="38" WIDTH="497" VPOS="807" HPOS="548" STYLEREFS="font2"><String STYLE="bold" STYLEREFS="font3" WC="0.5311111212" CONTENT="Marchand," HEIGHT="33" WIDTH="163" VPOS="807" HPOS="548"/><SP WIDTH="7" VPOS="814" HPOS="712"/><String STYLE="bold" STYLEREFS="font3" WC="0.5" CONTENT="ra." HEIGHT="24" WIDTH="43" VPOS="814" HPOS="720"/><SP WIDTH="128" VPOS="813" HPOS="764"/><String STYLE="bold" STYLEREFS="font3" WC="0.3142857254" CONTENT="II1-495" HEIGHT="32" WIDTH="152" VPOS="813" HPOS="893"/></TextLine>
<TextLine HEIGHT="41" WIDTH="492" VPOS="845" HPOS="550" STYLEREFS="font2"><String WC="1." CONTENT="-" HEIGHT="5" WIDTH="12" VPOS="866" HPOS="550"/><SP WIDTH="40" VPOS="864" HPOS="563"/><String WC="1." CONTENT="-" HEIGHT="6" WIDTH="14" VPOS="864" HPOS="604"/><SP WIDTH="42" VPOS="850" HPOS="619"/><String WC="0.5099999905" CONTENT="libraire&amp;c." HEIGHT="31" WIDTH="171" VPOS="848" HPOS="662"/><SP WIDTH="139" VPOS="856" HPOS="834"/><String WC="0.4333333373" CONTENT="363" HEIGHT="39" WIDTH="68" VPOS="847" HPOS="974"/></TextLine>
<TextLine HEIGHT="45" WIDTH="497" VPOS="886" HPOS="549" STYLEREFS="font2"><String WC="0.6150000095" CONTENT="Marchandife." HEIGHT="32" WIDTH="194" VPOS="889" HPOS="549"/><SP WIDTH="9" VPOS="887" HPOS="744"/><String WC="0.3700000048" CONTENT="f," HEIGHT="36" WIDTH="23" VPOS="887" HPOS="754"/><SP WIDTH="42" VPOS="898" HPOS="778"/><String WC="0.3790909052" CONTENT="111.349.493" HEIGHT="35" WIDTH="225" VPOS="896" HPOS="821"/></TextLine>
<TextLine HEIGHT="36" WIDTH="492" VPOS="934" HPOS="549" STYLEREFS="font2"><String WC="0.4014285803" CONTENT="marche." HEIGHT="31" WIDTH="119" VPOS="934" HPOS="549"/><SP WIDTH="8" VPOS="944" HPOS="669"/><String WC="0.3600000143" CONTENT="m," HEIGHT="22" WIDTH="39" VPOS="944" HPOS="678"/><SP WIDTH="255" VPOS="941" HPOS="718"/><String WC="0.4033333361" CONTENT="481" HEIGHT="33" WIDTH="67" VPOS="937" HPOS="974"/></TextLine>
<TextLine HEIGHT="42" WIDTH="493" VPOS="975" HPOS="551" STYLEREFS="font2"><String WC="0.25" CONTENT="-" HEIGHT="7" WIDTH="12" VPOS="991" HPOS="551"/><SP WIDTH="37" VPOS="991" HPOS="564"/><String WC="1." CONTENT="-" HEIGHT="6" WIDTH="13" VPOS="993" HPOS="602"/><SP WIDTH="43" VPOS="986" HPOS="616"/><String WC="0.4575000107" CONTENT="enplein," HEIGHT="40" WIDTH="126" VPOS="976" HPOS="660"/><SP WIDTH="185" VPOS="979" HPOS="787"/><String WC="0.3000000119" CONTENT="487" HEIGHT="35" WIDTH="71" VPOS="977" HPOS="973"/></TextLine>
<TextLine HEIGHT="44" WIDTH="493" VPOS="1015" HPOS="548" STYLEREFS="font2"><String WC="0.5657142997" CONTENT="marche-" HEIGHT="27" WIDTH="124" VPOS="1020" HPOS="548"/><SP WIDTH="8" VPOS="1030" HPOS="672"/><String WC="0.523999989" CONTENT="pied." HEIGHT="40" WIDTH="70" VPOS="1018" HPOS="681"/><SP WIDTH="8" VPOS="1028" HPOS="751"/><String WC="0.4149999917" CONTENT="m." HEIGHT="20" WIDTH="40" VPOS="1028" HPOS="760"/><SP WIDTH="173" VPOS="1021" HPOS="801"/><String WC="0.2599999905" CONTENT="2" HEIGHT="22" WIDTH="20" VPOS="1022" HPOS="974"/><SP WIDTH="5" VPOS="1017" HPOS="994"/><String WC="0.3249999881" CONTENT="81" HEIGHT="31" WIDTH="42" VPOS="1017" HPOS="999"/></TextLine>
<TextLine HEIGHT="39" WIDTH="496" VPOS="1061" HPOS="548"><String WC="0.5625" CONTENT="marcher.73.1" HEIGHT="38" WIDTH="205" VPOS="1061" HPOS="548"/><SP WIDTH="10" VPOS="1068" HPOS="754"/><String WC="0.3514285684" CONTENT="39.255.431-5I5" HEIGHT="36" WIDTH="279" VPOS="1063" HPOS="765"/></TextLine>
</TextBlock>
<TextBlock ID="Page1_Block8" HEIGHT="548" WIDTH="452" VPOS="1094" HPOS="467" language="de" STYLEREFS="font2"><Shape><Polygon POINTS="658,1096 902,1096 902,1140 924,1140 924,1432 752,1432 752,1644 474,1644 474,1556 548,1556 548,1140 658,1140 658,1096"/></Shape>
<TextLine HEIGHT="36" WIDTH="235" VPOS="1098" HPOS="657"><String WC="0.349999994" CONTENT="für" HEIGHT="29" WIDTH="41" VPOS="1102" HPOS="657"/><SP WIDTH="10" VPOS="1102" HPOS="699"/><String WC="0.2899999917" CONTENT="des" HEIGHT="28" WIDTH="46" VPOS="1102" HPOS="710"/><SP WIDTH="8" VPOS="1110" HPOS="757"/><String WC="0.4966666698" CONTENT="echaffes," HEIGHT="36" WIDTH="126" VPOS="1098" HPOS="766"/></TextLine>
<TextLine HEIGHT="32" WIDTH="190" VPOS="1143" HPOS="548"><String WC="0.4320000112" CONTENT="marchette," HEIGHT="31" WIDTH="158" VPOS="1144" HPOS="548"/><SP WIDTH="8" VPOS="1144" HPOS="707"/><String WC="0.2800000012" CONTENT="f." HEIGHT="29" WIDTH="22" VPOS="1144" HPOS="716"/></TextLine>
<TextLine HEIGHT="30" WIDTH="199" VPOS="1193" HPOS="548"><String WC="0.4833333194" CONTENT="marecage," HEIGHT="28" WIDTH="149" VPOS="1195" HPOS="548"/><SP WIDTH="7" VPOS="1196" HPOS="698"/><String WC="0.75" CONTENT="in»" HEIGHT="22" WIDTH="41" VPOS="1194" HPOS="706"/></TextLine>
<TextLine HEIGHT="31" WIDTH="132" VPOS="1225" HPOS="548"><String WC="0.3783333302" CONTENT="maree." HEIGHT="20" WIDTH="102" VPOS="1236" HPOS="548"/><SP WIDTH="9" VPOS="1226" HPOS="650"/><String WC="0.6200000048" CONTENT="f." HEIGHT="27" WIDTH="21" VPOS="1226" HPOS="659"/></TextLine>
<TextLine HEIGHT="35" WIDTH="199" VPOS="1264" HPOS="548"><String WC="0.4300000072" CONTENT="Marechal." HEIGHT="32" WIDTH="146" VPOS="1264" HPOS="548"/><SP WIDTH="10" VPOS="1275" HPOS="695"/><String WC="0.3799999952" CONTENT="m," HEIGHT="24" WIDTH="41" VPOS="1275" HPOS="706"/></TextLine>
<TextLine HEIGHT="34" WIDTH="231" VPOS="1308" HPOS="546"><String WC="0.6299999952" CONTENT="-" HEIGHT="6" WIDTH="14" VPOS="1326" HPOS="546"/><SP WIDTH="37" VPOS="1325" HPOS="561"/><String WC="1." CONTENT="-" HEIGHT="6" WIDTH="14" VPOS="1325" HPOS="599"/><SP WIDTH="42" VPOS="1308" HPOS="614"/><String WC="0.3449999988" CONTENT="de" HEIGHT="30" WIDTH="31" VPOS="1309" HPOS="657"/><SP WIDTH="8" VPOS="1321" HPOS="689"/><String WC="0.6140000224" CONTENT="cour," HEIGHT="22" WIDTH="79" VPOS="1320" HPOS="698"/></TextLine>
<TextLine HEIGHT="42" WIDTH="132" VPOS="1352" HPOS="547" STYLEREFS="font2"><String WC="0.8460000157" CONTENT="Marge" HEIGHT="31" WIDTH="93" VPOS="1363" HPOS="547"/><SP WIDTH="16" VPOS="1353" HPOS="641"/><String WC="0.2549999952" CONTENT="f." HEIGHT="31" WIDTH="21" VPOS="1353" HPOS="658"/></TextLine>
<TextLine HEIGHT="34" WIDTH="364" VPOS="1390" HPOS="549"><String WC="1." CONTENT="-" HEIGHT="5" WIDTH="13" VPOS="1414" HPOS="549"/><SP WIDTH="41" VPOS="1411" HPOS="563"/><String WC="1." CONTENT="-" HEIGHT="6" WIDTH="12" VPOS="1411" HPOS="605"/><SP WIDTH="40" VPOS="1393" HPOS="618"/><String WC="0.4679999948" CONTENT="faire" HEIGHT="27" WIDTH="64" VPOS="1393" HPOS="659"/><SP WIDTH="7" VPOS="1391" HPOS="724"/><String WC="0.3199999928" CONTENT="la" HEIGHT="29" WIDTH="26" VPOS="1391" HPOS="732"/><SP WIDTH="6" VPOS="1401" HPOS="759"/><String WC="0.1800000072" CONTENT="a" HEIGHT="18" WIDTH="14" VPOS="1402" HPOS="766"/><SP WIDTH="9" VPOS="1400" HPOS="781"/><String WC="0.3899999857" CONTENT="un" HEIGHT="21" WIDTH="38" VPOS="1400" HPOS="791"/><SP WIDTH="7" VPOS="1392" HPOS="830"/><String WC="0.3533333242" CONTENT="livre." HEIGHT="32" WIDTH="75" VPOS="1392" HPOS="838"/></TextLine>
<TextLine HEIGHT="41" WIDTH="170" VPOS="1432" HPOS="549"><String WC="0.4911110997" CONTENT="margelle." HEIGHT="40" WIDTH="137" VPOS="1433" HPOS="549"/><SP WIDTH="9" VPOS="1433" HPOS="687"/><String WC="0.3849999905" CONTENT="f." HEIGHT="34" WIDTH="22" VPOS="1433" HPOS="697"/></TextLine>
<TextLine HEIGHT="37" WIDTH="193" VPOS="1479" HPOS="547"><String WC="0.5044444203" CONTENT="Margrave," HEIGHT="37" WIDTH="152" VPOS="1479" HPOS="547"/><SP WIDTH="11" VPOS="1486" HPOS="700"/><String WC="0.3199999928" CONTENT="m" HEIGHT="19" WIDTH="28" VPOS="1486" HPOS="712"/></TextLine>
<TextLine HEIGHT="29" WIDTH="77" VPOS="1520" HPOS="549"><String WC="0.476000011" CONTENT="mari." HEIGHT="29" WIDTH="77" VPOS="1520" HPOS="549"/></TextLine>
<TextLine HEIGHT="48" WIDTH="250" VPOS="1553" HPOS="471"><String STYLE="superscript" WC="0.3300000131" CONTENT="1" HEIGHT="19" WIDTH="11" VPOS="1562" HPOS="471"/><String WC="0.2099999934" CONTENT="5" HEIGHT="19" WIDTH="9" VPOS="1565" HPOS="494"/><SP WIDTH="5" VPOS="1564" HPOS="504"/><String WC="0.4699999988" CONTENT="zd" HEIGHT="39" WIDTH="30" VPOS="1553" HPOS="510"/><SP WIDTH="6" VPOS="1553" HPOS="541"/><String WC="0.8912500143" CONTENT="mariage." HEIGHT="38" WIDTH="125" VPOS="1563" HPOS="548"/><SP WIDTH="8" VPOS="1570" HPOS="674"/><String WC="0.6650000215" CONTENT="m." HEIGHT="21" WIDTH="38" VPOS="1570" HPOS="683"/></TextLine>
<TextLine HEIGHT="35" WIDTH="205" VPOS="1602" HPOS="473"><String WC="0.3725000024" CONTENT="I43i" HEIGHT="28" WIDTH="67" VPOS="1606" HPOS="473"/><SP WIDTH="6" VPOS="1606" HPOS="541"/><String WC="0.6133333445" CONTENT="Marie," HEIGHT="28" WIDTH="96" VPOS="1605" HPOS="548"/><SP WIDTH="8" VPOS="1603" HPOS="645"/><String WC="0.2700000107" CONTENT="f." HEIGHT="34" WIDTH="24" VPOS="1603" HPOS="654"/></TextLine>
</TextBlock>
<TextBlock ID="Page1_Block9" HEIGHT="161" WIDTH="300" VPOS="1735" HPOS="466" language="de" STYLEREFS="font2"><Shape><Polygon POINTS="474,1738 774,1738 774,1898 474,1898 474,1738"/></Shape>
<TextLine HEIGHT="32" WIDTH="227" VPOS="1740" HPOS="470" STYLEREFS="font2"><String WC="0.5199999809" CONTENT="3" HEIGHT="30" WIDTH="14" VPOS="1741" HPOS="470"/><SP WIDTH="8" VPOS="1741" HPOS="485"/><String WC="0.2199999988" CONTENT="2" HEIGHT="18" WIDTH="12" VPOS="1741" HPOS="494"/><SP WIDTH="8" VPOS="1740" HPOS="507"/><String WC="0.2199999988" CONTENT="i" HEIGHT="18" WIDTH="10" VPOS="1740" HPOS="516"/><SP WIDTH="22" VPOS="1740" HPOS="527"/><String WC="0.5619999766" CONTENT="mann." HEIGHT="20" WIDTH="96" VPOS="1742" HPOS="550"/><SP WIDTH="8" VPOS="1744" HPOS="647"/><String WC="0.5400000215" CONTENT="m." HEIGHT="18" WIDTH="41" VPOS="1744" HPOS="656"/></TextLine>
<TextLine HEIGHT="36" WIDTH="260" VPOS="1776" HPOS="474"><String WC="0.2933333218" CONTENT="183" HEIGHT="31" WIDTH="51" VPOS="1780" HPOS="474"/><SP WIDTH="24" VPOS="1784" HPOS="526"/><String WC="0.575555563" CONTENT="marinier," HEIGHT="30" WIDTH="135" VPOS="1776" HPOS="551"/><SP WIDTH="9" VPOS="1783" HPOS="687"/><String WC="0.400000006" CONTENT="m." HEIGHT="18" WIDTH="37" VPOS="1783" HPOS="697"/></TextLine>
<TextLine HEIGHT="47" WIDTH="259" VPOS="1811" HPOS="490"><String WC="0.4099999964" CONTENT="97" HEIGHT="30" WIDTH="39" VPOS="1827" HPOS="490"/><SP WIDTH="21" VPOS="1827" HPOS="530"/><String WC="0.3199999928" CONTENT="mariolfine." HEIGHT="34" WIDTH="167" VPOS="1818" HPOS="552"/><SP WIDTH="7" VPOS="1812" HPOS="720"/><String STYLEREFS="font3" WC="0.9300000072" CONTENT="5" HEIGHT="27" WIDTH="16" VPOS="1812" HPOS="728"/><String WC="1." CONTENT="-" HEIGHT="7" WIDTH="8" VPOS="1832" HPOS="741"/></TextLine>
<TextLine HEIGHT="34" WIDTH="117" VPOS="1858" HPOS="594" STYLEREFS="font2"><String WC="0.223333329" CONTENT="Hhh" HEIGHT="31" WIDTH="80" VPOS="1858" HPOS="594"/><SP WIDTH="22" VPOS="1859" HPOS="675"/><String WC="0.2199999988" CONTENT="5" HEIGHT="27" WIDTH="13" VPOS="1865" HPOS="698"/></TextLine>
</TextBlock>
<TextBlock ID="Page1_Block10" HEIGHT="786" WIDTH="185" VPOS="1103" HPOS="888" language="de" STYLEREFS="font2"><Shape><Polygon POINTS="976,1104 1064,1104 1064,1144 1078,1144 1078,1890 896,1890 896,1466 970,1466 970,1144 976,1144 976,1104"/></Shape>
<TextLine HEIGHT="33" WIDTH="67" VPOS="1106" HPOS="975"><String STYLE="bold" STYLEREFS="font3" WC="7.999999821e-002" CONTENT="535" HEIGHT="33" WIDTH="67" VPOS="1106" HPOS="975"/></TextLine>
<TextLine HEIGHT="33" WIDTH="66" VPOS="1147" HPOS="972"><String WC="0.2466666698" CONTENT="135" HEIGHT="33" WIDTH="66" VPOS="1147" HPOS="972"/></TextLine>
<TextLine HEIGHT="29" WIDTH="38" VPOS="1190" HPOS="997"><String STYLE="bold" STYLEREFS="font3" WC="0.2150000036" CONTENT="31" HEIGHT="29" WIDTH="38" VPOS="1190" HPOS="997"/></TextLine>
<TextLine HEIGHT="31" WIDTH="67" VPOS="1231" HPOS="973"><String STYLE="bold" STYLEREFS="font3" WC="0.5233333111" CONTENT="137" HEIGHT="31" WIDTH="67" VPOS="1231" HPOS="973"/></TextLine>
<TextLine HEIGHT="32" WIDTH="66" VPOS="1273" HPOS="975"><String STYLE="bold" STYLEREFS="font3" WC="0.4499999881" CONTENT="559" HEIGHT="32" WIDTH="66" VPOS="1273" HPOS="975"/></TextLine>
<TextLine HEIGHT="34" WIDTH="64" VPOS="1312" HPOS="975"><String STYLE="bold" STYLEREFS="font3" WC="0.1533333361" CONTENT="543" HEIGHT="34" WIDTH="64" VPOS="1312" HPOS="975"/></TextLine>
<TextLine HEIGHT="37" WIDTH="64" VPOS="1348" HPOS="977"><String WC="0.3799999952" CONTENT="369" HEIGHT="37" WIDTH="64" VPOS="1348" HPOS="977"/></TextLine>
<TextLine HEIGHT="38" WIDTH="65" VPOS="1388" HPOS="974"><String WC="0.1833333373" CONTENT="367" HEIGHT="38" WIDTH="65" VPOS="1388" HPOS="974"/></TextLine>
<TextLine HEIGHT="30" WIDTH="65" VPOS="1431" HPOS="973"><String STYLE="bold" STYLEREFS="font3" WC="0.7400000095" CONTENT="»33" HEIGHT="30" WIDTH="65" VPOS="1431" HPOS="973"/></TextLine>
<TextLine HEIGHT="44" WIDTH="149" VPOS="1475" HPOS="893"><String STYLE="bold" STYLEREFS="font3" WC="0.2371428609" CONTENT="539-547" HEIGHT="44" WIDTH="149" VPOS="1475" HPOS="893"/></TextLine>
<TextLine HEIGHT="38" WIDTH="145" VPOS="1519" HPOS="896" STYLEREFS="font2"><String WC="0.3371428549" CONTENT="463.409" HEIGHT="38" WIDTH="145" VPOS="1519" HPOS="896"/></TextLine>
<TextLine HEIGHT="38" WIDTH="61" VPOS="1550" HPOS="977" STYLEREFS="font2"><String STYLE="bold" STYLEREFS="font3" WC="0.3633333445" CONTENT="46»" HEIGHT="38" WIDTH="61" VPOS="1550" HPOS="977"/></TextLine>
<TextLine HEIGHT="34" WIDTH="61" VPOS="1595" HPOS="980" STYLEREFS="font2"><String STYLE="bold" STYLEREFS="font3" WC="0.25" CONTENT="5" HEIGHT="29" WIDTH="18" VPOS="1600" HPOS="980"/><SP WIDTH="4" VPOS="1595" HPOS="999"/><String STYLE="bold" STYLEREFS="font3" WC="0.1850000024" CONTENT="di" HEIGHT="31" WIDTH="37" VPOS="1595" HPOS="1004"/></TextLine>
<TextLine HEIGHT="38" WIDTH="70" VPOS="1642" HPOS="970" STYLEREFS="font2"><String STYLE="bold" STYLEREFS="font3" WC="0.3600000143" CONTENT="463" HEIGHT="38" WIDTH="70" VPOS="1642" HPOS="970"/></TextLine>
<TextLine HEIGHT="38" WIDTH="68" VPOS="1683" HPOS="974" STYLEREFS="font3"><String STYLE="bold" WC="0.6366666555" CONTENT="461" HEIGHT="38" WIDTH="68" VPOS="1683" HPOS="974"/></TextLine>
<TextLine HEIGHT="30" WIDTH="68" VPOS="1730" HPOS="976" STYLEREFS="font2"><String WC="0.1833333373" CONTENT="137" HEIGHT="30" WIDTH="68" VPOS="1730" HPOS="976"/></TextLine>
<TextLine HEIGHT="34" WIDTH="67" VPOS="1772" HPOS="978" STYLEREFS="font2"><String STYLE="bold" STYLEREFS="font3" WC="0.5249999762" CONTENT="34-5" HEIGHT="34" WIDTH="67" VPOS="1772" HPOS="978"/></TextLine>
<TextLine HEIGHT="32" WIDTH="143" VPOS="1806" HPOS="905" STYLEREFS="font2"><String STYLEREFS="font0" WC="0.3100000024" CONTENT="," HEIGHT="3" WIDTH="2" VPOS="1833" HPOS="905"/><SP WIDTH="95" VPOS="1806" HPOS="908"/><String STYLE="bold italics" WC="0.5500000119" CONTENT="6X" HEIGHT="32" WIDTH="44" VPOS="1806" HPOS="1004"/></TextLine>
<TextLine HEIGHT="40" WIDTH="106" VPOS="1848" HPOS="944" STYLEREFS="font2"><String WC="0.2199999988" CONTENT="mario«:" HEIGHT="40" WIDTH="106" VPOS="1848" HPOS="944"/></TextLine>
</TextBlock><GraphicalElement ID="Page1_Block11" HEIGHT="12" WIDTH="491" VPOS="197" HPOS="21"/><GraphicalElement ID="Page1_Block12" HEIGHT="12" WIDTH="310" VPOS="199" HPOS="548"/><GraphicalElement ID="Page1_Block13" HEIGHT="10" WIDTH="131" VPOS="211" HPOS="896"/><GraphicalElement ID="Page1_Block14" HEIGHT="1042" WIDTH="9" VPOS="281" HPOS="531"/><GraphicalElement ID="Page1_Block15" HEIGHT="215" WIDTH="5" VPOS="1323" HPOS="535"/>
</PrintSpace>
</Page>
</Layout>
</alto>