﻿<?xml version="1.0" encoding="UTF-8" standalone="yes"?>
<alto xmlns="http://www.loc.gov/standards/alto/ns-v2#" xmlns:xlink="http://www.w3.org/1999/xlink" xmlns:xsi="http://www.w3.org/2001/XMLSchema-instance" xsi:schemaLocation="http://www.loc.gov/standards/alto/ns-v2# http://www.loc.gov/standards/alto/alto-v2.0.xsd">
<Description>
<MeasurementUnit>pixel</MeasurementUnit>
<OCRProcessing ID="IdOcr"><ocrProcessingStep><processingDateTime>2017-03-20</processingDateTime><processingSoftware><softwareCreator>ABBYY</softwareCreator><softwareName>ABBYY FineReader Engine</softwareName><softwareVersion>11</softwareVersion></processingSoftware></ocrProcessingStep></OCRProcessing>
</Description>
<Styles><TextStyle ID="font0" FONTFAMILY="Times New Roman" FONTSIZE="8"/><TextStyle ID="font1" FONTFAMILY="Times New Roman" FONTSIZE="9"/><TextStyle ID="font2" FONTFAMILY="Times New Roman" FONTSIZE="10"/><TextStyle ID="font3" FONTFAMILY="Times New Roman" FONTSIZE="11"/><TextStyle ID="font4" FONTFAMILY="Times New Roman" FONTSIZE="12"/><TextStyle ID="font5" FONTFAMILY="Times New Roman" FONTSIZE="16"/><TextStyle ID="font6" FONTFAMILY="Times New Roman" FONTSIZE="20"/>
</Styles>
<Layout>
<Page ID="Page1" PHYSICAL_IMG_NR="1" HEIGHT="2036" WIDTH="1230">
<TopMargin HEIGHT="186" WIDTH="1230" VPOS="0" HPOS="0"><GraphicalElement ID="Page1_Block1" HEIGHT="5" WIDTH="112" VPOS="167" HPOS="176"/><GraphicalElement ID="Page1_Block2" HEIGHT="11" WIDTH="820" VPOS="168" HPOS="288"/>
</TopMargin>
<LeftMargin HEIGHT="1677" WIDTH="148" VPOS="186" HPOS="0">
</LeftMargin>
<RightMargin HEIGHT="1677" WIDTH="39" VPOS="186" HPOS="1191">
</RightMargin>
<BottomMargin HEIGHT="173" WIDTH="1230" VPOS="1863" HPOS="0">
</BottomMargin>
<PrintSpace HEIGHT="1677" WIDTH="1043" VPOS="186" HPOS="148">
<TextBlock ID="Page1_Block3" HEIGHT="250" WIDTH="400" VPOS="186" HPOS="148" language="de" STYLEREFS="font4">
<TextLine HEIGHT="38" WIDTH="103" VPOS="186" HPOS="204" STYLEREFS="font4"><String STYLE="bold" WC="0.5366666913" CONTENT="Darin/" HEIGHT="38" WIDTH="103" VPOS="186" HPOS="204"/></TextLine>
<TextLine HEIGHT="40" WIDTH="276" VPOS="228" HPOS="163"><String STYLE="bold" WC="0.5916666389" CONTENT="dessen" HEIGHT="40" WIDTH="86" VPOS="228" HPOS="163"/><SP WIDTH="7" VPOS="236" HPOS="250"/><String STYLE="bold" WC="0.3025000095" CONTENT="eine" HEIGHT="30" WIDTH="58" VPOS="232" HPOS="258"/><SP WIDTH="7" VPOS="231" HPOS="317"/><String STYLE="bold" WC="0.4799999893" CONTENT="HSiffre" HEIGHT="38" WIDTH="114" VPOS="229" HPOS="325"/></TextLine>
<TextLine HEIGHT="44" WIDTH="251" VPOS="310" HPOS="164"><String STYLE="bold" WC="0.3066666722" CONTENT="ist" HEIGHT="43" WIDTH="32" VPOS="311" HPOS="164"/><SP WIDTH="5" VPOS="311" HPOS="197"/><String STYLE="bold" WC="0.5285714269" CONTENT="allemal" HEIGHT="36" WIDTH="106" VPOS="310" HPOS="203"/><SP WIDTH="15" VPOS="310" HPOS="310"/><String STYLE="bold" WC="0.7133333087" CONTENT="Hellem" HEIGHT="41" WIDTH="89" VPOS="310" HPOS="326"/></TextLine>
<TextLine HEIGHT="42" WIDTH="368" VPOS="390" HPOS="166"><String STYLE="bold" WC="0.5199999809" CONTENT="die" HEIGHT="33" WIDTH="45" VPOS="394" HPOS="166"/><SP WIDTH="7" VPOS="399" HPOS="212"/><String STYLE="bold" WC="0.4499999881" CONTENT="andere" HEIGHT="33" WIDTH="100" VPOS="395" HPOS="220"/><SP WIDTH="12" VPOS="393" HPOS="321"/><String STYLE="bold" WC="0.4499999881" CONTENT="bleibet" HEIGHT="36" WIDTH="102" VPOS="392" HPOS="334"/><SP WIDTH="10" VPOS="391" HPOS="437"/><String STYLE="bold" WC="0.3214285672" CONTENT="finster" HEIGHT="42" WIDTH="86" VPOS="390" HPOS="448"/></TextLine>
</TextBlock>
<TextBlock ID="Page1_Block4" HEIGHT="1114" WIDTH="404" VPOS="502" HPOS="150" language="de" STYLEREFS="font4">
<TextLine HEIGHT="46" WIDTH="317" VPOS="515" HPOS="206"><String STYLE="bold" WC="0.4639999866" CONTENT="Daher" HEIGHT="37" WIDTH="102" VPOS="518" HPOS="206"/><SP WIDTH="8" VPOS="518" HPOS="309"/><String STYLE="bold" WC="0.3440000117" CONTENT="sehen" HEIGHT="39" WIDTH="78" VPOS="518" HPOS="318"/><SP WIDTH="5" VPOS="522" HPOS="397"/><String STYLE="bold" WC="0.3033333421" CONTENT="wir" HEIGHT="33" WIDTH="53" VPOS="517" HPOS="403"/><SP WIDTH="6" VPOS="524" HPOS="457"/><String STYLE="italics" STYLEREFS="font5" WC="0.223333329" CONTENT="xpj" HEIGHT="46" WIDTH="59" VPOS="515" HPOS="464"/></TextLine>
<TextLine HEIGHT="45" WIDTH="384" VPOS="557" HPOS="166"><String STYLE="bold" WC="0.2599999905" CONTENT="in" HEIGHT="33" WIDTH="29" VPOS="560" HPOS="166"/><SP WIDTH="22" VPOS="561" HPOS="196"/><String STYLE="bold" WC="0.4871428609" CONTENT="Zusammenkunfft" HEIGHT="45" WIDTH="249" VPOS="557" HPOS="219"/><SP WIDTH="29" VPOS="561" HPOS="469"/><String STYLE="bold" WC="0.5299999714" CONTENT="mit" HEIGHT="32" WIDTH="51" VPOS="559" HPOS="499"/></TextLine>
<TextLine HEIGHT="44" WIDTH="230" VPOS="597" HPOS="317"><String STYLE="bold" WC="0.6299999952" CONTENT="&apos;" HEIGHT="6" WIDTH="4" VPOS="597" HPOS="317"/><SP WIDTH="12" VPOS="597" HPOS="322"/><String STYLE="bold" WC="0.4718181789" CONTENT="(derSonne/i" HEIGHT="40" WIDTH="212" VPOS="601" HPOS="335"/></TextLine>
<TextLine HEIGHT="43" WIDTH="314" VPOS="640" HPOS="168"><String STYLE="bold" WC="0.4275000095" CONTENT="dunckel/" HEIGHT="37" WIDTH="122" VPOS="640" HPOS="168"/><SP WIDTH="6" VPOS="640" HPOS="291"/><String STYLE="bold" WC="0.4250000119" CONTENT="ja" HEIGHT="41" WIDTH="27" VPOS="640" HPOS="298"/><SP WIDTH="10" VPOS="649" HPOS="326"/><String STYLE="bold" WC="0.3666666746" CONTENT="gar" HEIGHT="32" WIDTH="49" VPOS="651" HPOS="337"/><SP WIDTH="8" VPOS="651" HPOS="387"/><String STYLE="bold" WC="0.4900000095" CONTENT="nicht" HEIGHT="38" WIDTH="71" VPOS="641" HPOS="396"/><SP WIDTH="5" VPOS="644" HPOS="468"/><String STYLE="bold" WC="0.2199999988" CONTENT="-" HEIGHT="11" WIDTH="8" VPOS="661" HPOS="474"/></TextLine>
<TextLine HEIGHT="42" WIDTH="273" VPOS="764" HPOS="165"><String STYLE="bold" WC="0.2549999952" CONTENT="im" HEIGHT="31" WIDTH="40" VPOS="767" HPOS="165"/><SP WIDTH="8" VPOS="765" HPOS="206"/><String STYLE="bold" WC="0.4008333385" CONTENT="Gegenschein/" HEIGHT="42" WIDTH="194" VPOS="764" HPOS="215"/><SP WIDTH="9" VPOS="767" HPOS="410"/><String STYLE="bold" WC="0.6999999881" CONTENT="5" HEIGHT="30" WIDTH="18" VPOS="775" HPOS="420"/></TextLine>
<TextLine HEIGHT="42" WIDTH="269" VPOS="805" HPOS="165"><String STYLE="bold" WC="0.326000005" CONTENT="gantz" HEIGHT="34" WIDTH="72" VPOS="813" HPOS="165"/><SP WIDTH="6" VPOS="813" HPOS="238"/><String STYLE="bold" WC="0.3766666651" CONTENT="und" HEIGHT="29" WIDTH="53" VPOS="810" HPOS="245"/><SP WIDTH="10" VPOS="807" HPOS="299"/><String STYLE="bold" WC="0.6916666627" CONTENT="Helle/" HEIGHT="39" WIDTH="81" VPOS="805" HPOS="310"/><SP WIDTH="37" VPOS="807" HPOS="392"/><String STYLE="bold" WC="0.6299999952" CONTENT="&apos;" HEIGHT="10" WIDTH="4" VPOS="807" HPOS="430"/></TextLine>
<TextLine HEIGHT="35" WIDTH="213" VPOS="888" HPOS="167"><String STYLE="bold" WC="0.2866666615" CONTENT="und" HEIGHT="32" WIDTH="56" VPOS="888" HPOS="167"/><SP WIDTH="7" VPOS="888" HPOS="224"/><String STYLE="bold" WC="0.2816666663" CONTENT="nennen" HEIGHT="28" WIDTH="102" VPOS="895" HPOS="232"/><SP WIDTH="13" VPOS="897" HPOS="335"/><String STYLE="bold" WC="0.6399999857" CONTENT="es" HEIGHT="31" WIDTH="31" VPOS="892" HPOS="349"/></TextLine>
<TextLine HEIGHT="37" WIDTH="266" VPOS="931" HPOS="167"><String STYLE="bold" WC="0.3066666722" CONTENT="den" HEIGHT="34" WIDTH="53" VPOS="932" HPOS="167"/><SP WIDTH="7" VPOS="931" HPOS="221"/><String STYLE="bold" WC="0.4110000134" CONTENT="Vollmond;)" HEIGHT="37" WIDTH="204" VPOS="931" HPOS="229"/></TextLine>
<TextLine HEIGHT="43" WIDTH="365" VPOS="1019" HPOS="169"><String STYLE="bold" WC="0.6018182039" CONTENT="and?rmals/die-Hälffts/" HEIGHT="43" WIDTH="365" VPOS="1019" HPOS="169"/></TextLine>
<TextLine HEIGHT="42" WIDTH="213" VPOS="1061" HPOS="172"><String STYLE="bold" WC="0.4415384531" CONTENT="(undheiffenes" HEIGHT="42" WIDTH="213" VPOS="1061" HPOS="172"/></TextLine>
<TextLine HEIGHT="49" WIDTH="196" VPOS="1104" HPOS="172"><String STYLE="bold" WC="0.5433333516" CONTENT="das" HEIGHT="34" WIDTH="52" VPOS="1105" HPOS="172"/><SP WIDTH="7" VPOS="1106" HPOS="225"/><String STYLE="bold" WC="0.421666652" CONTENT="erstes" HEIGHT="48" WIDTH="104" VPOS="1105" HPOS="233"/><SP WIDTH="24" VPOS="1104" HPOS="338"/><String STYLE="bold" WC="0.6499999762" CONTENT="&apos;" HEIGHT="5" WIDTH="5" VPOS="1104" HPOS="363"/></TextLine>
<TextLine HEIGHT="51" WIDTH="327" VPOS="1187" HPOS="171"><String STYLE="bold" WC="0.625" CONTENT="Wd" HEIGHT="46" WIDTH="55" VPOS="1188" HPOS="171"/><SP WIDTH="6" VPOS="1187" HPOS="227"/><String STYLE="bold" WC="0.3866666555" CONTENT="letzt?" HEIGHT="42" WIDTH="79" VPOS="1187" HPOS="234"/><SP WIDTH="7" VPOS="1197" HPOS="314"/><String STYLEREFS="font1" WC="0.5799999833" CONTENT="7." HEIGHT="26" WIDTH="19" VPOS="1203" HPOS="322"/><SP WIDTH="8" VPOS="1188" HPOS="342"/><String STYLE="bold" WC="0.5849999785" CONTENT="Viertel.)^" HEIGHT="50" WIDTH="147" VPOS="1188" HPOS="351"/></TextLine>
<TextLine HEIGHT="39" WIDTH="125" VPOS="1308" HPOS="211"><String STYLE="bold" WC="0.3942857087" CONTENT="Sonsten" HEIGHT="39" WIDTH="125" VPOS="1308" HPOS="211"/></TextLine>
<TextLine HEIGHT="48" WIDTH="305" VPOS="1354" HPOS="173"><String STYLE="bold" WC="0.275000006" CONTENT="mmmt" HEIGHT="32" WIDTH="103" VPOS="1354" HPOS="173"/><SP WIDTH="9" VPOS="1354" HPOS="277"/><String STYLE="bold" WC="0.3199999928" CONTENT="er" HEIGHT="24" WIDTH="29" VPOS="1360" HPOS="287"/><SP WIDTH="6" VPOS="1360" HPOS="317"/><String STYLE="bold" WC="0.3199999928" CONTENT="zu" HEIGHT="29" WIDTH="29" VPOS="1362" HPOS="324"/><SP WIDTH="12" VPOS="1362" HPOS="354"/><String STYLE="bold" WC="0.5120000243" CONTENT="z.1.4" HEIGHT="47" WIDTH="111" VPOS="1355" HPOS="367"/></TextLine>
<TextLine HEIGHT="47" WIDTH="243" VPOS="1435" HPOS="173"><String STYLE="bold" WC="0.2720000148" CONTENT="tzdev" HEIGHT="47" WIDTH="69" VPOS="1435" HPOS="173"/><SP WIDTH="13" VPOS="1444" HPOS="243"/><String STYLE="bold" WC="0.6187499762" CONTENT="ab/6.-&apos;»" HEIGHT="39" WIDTH="159" VPOS="1436" HPOS="257"/></TextLine>
<TextLine HEIGHT="43" WIDTH="280" VPOS="1517" HPOS="175"><String STYLE="bold" WC="0.2599999905" CONTENT="und" HEIGHT="33" WIDTH="56" VPOS="1517" HPOS="175"/><SP WIDTH="6" VPOS="1517" HPOS="232"/><String STYLE="bold" WC="0.4499999881" CONTENT="wird" HEIGHT="32" WIDTH="72" VPOS="1520" HPOS="239"/><SP WIDTH="9" VPOS="1521" HPOS="312"/><String STYLE="bold" WC="0.3050000072" CONTENT="genennek" HEIGHT="42" WIDTH="133" VPOS="1518" HPOS="322"/></TextLine>
<TextLine HEIGHT="59" WIDTH="328" VPOS="1553" HPOS="175"><String STYLE="bold" WC="0.6000000238" CONTENT="derMÄMMonS»" HEIGHT="59" WIDTH="328" VPOS="1553" HPOS="175"/></TextLine>
</TextBlock>
<TextBlock ID="Page1_Block5" HEIGHT="1040" WIDTH="308" VPOS="188" HPOS="556" language="de" STYLEREFS="font1"><Shape><Polygon POINTS="596,188 858,188 858,268 860,268 860,312 862,312 862,440 854,440 854,512 862,512 862,562 848,562 848,612 860,612 860,642 862,642 862,684 864,684 864,732 828,732 828,1180 854,1180 854,1228 566,1228 566,1148 564,1148 564,1108 578,1108 578,1056 564,1056 564,978 562,978 562,932 566,932 566,848 562,848 562,758 602,758 602,682 562,682 562,642 602,642 602,604 558,604 558,560 576,560 576,440 558,440 558,272 556,272 556,228 596,228 596,188"/></Shape>
<TextLine HEIGHT="28" WIDTH="83" VPOS="196" HPOS="600" STYLEREFS="font1"><String STYLE="bold" STYLEREFS="font4" WC="0.8600000143" CONTENT="oram," HEIGHT="28" WIDTH="83" VPOS="196" HPOS="600"/></TextLine>
<TextLine HEIGHT="37" WIDTH="294" VPOS="231" HPOS="560" STYLEREFS="font1"><String WC="0.5199999809" CONTENT="älter»" HEIGHT="27" WIDTH="79" VPOS="235" HPOS="560"/><SP WIDTH="18" VPOS="244" HPOS="640"/><String WC="0.5600000024" CONTENT="ejus" HEIGHT="33" WIDTH="55" VPOS="235" HPOS="659"/><SP WIDTH="17" VPOS="243" HPOS="715"/><String STYLE="italics" WC="0.3274999857" CONTENT="mcdittat" HEIGHT="30" WIDTH="121" VPOS="231" HPOS="733"/></TextLine>
<TextLine HEIGHT="43" WIDTH="278" VPOS="268" HPOS="578"><String STYLE="italics" WC="1." CONTENT="■" HEIGHT="5" WIDTH="6" VPOS="272" HPOS="578"/><SP WIDTH="45" VPOS="272" HPOS="585"/><String WC="1." CONTENT="&apos;" HEIGHT="3" WIDTH="6" VPOS="273" HPOS="631"/><SP WIDTH="73" VPOS="268" HPOS="638"/><String WC="0.4600000083" CONTENT="•" HEIGHT="5" WIDTH="4" VPOS="268" HPOS="712"/><SP WIDTH="74" VPOS="268" HPOS="717"/><String WC="0.7039999962" CONTENT="(?.;." HEIGHT="39" WIDTH="64" VPOS="272" HPOS="792"/></TextLine>
<TextLine HEIGHT="41" WIDTH="295" VPOS="315" HPOS="562"><String WC="0.4183333218" CONTENT="femper" HEIGHT="39" WIDTH="100" VPOS="317" HPOS="562"/><SP WIDTH="57" VPOS="315" HPOS="663"/><String WC="0.4811111093" CONTENT="illumina-" HEIGHT="30" WIDTH="136" VPOS="315" HPOS="721"/></TextLine>
<TextLine HEIGHT="26" WIDTH="61" VPOS="364" HPOS="797"><String WC="0.5525000095" CONTENT="turj" HEIGHT="26" WIDTH="61" VPOS="364" HPOS="797"/></TextLine>
<TextLine HEIGHT="35" WIDTH="294" VPOS="400" HPOS="562"><String WC="0.3683333397" CONTENT="altera" HEIGHT="29" WIDTH="81" VPOS="401" HPOS="562"/><SP WIDTH="12" VPOS="409" HPOS="644"/><String WC="0.2140000015" CONTENT="manet" HEIGHT="23" WIDTH="93" VPOS="405" HPOS="657"/><SP WIDTH="14" VPOS="405" HPOS="751"/><String WC="0.5814285874" CONTENT="caligi-" HEIGHT="35" WIDTH="90" VPOS="400" HPOS="766"/></TextLine>
<TextLine HEIGHT="39" WIDTH="81" VPOS="439" HPOS="768"><String WC="0.2899999917" CONTENT="(nöfa" HEIGHT="39" WIDTH="81" VPOS="439" HPOS="768"/></TextLine>
<TextLine HEIGHT="36" WIDTH="277" VPOS="520" HPOS="580"><String WC="0.3325000107" CONTENT="Hinc" HEIGHT="29" WIDTH="72" VPOS="521" HPOS="580"/><SP WIDTH="5" VPOS="531" HPOS="653"/><String WC="0.5342857242" CONTENT="videmus" HEIGHT="31" WIDTH="120" VPOS="520" HPOS="659"/><SP WIDTH="7" VPOS="531" HPOS="780"/><String WC="0.3425000012" CONTENT="eam," HEIGHT="25" WIDTH="69" VPOS="531" HPOS="788"/></TextLine>
<TextLine HEIGHT="39" WIDTH="286" VPOS="564" HPOS="562"><String WC="0.4399999976" CONTENT="in" HEIGHT="28" WIDTH="29" VPOS="565" HPOS="562"/><SP WIDTH="8" VPOS="573" HPOS="592"/><String WC="0.5291666389" CONTENT="conjunftione" HEIGHT="34" WIDTH="199" VPOS="564" HPOS="601"/><SP WIDTH="14" VPOS="565" HPOS="801"/><String WC="0.4799999893" CONTENT="fo" HEIGHT="27" WIDTH="28" VPOS="565" HPOS="816"/><String STYLE="subscript" WC="0.4199999869" CONTENT=";" HEIGHT="21" WIDTH="5" VPOS="582" HPOS="843"/></TextLine>
<TextLine HEIGHT="41" WIDTH="74" VPOS="604" HPOS="782"><String WC="0.296666652" CONTENT="(Hs" HEIGHT="41" WIDTH="50" VPOS="604" HPOS="782"/><SP WIDTH="12" VPOS="616" HPOS="833"/><String WC="0.5299999714" CONTENT="1" HEIGHT="18" WIDTH="10" VPOS="616" HPOS="846"/></TextLine>
<TextLine HEIGHT="36" WIDTH="293" VPOS="646" HPOS="565"><String WC="0.4033333361" CONTENT="obfcüram," HEIGHT="36" WIDTH="158" VPOS="646" HPOS="565"/><SP WIDTH="7" VPOS="648" HPOS="724"/><String WC="0.3366666734" CONTENT="imo" HEIGHT="29" WIDTH="57" VPOS="648" HPOS="732"/><SP WIDTH="8" VPOS="658" HPOS="790"/><String WC="0.5724999905" CONTENT="nul-" HEIGHT="27" WIDTH="59" VPOS="649" HPOS="799"/></TextLine>
<TextLine HEIGHT="39" WIDTH="80" VPOS="688" HPOS="779" STYLEREFS="font4"><String STYLE="bold" WC="0.3160000145" CONTENT="(i*m;" HEIGHT="39" WIDTH="80" VPOS="688" HPOS="779"/></TextLine>
<TextLine HEIGHT="40" WIDTH="244" VPOS="765" HPOS="566"><String WC="0.5799999833" CONTENT="in" HEIGHT="27" WIDTH="27" VPOS="768" HPOS="566"/><SP WIDTH="7" VPOS="775" HPOS="594"/><String WC="0.4433333278" CONTENT="oppofitione," HEIGHT="40" WIDTH="179" VPOS="765" HPOS="602"/><SP WIDTH="8" VPOS="776" HPOS="782"/><String WC="0.5500000119" CONTENT="f" HEIGHT="28" WIDTH="19" VPOS="776" HPOS="791"/></TextLine>
<TextLine HEIGHT="36" WIDTH="258" VPOS="808" HPOS="565"><String WC="0.3740000129" CONTENT="totam" HEIGHT="23" WIDTH="86" VPOS="816" HPOS="565"/><SP WIDTH="9" VPOS="810" HPOS="652"/><String WC="0.2199999988" CONTENT="Sducidam," HEIGHT="36" WIDTH="161" VPOS="808" HPOS="662"/></TextLine>
<TextLine HEIGHT="31" WIDTH="176" VPOS="896" HPOS="569" STYLEREFS="font0"><String STYLEREFS="font1" WC="0.601111114" CONTENT="(&amp;vocamus" HEIGHT="31" WIDTH="176" VPOS="896" HPOS="569"/></TextLine>
<TextLine HEIGHT="36" WIDTH="205" VPOS="937" HPOS="566" STYLEREFS="font0"><String STYLE="italics" WC="0.5054545403" CONTENT="plcniluaium" HEIGHT="36" WIDTH="166" VPOS="937" HPOS="566"/><String STYLE="bold" WC="0.25" CONTENT=";" HEIGHT="23" WIDTH="9" VPOS="947" HPOS="741"/><SP WIDTH="8" VPOS="937" HPOS="751"/><String STYLE="bold" WC="0.2599999905" CONTENT=")" HEIGHT="35" WIDTH="11" VPOS="937" HPOS="760"/></TextLine>
<TextLine HEIGHT="37" WIDTH="226" VPOS="1017" HPOS="567"><String WC="0.2833333313" CONTENT="alids," HEIGHT="35" WIDTH="69" VPOS="1017" HPOS="567"/><SP WIDTH="7" VPOS="1017" HPOS="637"/><String WC="0.3966666758" CONTENT="dimidiam," HEIGHT="37" WIDTH="148" VPOS="1017" HPOS="645"/></TextLine>
<TextLine HEIGHT="29" WIDTH="149" VPOS="1060" HPOS="581"><String WC="1." CONTENT="&amp;" HEIGHT="27" WIDTH="27" VPOS="1062" HPOS="581"/><SP WIDTH="7" VPOS="1060" HPOS="609"/><String WC="0.4042857289" CONTENT="dicimus" HEIGHT="29" WIDTH="113" VPOS="1060" HPOS="617"/></TextLine>
<TextLine HEIGHT="36" WIDTH="132" VPOS="1106" HPOS="568"><String STYLE="italics" WC="0.4550000131" CONTENT="prim" HEIGHT="36" WIDTH="65" VPOS="1106" HPOS="568"/><SP WIDTH="1" VPOS="1114" HPOS="634"/><String STYLE="italics" WC="0.7149999738" CONTENT="Am" HEIGHT="17" WIDTH="41" VPOS="1114" HPOS="634"/><SP WIDTH="9" VPOS="1113" HPOS="676"/><String STYLE="bold" WC="0.5199999809" CONTENT="z" HEIGHT="28" WIDTH="14" VPOS="1113" HPOS="686"/></TextLine>
<TextLine HEIGHT="36" WIDTH="281" VPOS="1188" HPOS="569" STYLEREFS="font3"><String STYLE="bold" STYLEREFS="font1" WC="0.9599999785" CONTENT="&amp;" HEIGHT="28" WIDTH="27" VPOS="1188" HPOS="569"/><SP WIDTH="16" VPOS="1188" HPOS="597"/><String STYLE="italics" STYLEREFS="font1" WC="0.6750000119" CONTENT="liltimam" HEIGHT="28" WIDTH="121" VPOS="1188" HPOS="614"/><SP WIDTH="19" VPOS="1196" HPOS="736"/><String STYLE="bold" STYLEREFS="font1" WC="0." CONTENT="7" HEIGHT="21" WIDTH="16" VPOS="1198" HPOS="756"/><SP WIDTH="24" VPOS="1196" HPOS="773"/><String STYLE="italics" STYLEREFS="font1" WC="0.1766666621" CONTENT="qaa" HEIGHT="29" WIDTH="52" VPOS="1195" HPOS="798"/></TextLine>
</TextBlock>
<TextBlock ID="Page1_Block6" HEIGHT="304" WIDTH="318" VPOS="220" HPOS="866" language="de" STYLEREFS="font1"><Shape><Polygon POINTS="866,220 1184,220 1184,524 908,524 908,490 868,490 868,278 866,278 866,220"/></Shape>
<TextLine HEIGHT="34" WIDTH="299" VPOS="230" HPOS="869"><String WC="0.7316666842" CONTENT="Alter," HEIGHT="34" WIDTH="82" VPOS="230" HPOS="869"/><String STYLE="bold" STYLEREFS="font3" WC="0.4900000095" CONTENT="a," HEIGHT="24" WIDTH="23" VPOS="240" HPOS="954"/><String WC="0.5266666412" CONTENT="um," HEIGHT="24" WIDTH="57" VPOS="240" HPOS="979"/><String STYLE="bold" STYLEREFS="font3" WC="0.3759999871" CONTENT="einer" HEIGHT="30" WIDTH="74" VPOS="231" HPOS="1039"/><SP WIDTH="8" VPOS="235" HPOS="1114"/><String STYLE="bold" STYLEREFS="font3" WC="0.6100000143" CONTENT="UN«" HEIGHT="26" WIDTH="45" VPOS="234" HPOS="1123"/></TextLine>
<TextLine HEIGHT="33" WIDTH="174" VPOS="275" HPOS="911"><String STYLE="bold" STYLEREFS="font4" WC="0.646666646" CONTENT="ter" HEIGHT="28" WIDTH="44" VPOS="275" HPOS="911"/><SP WIDTH="16" VPOS="278" HPOS="956"/><String STYLE="bold" STYLEREFS="font4" WC="0.5942857265" CONTENT="zweyen." HEIGHT="32" WIDTH="112" VPOS="276" HPOS="973"/></TextLine>
<TextLine HEIGHT="43" WIDTH="294" VPOS="308" HPOS="871"><String WC="0.7799999714" CONTENT="Illuminare,»." HEIGHT="33" WIDTH="188" VPOS="314" HPOS="871"/><SP WIDTH="8" VPOS="325" HPOS="1060"/><String WC="1." CONTENT="1." HEIGHT="20" WIDTH="24" VPOS="325" HPOS="1069"/><SP WIDTH="7" VPOS="310" HPOS="1094"/><String STYLE="bold" STYLEREFS="font4" WC="0.3980000019" CONTENT="hell«" HEIGHT="43" WIDTH="63" VPOS="308" HPOS="1102"/></TextLine>
<TextLine HEIGHT="37" WIDTH="110" VPOS="354" HPOS="911"><String STYLE="bold" STYLEREFS="font4" WC="0.296666652" CONTENT="machen" HEIGHT="37" WIDTH="110" VPOS="354" HPOS="911"/></TextLine>
<TextLine HEIGHT="37" WIDTH="295" VPOS="393" HPOS="872"><String WC="0.6190000176" CONTENT="AIanere,a.r.blelbeN°" HEIGHT="37" WIDTH="295" VPOS="393" HPOS="872"/></TextLine>
<TextLine HEIGHT="38" WIDTH="294" VPOS="437" HPOS="872"><String WC="0.8669230938" CONTENT="Laligindtiis," HEIGHT="38" WIDTH="181" VPOS="437" HPOS="872"/><SP WIDTH="7" VPOS="446" HPOS="1054"/><String WC="0.8999999762" CONTENT="a," HEIGHT="26" WIDTH="31" VPOS="446" HPOS="1062"/><SP WIDTH="6" VPOS="446" HPOS="1094"/><String WC="0.3566666543" CONTENT="um," HEIGHT="27" WIDTH="65" VPOS="444" HPOS="1101"/></TextLine>
<TextLine HEIGHT="40" WIDTH="96" VPOS="479" HPOS="911" STYLEREFS="font4"><String STYLE="bold" WC="0.6212499738" CONTENT="finster»" HEIGHT="40" WIDTH="96" VPOS="479" HPOS="911"/></TextLine>
</TextBlock>
<TextBlock ID="Page1_Block7" HEIGHT="596" WIDTH="321" VPOS="632" HPOS="870" language="de" STYLEREFS="font1"><Shape><Polygon POINTS="870,632 1191,632 1191,1228 874,1228 874,1178 872,1178 872,848 870,848 870,720 912,720 912,690 870,690 870,632"/></Shape>
<TextLine HEIGHT="37" WIDTH="300" VPOS="641" HPOS="873" STYLEREFS="font4"><String STYLEREFS="font1" WC="0.6273684502" CONTENT="Oblcuru«,a,um,dUN«," HEIGHT="37" WIDTH="300" VPOS="641" HPOS="873"/></TextLine>
<TextLine HEIGHT="37" WIDTH="93" VPOS="679" HPOS="881" STYLEREFS="font4"><String STYLEREFS="font1" WC="0.5899999738" CONTENT="&apos;" HEIGHT="6" WIDTH="6" VPOS="679" HPOS="881"/><SP WIDTH="27" VPOS="679" HPOS="888"/><String STYLEREFS="font1" WC="0.3580000103" CONTENT="ckcl." HEIGHT="32" WIDTH="58" VPOS="684" HPOS="916"/></TextLine>
<TextLine HEIGHT="38" WIDTH="297" VPOS="725" HPOS="874" STYLEREFS="font4"><String STYLE="bold" WC="0.5946153998" CONTENT="r-luiw-,a,um," HEIGHT="36" WIDTH="195" VPOS="727" HPOS="874"/><SP WIDTH="4" VPOS="725" HPOS="1070"/><String STYLE="bold" WC="0.7571428418" CONTENT="keiner«" HEIGHT="33" WIDTH="96" VPOS="725" HPOS="1075"/></TextLine>
<TextLine HEIGHT="38" WIDTH="299" VPOS="806" HPOS="875"><String WC="0.5799999833" CONTENT="l&apos;otuk," HEIGHT="32" WIDTH="96" VPOS="806" HPOS="875"/><SP WIDTH="6" VPOS="813" HPOS="972"/><String WC="0.7900000215" CONTENT="a," HEIGHT="25" WIDTH="30" VPOS="813" HPOS="979"/><SP WIDTH="7" VPOS="814" HPOS="1010"/><String WC="0.7333333492" CONTENT="um," HEIGHT="22" WIDTH="63" VPOS="814" HPOS="1018"/><SP WIDTH="10" VPOS="813" HPOS="1082"/><String WC="0.5683333278" CONTENT="gantz." HEIGHT="37" WIDTH="81" VPOS="807" HPOS="1093"/></TextLine>
<TextLine HEIGHT="38" WIDTH="294" VPOS="845" HPOS="877"><String WC="0.4939999878" CONTENT="Lücidus,a," HEIGHT="35" WIDTH="156" VPOS="846" HPOS="877"/><SP WIDTH="8" VPOS="856" HPOS="1034"/><String WC="0.8199999928" CONTENT="um," HEIGHT="25" WIDTH="56" VPOS="856" HPOS="1043"/><SP WIDTH="9" VPOS="845" HPOS="1100"/><String WC="0.4519999921" CONTENT="hell-" HEIGHT="38" WIDTH="61" VPOS="845" HPOS="1110"/></TextLine>
<TextLine HEIGHT="31" WIDTH="296" VPOS="895" HPOS="879"><String WC="0.5109090805" CONTENT="Vocare,a.i," HEIGHT="31" WIDTH="168" VPOS="895" HPOS="879"/><SP WIDTH="10" VPOS="896" HPOS="1048"/><String STYLE="bold" STYLEREFS="font3" WC="0.4814285636" CONTENT="NkNNeN»" HEIGHT="27" WIDTH="116" VPOS="895" HPOS="1059"/></TextLine>
<TextLine HEIGHT="35" WIDTH="297" VPOS="932" HPOS="876"><String WC="0.4650000036" CONTENT="Plenilunius," HEIGHT="33" WIDTH="171" VPOS="934" HPOS="876"/><SP WIDTH="8" VPOS="943" HPOS="1048"/><String WC="0.5142857432" CONTENT="n.r.her" HEIGHT="33" WIDTH="116" VPOS="932" HPOS="1057"/></TextLine>
<TextLine HEIGHT="49" WIDTH="235" VPOS="970" HPOS="873"><String STYLE="bold" STYLEREFS="font4" WC="0.2399999946" CONTENT="i" HEIGHT="27" WIDTH="3" VPOS="992" HPOS="873"/><SP WIDTH="38" VPOS="974" HPOS="877"/><String STYLE="bold" STYLEREFS="font4" WC="0.7488889098" CONTENT="Vollmond." HEIGHT="34" WIDTH="163" VPOS="974" HPOS="916"/><SP WIDTH="21" VPOS="970" HPOS="1080"/><String STYLE="bold" STYLEREFS="font4" WC="0.6200000048" CONTENT="&apos;" HEIGHT="6" WIDTH="6" VPOS="970" HPOS="1102"/></TextLine>
<TextLine HEIGHT="40" WIDTH="298" VPOS="1011" HPOS="876"><String WC="0.4392307699" CONTENT="Dimidium,a,S," HEIGHT="36" WIDTH="211" VPOS="1015" HPOS="876"/><SP WIDTH="8" VPOS="1013" HPOS="1088"/><String WC="0.5460000038" CONTENT="halb«" HEIGHT="40" WIDTH="77" VPOS="1011" HPOS="1097"/></TextLine>
<TextLine HEIGHT="43" WIDTH="296" VPOS="1053" HPOS="877"><String WC="0.5199999809" CONTENT="Dicere," HEIGHT="34" WIDTH="105" VPOS="1060" HPOS="877"/><SP WIDTH="8" VPOS="1068" HPOS="983"/><String WC="0.2899999917" CONTENT="a." HEIGHT="18" WIDTH="24" VPOS="1068" HPOS="992"/><SP WIDTH="13" VPOS="1067" HPOS="1017"/><String WC="0.7900000215" CONTENT="1." HEIGHT="22" WIDTH="24" VPOS="1067" HPOS="1031"/><SP WIDTH="10" VPOS="1053" HPOS="1056"/><String STYLE="bold" STYLEREFS="font3" WC="0.6387500167" CONTENT="heissen«" HEIGHT="43" WIDTH="106" VPOS="1053" HPOS="1067"/></TextLine>
<TextLine HEIGHT="39" WIDTH="294" VPOS="1099" HPOS="877"><String WC="0.3519999981" CONTENT="Prima" HEIGHT="27" WIDTH="85" VPOS="1104" HPOS="877"/><SP WIDTH="14" VPOS="1111" HPOS="963"/><String WC="0.4214285612" CONTENT="qnadra," HEIGHT="39" WIDTH="116" VPOS="1099" HPOS="978"/><SP WIDTH="9" VPOS="1099" HPOS="1095"/><String WC="0.4350000024" CONTENT="k." HEIGHT="32" WIDTH="21" VPOS="1099" HPOS="1105"/><SP WIDTH="16" VPOS="1107" HPOS="1127"/><String STYLE="italics" WC="0." CONTENT="u" HEIGHT="19" WIDTH="27" VPOS="1107" HPOS="1144"/></TextLine>
<TextLine HEIGHT="42" WIDTH="257" VPOS="1136" HPOS="917"><String STYLE="bold" STYLEREFS="font3" WC="0.6633333564" CONTENT="das" HEIGHT="32" WIDTH="52" VPOS="1144" HPOS="917"/><SP WIDTH="7" VPOS="1151" HPOS="970"/><String STYLE="bold" STYLEREFS="font3" WC="0.5139999986" CONTENT="erste" HEIGHT="36" WIDTH="64" VPOS="1142" HPOS="978"/><SP WIDTH="7" VPOS="1142" HPOS="1043"/><String STYLE="bold" STYLEREFS="font3" WC="0.6087499857" CONTENT="Viertel." HEIGHT="38" WIDTH="123" VPOS="1136" HPOS="1051"/></TextLine>
<TextLine HEIGHT="39" WIDTH="297" VPOS="1182" HPOS="878"><String WC="0.8766666651" CONTENT="Ultima" HEIGHT="30" WIDTH="98" VPOS="1186" HPOS="878"/><SP WIDTH="10" VPOS="1194" HPOS="977"/><String WC="0.9857142568" CONTENT="quadta," HEIGHT="39" WIDTH="106" VPOS="1182" HPOS="988"/><SP WIDTH="8" VPOS="1183" HPOS="1095"/><String STYLEREFS="font2" WC="1." CONTENT="5" HEIGHT="28" WIDTH="14" VPOS="1183" HPOS="1104"/><String WC="0.9599999785" CONTENT="." HEIGHT="11" WIDTH="10" VPOS="1202" HPOS="1117"/><SP WIDTH="19" VPOS="1189" HPOS="1128"/><String WC="0.6549999714" CONTENT="l»" HEIGHT="22" WIDTH="27" VPOS="1189" HPOS="1148"/></TextLine>
</TextBlock>
<TextBlock ID="Page1_Block8" HEIGHT="472" WIDTH="629" VPOS="1216" HPOS="562" language="de" STYLEREFS="font1"><Shape><Polygon POINTS="748,1216 1191,1216 1191,1688 890,1688 890,1610 562,1610 562,1548 564,1548 564,1514 886,1514 886,1472 564,1472 564,1428 750,1428 750,1386 566,1386 566,1346 608,1346 608,1276 748,1276 748,1216"/></Shape>
<TextLine HEIGHT="47" WIDTH="425" VPOS="1220" HPOS="752" STYLEREFS="font4"><String STYLE="italics" STYLEREFS="font1" WC="0.3100000024" CONTENT="\ßram.)" HEIGHT="42" WIDTH="111" VPOS="1225" HPOS="752"/><SP WIDTH="52" VPOS="1227" HPOS="864"/><String STYLE="bold" WC="0.4799999893" CONTENT="Pas" HEIGHT="38" WIDTH="53" VPOS="1226" HPOS="917"/><SP WIDTH="10" VPOS="1224" HPOS="971"/><String STYLE="bold" WC="0.2919999957" CONTENT="lkjte" HEIGHT="38" WIDTH="64" VPOS="1224" HPOS="982"/><SP WIDTH="6" VPOS="1224" HPOS="1047"/><String STYLE="bold" WC="0.4537500143" CONTENT="Vieltel-" HEIGHT="40" WIDTH="123" VPOS="1220" HPOS="1054"/></TextLine>
<TextLine HEIGHT="39" WIDTH="149" VPOS="1308" HPOS="612" STYLEREFS="font1"><String WC="0.4250000119" CONTENT="Cscteroqui" HEIGHT="39" WIDTH="149" VPOS="1308" HPOS="612"/></TextLine>
<TextLine HEIGHT="47" WIDTH="608" VPOS="1342" HPOS="569" STYLEREFS="font1"><String WC="0.354285717" CONTENT="crefcit" HEIGHT="32" WIDTH="92" VPOS="1349" HPOS="569"/><SP WIDTH="8" VPOS="1359" HPOS="662"/><String WC="0.150000006" CONTENT="2" HEIGHT="19" WIDTH="14" VPOS="1363" HPOS="671"/><SP WIDTH="18" VPOS="1363" HPOS="686"/><String WC="0.7533333302" CONTENT="..." HEIGHT="8" WIDTH="40" VPOS="1372" HPOS="705"/><SP WIDTH="7" VPOS="1361" HPOS="746"/><String WC="0." CONTENT="4" HEIGHT="28" WIDTH="21" VPOS="1361" HPOS="754"/><SP WIDTH="102" VPOS="1351" HPOS="776"/><String WC="0.4927272797" CONTENT="Crefcere,a," HEIGHT="39" WIDTH="155" VPOS="1346" HPOS="879"/><SP WIDTH="13" VPOS="1356" HPOS="1035"/><String WC="1." CONTENT="F-" HEIGHT="28" WIDTH="25" VPOS="1356" HPOS="1049"/><SP WIDTH="9" VPOS="1350" HPOS="1075"/><String WC="0.3633333445" CONTENT="?NNeh»" HEIGHT="42" WIDTH="92" VPOS="1342" HPOS="1085"/></TextLine>
<TextLine HEIGHT="24" WIDTH="63" VPOS="1400" HPOS="919" STYLEREFS="font3"><String STYLE="bold" WC="0.5066666603" CONTENT="men" HEIGHT="24" WIDTH="63" VPOS="1400" HPOS="919"/></TextLine>
<TextLine HEIGHT="43" WIDTH="608" VPOS="1426" HPOS="567" STYLEREFS="font1"><String STYLE="bold" WC="0.9466666579" CONTENT="aut" HEIGHT="21" WIDTH="48" VPOS="1443" HPOS="567"/><SP WIDTH="6" VPOS="1434" HPOS="616"/><String STYLE="bold" WC="0.25" CONTENT="decrefcitj" HEIGHT="38" WIDTH="134" VPOS="1431" HPOS="623"/><SP WIDTH="8" VPOS="1432" HPOS="758"/><String STYLE="bold" WC="0.4180000126" CONTENT="6»--8" HEIGHT="37" WIDTH="98" VPOS="1432" HPOS="767"/><SP WIDTH="11" VPOS="1434" HPOS="866"/><String STYLE="bold" WC="0.3736363649" CONTENT="Occrelcere," HEIGHT="30" WIDTH="168" VPOS="1434" HPOS="878"/><SP WIDTH="6" VPOS="1437" HPOS="1047"/><String STYLE="bold" WC="0.6050000191" CONTENT="a," HEIGHT="20" WIDTH="25" VPOS="1437" HPOS="1054"/><SP WIDTH="11" VPOS="1437" HPOS="1080"/><String STYLE="bold" WC="0.5749999881" CONTENT="3," HEIGHT="31" WIDTH="27" VPOS="1437" HPOS="1092"/><SP WIDTH="7" VPOS="1435" HPOS="1120"/><String STYLE="bold" WC="0.4099999964" CONTENT="ab«" HEIGHT="37" WIDTH="47" VPOS="1426" HPOS="1128"/></TextLine>
<TextLine HEIGHT="38" WIDTH="125" VPOS="1474" HPOS="917" STYLEREFS="font1"><String WC="0.3971428573" CONTENT="nehmen«" HEIGHT="38" WIDTH="125" VPOS="1474" HPOS="917"/></TextLine>
<TextLine HEIGHT="30" WIDTH="151" VPOS="1519" HPOS="567" STYLEREFS="font1"><String WC="0.5550000072" CONTENT="dc" HEIGHT="30" WIDTH="27" VPOS="1519" HPOS="567"/><SP WIDTH="8" VPOS="1529" HPOS="595"/><String WC="0.7142857313" CONTENT="vocatur" HEIGHT="22" WIDTH="114" VPOS="1526" HPOS="604"/></TextLine>
<TextLine HEIGHT="45" WIDTH="607" VPOS="1551" HPOS="567"><String STYLE="italics" WC="0.4941176474" CONTENT="falcitn(zibbdfa^)" HEIGHT="38" WIDTH="246" VPOS="1558" HPOS="567"/><SP WIDTH="56" VPOS="1561" HPOS="814"/><String WC="0.1420000046" CONTENT="Xutia" HEIGHT="25" WIDTH="84" VPOS="1562" HPOS="871"/><SP WIDTH="18" VPOS="1551" HPOS="956"/><String WC="0.3087500036" CONTENT="falcatg," HEIGHT="41" WIDTH="112" VPOS="1551" HPOS="975"/><SP WIDTH="18" VPOS="1553" HPOS="1088"/><String WC="0.6150000095" CONTENT="f." HEIGHT="30" WIDTH="19" VPOS="1553" HPOS="1107"/><SP WIDTH="17" VPOS="1561" HPOS="1127"/><String WC="0.6150000095" CONTENT="r»" HEIGHT="22" WIDTH="29" VPOS="1561" HPOS="1145"/></TextLine>
<TextLine HEIGHT="43" WIDTH="306" VPOS="1593" HPOS="870"><String STYLE="superscript bold" STYLEREFS="font3" WC="0.2800000012" CONTENT="1" HEIGHT="17" WIDTH="5" VPOS="1593" HPOS="870"/><SP WIDTH="39" VPOS="1593" HPOS="876"/><String WC="0.4563636482" CONTENT="(gibbofa,f." HEIGHT="40" WIDTH="154" VPOS="1594" HPOS="916"/><SP WIDTH="6" VPOS="1609" HPOS="1071"/><String WC="0.3300000131" CONTENT="1" HEIGHT="18" WIDTH="10" VPOS="1609" HPOS="1078"/><SP WIDTH="6" VPOS="1609" HPOS="1089"/><String WC="0.5640000105" CONTENT="»)dek" HEIGHT="40" WIDTH="80" VPOS="1596" HPOS="1096"/></TextLine>
<TextLine HEIGHT="47" WIDTH="248" VPOS="1635" HPOS="916" STYLEREFS="font4"><String STYLE="bold" WC="0.2687500119" CONTENT="gehörnte" HEIGHT="47" WIDTH="130" VPOS="1635" HPOS="916"/><SP WIDTH="7" VPOS="1640" HPOS="1047"/><String STYLE="bold" WC="0.4420000017" CONTENT="Mond»" HEIGHT="40" WIDTH="109" VPOS="1636" HPOS="1055"/></TextLine>
</TextBlock>
<TextBlock ID="Page1_Block9" HEIGHT="91" WIDTH="207" VPOS="1772" HPOS="984" language="de" STYLEREFS="font6">
<TextLine HEIGHT="62" WIDTH="182" VPOS="1791" HPOS="999"><String STYLE="bold" WC="0.5059999824" CONTENT="Sonn«" HEIGHT="62" WIDTH="182" VPOS="1791" HPOS="999"/></TextLine>
</TextBlock><GraphicalElement ID="Page1_Block10" HEIGHT="240" WIDTH="9" VPOS="192" HPOS="549"/><GraphicalElement ID="Page1_Block11" HEIGHT="799" WIDTH="12" VPOS="438" HPOS="553"/><GraphicalElement ID="Page1_Block12" HEIGHT="377" WIDTH="11" VPOS="1295" HPOS="557"/><GraphicalElement ID="Page1_Block13" HEIGHT="1038" WIDTH="14" VPOS="197" HPOS="858"/><GraphicalElement ID="Page1_Block14" HEIGHT="143" WIDTH="8" VPOS="1267" HPOS="868"/><GraphicalElement ID="Page1_Block15" HEIGHT="87" WIDTH="5" VPOS="1468" HPOS="871"/><GraphicalElement ID="Page1_Block16" HEIGHT="8" WIDTH="102" VPOS="683" HPOS="597"/>
</PrintSpace>
</Page>
</Layout>
</alto>