﻿<?xml version="1.0" encoding="UTF-8" standalone="yes"?>
<alto xmlns="http://www.loc.gov/standards/alto/ns-v2#" xmlns:xlink="http://www.w3.org/1999/xlink" xmlns:xsi="http://www.w3.org/2001/XMLSchema-instance" xsi:schemaLocation="http://www.loc.gov/standards/alto/ns-v2# http://www.loc.gov/standards/alto/alto-v2.0.xsd">
<Description>
<MeasurementUnit>pixel</MeasurementUnit>
<OCRProcessing ID="IdOcr"><ocrProcessingStep><processingDateTime>2017-03-20</processingDateTime><processingSoftware><softwareCreator>ABBYY</softwareCreator><softwareName>ABBYY FineReader Engine</softwareName><softwareVersion>11</softwareVersion></processingSoftware></ocrProcessingStep></OCRProcessing>
</Description>
<Styles><TextStyle ID="font0" FONTFAMILY="Times New Roman" FONTSIZE="5"/><TextStyle ID="font1" FONTFAMILY="Times New Roman" FONTSIZE="8"/><TextStyle ID="font2" FONTFAMILY="Times New Roman" FONTSIZE="9"/><TextStyle ID="font3" FONTFAMILY="Times New Roman" FONTSIZE="10"/><TextStyle ID="font4" FONTFAMILY="Times New Roman" FONTSIZE="11"/>
</Styles>
<Layout>
<Page ID="Page1" PHYSICAL_IMG_NR="1" HEIGHT="2050" WIDTH="1232">
<TopMargin HEIGHT="175" WIDTH="1232" VPOS="0" HPOS="0">
<TextBlock ID="Page1_Block1" HEIGHT="46" WIDTH="107" VPOS="119" HPOS="297" language="de" STYLEREFS="font4"><Shape><Polygon POINTS="328,126 434,126 434,170 328,170 328,126"/></Shape>
<TextLine HEIGHT="34" WIDTH="70" VPOS="129" HPOS="318"><String STYLE="bold" WC="0.3933333457" CONTENT="öüt" HEIGHT="34" WIDTH="70" VPOS="129" HPOS="318"/></TextLine>
</TextBlock>
<TextBlock ID="Page1_Block2" HEIGHT="42" WIDTH="117" VPOS="124" HPOS="465" language="de" STYLEREFS="font4"><Shape><Polygon POINTS="496,134 612,134 612,174 496,174 496,134"/></Shape>
<TextLine HEIGHT="36" WIDTH="81" VPOS="127" HPOS="485"><String STYLE="bold" WC="0.5166666508" CONTENT="öüv" HEIGHT="36" WIDTH="81" VPOS="127" HPOS="485"/></TextLine>
</TextBlock><GraphicalElement ID="Page1_Block3" HEIGHT="16" WIDTH="865" VPOS="49" HPOS="227"/><GraphicalElement ID="Page1_Block4" HEIGHT="2" WIDTH="128" VPOS="173" HPOS="392"/><GraphicalElement ID="Page1_Block5" HEIGHT="1" WIDTH="12" VPOS="174" HPOS="578"/><GraphicalElement ID="Page1_Block6" HEIGHT="3" WIDTH="117" VPOS="62" HPOS="371"/>
</TopMargin>
<RightMargin HEIGHT="1811" WIDTH="57" VPOS="175" HPOS="1175">
</RightMargin>
<BottomMargin HEIGHT="64" WIDTH="1232" VPOS="1986" HPOS="0">
</BottomMargin>
<PrintSpace HEIGHT="1811" WIDTH="1175" VPOS="175" HPOS="0">
<Illustration ID="Page1_Block7" HEIGHT="160" WIDTH="289" VPOS="1063" HPOS="0"><Shape><Polygon POINTS="14,1068 303,1068 303,1180 252,1180 252,1199 194,1199 194,1203 162,1203 162,1225 161,1225 161,1222 14,1222 14,1068"/></Shape></Illustration>
<Illustration ID="Page1_Block8" HEIGHT="294" WIDTH="199" VPOS="598" HPOS="258"><Shape><Polygon POINTS="359,604 361,604 361,625 369,625 369,644 480,644 480,645 472,645 472,791 463,791 463,798 461,798 461,799 455,799 455,854 416,854 416,898 415,898 415,896 390,896 390,892 378,892 378,891 369,891 369,884 366,884 366,867 353,867 353,866 345,866 345,864 339,864 339,861 332,861 332,817 326,817 326,763 324,763 324,742 301,742 301,729 281,729 281,695 280,695 280,665 288,665 288,659 321,659 321,658 323,658 323,619 325,619 325,609 359,609 359,604"/></Shape></Illustration>
<Illustration ID="Page1_Block9" HEIGHT="1698" WIDTH="732" VPOS="288" HPOS="443"><Shape><Polygon POINTS="956,307 1176,307 1176,1993 459,1993 459,1070 505,1070 505,1069 483,1069 483,1033 503,1033 503,1028 596,1028 596,1027 646,1027 646,989 829,989 829,800 839,800 839,595 884,595 884,379 956,379 956,307"/></Shape></Illustration>
<Illustration ID="Page1_Block10" HEIGHT="232" WIDTH="153" VPOS="1731" HPOS="0"><Shape><Polygon POINTS="4,1732 56,1732 56,1735 62,1735 62,1739 89,1739 89,1742 92,1742 92,1756 93,1756 93,1791 107,1791 107,1822 115,1822 115,1824 120,1824 120,1829 124,1829 124,1839 155,1839 155,1963 4,1963 4,1732"/></Shape></Illustration>
<TextBlock ID="Page1_Block11" HEIGHT="882" WIDTH="398" VPOS="186" HPOS="0" language="de" STYLEREFS="font2"><Shape><Polygon POINTS="16,192 416,192 416,530 316,530 316,578 414,578 414,644 323,644 323,658 321,658 321,659 288,659 288,665 280,665 280,695 281,695 281,729 301,729 301,742 324,742 324,763 326,763 326,817 332,817 332,861 339,861 339,864 345,864 345,866 353,866 353,867 366,867 366,884 369,884 369,891 378,891 378,892 390,892 390,896 414,896 414,1068 16,1068 16,192"/></Shape>
<TextLine HEIGHT="33" WIDTH="148" VPOS="196" HPOS="20"><String WC="0.5271428823" CONTENT="ourlet." HEIGHT="29" WIDTH="98" VPOS="197" HPOS="20"/><SP WIDTH="10" VPOS="207" HPOS="118"/><String WC="0.349999994" CONTENT="m," HEIGHT="22" WIDTH="40" VPOS="206" HPOS="128"/></TextLine>
<TextLine HEIGHT="23" WIDTH="121" VPOS="249" HPOS="20"><String WC="0.4499999881" CONTENT="ourt.m." HEIGHT="23" WIDTH="121" VPOS="249" HPOS="20"/></TextLine>
<TextLine HEIGHT="36" WIDTH="157" VPOS="279" HPOS="22"><String WC="0.3350000083" CONTENT="outarde." HEIGHT="32" WIDTH="124" VPOS="279" HPOS="22"/><SP WIDTH="9" VPOS="280" HPOS="146"/><String WC="0.3050000072" CONTENT="f," HEIGHT="33" WIDTH="24" VPOS="280" HPOS="155"/></TextLine>
<TextLine HEIGHT="33" WIDTH="128" VPOS="322" HPOS="21"><String WC="0.6783333421" CONTENT="outil," HEIGHT="31" WIDTH="79" VPOS="323" HPOS="21"/><SP WIDTH="9" VPOS="334" HPOS="100"/><String WC="0.375" CONTENT="m." HEIGHT="21" WIDTH="40" VPOS="333" HPOS="109"/></TextLine>
<TextLine HEIGHT="36" WIDTH="262" VPOS="358" HPOS="19"><String WC="0.5899999738" CONTENT="-" HEIGHT="9" WIDTH="15" VPOS="383" HPOS="19"/><SP WIDTH="42" VPOS="382" HPOS="35"/><String WC="0.6299999952" CONTENT="-" HEIGHT="9" WIDTH="14" VPOS="381" HPOS="78"/><SP WIDTH="40" VPOS="364" HPOS="93"/><String WC="0.375" CONTENT="de" HEIGHT="29" WIDTH="33" VPOS="363" HPOS="134"/><SP WIDTH="7" VPOS="373" HPOS="168"/><String WC="0.5849999785" CONTENT="cuifine." HEIGHT="33" WIDTH="105" VPOS="358" HPOS="176"/></TextLine>
<TextLine HEIGHT="34" WIDTH="281" VPOS="403" HPOS="20"><String WC="1." CONTENT="-" HEIGHT="7" WIDTH="15" VPOS="426" HPOS="21"/><SP WIDTH="40" VPOS="425" HPOS="37"/><String WC="1." CONTENT="-" HEIGHT="8" WIDTH="10" VPOS="424" HPOS="78"/><SP WIDTH="47" VPOS="406" HPOS="88"/><String WC="0.6399999857" CONTENT="de" HEIGHT="29" WIDTH="33" VPOS="405" HPOS="135"/><SP WIDTH="15" VPOS="414" HPOS="169"/><String WC="0.5874999762" CONTENT="tißiran»" HEIGHT="32" WIDTH="117" VPOS="403" HPOS="184"/></TextLine>
<TextLine HEIGHT="44" WIDTH="366" VPOS="440" HPOS="21"><String STYLEREFS="font1" WC="0.7799999714" CONTENT="-" HEIGHT="6" WIDTH="15" VPOS="468" HPOS="21"/><SP WIDTH="40" VPOS="466" HPOS="36"/><String STYLEREFS="font1" WC="0.5500000119" CONTENT="-" HEIGHT="9" WIDTH="13" VPOS="465" HPOS="76"/><SP WIDTH="42" VPOS="447" HPOS="89"/><String WC="0.3950000107" CONTENT="de" HEIGHT="30" WIDTH="33" VPOS="446" HPOS="131"/><SP WIDTH="15" VPOS="454" HPOS="164"/><String WC="0.5939999819" CONTENT="toiirneur," HEIGHT="31" WIDTH="146" VPOS="451" HPOS="179"/><SP WIDTH="9" VPOS="440" HPOS="325"/><String STYLE="smallcaps" STYLEREFS="font1" WC="0.5099999905" CONTENT="&amp;cj" HEIGHT="28" WIDTH="53" VPOS="440" HPOS="334"/></TextLine>
<TextLine HEIGHT="35" WIDTH="180" VPOS="488" HPOS="22"><String WC="0.5899999738" CONTENT="öu" HEIGHT="24" WIDTH="39" VPOS="497" HPOS="22"/><SP WIDTH="9" VPOS="500" HPOS="62"/><String WC="0.4169999957" CONTENT="tratice.fi" HEIGHT="35" WIDTH="130" VPOS="488" HPOS="72"/></TextLine>
<TextLine HEIGHT="31" WIDTH="90" VPOS="534" HPOS="18"><String WC="0.6399999857" CONTENT="öütre." HEIGHT="31" WIDTH="90" VPOS="534" HPOS="18"/></TextLine>
<TextLine HEIGHT="39" WIDTH="172" VPOS="565" HPOS="19"><String WC="0.3400000036" CONTENT="»" HEIGHT="13" WIDTH="14" VPOS="591" HPOS="19"/><SP WIDTH="39" VPOS="591" HPOS="33"/><String WC="1." CONTENT="." HEIGHT="7" WIDTH="10" VPOS="592" HPOS="72"/><SP WIDTH="44" VPOS="584" HPOS="82"/><String WC="0.4140000045" CONTENT="ceia." HEIGHT="36" WIDTH="65" VPOS="565" HPOS="126"/></TextLine>
<TextLine HEIGHT="33" WIDTH="217" VPOS="614" HPOS="21"><String WC="0.2899999917" CONTENT="d&gt;" HEIGHT="30" WIDTH="28" VPOS="617" HPOS="21"/><SP WIDTH="17" VPOS="620" HPOS="50"/><String WC="0.6700000167" CONTENT="*•" HEIGHT="14" WIDTH="15" VPOS="625" HPOS="68"/><SP WIDTH="16" VPOS="632" HPOS="84"/><String WC="1." CONTENT="-" HEIGHT="5" WIDTH="13" VPOS="632" HPOS="101"/><SP WIDTH="20" VPOS="625" HPOS="115"/><String WC="0.5749999881" CONTENT="en" HEIGHT="19" WIDTH="35" VPOS="623" HPOS="136"/><SP WIDTH="17" VPOS="623" HPOS="172"/><String WC="0.2199999988" CONTENT="-" HEIGHT="10" WIDTH="13" VPOS="627" HPOS="190"/><SP WIDTH="18" VPOS="624" HPOS="204"/><String WC="0.5500000119" CONTENT="-" HEIGHT="8" WIDTH="15" VPOS="624" HPOS="223"/></TextLine>
<TextLine HEIGHT="43" WIDTH="173" VPOS="656" HPOS="19"><String WC="0.3616666794" CONTENT="oüttepaflef," HEIGHT="43" WIDTH="173" VPOS="656" HPOS="19"/></TextLine>
<TextLine HEIGHT="33" WIDTH="180" VPOS="708" HPOS="19"><String WC="0.5550000072" CONTENT="ouvragc." HEIGHT="31" WIDTH="127" VPOS="710" HPOS="19"/><SP WIDTH="14" VPOS="708" HPOS="146"/><String WC="0.625" CONTENT="m." HEIGHT="18" WIDTH="39" VPOS="708" HPOS="160"/></TextLine>
<TextLine HEIGHT="42" WIDTH="212" VPOS="737" HPOS="7"><String STYLE="bold" WC="0.2700000107" CONTENT="t*." HEIGHT="18" WIDTH="25" VPOS="751" HPOS="7"/><SP WIDTH="41" VPOS="759" HPOS="33"/><String STYLE="bold" WC="1." CONTENT="-" HEIGHT="6" WIDTH="13" VPOS="759" HPOS="75"/><SP WIDTH="41" VPOS="752" HPOS="89"/><String STYLE="bold" WC="0.7285714149" CONTENT="grillt." HEIGHT="40" WIDTH="88" VPOS="737" HPOS="131"/></TextLine>
<TextLine HEIGHT="31" WIDTH="210" VPOS="782" HPOS="16"><String WC="1." CONTENT="-" HEIGHT="8" WIDTH="15" VPOS="801" HPOS="16"/><SP WIDTH="45" VPOS="801" HPOS="32"/><String WC="0.5799999833" CONTENT="-" HEIGHT="8" WIDTH="14" VPOS="801" HPOS="78"/><SP WIDTH="38" VPOS="784" HPOS="93"/><String WC="0.1650000066" CONTENT="du" HEIGHT="27" WIDTH="36" VPOS="783" HPOS="132"/><SP WIDTH="7" VPOS="783" HPOS="169"/><String WC="0.4959999919" CONTENT="liri," HEIGHT="28" WIDTH="49" VPOS="782" HPOS="177"/></TextLine>
<TextLine HEIGHT="42" WIDTH="297" VPOS="815" HPOS="15"><String WC="1." CONTENT="-" HEIGHT="9" WIDTH="16" VPOS="842" HPOS="15"/><SP WIDTH="41" VPOS="842" HPOS="31"/><String WC="1." CONTENT="-" HEIGHT="6" WIDTH="13" VPOS="842" HPOS="72"/><SP WIDTH="46" VPOS="818" HPOS="85"/><String WC="0.6299999952" CONTENT="de" HEIGHT="35" WIDTH="33" VPOS="817" HPOS="131"/><SP WIDTH="17" VPOS="833" HPOS="164"/><String WC="0.3857142925" CONTENT="relief." HEIGHT="35" WIDTH="83" VPOS="816" HPOS="181"/><SP WIDTH="11" VPOS="820" HPOS="264"/><String WC="0.3899999857" CONTENT="(re" HEIGHT="32" WIDTH="37" VPOS="820" HPOS="275"/></TextLine>
<TextLine HEIGHT="35" WIDTH="47" VPOS="862" HPOS="191" STYLEREFS="font2"><String STYLE="bold" WC="0.7400000095" CONTENT="fc.)" HEIGHT="35" WIDTH="47" VPOS="862" HPOS="191"/></TextLine>
<TextLine HEIGHT="32" WIDTH="189" VPOS="908" HPOS="14" STYLEREFS="font2"><String WC="1." CONTENT="-" HEIGHT="10" WIDTH="13" VPOS="925" HPOS="14"/><SP WIDTH="38" VPOS="925" HPOS="28"/><String WC="1." CONTENT="-" HEIGHT="6" WIDTH="14" VPOS="927" HPOS="67"/><SP WIDTH="40" VPOS="911" HPOS="82"/><String WC="0.5128571391" CONTENT="iaille." HEIGHT="30" WIDTH="80" VPOS="908" HPOS="123"/></TextLine>
<TextLine HEIGHT="30" WIDTH="101" VPOS="952" HPOS="15" STYLEREFS="font2"><String WC="0.6000000238" CONTENT="öuvrir." HEIGHT="30" WIDTH="101" VPOS="952" HPOS="15"/></TextLine>
<TextLine HEIGHT="41" WIDTH="379" VPOS="979" HPOS="16" STYLEREFS="font2"><String WC="0.5500000119" CONTENT="-" HEIGHT="9" WIDTH="12" VPOS="1010" HPOS="16"/><SP WIDTH="41" VPOS="1010" HPOS="29"/><String WC="0.7900000215" CONTENT="-" HEIGHT="6" WIDTH="14" VPOS="1010" HPOS="71"/><SP WIDTH="41" VPOS="992" HPOS="86"/><String WC="1." CONTENT="&amp;" HEIGHT="27" WIDTH="28" VPOS="991" HPOS="128"/><SP WIDTH="7" VPOS="988" HPOS="157"/><String WC="0.5266666412" CONTENT="fermer" HEIGHT="28" WIDTH="101" VPOS="987" HPOS="165"/><SP WIDTH="9" VPOS="993" HPOS="267"/><String WC="0.2599999905" CONTENT="a" HEIGHT="17" WIDTH="15" VPOS="993" HPOS="277"/><SP WIDTH="5" VPOS="983" HPOS="293"/><String STYLE="italics" WC="0.2800000012" CONTENT="la" HEIGHT="26" WIDTH="24" VPOS="983" HPOS="299"/><SP WIDTH="9" VPOS="990" HPOS="324"/><String WC="0.4699999988" CONTENT="clef." HEIGHT="33" WIDTH="61" VPOS="979" HPOS="334"/></TextLine>
<TextLine HEIGHT="34" WIDTH="230" VPOS="1030" HPOS="14" STYLEREFS="font2"><String WC="1." CONTENT="-" HEIGHT="8" WIDTH="14" VPOS="1051" HPOS="14"/><SP WIDTH="37" VPOS="1051" HPOS="29"/><String WC="1." CONTENT="-" HEIGHT="8" WIDTH="13" VPOS="1052" HPOS="67"/><SP WIDTH="41" VPOS="1034" HPOS="81"/><String WC="0.9800000191" CONTENT="la" HEIGHT="28" WIDTH="25" VPOS="1034" HPOS="123"/><SP WIDTH="7" VPOS="1043" HPOS="149"/><String WC="0.7383333445" CONTENT="seine." HEIGHT="30" WIDTH="87" VPOS="1030" HPOS="157"/></TextLine>
</TextBlock>
<TextBlock ID="Page1_Block12" HEIGHT="348" WIDTH="407" VPOS="175" HPOS="424" language="de" STYLEREFS="font2"><Shape><Polygon POINTS="454,188 858,188 858,354 854,354 854,378 752,378 752,530 454,530 454,188"/></Shape>
<TextLine HEIGHT="57" WIDTH="360" VPOS="185" HPOS="454" STYLEREFS="font2"><String WC="0.4122222364" CONTENT="34ijfairc" HEIGHT="48" WIDTH="133" VPOS="188" HPOS="454"/><SP WIDTH="9" VPOS="196" HPOS="587"/><String WC="0.5285714269" CONTENT="(cuire)" HEIGHT="42" WIDTH="104" VPOS="195" HPOS="596"/><SP WIDTH="7" VPOS="197" HPOS="700"/><String WC="0.6750000119" CONTENT="lc" HEIGHT="30" WIDTH="27" VPOS="197" HPOS="707"/><SP WIDTH="5" VPOS="208" HPOS="734"/><String WC="0.7879999876" CONTENT="pain." HEIGHT="38" WIDTH="75" VPOS="200" HPOS="739"/></TextLine>
<TextLine HEIGHT="37" WIDTH="137" VPOS="233" HPOS="496" STYLEREFS="font2"><String WC="1." CONTENT="7" HEIGHT="27" WIDTH="15" VPOS="242" HPOS="496"/><SP WIDTH="7" VPOS="241" HPOS="512"/><String WC="0.3785714209" CONTENT="pais.m." HEIGHT="36" WIDTH="113" VPOS="233" HPOS="520"/></TextLine>
<TextLine HEIGHT="36" WIDTH="215" VPOS="275" HPOS="473" STYLEREFS="font2"><String STYLE="bold" WC="0.4799999893" CONTENT="87-" HEIGHT="33" WIDTH="61" VPOS="278" HPOS="473"/><SP WIDTH="41" VPOS="288" HPOS="535"/><String STYLE="bold" WC="1." CONTENT="-" HEIGHT="8" WIDTH="12" VPOS="289" HPOS="577"/><SP WIDTH="43" VPOS="276" HPOS="589"/><String STYLE="bold" WC="0.4900000095" CONTENT="bas." HEIGHT="33" WIDTH="56" VPOS="275" HPOS="632"/></TextLine>
<TextLine HEIGHT="52" WIDTH="357" VPOS="313" HPOS="456" STYLEREFS="font3"><String STYLE="bold" WC="0.1700000018" CONTENT="3" HEIGHT="19" WIDTH="16" VPOS="326" HPOS="456"/><SP WIDTH="7" VPOS="318" HPOS="472"/><String STYLE="bold" WC="0.4199999869" CONTENT="i" HEIGHT="26" WIDTH="13" VPOS="318" HPOS="479"/><SP WIDTH="7" VPOS="318" HPOS="492"/><String STYLE="italics" STYLEREFS="font0" WC="0.8299999833" CONTENT="&lt;" HEIGHT="18" WIDTH="11" VPOS="327" HPOS="499"/><SP WIDTH="9" VPOS="326" HPOS="510"/><String STYLE="bold" WC="1." CONTENT="-" HEIGHT="5" WIDTH="14" VPOS="330" HPOS="519"/><SP WIDTH="41" VPOS="330" HPOS="534"/><String STYLE="bold" WC="0.7300000191" CONTENT="-" HEIGHT="8" WIDTH="12" VPOS="330" HPOS="576"/><SP WIDTH="41" VPOS="319" HPOS="589"/><String STYLE="bold" WC="0.4600000083" CONTENT="de" HEIGHT="30" WIDTH="33" VPOS="318" HPOS="630"/><SP WIDTH="8" VPOS="329" HPOS="663"/><String STYLE="bold" WC="0.3770000041" CONTENT="vigriobie." HEIGHT="45" WIDTH="142" VPOS="317" HPOS="671"/></TextLine>
<TextLine HEIGHT="46" WIDTH="224" VPOS="352" HPOS="445"><String STYLE="bold" WC="0.4761538506" CONTENT="ibid.paifari." HEIGHT="43" WIDTH="176" VPOS="353" HPOS="445"/><SP WIDTH="8" VPOS="371" HPOS="622"/><String STYLE="bold" WC="0.3600000143" CONTENT="m" HEIGHT="19" WIDTH="27" VPOS="370" HPOS="631"/><String STYLE="subscript bold" WC="0.3199999928" CONTENT="4" HEIGHT="17" WIDTH="9" VPOS="377" HPOS="660"/></TextLine>
<TextLine HEIGHT="43" WIDTH="216" VPOS="397" HPOS="454"><String WC="0.5600000024" CONTENT="2" HEIGHT="18" WIDTH="13" VPOS="407" HPOS="455"/><SP WIDTH="6" VPOS="407" HPOS="469"/><String WC="0.2199999988" CONTENT="z" HEIGHT="26" WIDTH="12" VPOS="407" HPOS="476"/><SP WIDTH="6" VPOS="407" HPOS="489"/><String WC="1." CONTENT="7" HEIGHT="25" WIDTH="12" VPOS="408" HPOS="496"/><SP WIDTH="9" VPOS="407" HPOS="509"/><String WC="0.7237499952" CONTENT="paifible" HEIGHT="38" WIDTH="107" VPOS="398" HPOS="518"/><SP WIDTH="17" VPOS="410" HPOS="626"/><String WC="0.8199999928" CONTENT="c," HEIGHT="24" WIDTH="26" VPOS="412" HPOS="644"/></TextLine>
<TextLine HEIGHT="42" WIDTH="261" VPOS="438" HPOS="452"><String WC="0.6233333349" CONTENT="271" HEIGHT="28" WIDTH="54" VPOS="448" HPOS="452"/><SP WIDTH="12" VPOS="448" HPOS="506"/><String WC="0.4453846216" CONTENT="paifiblement." HEIGHT="40" WIDTH="195" VPOS="438" HPOS="518"/></TextLine>
<TextLine HEIGHT="38" WIDTH="169" VPOS="482" HPOS="453"><String WC="0.323333323" CONTENT="5&lt;)7paix," HEIGHT="38" WIDTH="133" VPOS="482" HPOS="453"/><SP WIDTH="12" VPOS="485" HPOS="587"/><String WC="0.3199999928" CONTENT="f;" HEIGHT="30" WIDTH="22" VPOS="485" HPOS="600"/></TextLine>
</TextBlock>
<TextBlock ID="Page1_Block13" HEIGHT="535" WIDTH="678" VPOS="209" HPOS="365" language="de" STYLEREFS="font2"><Shape><Polygon POINTS="912,226 1066,226 1066,608 1054,608 1054,636 856,636 856,754 642,754 642,736 472,736 472,645 480,645 480,644 390,644 390,530 796,530 796,374 912,374 912,226"/></Shape>
<TextLine HEIGHT="32" WIDTH="68" VPOS="214" HPOS="953" STYLEREFS="font3"><String STYLE="italics" STYLEREFS="font2" WC="0.3400000036" CONTENT="D7" HEIGHT="32" WIDTH="68" VPOS="214" HPOS="953"/></TextLine>
<TextLine HEIGHT="37" WIDTH="130" VPOS="253" HPOS="891" STYLEREFS="font3"><String WC="0.2599999905" CONTENT="37" HEIGHT="32" WIDTH="45" VPOS="255" HPOS="891"/><String STYLEREFS="font2" WC="1." CONTENT="-" HEIGHT="9" WIDTH="9" VPOS="270" HPOS="937"/><String WC="7.500000298e-002" CONTENT="53" HEIGHT="29" WIDTH="42" VPOS="255" HPOS="950"/><String STYLEREFS="font2" WC="0.2399999946" CONTENT="?" HEIGHT="30" WIDTH="23" VPOS="259" HPOS="998"/></TextLine>
<TextLine HEIGHT="33" WIDTH="70" VPOS="296" HPOS="945" STYLEREFS="font3"><String STYLE="bold" STYLEREFS="font2" WC="0.5166666508" CONTENT="425" HEIGHT="33" WIDTH="70" VPOS="296" HPOS="945"/></TextLine>
<TextLine HEIGHT="28" WIDTH="69" VPOS="337" HPOS="945" STYLEREFS="font3"><String STYLE="bold" STYLEREFS="font1" WC="0.3100000024" CONTENT="221" HEIGHT="28" WIDTH="69" VPOS="337" HPOS="945"/></TextLine>
<TextLine HEIGHT="49" WIDTH="241" VPOS="366" HPOS="775" STYLEREFS="font2"><String WC="0.2700000107" CONTENT="l" HEIGHT="22" WIDTH="14" VPOS="375" HPOS="775"/><String STYLEREFS="font3" WC="0.1199999973" CONTENT="8" HEIGHT="32" WIDTH="20" VPOS="370" HPOS="795"/><String WC="0.4466666579" CONTENT="Z.Z" HEIGHT="35" WIDTH="57" VPOS="374" HPOS="821"/><String STYLEREFS="font3" WC="0.4099999964" CONTENT="8" HEIGHT="34" WIDTH="19" VPOS="371" HPOS="882"/><String WC="0.3574999869" CONTENT="y.-r" HEIGHT="32" WIDTH="62" VPOS="380" HPOS="902"/><String STYLEREFS="font3" WC="0.2199999988" CONTENT="3" HEIGHT="28" WIDTH="17" VPOS="381" HPOS="971"/><String WC="0.6650000215" CONTENT="c-" HEIGHT="33" WIDTH="24" VPOS="379" HPOS="992"/></TextLine>
<TextLine HEIGHT="30" WIDTH="71" VPOS="424" HPOS="942" STYLEREFS="font2"><String STYLEREFS="font3" WC="0.4666666687" CONTENT="45r" HEIGHT="30" WIDTH="71" VPOS="424" HPOS="942"/></TextLine>
<TextLine HEIGHT="36" WIDTH="70" VPOS="461" HPOS="945" STYLEREFS="font2"><String STYLEREFS="font3" WC="0.4449999928" CONTENT="48" HEIGHT="34" WIDTH="44" VPOS="461" HPOS="945"/><String WC="0.2199999988" CONTENT="?" HEIGHT="30" WIDTH="20" VPOS="466" HPOS="995"/></TextLine>
<TextLine HEIGHT="34" WIDTH="165" VPOS="505" HPOS="847"><String WC="1." CONTENT="•" HEIGHT="5" WIDTH="5" VPOS="522" HPOS="847"/><SP WIDTH="24" VPOS="522" HPOS="852"/><String WC="0.2300000042" CONTENT="." HEIGHT="6" WIDTH="9" VPOS="524" HPOS="876"/><SP WIDTH="55" VPOS="506" HPOS="885"/><String STYLEREFS="font3" WC="0.2033333331" CONTENT="443" HEIGHT="33" WIDTH="72" VPOS="505" HPOS="940"/></TextLine>
<TextLine HEIGHT="66" WIDTH="643" VPOS="516" HPOS="370"><String STYLE="bold italics" WC="0.5799999833" CONTENT="i" HEIGHT="26" WIDTH="18" VPOS="526" HPOS="370"/><SP WIDTH="8" VPOS="525" HPOS="388"/><String WC="0.1700000018" CONTENT="1" HEIGHT="22" WIDTH="10" VPOS="530" HPOS="397"/><SP WIDTH="9" VPOS="525" HPOS="407"/><String WC="0.4550000131" CONTENT="i." HEIGHT="28" WIDTH="26" VPOS="525" HPOS="416"/><SP WIDTH="9" VPOS="532" HPOS="443"/><String WC="0.3100000024" CONTENT="43" HEIGHT="29" WIDTH="34" VPOS="530" HPOS="453"/><SP WIDTH="10" VPOS="530" HPOS="488"/><String WC="0.150000006" CONTENT="t" HEIGHT="17" WIDTH="9" VPOS="531" HPOS="499"/><SP WIDTH="9" VPOS="531" HPOS="509"/><String WC="1." CONTENT="-" HEIGHT="5" WIDTH="12" VPOS="538" HPOS="519"/><SP WIDTH="44" VPOS="538" HPOS="532"/><String WC="1." CONTENT="-" HEIGHT="7" WIDTH="12" VPOS="541" HPOS="577"/><SP WIDTH="39" VPOS="527" HPOS="589"/><String WC="0.3950000107" CONTENT="de" HEIGHT="33" WIDTH="35" VPOS="526" HPOS="628"/><SP WIDTH="9" VPOS="527" HPOS="664"/><String WC="1." CONTENT="T" HEIGHT="30" WIDTH="21" VPOS="527" HPOS="673"/><SP WIDTH="8" VPOS="527" HPOS="694"/><String WC="0.2700000107" CONTENT="aine" HEIGHT="27" WIDTH="60" VPOS="533" HPOS="703"/><SP WIDTH="7" VPOS="529" HPOS="764"/><String WC="0.4077777863" CONTENT="(efprit.)" HEIGHT="45" WIDTH="119" VPOS="528" HPOS="772"/><SP WIDTH="49" VPOS="530" HPOS="892"/><String WC="0.3219999969" CONTENT="ibidj" HEIGHT="36" WIDTH="71" VPOS="537" HPOS="942"/></TextLine>
<TextLine HEIGHT="64" WIDTH="562" VPOS="564" HPOS="454"><String WC="0.2199999988" CONTENT="1" HEIGHT="20" WIDTH="9" VPOS="574" HPOS="454"/><String STYLEREFS="font3" WC="0.1700000018" CONTENT="3" HEIGHT="27" WIDTH="14" VPOS="572" HPOS="472"/><SP WIDTH="9" VPOS="572" HPOS="486"/><String STYLEREFS="font3" WC="0.3000000119" CONTENT="3" HEIGHT="27" WIDTH="13" VPOS="572" HPOS="495"/><SP WIDTH="8" VPOS="572" HPOS="508"/><String WC="0.3700000048" CONTENT="P" HEIGHT="29" WIDTH="18" VPOS="574" HPOS="516"/><String STYLE="superscript" WC="0.25" CONTENT="a" HEIGHT="16" WIDTH="13" VPOS="575" HPOS="537"/><String WC="0.3160000145" CONTENT="&gt;cre„" HEIGHT="25" WIDTH="60" VPOS="574" HPOS="553"/><SP WIDTH="334" VPOS="584" HPOS="613"/><String WC="0.1800000072" CONTENT="I" HEIGHT="23" WIDTH="13" VPOS="588" HPOS="948"/><SP WIDTH="7" VPOS="585" HPOS="961"/><String WC="0.2300000042" CONTENT="g" HEIGHT="30" WIDTH="20" VPOS="585" HPOS="968"/><SP WIDTH="8" VPOS="585" HPOS="988"/><String WC="0.2199999988" CONTENT="z" HEIGHT="28" WIDTH="19" VPOS="591" HPOS="997"/></TextLine>
<TextLine HEIGHT="40" WIDTH="165" VPOS="606" HPOS="453"><String STYLE="bold" WC="0.3533333242" CONTENT="207" HEIGHT="27" WIDTH="56" VPOS="614" HPOS="453"/><SP WIDTH="7" VPOS="614" HPOS="510"/><String STYLE="bold" WC="0.5366666913" CONTENT="pal" HEIGHT="38" WIDTH="44" VPOS="607" HPOS="518"/><SP WIDTH="16" VPOS="607" HPOS="563"/><String STYLE="bold" WC="0.4300000072" CONTENT="m." HEIGHT="23" WIDTH="38" VPOS="619" HPOS="580"/></TextLine>
<TextLine HEIGHT="41" WIDTH="205" VPOS="647" HPOS="451"><String WC="0.3400000036" CONTENT="f)" HEIGHT="34" WIDTH="35" VPOS="651" HPOS="451"/><SP WIDTH="8" VPOS="655" HPOS="487"/><String WC="0.2599999905" CONTENT="1" HEIGHT="18" WIDTH="10" VPOS="655" HPOS="496"/><SP WIDTH="9" VPOS="655" HPOS="507"/><String WC="0.3770000041" CONTENT="palais.ni." HEIGHT="40" WIDTH="140" VPOS="647" HPOS="516"/></TextLine>
<TextLine HEIGHT="52" WIDTH="369" VPOS="690" HPOS="451" STYLEREFS="font2"><String WC="0.7266666889" CONTENT="22A" HEIGHT="30" WIDTH="58" VPOS="697" HPOS="451"/><SP WIDTH="9" VPOS="699" HPOS="509"/><String WC="1." CONTENT="-" HEIGHT="6" WIDTH="12" VPOS="705" HPOS="518"/><SP WIDTH="95" VPOS="693" HPOS="531"/><String WC="0.25" CONTENT="de" HEIGHT="31" WIDTH="33" VPOS="692" HPOS="626"/><SP WIDTH="7" VPOS="695" HPOS="659"/><String WC="1." CONTENT="la" HEIGHT="30" WIDTH="25" VPOS="695" HPOS="666"/><SP WIDTH="7" VPOS="696" HPOS="691"/><String WC="0.4085714221" CONTENT="bouehe." HEIGHT="44" WIDTH="122" VPOS="694" HPOS="698"/></TextLine>
</TextBlock>
<TextBlock ID="Page1_Block14" HEIGHT="340" WIDTH="383" VPOS="723" HPOS="421" language="de" STYLEREFS="font1"><Shape><Polygon POINTS="472,734 698,734 698,776 820,776 820,1046 682,1046 682,1072 630,1072 630,1070 448,1070 448,1046 440,1046 440,854 455,854 455,799 461,799 461,798 463,798 463,791 472,791 472,734"/></Shape>
<TextLine HEIGHT="41" WIDTH="220" VPOS="730" HPOS="452"><String STYLEREFS="font2" WC="0.223333329" CONTENT="189" HEIGHT="34" WIDTH="56" VPOS="737" HPOS="452"/><SP WIDTH="7" VPOS="733" HPOS="509"/><String STYLE="bold" STYLEREFS="font2" WC="0.5224999785" CONTENT="Palatin," HEIGHT="34" WIDTH="110" VPOS="731" HPOS="517"/><SP WIDTH="6" VPOS="747" HPOS="628"/><String STYLE="bold" STYLEREFS="font2" WC="0.875" CONTENT="m," HEIGHT="22" WIDTH="37" VPOS="746" HPOS="635"/></TextLine>
<TextLine HEIGHT="41" WIDTH="284" VPOS="775" HPOS="450"><String STYLEREFS="font2" WC="0.2114285678" CONTENT="tzpipaiitremer" HEIGHT="39" WIDTH="227" VPOS="776" HPOS="450"/><SP WIDTH="17" VPOS="786" HPOS="678"/><String STYLEREFS="font2" WC="0.1733333319" CONTENT="in;" HEIGHT="27" WIDTH="38" VPOS="785" HPOS="696"/></TextLine>
<TextLine HEIGHT="49" WIDTH="248" VPOS="809" HPOS="444"><String STYLE="bold" STYLEREFS="font2" WC="0.3085714281" CONTENT="bof-|paiefroi," HEIGHT="48" WIDTH="197" VPOS="810" HPOS="444"/><SP WIDTH="9" VPOS="829" HPOS="641"/><String STYLE="bold" STYLEREFS="font2" WC="0.2549999952" CONTENT="m," HEIGHT="25" WIDTH="42" VPOS="829" HPOS="650"/></TextLine>
<TextLine HEIGHT="44" WIDTH="239" VPOS="857" HPOS="449" STYLEREFS="font2"><String WC="0.2166666687" CONTENT="169" HEIGHT="35" WIDTH="58" VPOS="861" HPOS="449"/><SP WIDTH="9" VPOS="869" HPOS="508"/><String STYLE="bold" WC="0.5512499809" CONTENT="paleron." HEIGHT="42" WIDTH="120" VPOS="858" HPOS="518"/><SP WIDTH="8" VPOS="864" HPOS="639"/><String STYLE="bold" WC="0.1633333266" CONTENT="tiu" HEIGHT="26" WIDTH="40" VPOS="864" HPOS="648"/></TextLine>
<TextLine HEIGHT="49" WIDTH="244" VPOS="894" HPOS="444" STYLEREFS="font2"><String WC="0.3100000024" CONTENT="ibid." HEIGHT="33" WIDTH="63" VPOS="897" HPOS="444"/><SP WIDTH="8" VPOS="914" HPOS="508"/><String WC="0.348333329" CONTENT="pailifi’ade." HEIGHT="42" WIDTH="139" VPOS="900" HPOS="517"/><SP WIDTH="7" VPOS="901" HPOS="657"/><String WC="0.2599999905" CONTENT="f," HEIGHT="36" WIDTH="23" VPOS="901" HPOS="665"/></TextLine>
<TextLine HEIGHT="36" WIDTH="197" VPOS="942" HPOS="442" STYLEREFS="font2"><String STYLE="italics" WC="0.375" CONTENT=".iV&gt;" HEIGHT="32" WIDTH="65" VPOS="944" HPOS="442"/><SP WIDTH="8" VPOS="948" HPOS="507"/><String WC="0.5614285469" CONTENT="Pallas," HEIGHT="33" WIDTH="91" VPOS="944" HPOS="515"/><SP WIDTH="12" VPOS="942" HPOS="606"/><String WC="0.474999994" CONTENT="f." HEIGHT="32" WIDTH="21" VPOS="942" HPOS="618"/></TextLine>
<TextLine HEIGHT="62" WIDTH="364" VPOS="972" HPOS="439" STYLEREFS="font2"><String WC="0.5199999809" CONTENT="ibid" HEIGHT="32" WIDTH="57" VPOS="977" HPOS="439"/><SP WIDTH="18" VPOS="982" HPOS="497"/><String WC="0.2975000143" CONTENT="paliette" HEIGHT="48" WIDTH="108" VPOS="979" HPOS="515"/><SP WIDTH="5" VPOS="989" HPOS="624"/><String WC="0.3000000119" CONTENT="(paUtte" HEIGHT="49" WIDTH="116" VPOS="979" HPOS="630"/><SP WIDTH="11" VPOS="987" HPOS="746"/><String WC="0.3100000024" CONTENT=")" HEIGHT="43" WIDTH="17" VPOS="986" HPOS="757"/><SP WIDTH="6" VPOS="986" HPOS="774"/><String WC="0.275000006" CONTENT="f," HEIGHT="31" WIDTH="22" VPOS="988" HPOS="780"/></TextLine>
<TextLine HEIGHT="34" WIDTH="214" VPOS="1028" HPOS="450"><String STYLE="italics" STYLEREFS="font2" WC="0.2649999857" CONTENT="19" HEIGHT="29" WIDTH="36" VPOS="1031" HPOS="450"/><SP WIDTH="28" VPOS="1033" HPOS="487"/><String STYLE="bold" STYLEREFS="font2" WC="1." CONTENT="-" HEIGHT="6" WIDTH="13" VPOS="1044" HPOS="516"/><SP WIDTH="43" VPOS="1044" HPOS="530"/><String STYLE="bold" STYLEREFS="font2" WC="1." CONTENT="-" HEIGHT="6" WIDTH="12" VPOS="1046" HPOS="574"/><SP WIDTH="43" VPOS="1030" HPOS="587"/><String STYLE="bold" STYLEREFS="font2" WC="0.6200000048" CONTENT="de" HEIGHT="30" WIDTH="33" VPOS="1029" HPOS="631"/></TextLine>
</TextBlock>
<TextBlock ID="Page1_Block15" HEIGHT="414" WIDTH="190" VPOS="617" HPOS="843" language="de" STYLEREFS="font3"><Shape><Polygon POINTS="866,634 1052,634 1052,682 1050,682 1050,1014 1038,1014 1038,1044 992,1044 992,1046 954,1046 954,1014 866,1014 866,634"/></Shape>
<TextLine HEIGHT="39" WIDTH="150" VPOS="625" HPOS="865" STYLEREFS="font2"><String WC="0.3671428561" CONTENT="205.25?" HEIGHT="39" WIDTH="150" VPOS="625" HPOS="865"/></TextLine>
<TextLine HEIGHT="35" WIDTH="66" VPOS="669" HPOS="945"><String WC="0.2849999964" CONTENT="■245" HEIGHT="35" WIDTH="66" VPOS="669" HPOS="945"/></TextLine>
<TextLine HEIGHT="41" WIDTH="67" VPOS="703" HPOS="944" STYLEREFS="font2"><String STYLE="bold" WC="0.200000003" CONTENT="*S" HEIGHT="35" WIDTH="38" VPOS="703" HPOS="944"/><String STYLEREFS="font3" WC="0.2399999946" CONTENT="3" HEIGHT="31" WIDTH="21" VPOS="712" HPOS="990"/></TextLine>
<TextLine HEIGHT="42" WIDTH="72" VPOS="744" HPOS="941" STYLEREFS="font3"><String WC="0.3766666651" CONTENT="547" HEIGHT="42" WIDTH="72" VPOS="744" HPOS="941"/></TextLine>
<TextLine HEIGHT="34" WIDTH="69" VPOS="792" HPOS="937" STYLEREFS="font2"><String WC="0.2099999934" CONTENT="203" HEIGHT="34" WIDTH="69" VPOS="792" HPOS="937"/></TextLine>
<TextLine HEIGHT="37" WIDTH="71" VPOS="823" HPOS="936"><String STYLEREFS="font2" WC="0.3824999928" CONTENT="Ibid" HEIGHT="33" WIDTH="58" VPOS="823" HPOS="936"/><SP WIDTH="3" VPOS="823" HPOS="994"/><String STYLEREFS="font2" WC="0.2800000012" CONTENT="i" HEIGHT="17" WIDTH="9" VPOS="842" HPOS="998"/></TextLine>
<TextLine HEIGHT="37" WIDTH="145" VPOS="869" HPOS="866"><String STYLEREFS="font2" WC="0.4314285815" CONTENT="14(^161" HEIGHT="37" WIDTH="145" VPOS="869" HPOS="866"/></TextLine>
<TextLine HEIGHT="40" WIDTH="159" VPOS="912" HPOS="853"><String WC="0.5433333516" CONTENT="177" HEIGHT="37" WIDTH="69" VPOS="913" HPOS="853"/><String STYLEREFS="font2" WC="1." CONTENT="-" HEIGHT="9" WIDTH="8" VPOS="928" HPOS="923"/><SP WIDTH="7" VPOS="917" HPOS="932"/><String WC="0.6933333278" CONTENT="477" HEIGHT="35" WIDTH="72" VPOS="916" HPOS="940"/></TextLine>
<TextLine HEIGHT="39" WIDTH="73" VPOS="954" HPOS="941"><String WC="0.4950000048" CONTENT="57" HEIGHT="34" WIDTH="48" VPOS="957" HPOS="941"/><String STYLEREFS="font2" WC="0." CONTENT="?" HEIGHT="38" WIDTH="22" VPOS="954" HPOS="992"/></TextLine>
<TextLine HEIGHT="31" WIDTH="70" VPOS="997" HPOS="940" STYLEREFS="font2"><String STYLE="bold" WC="0.2049999982" CONTENT="30" HEIGHT="31" WIDTH="46" VPOS="997" HPOS="940"/><SP WIDTH="4" VPOS="1002" HPOS="986"/><String STYLE="bold" WC="0.2599999905" CONTENT="t" HEIGHT="24" WIDTH="20" VPOS="1002" HPOS="990"/></TextLine>
</TextBlock>
<TextBlock ID="Page1_Block16" HEIGHT="66" WIDTH="259" VPOS="1053" HPOS="430" language="de" STYLEREFS="font2"><Shape><Polygon POINTS="446,1064 704,1064 704,1126 446,1126 446,1064"/></Shape>
<TextLine HEIGHT="48" WIDTH="236" VPOS="1064" HPOS="451"><String WC="0.3133333325" CONTENT="l6;" HEIGHT="36" WIDTH="54" VPOS="1067" HPOS="451"/><SP WIDTH="11" VPOS="1076" HPOS="505"/><String WC="0.7985714078" CONTENT="patnpre" HEIGHT="37" WIDTH="111" VPOS="1074" HPOS="516"/><SP WIDTH="19" VPOS="1082" HPOS="627"/><String WC="0.2700000107" CONTENT="m*" HEIGHT="27" WIDTH="41" VPOS="1082" HPOS="646"/></TextLine>
</TextBlock>
<TextBlock ID="Page1_Block17" HEIGHT="68" WIDTH="371" VPOS="1017" HPOS="667" language="de" STYLEREFS="font2"><Shape><Polygon POINTS="684,1034 1054,1034 1054,1096 684,1096 684,1034"/></Shape>
<TextLine HEIGHT="52" WIDTH="337" VPOS="1026" HPOS="675"><String WC="0.3678947389" CONTENT="böispetriflbir.hii)" HEIGHT="46" WIDTH="262" VPOS="1027" HPOS="675"/><SP WIDTH="8" VPOS="1031" HPOS="938"/><String WC="0.3300000131" CONTENT="1Q7" HEIGHT="33" WIDTH="65" VPOS="1041" HPOS="947"/></TextLine>
</TextBlock>
<TextBlock ID="Page1_Block18" HEIGHT="46" WIDTH="159" VPOS="1108" HPOS="497" language="de" STYLEREFS="font2"><Shape><Polygon POINTS="584,1118 630,1118 630,1124 670,1124 670,1162 512,1162 512,1124 584,1124 584,1118"/></Shape>
<TextLine HEIGHT="44" WIDTH="136" VPOS="1110" HPOS="507"><String WC="0.3211111128" CONTENT="jpanädefi" HEIGHT="44" WIDTH="136" VPOS="1110" HPOS="507"/></TextLine>
</TextBlock>
<TextBlock ID="Page1_Block19" HEIGHT="652" WIDTH="354" VPOS="1178" HPOS="0" language="de" STYLEREFS="font2"><Shape><Polygon POINTS="252,1184 358,1184 358,1832 124,1832 124,1829 120,1829 120,1824 115,1824 115,1822 107,1822 107,1791 93,1791 93,1756 92,1756 92,1742 89,1742 89,1739 62,1739 62,1735 56,1735 56,1732 10,1732 10,1225 162,1225 162,1203 194,1203 194,1199 252,1199 252,1184"/></Shape>
<TextLine HEIGHT="49" WIDTH="185" VPOS="1189" HPOS="149"><String WC="0.6299999952" CONTENT="f." HEIGHT="29" WIDTH="22" VPOS="1200" HPOS="149"/><SP WIDTH="9" VPOS="1203" HPOS="171"/><String WC="0.451000005" CONTENT="(paif.in.)" HEIGHT="48" WIDTH="154" VPOS="1189" HPOS="180"/></TextLine>
<TextLine HEIGHT="44" WIDTH="168" VPOS="1238" HPOS="12"><String WC="0.5028571486" CONTENT="paelle." HEIGHT="38" WIDTH="95" VPOS="1244" HPOS="12"/><SP WIDTH="8" VPOS="1242" HPOS="107"/><String WC="0.4449999928" CONTENT="f." HEIGHT="31" WIDTH="22" VPOS="1242" HPOS="116"/><SP WIDTH="31" VPOS="1238" HPOS="139"/><String STYLE="superscript italics" WC="0.3899999857" CONTENT="1" HEIGHT="19" WIDTH="8" VPOS="1238" HPOS="171"/></TextLine>
<TextLine HEIGHT="36" WIDTH="211" VPOS="1280" HPOS="11"><String STYLE="italics" WC="0.2199999988" CONTENT="-" HEIGHT="9" WIDTH="14" VPOS="1300" HPOS="11"/><SP WIDTH="40" VPOS="1299" HPOS="26"/><String WC="1." CONTENT="-" HEIGHT="6" WIDTH="13" VPOS="1303" HPOS="67"/><SP WIDTH="42" VPOS="1294" HPOS="81"/><String WC="0.5500000119" CONTENT="a" HEIGHT="20" WIDTH="16" VPOS="1294" HPOS="124"/><SP WIDTH="7" VPOS="1282" HPOS="141"/><String WC="0.5249999762" CONTENT="frire." HEIGHT="31" WIDTH="73" VPOS="1280" HPOS="149"/></TextLine>
<TextLine HEIGHT="43" WIDTH="213" VPOS="1327" HPOS="14"><String WC="0.3463636339" CONTENT="pagariilme," HEIGHT="42" WIDTH="161" VPOS="1328" HPOS="14"/><SP WIDTH="10" VPOS="1334" HPOS="175"/><String WC="0.2049999982" CONTENT="m*" HEIGHT="27" WIDTH="42" VPOS="1333" HPOS="185"/></TextLine>
<TextLine HEIGHT="43" WIDTH="128" VPOS="1367" HPOS="11"><String WC="0.3379999995" CONTENT="Page." HEIGHT="42" WIDTH="80" VPOS="1368" HPOS="11"/><SP WIDTH="6" VPOS="1382" HPOS="91"/><String WC="0.6299999952" CONTENT="Mi" HEIGHT="22" WIDTH="41" VPOS="1382" HPOS="98"/></TextLine>
<TextLine HEIGHT="44" WIDTH="105" VPOS="1409" HPOS="13"><String WC="0.574000001" CONTENT="Page," HEIGHT="43" WIDTH="75" VPOS="1410" HPOS="13"/><SP WIDTH="8" VPOS="1411" HPOS="89"/><String WC="0.5600000024" CONTENT="fi" HEIGHT="29" WIDTH="20" VPOS="1411" HPOS="98"/></TextLine>
<TextLine HEIGHT="32" WIDTH="81" VPOS="1458" HPOS="11"><String WC="0.3783333302" CONTENT="paeri." HEIGHT="32" WIDTH="81" VPOS="1458" HPOS="11"/></TextLine>
<TextLine HEIGHT="38" WIDTH="173" VPOS="1493" HPOS="12"><String WC="0.5809999704" CONTENT="pailliard." HEIGHT="37" WIDTH="128" VPOS="1494" HPOS="12"/><SP WIDTH="6" VPOS="1503" HPOS="140"/><String WC="0.2450000048" CONTENT="cria" HEIGHT="27" WIDTH="37" VPOS="1494" HPOS="147"/></TextLine>
<TextLine HEIGHT="38" WIDTH="161" VPOS="1535" HPOS="12"><String WC="0.3860000074" CONTENT="paillarde." HEIGHT="36" WIDTH="132" VPOS="1537" HPOS="12"/><SP WIDTH="6" VPOS="1536" HPOS="145"/><String WC="0.9150000215" CONTENT="f." HEIGHT="31" WIDTH="21" VPOS="1535" HPOS="152"/></TextLine>
<TextLine HEIGHT="38" WIDTH="158" VPOS="1576" HPOS="12"><String WC="0.4699999988" CONTENT="paiilafle," HEIGHT="37" WIDTH="123" VPOS="1577" HPOS="12"/><SP WIDTH="13" VPOS="1577" HPOS="135"/><String WC="0.6949999928" CONTENT="f." HEIGHT="30" WIDTH="22" VPOS="1576" HPOS="148"/></TextLine>
<TextLine HEIGHT="35" WIDTH="114" VPOS="1621" HPOS="13"><String WC="0.5242857337" CONTENT="paille." HEIGHT="35" WIDTH="86" VPOS="1621" HPOS="13"/><SP WIDTH="7" VPOS="1621" HPOS="99"/><String WC="0.6949999928" CONTENT="f." HEIGHT="28" WIDTH="19" VPOS="1621" HPOS="107"/></TextLine>
<TextLine HEIGHT="47" WIDTH="281" VPOS="1657" HPOS="13"><String STYLE="superscript" WC="0.2399999946" CONTENT="4" HEIGHT="16" WIDTH="13" VPOS="1667" HPOS="13"/><SP WIDTH="38" VPOS="1666" HPOS="27"/><String WC="1." CONTENT="-" HEIGHT="6" WIDTH="14" VPOS="1680" HPOS="66"/><SP WIDTH="39" VPOS="1662" HPOS="81"/><String WC="0.401818186" CONTENT="de&apos;couppce*" HEIGHT="45" WIDTH="173" VPOS="1657" HPOS="121"/></TextLine>
<TextLine HEIGHT="39" WIDTH="199" VPOS="1702" HPOS="13"><String WC="1." CONTENT="^" HEIGHT="13" WIDTH="14" VPOS="1710" HPOS="13"/><SP WIDTH="36" VPOS="1709" HPOS="27"/><String WC="1." CONTENT="-" HEIGHT="7" WIDTH="14" VPOS="1722" HPOS="64"/><SP WIDTH="39" VPOS="1704" HPOS="78"/><String WC="0.6200000048" CONTENT="de" HEIGHT="30" WIDTH="34" VPOS="1704" HPOS="117"/><SP WIDTH="9" VPOS="1702" HPOS="151"/><String WC="0.4575000107" CONTENT="fer," HEIGHT="36" WIDTH="52" VPOS="1702" HPOS="160"/></TextLine>
<TextLine HEIGHT="29" WIDTH="43" VPOS="1752" HPOS="88" STYLEREFS="font2"><String STYLE="bold" WC="0.7133333087" CONTENT="ni." HEIGHT="29" WIDTH="43" VPOS="1752" HPOS="88"/></TextLine>
<TextLine HEIGHT="37" WIDTH="98" VPOS="1788" HPOS="116" STYLEREFS="font3"><String STYLE="bold" WC="0.2028571367" CONTENT="buffet," HEIGHT="37" WIDTH="98" VPOS="1788" HPOS="116"/></TextLine>
</TextBlock>
<TextBlock ID="Page1_Block20" HEIGHT="722" WIDTH="516" VPOS="1146" HPOS="355" language="de" STYLEREFS="font2"><Shape><Polygon POINTS="370,1156 634,1156 634,1160 692,1160 692,1192 874,1192 874,1874 370,1874 370,1156"/></Shape>
<TextLine HEIGHT="42" WIDTH="163" VPOS="1152" HPOS="514" STYLEREFS="font2"><String STYLE="bold" WC="0.28125" CONTENT="pandore." HEIGHT="41" WIDTH="131" VPOS="1153" HPOS="514"/><SP WIDTH="8" VPOS="1154" HPOS="646"/><String STYLE="bold" WC="0.4499999881" CONTENT="f." HEIGHT="30" WIDTH="22" VPOS="1154" HPOS="655"/></TextLine>
<TextLine HEIGHT="43" WIDTH="236" VPOS="1193" HPOS="446" STYLEREFS="font2"><String STYLE="bold" STYLEREFS="font4" WC="0.3100000024" CONTENT="4" HEIGHT="30" WIDTH="23" VPOS="1196" HPOS="446"/><String WC="1." CONTENT="&apos;" HEIGHT="17" WIDTH="12" VPOS="1200" HPOS="473"/><SP WIDTH="6" VPOS="1200" HPOS="485"/><String WC="0.275000006" CONTENT="fpaneau." HEIGHT="36" WIDTH="138" VPOS="1199" HPOS="491"/><SP WIDTH="10" VPOS="1209" HPOS="629"/><String WC="0.5224999785" CONTENT="rri." HEIGHT="30" WIDTH="43" VPOS="1201" HPOS="639"/></TextLine>
<TextLine HEIGHT="33" WIDTH="216" VPOS="1236" HPOS="449" STYLEREFS="font1"><String STYLEREFS="font2" WC="0.2899999917" CONTENT="2" HEIGHT="21" WIDTH="15" VPOS="1239" HPOS="449"/><SP WIDTH="7" VPOS="1239" HPOS="465"/><String STYLEREFS="font2" WC="1." CONTENT="1" HEIGHT="17" WIDTH="9" VPOS="1242" HPOS="473"/><SP WIDTH="8" VPOS="1242" HPOS="483"/><String STYLEREFS="font2" WC="0.1299999952" CONTENT="7" HEIGHT="25" WIDTH="13" VPOS="1243" HPOS="492"/><SP WIDTH="9" VPOS="1241" HPOS="506"/><String STYLE="bold" STYLEREFS="font2" WC="0.4885714352" CONTENT="Panier," HEIGHT="28" WIDTH="99" VPOS="1238" HPOS="516"/><SP WIDTH="12" VPOS="1247" HPOS="616"/><String STYLE="bold" STYLEREFS="font2" WC="0.3149999976" CONTENT="m;" HEIGHT="20" WIDTH="36" VPOS="1246" HPOS="629"/></TextLine>
<TextLine HEIGHT="51" WIDTH="380" VPOS="1273" HPOS="376" STYLEREFS="font1"><String STYLE="bold italics" STYLEREFS="font4" WC="0.4033333361" CONTENT="S71" HEIGHT="33" WIDTH="56" VPOS="1278" HPOS="376"/><SP WIDTH="81" VPOS="1279" HPOS="433"/><String STYLE="bold" STYLEREFS="font2" WC="0.3885714412" CONTENT="pannonceau.oi*" HEIGHT="41" WIDTH="241" VPOS="1281" HPOS="515"/></TextLine>
<TextLine HEIGHT="48" WIDTH="239" VPOS="1318" HPOS="448" STYLEREFS="font2"><String WC="0.8600000143" CONTENT="58-" HEIGHT="34" WIDTH="56" VPOS="1321" HPOS="448"/><SP WIDTH="8" VPOS="1324" HPOS="504"/><String WC="0.7262499928" CONTENT="pancbere" HEIGHT="41" WIDTH="131" VPOS="1322" HPOS="512"/><SP WIDTH="20" VPOS="1321" HPOS="643"/><String WC="0.5199999809" CONTENT="k," HEIGHT="41" WIDTH="24" VPOS="1321" HPOS="663"/></TextLine>
<TextLine HEIGHT="44" WIDTH="243" VPOS="1364" HPOS="447"><String STYLE="bold" WC="0.5799999833" CONTENT="743" HEIGHT="29" WIDTH="55" VPOS="1368" HPOS="447"/><SP WIDTH="9" VPOS="1368" HPOS="503"/><String WC="0.7255555391" CONTENT="paucouÜe." HEIGHT="43" WIDTH="148" VPOS="1364" HPOS="512"/><SP WIDTH="7" VPOS="1365" HPOS="660"/><String WC="1." CONTENT="f." HEIGHT="27" WIDTH="21" VPOS="1365" HPOS="668"/></TextLine>
<TextLine HEIGHT="47" WIDTH="294" VPOS="1400" HPOS="448" STYLEREFS="font2"><String WC="0.5666666627" CONTENT="ZÜl!pac&gt;n(pon-l" HEIGHT="46" WIDTH="242" VPOS="1401" HPOS="448"/><SP WIDTH="10" VPOS="1410" HPOS="691"/><String WC="0.5500000119" CONTENT="Ni." HEIGHT="23" WIDTH="40" VPOS="1412" HPOS="702"/></TextLine>
<TextLine HEIGHT="40" WIDTH="245" VPOS="1448" HPOS="446" STYLEREFS="font2"><String WC="0.5" CONTENT="77" HEIGHT="25" WIDTH="38" VPOS="1453" HPOS="446"/><SP WIDTH="8" VPOS="1452" HPOS="484"/><String WC="0.8140000105" CONTENT="l&gt;Papega/." HEIGHT="38" WIDTH="147" VPOS="1449" HPOS="492"/><SP WIDTH="12" VPOS="1456" HPOS="639"/><String WC="0.6499999762" CONTENT="m." HEIGHT="22" WIDTH="40" VPOS="1455" HPOS="651"/></TextLine>
<TextLine HEIGHT="44" WIDTH="247" VPOS="1484" HPOS="440" STYLEREFS="font2"><String STYLEREFS="font3" WC="0.2633333206" CONTENT="439" HEIGHT="30" WIDTH="62" VPOS="1487" HPOS="440"/><SP WIDTH="8" VPOS="1487" HPOS="503"/><String STYLE="bold" WC="0.4155555665" CONTENT="papetier." HEIGHT="38" WIDTH="126" VPOS="1489" HPOS="511"/><SP WIDTH="8" VPOS="1500" HPOS="637"/><String STYLE="bold" WC="0.2199999988" CONTENT="m;" HEIGHT="21" WIDTH="40" VPOS="1499" HPOS="646"/></TextLine>
<TextLine HEIGHT="57" WIDTH="248" VPOS="1516" HPOS="436" STYLEREFS="font2"><String STYLE="bold" WC="0.423999995" CONTENT="ibid." HEIGHT="30" WIDTH="66" VPOS="1519" HPOS="436"/><SP WIDTH="6" VPOS="1532" HPOS="503"/><String STYLE="bold" WC="0.4185714424" CONTENT="Papier," HEIGHT="41" WIDTH="100" VPOS="1530" HPOS="510"/><SP WIDTH="7" VPOS="1542" HPOS="611"/><String STYLE="bold" WC="0.2216666639" CONTENT="tri;.," HEIGHT="36" WIDTH="65" VPOS="1534" HPOS="619"/></TextLine>
<TextLine HEIGHT="73" WIDTH="411" VPOS="1550" HPOS="442"><String WC="0.2099999934" CONTENT="28" HEIGHT="29" WIDTH="40" VPOS="1568" HPOS="442"/><SP WIDTH="7" VPOS="1568" HPOS="482"/><String WC="0.2700000107" CONTENT="xL" HEIGHT="38" WIDTH="36" VPOS="1556" HPOS="489"/><SP WIDTH="40" VPOS="1555" HPOS="525"/><String WC="0.8550000191" CONTENT=".." HEIGHT="10" WIDTH="14" VPOS="1587" HPOS="566"/><SP WIDTH="41" VPOS="1585" HPOS="581"/><String WC="0.2899999917" CONTENT="qui" HEIGHT="30" WIDTH="46" VPOS="1584" HPOS="623"/><SP WIDTH="8" VPOS="1573" HPOS="669"/><String WC="0.4558333457" CONTENT="boit(ptrct’)" HEIGHT="49" WIDTH="176" VPOS="1570" HPOS="677"/></TextLine>
<TextLine HEIGHT="53" WIDTH="238" VPOS="1607" HPOS="447"><String WC="0.1299999952" CONTENT="2" HEIGHT="22" WIDTH="13" VPOS="1611" HPOS="447"/><SP WIDTH="5" VPOS="1610" HPOS="461"/><String WC="0.3466666639" CONTENT="81." HEIGHT="26" WIDTH="56" VPOS="1611" HPOS="467"/><SP WIDTH="42" VPOS="1624" HPOS="524"/><String WC="0.6800000072" CONTENT="2" HEIGHT="14" WIDTH="13" VPOS="1624" HPOS="567"/><SP WIDTH="40" VPOS="1623" HPOS="581"/><String WC="0.523999989" CONTENT="gris," HEIGHT="40" WIDTH="64" VPOS="1617" HPOS="621"/></TextLine>
<TextLine HEIGHT="51" WIDTH="250" VPOS="1648" HPOS="445"><String WC="0.2399999946" CONTENT="*" HEIGHT="17" WIDTH="15" VPOS="1658" HPOS="445"/><String STYLE="bold" WC="0.3799999952" CONTENT="5" HEIGHT="26" WIDTH="11" VPOS="1658" HPOS="465"/><String WC="0.3449999988" CONTENT="&gt;y" HEIGHT="28" WIDTH="28" VPOS="1656" HPOS="476"/><SP WIDTH="7" VPOS="1656" HPOS="505"/><String WC="0.4366666675" CONTENT="papilion." HEIGHT="49" WIDTH="132" VPOS="1649" HPOS="513"/><SP WIDTH="8" VPOS="1665" HPOS="646"/><String WC="0.3666666746" CONTENT="dia" HEIGHT="23" WIDTH="40" VPOS="1665" HPOS="655"/></TextLine>
<TextLine HEIGHT="45" WIDTH="247" VPOS="1696" HPOS="446"><String WC="0.7306249738" CONTENT="267lPapiniefe.fi" HEIGHT="45" WIDTH="247" VPOS="1696" HPOS="446"/></TextLine>
<TextLine HEIGHT="42" WIDTH="212" VPOS="1741" HPOS="448"><String WC="0.3400000036" CONTENT="197" HEIGHT="31" WIDTH="58" VPOS="1749" HPOS="448"/><SP WIDTH="11" VPOS="1753" HPOS="506"/><String WC="0.3242857158" CONTENT="papiri." HEIGHT="40" WIDTH="91" VPOS="1742" HPOS="517"/><SP WIDTH="9" VPOS="1753" HPOS="608"/><String WC="0.6200000048" CONTENT="Mi" HEIGHT="23" WIDTH="43" VPOS="1752" HPOS="617"/></TextLine>
<TextLine HEIGHT="50" WIDTH="315" VPOS="1778" HPOS="441"><String WC="0.2849999964" CONTENT="ib(d" HEIGHT="37" WIDTH="60" VPOS="1782" HPOS="441"/><SP WIDTH="13" VPOS="1783" HPOS="502"/><String WC="0.3140000105" CONTENT="petit" HEIGHT="41" WIDTH="69" VPOS="1785" HPOS="516"/><SP WIDTH="7" VPOS="1794" HPOS="586"/><String WC="0.3562499881" CONTENT="pacjust," HEIGHT="36" WIDTH="108" VPOS="1789" HPOS="594"/><SP WIDTH="8" VPOS="1795" HPOS="703"/><String WC="0.2133333385" CONTENT="ns$" HEIGHT="33" WIDTH="44" VPOS="1789" HPOS="712"/></TextLine>
<TextLine HEIGHT="34" WIDTH="51" VPOS="1826" HPOS="597" STYLEREFS="font2"><String WC="0.1199999973" CONTENT="Ut" HEIGHT="34" WIDTH="51" VPOS="1826" HPOS="597"/></TextLine>
</TextBlock><GraphicalElement ID="Page1_Block21" HEIGHT="10" WIDTH="498" VPOS="175" HPOS="23"/><GraphicalElement ID="Page1_Block22" HEIGHT="6" WIDTH="122" VPOS="175" HPOS="542"/><GraphicalElement ID="Page1_Block23" HEIGHT="15" WIDTH="319" VPOS="180" HPOS="703"/><GraphicalElement ID="Page1_Block24" HEIGHT="422" WIDTH="11" VPOS="1403" HPOS="505"/><GraphicalElement ID="Page1_Block25" HEIGHT="145" WIDTH="5" VPOS="1009" HPOS="1165"/><GraphicalElement ID="Page1_Block26" HEIGHT="281" WIDTH="6" VPOS="674" HPOS="1163"/>
</PrintSpace>
</Page>
</Layout>
</alto>