﻿<?xml version="1.0" encoding="UTF-8" standalone="yes"?>
<alto xmlns="http://www.loc.gov/standards/alto/ns-v2#" xmlns:xlink="http://www.w3.org/1999/xlink" xmlns:xsi="http://www.w3.org/2001/XMLSchema-instance" xsi:schemaLocation="http://www.loc.gov/standards/alto/ns-v2# http://www.loc.gov/standards/alto/alto-v2.0.xsd">
<Description>
<MeasurementUnit>pixel</MeasurementUnit>
<OCRProcessing ID="IdOcr"><ocrProcessingStep><processingDateTime>2017-03-20</processingDateTime><processingSoftware><softwareCreator>ABBYY</softwareCreator><softwareName>ABBYY FineReader Engine</softwareName><softwareVersion>11</softwareVersion></processingSoftware></ocrProcessingStep></OCRProcessing>
</Description>
<Styles><TextStyle ID="font0" FONTFAMILY="Times New Roman" FONTSIZE="7"/><TextStyle ID="font1" FONTFAMILY="Times New Roman" FONTSIZE="9"/><TextStyle ID="font2" FONTFAMILY="Times New Roman" FONTSIZE="11"/><TextStyle ID="font3" FONTFAMILY="Times New Roman" FONTSIZE="12"/><TextStyle ID="font4" FONTFAMILY="Times New Roman" FONTSIZE="17"/><TextStyle ID="font5" FONTFAMILY="Times New Roman" FONTSIZE="20"/>
</Styles>
<Layout>
<Page ID="Page1" PHYSICAL_IMG_NR="1" HEIGHT="2041" WIDTH="1203">
<TopMargin HEIGHT="254" WIDTH="1203" VPOS="0" HPOS="0">
</TopMargin>
<LeftMargin HEIGHT="1593" WIDTH="173" VPOS="254" HPOS="0">
</LeftMargin>
<RightMargin HEIGHT="1593" WIDTH="7" VPOS="254" HPOS="1196">
</RightMargin>
<BottomMargin HEIGHT="194" WIDTH="1203" VPOS="1847" HPOS="0">
</BottomMargin>
<PrintSpace HEIGHT="1593" WIDTH="1023" VPOS="254" HPOS="173">
<TextBlock ID="Page1_Block1" HEIGHT="273" WIDTH="879" VPOS="254" HPOS="234" language="de" STYLEREFS="font4">
<TextLine HEIGHT="54" WIDTH="186" VPOS="255" HPOS="573"><String WC="1." CONTENT="XXIX." HEIGHT="54" WIDTH="186" VPOS="255" HPOS="573"/></TextLine>
<TextLine HEIGHT="76" WIDTH="868" VPOS="447" HPOS="241" STYLEREFS="font5"><String STYLE="bold" WC="0.2220000029" CONTENT="Wilde" HEIGHT="62" WIDTH="164" VPOS="457" HPOS="241"/><SP WIDTH="8" VPOS="453" HPOS="406"/><String STYLE="bold" WC="0.5619999766" CONTENT="Wctt." HEIGHT="70" WIDTH="178" VPOS="453" HPOS="415"/><SP WIDTH="200" VPOS="447" HPOS="594"/><String STYLEREFS="font4" WC="0.3854545355" CONTENT="PerxBefti®," HEIGHT="60" WIDTH="314" VPOS="447" HPOS="795"/></TextLine>
</TextBlock><Illustration ID="Page1_Block2" HEIGHT="672" WIDTH="879" VPOS="691" HPOS="244"/>
<TextBlock ID="Page1_Block3" HEIGHT="265" WIDTH="365" VPOS="1539" HPOS="173" language="de" STYLEREFS="font2">
<TextLine HEIGHT="40" WIDTH="297" VPOS="1545" HPOS="189" STYLEREFS="font3"><String STYLE="bold" WC="0.5400000215" CONTENT="Die" HEIGHT="39" WIDTH="66" VPOS="1546" HPOS="189"/><SP WIDTH="11" VPOS="1549" HPOS="256"/><String STYLE="bold" WC="0.3966666758" CONTENT="wilde»" HEIGHT="35" WIDTH="100" VPOS="1545" HPOS="268"/><SP WIDTH="6" VPOS="1548" HPOS="369"/><String STYLE="bold" WC="0.521666646" CONTENT="Tbiere" HEIGHT="38" WIDTH="110" VPOS="1546" HPOS="376"/></TextLine>
<TextLine HEIGHT="50" WIDTH="241" VPOS="1625" HPOS="191" STYLEREFS="font3"><String STYLE="bold" WC="0.4539999962" CONTENT="haben" HEIGHT="40" WIDTH="89" VPOS="1631" HPOS="191"/><SP WIDTH="10" VPOS="1629" HPOS="281"/><String STYLE="bold" WC="0.6924999952" CONTENT="scharffe" HEIGHT="44" WIDTH="108" VPOS="1625" HPOS="292"/><SP WIDTH="19" VPOS="1634" HPOS="401"/><String STYLE="bold" WC="1." CONTENT="^" HEIGHT="12" WIDTH="11" VPOS="1663" HPOS="421"/></TextLine>
<TextLine HEIGHT="41" WIDTH="322" VPOS="1666" HPOS="189"><String STYLE="bold" WC="0.5500000119" CONTENT="Ll«»ew" HEIGHT="36" WIDTH="133" VPOS="1671" HPOS="189"/><SP WIDTH="8" VPOS="1677" HPOS="323"/><String STYLE="bold" WC="0.5" CONTENT="«ad" HEIGHT="34" WIDTH="56" VPOS="1669" HPOS="332"/><SP WIDTH="9" VPOS="1669" HPOS="389"/><String STYLE="bold" WC="0.6383333206" CONTENT="3«hne/" HEIGHT="36" WIDTH="112" VPOS="1666" HPOS="399"/></TextLine>
<TextLine HEIGHT="52" WIDTH="338" VPOS="1746" HPOS="194"><String STYLE="bold" WC="0.5364999771" CONTENT="««dBdFleischftäffii»" HEIGHT="52" WIDTH="338" VPOS="1746" HPOS="194"/></TextLine>
</TextBlock>
<TextBlock ID="Page1_Block4" HEIGHT="303" WIDTH="272" VPOS="1533" HPOS="582" language="de" STYLEREFS="font0">
<TextLine HEIGHT="38" WIDTH="85" VPOS="1546" HPOS="623"><String STYLE="bold italics" WC="0.6666666865" CONTENT="Mvftia" HEIGHT="38" WIDTH="85" VPOS="1546" HPOS="623"/></TextLine>
<TextLine HEIGHT="32" WIDTH="204" VPOS="1623" HPOS="588"><String STYLEREFS="font1" WC="0.2849999964" CONTENT="haben:acütos" HEIGHT="32" WIDTH="204" VPOS="1623" HPOS="588"/></TextLine>
<TextLine HEIGHT="39" WIDTH="235" VPOS="1668" HPOS="590"><String STYLE="bold italics" WC="0.2399999946" CONTENT="ungues" HEIGHT="29" WIDTH="94" VPOS="1678" HPOS="590"/><SP WIDTH="6" VPOS="1668" HPOS="685"/><String STYLE="bold" WC="1." CONTENT="&amp;" HEIGHT="27" WIDTH="26" VPOS="1668" HPOS="692"/><SP WIDTH="8" VPOS="1668" HPOS="719"/><String STYLE="bold italics" WC="0.2785714269" CONTENT="dinttlj" HEIGHT="34" WIDTH="97" VPOS="1669" HPOS="728"/></TextLine>
<TextLine HEIGHT="30" WIDTH="257" VPOS="1751" HPOS="592" STYLEREFS="font1"><String WC="0.2471428514" CONTENT="iuntaue" HEIGHT="23" WIDTH="112" VPOS="1758" HPOS="592"/><SP WIDTH="21" VPOS="1761" HPOS="705"/><String WC="0.2924999893" CONTENT="earnivo-" HEIGHT="30" WIDTH="122" VPOS="1751" HPOS="727"/></TextLine>
<TextLine HEIGHT="39" WIDTH="55" VPOS="1790" HPOS="793" STYLEREFS="font1"><String WC="0.3574999869" CONTENT="£rx," HEIGHT="39" WIDTH="55" VPOS="1790" HPOS="793"/></TextLine>
</TextBlock>
<TextBlock ID="Page1_Block5" HEIGHT="343" WIDTH="342" VPOS="1504" HPOS="854" language="de" STYLEREFS="font3"><Shape><Polygon POINTS="894,1504 1196,1504 1196,1847 858,1847 858,1748 856,1748 856,1710 854,1710 854,1624 892,1624 892,1580 854,1580 854,1536 894,1536 894,1504"/></Shape>
<TextLine HEIGHT="65" WIDTH="320" VPOS="1510" HPOS="857" STYLEREFS="font1"><String WC="0.4285714328" CONTENT="Beftia," HEIGHT="35" WIDTH="93" VPOS="1540" HPOS="857"/><SP WIDTH="7" VPOS="1541" HPOS="951"/><String WC="0.5849999785" CONTENT="f." HEIGHT="29" WIDTH="20" VPOS="1541" HPOS="959"/><SP WIDTH="12" VPOS="1552" HPOS="980"/><String WC="0.4499999881" CONTENT="i." HEIGHT="20" WIDTH="23" VPOS="1552" HPOS="993"/><SP WIDTH="15" VPOS="1541" HPOS="1017"/><String WC="0.5099999905" CONTENT="daF" HEIGHT="33" WIDTH="53" VPOS="1540" HPOS="1033"/><SP WIDTH="17" VPOS="1537" HPOS="1087"/><String WC="0.2549999952" CONTENT="W&apos;" HEIGHT="30" WIDTH="31" VPOS="1537" HPOS="1105"/><String STYLE="superscript" WC="0.7400000095" CONTENT="1" HEIGHT="33" WIDTH="8" VPOS="1525" HPOS="1139"/><String WC="1." CONTENT="^" HEIGHT="45" WIDTH="28" VPOS="1510" HPOS="1149"/></TextLine>
<TextLine HEIGHT="34" WIDTH="99" VPOS="1584" HPOS="895"><String STYLE="bold" WC="0.5466666818" CONTENT="Tdier." HEIGHT="34" WIDTH="99" VPOS="1584" HPOS="895"/></TextLine>
<TextLine HEIGHT="46" WIDTH="307" VPOS="1617" HPOS="858" STYLEREFS="font1"><String WC="0.4724999964" CONTENT="Acutus,a,um," HEIGHT="32" WIDTH="194" VPOS="1628" HPOS="858"/><SP WIDTH="13" VPOS="1620" HPOS="1053"/><String WC="0.5749999881" CONTENT="sch«^&apos;" HEIGHT="46" WIDTH="98" VPOS="1617" HPOS="1067"/></TextLine>
<TextLine HEIGHT="53" WIDTH="322" VPOS="1653" HPOS="858" STYLEREFS="font1"><String STYLE="bold" WC="0.5438888669" CONTENT="Unzuisjm.z.dleKla&quot;" HEIGHT="53" WIDTH="296" VPOS="1653" HPOS="858"/><SP WIDTH="16" VPOS="1653" HPOS="1155"/><String STYLE="bold" WC="1." CONTENT="&apos;" HEIGHT="11" WIDTH="8" VPOS="1657" HPOS="1172"/></TextLine>
<TextLine HEIGHT="56" WIDTH="322" VPOS="1688" HPOS="859"><String STYLE="bold" WC="0.6107692122" CONTENT="v-ns.m.;.derE" HEIGHT="56" WIDTH="322" VPOS="1688" HPOS="859"/></TextLine>
<TextLine HEIGHT="30" WIDTH="243" VPOS="1730" HPOS="938"><String STYLE="italics" WC="1." CONTENT="&apos;" HEIGHT="9" WIDTH="6" VPOS="1730" HPOS="938"/><SP WIDTH="123" VPOS="1730" HPOS="945"/><String STYLE="italics" WC="0.6100000143" CONTENT="," HEIGHT="7" WIDTH="8" VPOS="1753" HPOS="1069"/><SP WIDTH="50" VPOS="1740" HPOS="1078"/><String STYLE="bold" WC="0.5939999819" CONTENT="ufl*»" HEIGHT="26" WIDTH="52" VPOS="1732" HPOS="1129"/></TextLine>
<TextLine HEIGHT="27" WIDTH="246" VPOS="1752" HPOS="861" STYLEREFS="font1"><String WC="0.3770000041" CONTENT="Carnivorus" HEIGHT="27" WIDTH="161" VPOS="1752" HPOS="861"/><SP WIDTH="16" VPOS="1758" HPOS="1023"/><String WC="0.75" CONTENT="," HEIGHT="14" WIDTH="7" VPOS="1764" HPOS="1040"/><SP WIDTH="15" VPOS="1753" HPOS="1048"/><String WC="0." CONTENT="a" HEIGHT="16" WIDTH="15" VPOS="1753" HPOS="1064"/><SP WIDTH="18" VPOS="1753" HPOS="1080"/><String WC="0.3300000131" CONTENT="j" HEIGHT="14" WIDTH="8" VPOS="1757" HPOS="1099"/></TextLine>
<TextLine HEIGHT="65" WIDTH="283" VPOS="1781" HPOS="900" STYLEREFS="font3"><String STYLE="bold" WC="0.6710000038" CONTENT="MischfrG»-" HEIGHT="49" WIDTH="200" VPOS="1781" HPOS="900"/><SP WIDTH="17" VPOS="1791" HPOS="1101"/><String STYLE="italics" WC="1." CONTENT="^" HEIGHT="55" WIDTH="64" VPOS="1791" HPOS="1119"/></TextLine>
</TextBlock><GraphicalElement ID="Page1_Block6" HEIGHT="16" WIDTH="856" VPOS="716" HPOS="248"/><GraphicalElement ID="Page1_Block7" HEIGHT="4" WIDTH="100" VPOS="828" HPOS="1006"/><GraphicalElement ID="Page1_Block8" HEIGHT="5" WIDTH="139" VPOS="840" HPOS="968"/><GraphicalElement ID="Page1_Block9" HEIGHT="5" WIDTH="169" VPOS="853" HPOS="938"/><GraphicalElement ID="Page1_Block10" HEIGHT="6" WIDTH="195" VPOS="865" HPOS="913"/><GraphicalElement ID="Page1_Block11" HEIGHT="5" WIDTH="204" VPOS="880" HPOS="904"/><GraphicalElement ID="Page1_Block12" HEIGHT="5" WIDTH="140" VPOS="894" HPOS="969"/><GraphicalElement ID="Page1_Block13" HEIGHT="5" WIDTH="146" VPOS="938" HPOS="637"/><GraphicalElement ID="Page1_Block14" HEIGHT="8" WIDTH="150" VPOS="1099" HPOS="358"/><GraphicalElement ID="Page1_Block15" HEIGHT="10" WIDTH="200" VPOS="1190" HPOS="250"/><GraphicalElement ID="Page1_Block16" HEIGHT="11" WIDTH="150" VPOS="1207" HPOS="967"/><GraphicalElement ID="Page1_Block17" HEIGHT="9" WIDTH="172" VPOS="1305" HPOS="944"/><GraphicalElement ID="Page1_Block18" HEIGHT="11" WIDTH="256" VPOS="1321" HPOS="396"/><GraphicalElement ID="Page1_Block19" HEIGHT="22" WIDTH="718" VPOS="1331" HPOS="393"/><GraphicalElement ID="Page1_Block20" HEIGHT="203" WIDTH="14" VPOS="723" HPOS="246"/><GraphicalElement ID="Page1_Block21" HEIGHT="188" WIDTH="13" VPOS="1107" HPOS="250"/><GraphicalElement ID="Page1_Block22" HEIGHT="229" WIDTH="11" VPOS="1552" HPOS="577"/><GraphicalElement ID="Page1_Block23" HEIGHT="269" WIDTH="5" VPOS="1553" HPOS="852"/><GraphicalElement ID="Page1_Block24" HEIGHT="630" WIDTH="24" VPOS="713" HPOS="1093"/><GraphicalElement ID="Page1_Block25" HEIGHT="55" WIDTH="2" VPOS="1237" HPOS="1117"/><Illustration ID="Page1_Block26" HEIGHT="54" WIDTH="134" VPOS="1295" HPOS="257"/>
</PrintSpace>
</Page>
</Layout>
</alto>