﻿<?xml version="1.0" encoding="UTF-8" standalone="yes"?>
<alto xmlns="http://www.loc.gov/standards/alto/ns-v2#" xmlns:xlink="http://www.w3.org/1999/xlink" xmlns:xsi="http://www.w3.org/2001/XMLSchema-instance" xsi:schemaLocation="http://www.loc.gov/standards/alto/ns-v2# http://www.loc.gov/standards/alto/alto-v2.0.xsd">
<Description>
<MeasurementUnit>pixel</MeasurementUnit>
<OCRProcessing ID="IdOcr"><ocrProcessingStep><processingDateTime>2017-03-20</processingDateTime><processingSoftware><softwareCreator>ABBYY</softwareCreator><softwareName>ABBYY FineReader Engine</softwareName><softwareVersion>11</softwareVersion></processingSoftware></ocrProcessingStep></OCRProcessing>
</Description>
<Styles><TextStyle ID="font0" FONTFAMILY="Courier New" FONTSIZE="10"/><TextStyle ID="font1" FONTFAMILY="Times New Roman" FONTSIZE="7"/><TextStyle ID="font2" FONTFAMILY="Times New Roman" FONTSIZE="8"/><TextStyle ID="font3" FONTFAMILY="Times New Roman" FONTSIZE="9"/><TextStyle ID="font4" FONTFAMILY="Times New Roman" FONTSIZE="10"/><TextStyle ID="font5" FONTFAMILY="Times New Roman" FONTSIZE="12"/>
</Styles>
<Layout>
<Page ID="Page1" PHYSICAL_IMG_NR="1" HEIGHT="2058" WIDTH="1268">
<TopMargin HEIGHT="147" WIDTH="1268" VPOS="0" HPOS="0">
</TopMargin>
<LeftMargin HEIGHT="1256" WIDTH="153" VPOS="147" HPOS="0">
</LeftMargin>
<BottomMargin HEIGHT="655" WIDTH="1268" VPOS="1403" HPOS="0">
</BottomMargin>
<PrintSpace HEIGHT="1256" WIDTH="1115" VPOS="147" HPOS="153">
<TextBlock ID="Page1_Block1" HEIGHT="64" WIDTH="274" VPOS="147" HPOS="509" language="de" STYLEREFS="font5"><Shape><Polygon POINTS="541,160 814,160 814,220 541,220 541,160"/></Shape>
<TextLine HEIGHT="52" WIDTH="261" VPOS="153" HPOS="516"><String STYLE="bold" WC="1." CONTENT="WZ" HEIGHT="49" WIDTH="79" VPOS="156" HPOS="516"/><SP WIDTH="22" VPOS="156" HPOS="596"/><String STYLE="bold" WC="0.4399999976" CONTENT="(" HEIGHT="46" WIDTH="19" VPOS="157" HPOS="619"/><SP WIDTH="25" VPOS="157" HPOS="639"/><String STYLE="bold" WC="0.4099999964" CONTENT="290" HEIGHT="35" WIDTH="70" VPOS="165" HPOS="665"/><SP WIDTH="23" VPOS="155" HPOS="736"/><String STYLE="bold" WC="0.1800000072" CONTENT=")" HEIGHT="44" WIDTH="17" VPOS="155" HPOS="760"/></TextLine>
</TextBlock>
<TextBlock ID="Page1_Block2" HEIGHT="1174" WIDTH="429" VPOS="225" HPOS="154" language="de" STYLEREFS="font5"><Shape><Polygon POINTS="184,234 596,234 596,974 600,974 600,1032 572,1032 572,1402 184,1402 184,234"/></Shape>
<TextLine HEIGHT="37" WIDTH="157" VPOS="232" HPOS="171"><String STYLE="bold" WC="0.3828571439" CONTENT="welches" HEIGHT="36" WIDTH="112" VPOS="233" HPOS="171"/><SP WIDTH="13" VPOS="234" HPOS="284"/><String STYLE="bold" WC="0.3350000083" CONTENT="er" HEIGHT="23" WIDTH="30" VPOS="237" HPOS="298"/></TextLine>
<TextLine HEIGHT="45" WIDTH="330" VPOS="263" HPOS="172" STYLEREFS="font5"><String STYLE="bold" WC="0.5199999809" CONTENT="aus" HEIGHT="32" WIDTH="56" VPOS="275" HPOS="172"/><SP WIDTH="12" VPOS="274" HPOS="228"/><String STYLE="bold" WC="0.3766666651" CONTENT="dem" HEIGHT="30" WIDTH="61" VPOS="273" HPOS="240"/><SP WIDTH="8" VPOS="267" HPOS="301"/><String STYLE="bold" WC="0.5037500262" CONTENT="Futteral" HEIGHT="43" WIDTH="157" VPOS="263" HPOS="309"/><SP WIDTH="14" VPOS="263" HPOS="466"/><String STYLE="bold" WC="0.3400000036" CONTENT="4" HEIGHT="29" WIDTH="22" VPOS="274" HPOS="480"/></TextLine>
<TextLine HEIGHT="43" WIDTH="213" VPOS="308" HPOS="172" STYLEREFS="font5"><String STYLE="bold" WC="0.3292307556" CONTENT="hervorlanget;" HEIGHT="43" WIDTH="213" VPOS="308" HPOS="172"/></TextLine>
<TextLine HEIGHT="44" WIDTH="222" VPOS="393" HPOS="213"><String STYLE="bold" WC="0.2599999905" CONTENT="Md" HEIGHT="35" WIDTH="58" VPOS="396" HPOS="213"/><SP WIDTH="9" VPOS="396" HPOS="271"/><String STYLE="bold" WC="0.2885714173" CONTENT="waschet" HEIGHT="42" WIDTH="113" VPOS="394" HPOS="280"/><SP WIDTH="7" VPOS="393" HPOS="393"/><String STYLE="bold" WC="0.4666666687" CONTENT="sie" HEIGHT="38" WIDTH="35" VPOS="393" HPOS="400"/></TextLine>
<TextLine HEIGHT="50" WIDTH="393" VPOS="428" HPOS="173"><String STYLE="bold" WC="0.4449999928" CONTENT="über" HEIGHT="40" WIDTH="70" VPOS="434" HPOS="173"/><SP WIDTH="18" VPOS="439" HPOS="243"/><String STYLE="bold" WC="0.400000006" CONTENT="dem" HEIGHT="34" WIDTH="62" VPOS="438" HPOS="261"/><SP WIDTH="14" VPOS="435" HPOS="323"/><String STYLE="bold" WC="0.4922222197" CONTENT="Waschfaß/" HEIGHT="47" WIDTH="197" VPOS="428" HPOS="337"/><SP WIDTH="16" VPOS="437" HPOS="534"/><String STYLE="bold" WC="0.1700000018" CONTENT=";" HEIGHT="28" WIDTH="16" VPOS="440" HPOS="550"/></TextLine>
<TextLine HEIGHT="51" WIDTH="335" VPOS="468" HPOS="234"><String STYLE="bold" WC="0.4839999974" CONTENT="svder" HEIGHT="39" WIDTH="77" VPOS="478" HPOS="234"/><SP WIDTH="6" VPOS="476" HPOS="312"/><String STYLE="bold" WC="0.5183333158" CONTENT="Waschbecken." HEIGHT="50" WIDTH="250" VPOS="468" HPOS="319"/></TextLine>
<TextLine HEIGHT="42" WIDTH="199" VPOS="529" HPOS="179"><String STYLE="bold" WC="0.3766666651" CONTENT="mit" HEIGHT="35" WIDTH="54" VPOS="531" HPOS="179"/><SP WIDTH="7" VPOS="533" HPOS="234"/><String STYLE="bold" WC="0.6616666913" CONTENT="Lauge/" HEIGHT="39" WIDTH="136" VPOS="531" HPOS="242"/></TextLine>
<TextLine HEIGHT="46" WIDTH="208" VPOS="563" HPOS="178"><String STYLE="bold" WC="0.3416666687" CONTENT="welche" HEIGHT="45" WIDTH="101" VPOS="564" HPOS="178"/><SP WIDTH="14" VPOS="569" HPOS="279"/><String STYLE="bold" WC="0.3337500095" CONTENT="flteffet" HEIGHT="40" WIDTH="93" VPOS="567" HPOS="293"/></TextLine>
<TextLine HEIGHT="48" WIDTH="339" VPOS="601" HPOS="176"><String STYLE="bold" WC="0.5133333206" CONTENT="aus" HEIGHT="33" WIDTH="59" VPOS="614" HPOS="176"/><SP WIDTH="6" VPOS="613" HPOS="235"/><String STYLE="bold" WC="0.3166666627" CONTENT="dem" HEIGHT="33" WIDTH="61" VPOS="612" HPOS="241"/><SP WIDTH="14" VPOS="608" HPOS="302"/><String STYLE="bold" WC="0.354285717" CONTENT="Gießfaß" HEIGHT="45" WIDTH="159" VPOS="602" HPOS="316"/><String STYLE="bold" STYLEREFS="font0" WC="0.6800000072" CONTENT="/6" HEIGHT="30" WIDTH="37" VPOS="605" HPOS="477"/></TextLine>
<TextLine HEIGHT="48" WIDTH="367" VPOS="688" HPOS="178" STYLEREFS="font5"><String STYLE="bold" WC="0.3400000036" CONTENT="Wie" HEIGHT="36" WIDTH="54" VPOS="700" HPOS="179"/><SP WIDTH="6" VPOS="706" HPOS="234"/><String STYLE="bold" WC="0.4824999869" CONTENT="auch" HEIGHT="36" WIDTH="68" VPOS="697" HPOS="240"/><SP WIDTH="10" VPOS="697" HPOS="308"/><String STYLE="bold" WC="0.6000000238" CONTENT="mit" HEIGHT="35" WIDTH="54" VPOS="693" HPOS="318"/><SP WIDTH="8" VPOS="693" HPOS="372"/><String STYLE="bold" WC="0.6314285994" CONTENT="Seiffe;" HEIGHT="45" WIDTH="133" VPOS="688" HPOS="380"/><SP WIDTH="14" VPOS="699" HPOS="514"/><String STYLE="bold" WC="1." CONTENT="7" HEIGHT="25" WIDTH="16" VPOS="705" HPOS="529"/></TextLine>
<TextLine HEIGHT="43" WIDTH="231" VPOS="730" HPOS="220" STYLEREFS="font5"><String STYLE="bold" WC="0.4166666567" CONTENT="und" HEIGHT="35" WIDTH="59" VPOS="737" HPOS="220"/><SP WIDTH="8" VPOS="737" HPOS="279"/><String STYLE="bold" WC="0.4362500012" CONTENT="trocknet" HEIGHT="37" WIDTH="122" VPOS="733" HPOS="287"/><SP WIDTH="7" VPOS="731" HPOS="409"/><String STYLE="bold" WC="0.3033333421" CONTENT="sie" HEIGHT="40" WIDTH="35" VPOS="730" HPOS="416"/></TextLine>
<TextLine HEIGHT="47" WIDTH="356" VPOS="770" HPOS="181" STYLEREFS="font5"><String STYLE="bold" WC="0.4326666594" CONTENT="mitdem^aarruch;" HEIGHT="46" WIDTH="320" VPOS="771" HPOS="181"/><SP WIDTH="16" VPOS="772" HPOS="502"/><String STYLE="bold" WC="0.2199999988" CONTENT="8" HEIGHT="29" WIDTH="18" VPOS="772" HPOS="519"/></TextLine>
<TextLine HEIGHT="40" WIDTH="169" VPOS="860" HPOS="184"><String STYLE="bold" WC="0.3316666782" CONTENT="kämmet" HEIGHT="39" WIDTH="122" VPOS="861" HPOS="184"/><SP WIDTH="12" VPOS="862" HPOS="306"/><String STYLE="bold" WC="0.4566666782" CONTENT="sie" HEIGHT="36" WIDTH="35" VPOS="861" HPOS="318"/></TextLine>
<TextLine HEIGHT="42" WIDTH="324" VPOS="895" HPOS="185"><String STYLE="bold" WC="0.3100000024" CONTENT="mlt" HEIGHT="32" WIDTH="53" VPOS="905" HPOS="185"/><SP WIDTH="14" VPOS="904" HPOS="239"/><String STYLE="bold" WC="0.5166666508" CONTENT="dem" HEIGHT="31" WIDTH="62" VPOS="903" HPOS="254"/><SP WIDTH="7" VPOS="898" HPOS="317"/><String STYLE="bold" WC="0.4219999909" CONTENT="Ramm;" HEIGHT="39" WIDTH="155" VPOS="895" HPOS="325"/><SP WIDTH="9" VPOS="901" HPOS="481"/><String STYLE="bold" WC="0.7699999809" CONTENT="9" HEIGHT="27" WIDTH="18" VPOS="901" HPOS="491"/></TextLine>
<TextLine HEIGHT="51" WIDTH="214" VPOS="935" HPOS="185"><String STYLE="bold" WC="0.5149999857" CONTENT="kräuselt" HEIGHT="40" WIDTH="118" VPOS="938" HPOS="185"/><SP WIDTH="17" VPOS="937" HPOS="303"/><String STYLE="bold" WC="0.5724999905" CONTENT="sie/" HEIGHT="38" WIDTH="45" VPOS="936" HPOS="320"/><SP WIDTH="22" VPOS="941" HPOS="366"/><String STYLE="bold" WC="1." CONTENT="^" HEIGHT="12" WIDTH="10" VPOS="971" HPOS="389"/></TextLine>
<TextLine HEIGHT="54" WIDTH="395" VPOS="970" HPOS="184" STYLEREFS="font5"><String STYLE="bold" WC="0.3766666651" CONTENT="mit" HEIGHT="35" WIDTH="57" VPOS="982" HPOS="184"/><SP WIDTH="6" VPOS="981" HPOS="241"/><String STYLE="bold" WC="0.2899999917" CONTENT="dem" HEIGHT="35" WIDTH="61" VPOS="980" HPOS="247"/><SP WIDTH="10" VPOS="976" HPOS="308"/><String STYLE="bold" WC="0.5430769324" CONTENT="Rraußeiseu.io" HEIGHT="52" WIDTH="261" VPOS="970" HPOS="318"/></TextLine>
<TextLine HEIGHT="41" WIDTH="126" VPOS="1066" HPOS="224" STYLEREFS="font5"><String STYLE="bold" WC="0.3771428466" CONTENT="Zuweiin" HEIGHT="41" WIDTH="126" VPOS="1066" HPOS="224"/></TextLine>
<TextLine HEIGHT="47" WIDTH="263" VPOS="1103" HPOS="188" STYLEREFS="font5"><String WC="0.621999979" CONTENT="lässt" HEIGHT="44" WIDTH="62" VPOS="1106" HPOS="188"/><SP WIDTH="11" VPOS="1113" HPOS="250"/><String STYLE="bold" WC="0.3350000083" CONTENT="er" HEIGHT="26" WIDTH="28" VPOS="1117" HPOS="261"/><SP WIDTH="11" VPOS="1116" HPOS="289"/><String WC="0.4699999988" CONTENT="zur" HEIGHT="33" WIDTH="48" VPOS="1114" HPOS="300"/><SP WIDTH="8" VPOS="1106" HPOS="348"/><String WC="0.3224999905" CONTENT="Ader" HEIGHT="37" WIDTH="95" VPOS="1105" HPOS="356"/></TextLine>
<TextLine HEIGHT="50" WIDTH="351" VPOS="1191" HPOS="190"><String STYLE="bold" WC="0.4206666648" CONTENT="mitdemLaßeisen/" HEIGHT="49" WIDTH="306" VPOS="1192" HPOS="190"/><SP WIDTH="11" VPOS="1200" HPOS="497"/><String STYLE="bold" WC="1." CONTENT="n" HEIGHT="23" WIDTH="32" VPOS="1202" HPOS="509"/></TextLine>
<TextLine HEIGHT="39" WIDTH="211" VPOS="1235" HPOS="189"><String STYLE="bold" WC="0.3799999952" CONTENT="da" HEIGHT="32" WIDTH="39" VPOS="1238" HPOS="189"/><SP WIDTH="14" VPOS="1238" HPOS="228"/><String STYLE="bold" WC="0.3971428573" CONTENT="dasBluc" HEIGHT="38" WIDTH="158" VPOS="1235" HPOS="242"/></TextLine>
<TextLine HEIGHT="42" WIDTH="252" VPOS="1272" HPOS="190"><String STYLE="bold" WC="0.53285712" CONTENT="herausschiest." HEIGHT="42" WIDTH="206" VPOS="1272" HPOS="190"/><SP WIDTH="13" VPOS="1284" HPOS="396"/><String STYLE="bold" WC="0.4449999928" CONTENT="I2" HEIGHT="21" WIDTH="32" VPOS="1281" HPOS="409"/></TextLine>
<TextLine HEIGHT="42" WIDTH="285" VPOS="1310" HPOS="231"><String STYLE="bold" WC="0.2800000012" CONTENT="Der" HEIGHT="35" WIDTH="66" VPOS="1313" HPOS="231"/><SP WIDTH="12" VPOS="1315" HPOS="298"/><String STYLE="bold" WC="0.3211111128" CONTENT="wundartzr" HEIGHT="39" WIDTH="205" VPOS="1312" HPOS="311"/></TextLine>
<TextLine HEIGHT="44" WIDTH="319" VPOS="1349" HPOS="194"><String STYLE="bold" WC="0.521666646" CONTENT="Keilet" HEIGHT="40" WIDTH="82" VPOS="1353" HPOS="194"/><SP WIDTH="9" VPOS="1353" HPOS="276"/><String STYLE="bold" WC="0.5133333206" CONTENT="die" HEIGHT="34" WIDTH="43" VPOS="1352" HPOS="285"/><SP WIDTH="8" VPOS="1351" HPOS="328"/><String STYLE="bold" WC="0.5066666603" CONTENT="wundem" HEIGHT="36" WIDTH="177" VPOS="1349" HPOS="336"/></TextLine>
</TextBlock>
<TextBlock ID="Page1_Block3" HEIGHT="1163" WIDTH="319" VPOS="221" HPOS="574" language="de" STYLEREFS="font3"><Shape><Polygon POINTS="604,236 904,236 904,1394 610,1394 610,1244 604,1244 604,1110 606,1110 606,436 604,436 604,236"/></Shape>
<TextLine HEIGHT="29" WIDTH="89" VPOS="232" HPOS="578"><String WC="0.2949999869" CONTENT="quam" HEIGHT="29" WIDTH="89" VPOS="232" HPOS="578"/></TextLine>
<TextLine HEIGHT="38" WIDTH="142" VPOS="260" HPOS="579"><String STYLE="italics" WC="0.7300000191" CONTENT="i" HEIGHT="29" WIDTH="13" VPOS="263" HPOS="579"/><SP WIDTH="10" VPOS="263" HPOS="592"/><String STYLE="italics" WC="0.5428571701" CONTENT="tbecä-," HEIGHT="37" WIDTH="82" VPOS="261" HPOS="602"/><SP WIDTH="16" VPOS="270" HPOS="684"/><String STYLE="italics" WC="0.5799999833" CONTENT="4" HEIGHT="24" WIDTH="21" VPOS="270" HPOS="700"/></TextLine>
<TextLine HEIGHT="41" WIDTH="161" VPOS="301" HPOS="581"><String WC="0.325555563" CONTENT="depromit;" HEIGHT="41" WIDTH="161" VPOS="301" HPOS="581"/></TextLine>
<TextLine HEIGHT="32" WIDTH="109" VPOS="388" HPOS="622"><String WC="0.3228571415" CONTENT="Stlavat" HEIGHT="32" WIDTH="109" VPOS="388" HPOS="622"/></TextLine>
<TextLine HEIGHT="44" WIDTH="237" VPOS="426" HPOS="582"><String WC="0.5040000081" CONTENT="super" HEIGHT="39" WIDTH="82" VPOS="431" HPOS="582"/><SP WIDTH="13" VPOS="437" HPOS="664"/><String WC="0.2899999917" CONTENT="pf" HEIGHT="31" WIDTH="31" VPOS="436" HPOS="677"/><String STYLE="italics" WC="0.5849999785" CONTENT="lvim" HEIGHT="29" WIDTH="68" VPOS="427" HPOS="709"/><String STYLE="subscript italics" WC="1." CONTENT="}" HEIGHT="16" WIDTH="9" VPOS="448" HPOS="777"/><SP WIDTH="19" VPOS="437" HPOS="786"/><String WC="0.2399999946" CONTENT="y" HEIGHT="28" WIDTH="14" VPOS="436" HPOS="805"/></TextLine>
<TextLine HEIGHT="31" WIDTH="106" VPOS="519" HPOS="584" STYLEREFS="font3"><String STYLE="italics" WC="0.8525000215" CONTENT="lixivio," HEIGHT="31" WIDTH="106" VPOS="519" HPOS="584"/></TextLine>
<TextLine HEIGHT="43" WIDTH="193" VPOS="555" HPOS="586" STYLEREFS="font3"><String WC="0.5874999762" CONTENT="quod" HEIGHT="41" WIDTH="80" VPOS="557" HPOS="586"/><SP WIDTH="13" VPOS="557" HPOS="666"/><String WC="0.2714285851" CONTENT="defluic" HEIGHT="32" WIDTH="100" VPOS="555" HPOS="679"/></TextLine>
<TextLine HEIGHT="40" WIDTH="197" VPOS="598" HPOS="587" STYLEREFS="font3"><String STYLE="italics" WC="0.4509090781" CONTENT="egutturnio," HEIGHT="39" WIDTH="163" VPOS="599" HPOS="587"/><SP WIDTH="15" VPOS="601" HPOS="750"/><String STYLE="bold italics" STYLEREFS="font2" WC="0.3899999857" CONTENT="6" HEIGHT="23" WIDTH="17" VPOS="601" HPOS="766"/></TextLine>
<TextLine HEIGHT="41" WIDTH="209" VPOS="685" HPOS="587"><String WC="0.5799999833" CONTENT="ut" HEIGHT="22" WIDTH="31" VPOS="697" HPOS="588"/><SP WIDTH="9" VPOS="693" HPOS="619"/><String WC="0.9300000072" CONTENT="&amp;" HEIGHT="26" WIDTH="26" VPOS="692" HPOS="628"/><SP WIDTH="2" VPOS="687" HPOS="654"/><String STYLE="italics" WC="0.3199999928" CONTENT="fäpone" HEIGHT="39" WIDTH="92" VPOS="686" HPOS="656"/><SP WIDTH="6" VPOS="692" HPOS="748"/><String WC="1." CONTENT="&gt;" HEIGHT="13" WIDTH="8" VPOS="703" HPOS="755"/><SP WIDTH="13" VPOS="696" HPOS="764"/><String WC="0.2800000012" CONTENT="7" HEIGHT="25" WIDTH="18" VPOS="696" HPOS="778"/></TextLine>
<TextLine HEIGHT="39" WIDTH="124" VPOS="725" HPOS="632"><String WC="0.4562500119" CONTENT="&amp;vtergic" HEIGHT="39" WIDTH="124" VPOS="725" HPOS="632"/></TextLine>
<TextLine HEIGHT="32" WIDTH="121" VPOS="765" HPOS="588"><String STYLE="italics" WC="0.6750000119" CONTENT="linteo-," HEIGHT="29" WIDTH="89" VPOS="768" HPOS="588"/><SP WIDTH="14" VPOS="766" HPOS="678"/><String WC="0.1400000006" CONTENT="8" HEIGHT="27" WIDTH="16" VPOS="765" HPOS="693"/></TextLine>
<TextLine HEIGHT="40" WIDTH="89" VPOS="849" HPOS="593"><String WC="0.6000000238" CONTENT="pe" HEIGHT="30" WIDTH="34" VPOS="859" HPOS="593"/><String STYLE="bold" STYLEREFS="font4" WC="0.1400000006" CONTENT="3" HEIGHT="30" WIDTH="24" VPOS="849" HPOS="630"/><String WC="0.2800000012" CONTENT="ic" HEIGHT="30" WIDTH="25" VPOS="849" HPOS="657"/></TextLine>
<TextLine HEIGHT="41" WIDTH="140" VPOS="890" HPOS="592"><String STYLE="italics" WC="0.462857157" CONTENT="pcclint" HEIGHT="39" WIDTH="91" VPOS="891" HPOS="592"/><SP WIDTH="5" VPOS="901" HPOS="684"/><String WC="0.4699999988" CONTENT="j" HEIGHT="22" WIDTH="7" VPOS="902" HPOS="690"/><SP WIDTH="16" VPOS="901" HPOS="698"/><String WC="0.150000006" CONTENT="9" HEIGHT="28" WIDTH="17" VPOS="901" HPOS="715"/></TextLine>
<TextLine HEIGHT="42" WIDTH="117" VPOS="931" HPOS="593"><String WC="0.3862499893" CONTENT="crifpac," HEIGHT="42" WIDTH="117" VPOS="931" HPOS="593"/></TextLine>
<TextLine HEIGHT="44" WIDTH="199" VPOS="970" HPOS="592"><String STYLE="italics" WC="0.3759999871" CONTENT="calamißro," HEIGHT="43" WIDTH="150" VPOS="971" HPOS="592"/><SP WIDTH="13" VPOS="978" HPOS="742"/><String WC="1." CONTENT="I" HEIGHT="21" WIDTH="11" VPOS="977" HPOS="755"/><SP WIDTH="6" VPOS="977" HPOS="766"/><String WC="0.25" CONTENT="o" HEIGHT="20" WIDTH="19" VPOS="980" HPOS="772"/></TextLine>
<TextLine HEIGHT="33" WIDTH="148" VPOS="1058" HPOS="631"><String WC="0.276666671" CONTENT="Interduni" HEIGHT="33" WIDTH="148" VPOS="1058" HPOS="631"/></TextLine>
<TextLine HEIGHT="32" WIDTH="182" VPOS="1100" HPOS="592"><String STYLE="italics" WC="0.4650000036" CONTENT="wnam" HEIGHT="21" WIDTH="95" VPOS="1111" HPOS="592"/><SP WIDTH="13" VPOS="1101" HPOS="687"/><String WC="0.3560000062" CONTENT="fecac" HEIGHT="30" WIDTH="74" VPOS="1100" HPOS="700"/></TextLine>
<TextLine HEIGHT="43" WIDTH="174" VPOS="1186" HPOS="594" STYLEREFS="font3"><String STYLE="italics" WC="0.5860000253" CONTENT="fcalpello," HEIGHT="42" WIDTH="122" VPOS="1187" HPOS="594"/><SP WIDTH="19" VPOS="1196" HPOS="717"/><String WC="0.150000006" CONTENT="1" HEIGHT="20" WIDTH="8" VPOS="1196" HPOS="737"/><SP WIDTH="9" VPOS="1196" HPOS="746"/><String WC="0.2899999917" CONTENT="x" HEIGHT="22" WIDTH="12" VPOS="1196" HPOS="756"/></TextLine>
<TextLine HEIGHT="41" WIDTH="242" VPOS="1226" HPOS="599" STYLEREFS="font3"><String WC="0.5099999905" CONTENT="ubi" HEIGHT="29" WIDTH="48" VPOS="1230" HPOS="599"/><SP WIDTH="7" VPOS="1229" HPOS="647"/><String STYLE="italics" WC="0.3871428668" CONTENT="fanguis" HEIGHT="38" WIDTH="103" VPOS="1228" HPOS="654"/><SP WIDTH="8" VPOS="1235" HPOS="757"/><String WC="0.6800000072" CONTENT="m." HEIGHT="18" WIDTH="38" VPOS="1235" HPOS="765"/><SP WIDTH="11" VPOS="1235" HPOS="803"/><String WC="0.3350000083" CONTENT="j." HEIGHT="26" WIDTH="27" VPOS="1234" HPOS="814"/></TextLine>
<TextLine HEIGHT="42" WIDTH="240" VPOS="1265" HPOS="600" STYLEREFS="font3"><String STYLEREFS="font2" WC="0.3966666758" CONTENT="propüllulat." HEIGHT="41" WIDTH="191" VPOS="1266" HPOS="600"/><SP WIDTH="16" VPOS="1274" HPOS="791"/><String STYLEREFS="font2" WC="0.6333333254" CONTENT="i?," HEIGHT="21" WIDTH="31" VPOS="1272" HPOS="808"/></TextLine>
<TextLine HEIGHT="39" WIDTH="225" VPOS="1304" HPOS="650" STYLEREFS="font3"><String STYLE="italics" WC="0.4888888896" CONTENT="Chirurgus" HEIGHT="38" WIDTH="137" VPOS="1305" HPOS="650"/><SP WIDTH="9" VPOS="1313" HPOS="788"/><String WC="0.4699999988" CONTENT="m," HEIGHT="24" WIDTH="38" VPOS="1312" HPOS="798"/><SP WIDTH="12" VPOS="1311" HPOS="837"/><String WC="0.6100000143" CONTENT="?," HEIGHT="25" WIDTH="25" VPOS="1311" HPOS="850"/></TextLine>
<TextLine HEIGHT="36" WIDTH="205" VPOS="1343" HPOS="602" STYLEREFS="font3"><String WC="0.2520000041" CONTENT="curat" HEIGHT="23" WIDTH="80" VPOS="1352" HPOS="602"/><SP WIDTH="9" VPOS="1353" HPOS="682"/><String STYLE="italics" WC="0.3987500072" CONTENT="vvlnsra." HEIGHT="35" WIDTH="116" VPOS="1343" HPOS="691"/></TextLine>
</TextBlock>
<TextBlock ID="Page1_Block4" HEIGHT="902" WIDTH="351" VPOS="235" HPOS="917" language="de" STYLEREFS="font3"><Shape><Polygon POINTS="948,256 1292,256 1292,1152 950,1152 950,1106 946,1106 946,1062 982,1062 982,1028 950,1028 950,972 952,972 952,940 948,940 948,892 950,892 950,852 970,852 970,814 948,814 948,724 950,724 950,682 980,682 980,646 950,646 950,610 972,610 972,574 946,574 946,526 980,526 980,490 946,490 946,402 978,402 978,360 946,360 946,304 948,304 948,256"/></Shape>
<TextLine HEIGHT="49" WIDTH="323" VPOS="245" HPOS="923" STYLEREFS="font3"><String WC="0.4233333468" CONTENT="Theca.f.i.DaöSUtterab" HEIGHT="49" WIDTH="323" VPOS="245" HPOS="923"/></TextLine>
<TextLine HEIGHT="38" WIDTH="213" VPOS="303" HPOS="923" STYLEREFS="font3"><String WC="0.3770000041" CONTENT="Deprömere," HEIGHT="37" WIDTH="157" VPOS="304" HPOS="923"/><SP WIDTH="7" VPOS="311" HPOS="1080"/><String WC="0.6399999857" CONTENT="a." HEIGHT="17" WIDTH="19" VPOS="311" HPOS="1087"/><SP WIDTH="8" VPOS="310" HPOS="1107"/><String WC="0.5749999881" CONTENT="3." HEIGHT="23" WIDTH="21" VPOS="310" HPOS="1115"/></TextLine>
<TextLine HEIGHT="32" WIDTH="108" VPOS="339" HPOS="958" STYLEREFS="font4"><String STYLE="bold" WC="0.437142849" CONTENT="laugen." HEIGHT="32" WIDTH="108" VPOS="339" HPOS="958"/></TextLine>
<TextLine HEIGHT="36" WIDTH="285" VPOS="388" HPOS="925"><String WC="0.5785714388" CONTENT="Laväre," HEIGHT="31" WIDTH="100" VPOS="393" HPOS="925"/><SP WIDTH="7" VPOS="401" HPOS="1026"/><String WC="0.6299999952" CONTENT="a." HEIGHT="18" WIDTH="18" VPOS="400" HPOS="1034"/><SP WIDTH="8" VPOS="399" HPOS="1053"/><String WC="0.6299999952" CONTENT="i." HEIGHT="17" WIDTH="19" VPOS="399" HPOS="1062"/><SP WIDTH="6" VPOS="398" HPOS="1082"/><String WC="0.3162499964" CONTENT="wasche»." HEIGHT="33" WIDTH="122" VPOS="388" HPOS="1088"/></TextLine>
<TextLine HEIGHT="50" WIDTH="325" VPOS="423" HPOS="925"><String WC="0.4399999976" CONTENT="Peivis," HEIGHT="31" WIDTH="83" VPOS="438" HPOS="925"/><SP WIDTH="12" VPOS="437" HPOS="1008"/><String WC="0.6349999905" CONTENT="f." HEIGHT="26" WIDTH="19" VPOS="437" HPOS="1020"/><SP WIDTH="12" VPOS="447" HPOS="1039"/><String WC="0.5849999785" CONTENT="3." HEIGHT="25" WIDTH="22" VPOS="446" HPOS="1051"/><SP WIDTH="18" VPOS="438" HPOS="1073"/><String WC="0.5133333206" CONTENT="das" HEIGHT="29" WIDTH="48" VPOS="437" HPOS="1091"/><SP WIDTH="13" VPOS="434" HPOS="1139"/><String WC="0.3833333254" CONTENT="Wasil?" HEIGHT="41" WIDTH="98" VPOS="423" HPOS="1152"/></TextLine>
<TextLine HEIGHT="33" WIDTH="56" VPOS="471" HPOS="960"><String WC="0.4250000119" CONTENT="saß." HEIGHT="33" WIDTH="56" VPOS="471" HPOS="960"/></TextLine>
<TextLine HEIGHT="41" WIDTH="324" VPOS="514" HPOS="928"><String WC="0.6722221971" CONTENT="pixivium," HEIGHT="32" WIDTH="126" VPOS="523" HPOS="928"/><SP WIDTH="6" VPOS="530" HPOS="1055"/><String WC="0.8299999833" CONTENT="N.2." HEIGHT="17" WIDTH="45" VPOS="530" HPOS="1062"/><SP WIDTH="6" VPOS="524" HPOS="1108"/><String WC="0.4933333397" CONTENT="die" HEIGHT="29" WIDTH="38" VPOS="522" HPOS="1115"/><SP WIDTH="6" VPOS="522" HPOS="1154"/><String WC="0.2433333397" CONTENT="kauge-" HEIGHT="37" WIDTH="91" VPOS="514" HPOS="1161"/></TextLine>
<TextLine HEIGHT="37" WIDTH="304" VPOS="561" HPOS="947"><String WC="0.6912500262" CONTENT="&apos;eünere," HEIGHT="29" WIDTH="101" VPOS="565" HPOS="947"/><SP WIDTH="5" VPOS="573" HPOS="1049"/><String WC="0.6399999857" CONTENT="a." HEIGHT="16" WIDTH="18" VPOS="573" HPOS="1055"/><SP WIDTH="8" VPOS="572" HPOS="1074"/><String WC="0.6200000048" CONTENT="3." HEIGHT="23" WIDTH="19" VPOS="572" HPOS="1083"/><SP WIDTH="7" VPOS="564" HPOS="1102"/><String WC="0.6462500095" CONTENT="ssieA&apos;N." HEIGHT="34" WIDTH="100" VPOS="562" HPOS="1109"/><SP WIDTH="30" VPOS="575" HPOS="1210"/><String WC="0.5500000119" CONTENT="," HEIGHT="10" WIDTH="10" VPOS="581" HPOS="1241"/></TextLine>
<TextLine HEIGHT="40" WIDTH="318" VPOS="586" HPOS="932"><String WC="0.4827272594" CONTENT="Gutturnium," HEIGHT="29" WIDTH="164" VPOS="597" HPOS="932"/><SP WIDTH="21" VPOS="603" HPOS="1097"/><String WC="0.6499999762" CONTENT="n." HEIGHT="17" WIDTH="22" VPOS="603" HPOS="1119"/><SP WIDTH="22" VPOS="601" HPOS="1142"/><String WC="0.6100000143" CONTENT="2." HEIGHT="17" WIDTH="22" VPOS="600" HPOS="1165"/><SP WIDTH="17" VPOS="592" HPOS="1188"/><String WC="0.3199999928" CONTENT="das" HEIGHT="32" WIDTH="44" VPOS="586" HPOS="1206"/></TextLine>
<TextLine HEIGHT="33" WIDTH="123" VPOS="629" HPOS="962" STYLEREFS="font4"><String STYLE="bold" WC="0.5" CONTENT="Gießsaß." HEIGHT="33" WIDTH="123" VPOS="629" HPOS="962"/></TextLine>
<TextLine HEIGHT="37" WIDTH="274" VPOS="669" HPOS="933"><String WC="0.7428571582" CONTENT="8apo,»." HEIGHT="33" WIDTH="100" VPOS="673" HPOS="933"/><SP WIDTH="7" VPOS="682" HPOS="1033"/><String STYLEREFS="font2" WC="1." CONTENT="3" HEIGHT="23" WIDTH="12" VPOS="682" HPOS="1040"/><String WC="0.5" CONTENT="-die" HEIGHT="29" WIDTH="52" VPOS="672" HPOS="1055"/><SP WIDTH="7" VPOS="674" HPOS="1107"/><String WC="0.4271428585" CONTENT="Seiffe-" HEIGHT="35" WIDTH="93" VPOS="669" HPOS="1114"/></TextLine>
<TextLine HEIGHT="39" WIDTH="299" VPOS="711" HPOS="932"><String WC="0.5512499809" CONTENT="Tcrgere." HEIGHT="35" WIDTH="110" VPOS="714" HPOS="932"/><SP WIDTH="6" VPOS="724" HPOS="1043"/><String WC="0.4774999917" CONTENT="a.3." HEIGHT="25" WIDTH="42" VPOS="723" HPOS="1050"/><SP WIDTH="6" VPOS="718" HPOS="1093"/><String WC="0.3463636339" CONTENT="DfltcPttCXf" HEIGHT="31" WIDTH="124" VPOS="713" HPOS="1100"/><String STYLE="superscript" WC="0.5500000119" CONTENT="-" HEIGHT="6" WIDTH="4" VPOS="723" HPOS="1227"/></TextLine>
<TextLine HEIGHT="34" WIDTH="229" VPOS="755" HPOS="933"><String WC="0.5375000238" CONTENT="Linteum," HEIGHT="32" WIDTH="115" VPOS="757" HPOS="933"/><SP WIDTH="7" VPOS="765" HPOS="1049"/><String WC="0.9350000024" CONTENT="n." HEIGHT="17" WIDTH="20" VPOS="765" HPOS="1057"/><SP WIDTH="6" VPOS="765" HPOS="1078"/><String WC="0.5" CONTENT="2." HEIGHT="17" WIDTH="20" VPOS="765" HPOS="1085"/><SP WIDTH="6" VPOS="759" HPOS="1106"/><String WC="0.4699999988" CONTENT="das" HEIGHT="28" WIDTH="49" VPOS="758" HPOS="1113"/></TextLine>
<TextLine HEIGHT="32" WIDTH="71" VPOS="790" HPOS="967"><String STYLE="bold" STYLEREFS="font5" WC="0.5642856956" CONTENT="tllck)." HEIGHT="32" WIDTH="71" VPOS="790" HPOS="967"/></TextLine>
<TextLine HEIGHT="40" WIDTH="303" VPOS="837" HPOS="934"><String WC="0.7279999852" CONTENT="PeLtere.a." HEIGHT="30" WIDTH="132" VPOS="844" HPOS="934"/><SP WIDTH="13" VPOS="851" HPOS="1067"/><String WC="0.5355555415" CONTENT="3-kämmeN-" HEIGHT="37" WIDTH="157" VPOS="837" HPOS="1080"/></TextLine>
<TextLine HEIGHT="44" WIDTH="316" VPOS="876" HPOS="936"><String STYLEREFS="font2" WC="0.4950000048" CONTENT="?SÜ2N,M." HEIGHT="30" WIDTH="126" VPOS="886" HPOS="936"/><SP WIDTH="8" VPOS="894" HPOS="1063"/><String WC="0.474545449" CONTENT="z-derKanU»&apos;" HEIGHT="42" WIDTH="180" VPOS="876" HPOS="1072"/></TextLine>
<TextLine HEIGHT="43" WIDTH="303" VPOS="925" HPOS="938"><String STYLEREFS="font2" WC="0.6919999719" CONTENT="Lnlpärs,e." HEIGHT="36" WIDTH="142" VPOS="932" HPOS="938"/><SP WIDTH="10" VPOS="939" HPOS="1081"/><String STYLEREFS="font2" WC="0.5681818128" CONTENT="I.kräustl»-" HEIGHT="37" WIDTH="150" VPOS="925" HPOS="1091"/></TextLine>
<TextLine HEIGHT="32" WIDTH="255" VPOS="974" HPOS="937"><String WC="0.40538463" CONTENT="Calainiftrum," HEIGHT="30" WIDTH="176" VPOS="976" HPOS="937"/><SP WIDTH="17" VPOS="984" HPOS="1113"/><String WC="0.7049999833" CONTENT="n." HEIGHT="15" WIDTH="22" VPOS="984" HPOS="1130"/><SP WIDTH="19" VPOS="981" HPOS="1152"/><String WC="0.6200000048" CONTENT="2." HEIGHT="18" WIDTH="21" VPOS="980" HPOS="1171"/></TextLine>
<TextLine HEIGHT="36" WIDTH="170" VPOS="1006" HPOS="971"><String WC="0.3618181944" CONTENT="Kräußeisen." HEIGHT="36" WIDTH="170" VPOS="1006" HPOS="971"/></TextLine>
<TextLine HEIGHT="36" WIDTH="259" VPOS="1050" HPOS="937"><String WC="0.4180000126" CONTENT="Vena," HEIGHT="26" WIDTH="75" VPOS="1057" HPOS="938"/><SP WIDTH="7" VPOS="1053" HPOS="1013"/><String WC="0.6050000191" CONTENT="f." HEIGHT="25" WIDTH="16" VPOS="1053" HPOS="1020"/><SP WIDTH="8" VPOS="1062" HPOS="1037"/><String WC="0.6109091043" CONTENT="i,dtSAde&gt;&apos;-" HEIGHT="33" WIDTH="151" VPOS="1052" HPOS="1045"/></TextLine>
<TextLine HEIGHT="36" WIDTH="248" VPOS="1095" HPOS="940"><String WC="0.397777766" CONTENT="Secäre.a." HEIGHT="29" WIDTH="115" VPOS="1099" HPOS="940"/><SP WIDTH="15" VPOS="1105" HPOS="1055"/><String WC="1." CONTENT="1." HEIGHT="16" WIDTH="20" VPOS="1105" HPOS="1070"/><SP WIDTH="11" VPOS="1098" HPOS="1090"/><String WC="0.5885714293" CONTENT="lassen." HEIGHT="34" WIDTH="87" VPOS="1095" HPOS="1101"/></TextLine>
</TextBlock>
<TextBlock ID="Page1_Block5" HEIGHT="230" WIDTH="340" VPOS="1173" HPOS="928" language="de" STYLEREFS="font2"><Shape><Polygon POINTS="952,1192 1182,1192 1182,1234 1286,1234 1286,1418 940,1418 940,1360 952,1360 952,1192"/></Shape>
<TextLine HEIGHT="38" WIDTH="226" VPOS="1176" HPOS="942" STYLEREFS="font3"><String WC="0.4954545498" CONTENT="Scalpellum," HEIGHT="37" WIDTH="147" VPOS="1177" HPOS="942"/><SP WIDTH="11" VPOS="1187" HPOS="1090"/><String WC="0.4199999869" CONTENT="n," HEIGHT="17" WIDTH="21" VPOS="1186" HPOS="1102"/><String STYLEREFS="font1" WC="0." CONTENT="2" HEIGHT="18" WIDTH="12" VPOS="1184" HPOS="1131"/><String WC="0.6200000048" CONTENT=".t" HEIGHT="26" WIDTH="22" VPOS="1177" HPOS="1146"/></TextLine>
<TextLine HEIGHT="30" WIDTH="78" VPOS="1213" HPOS="974" STYLEREFS="font3"><String WC="0.6299999952" CONTENT="eisen." HEIGHT="30" WIDTH="78" VPOS="1213" HPOS="974"/></TextLine>
<TextLine HEIGHT="48" WIDTH="293" VPOS="1243" HPOS="943"><String WC="0.3688235283" CONTENT="Propulluläre,a.i." HEIGHT="41" WIDTH="210" VPOS="1250" HPOS="943"/><SP WIDTH="6" VPOS="1251" HPOS="1154"/><String WC="0.25" CONTENT="ß" HEIGHT="30" WIDTH="14" VPOS="1251" HPOS="1161"/><SP WIDTH="3" VPOS="1251" HPOS="1176"/><String WC="0.2399999946" CONTENT="C" HEIGHT="25" WIDTH="11" VPOS="1253" HPOS="1180"/><SP WIDTH="1" VPOS="1250" HPOS="1192"/><String WC="0.25" CONTENT="V" HEIGHT="24" WIDTH="11" VPOS="1250" HPOS="1193"/><SP WIDTH="1" VPOS="1248" HPOS="1205"/><String WC="0.5500000119" CONTENT="fl" HEIGHT="24" WIDTH="13" VPOS="1248" HPOS="1207"/><SP WIDTH="2" VPOS="1246" HPOS="1221"/><String WC="0.5799999833" CONTENT="*" HEIGHT="21" WIDTH="4" VPOS="1246" HPOS="1224"/><String STYLE="superscript" WC="0.25" CONTENT="4" HEIGHT="15" WIDTH="5" VPOS="1251" HPOS="1230"/><String WC="0.5799999833" CONTENT="&apos;" HEIGHT="7" WIDTH="4" VPOS="1243" HPOS="1232"/></TextLine>
<TextLine HEIGHT="32" WIDTH="127" VPOS="1289" HPOS="974"><String STYLEREFS="font3" WC="0.5654545426" CONTENT="scbl&apos;essen." HEIGHT="32" WIDTH="127" VPOS="1289" HPOS="974"/></TextLine>
<TextLine HEIGHT="49" WIDTH="317" VPOS="1320" HPOS="932" STYLEREFS="font2"><String WC="0.4300000072" CONTENT=";" HEIGHT="24" WIDTH="5" VPOS="1345" HPOS="932"/><SP WIDTH="7" VPOS="1336" HPOS="937"/><String WC="0.4744444489" CONTENT="Curare,a." HEIGHT="27" WIDTH="121" VPOS="1334" HPOS="944"/><SP WIDTH="8" VPOS="1334" HPOS="1065"/><String WC="0.4090909064" CONTENT="i.fiCtlCtt." HEIGHT="31" WIDTH="117" VPOS="1321" HPOS="1074"/><SP WIDTH="34" VPOS="1339" HPOS="1192"/><String WC="0.6750000119" CONTENT=".." HEIGHT="6" WIDTH="21" VPOS="1343" HPOS="1227"/></TextLine>
<TextLine HEIGHT="51" WIDTH="306" VPOS="1348" HPOS="932" STYLEREFS="font2"><String WC="0.3339999914" CONTENT="IVulmis.n." HEIGHT="43" WIDTH="139" VPOS="1356" HPOS="932"/><SP WIDTH="8" VPOS="1365" HPOS="1072"/><String WC="0.398888886" CONTENT="3-&amp;tCSBWI" HEIGHT="34" WIDTH="135" VPOS="1356" HPOS="1081"/><String STYLE="superscript" WC="0.3950000107" CONTENT=",C" HEIGHT="32" WIDTH="21" VPOS="1348" HPOS="1217"/></TextLine>
</TextBlock><GraphicalElement ID="Page1_Block6" HEIGHT="29" WIDTH="847" VPOS="192" HPOS="386"/><GraphicalElement ID="Page1_Block7" HEIGHT="11" WIDTH="182" VPOS="215" HPOS="177"/><GraphicalElement ID="Page1_Block8" HEIGHT="208" WIDTH="9" VPOS="229" HPOS="566"/><GraphicalElement ID="Page1_Block9" HEIGHT="900" WIDTH="21" VPOS="465" HPOS="574"/><GraphicalElement ID="Page1_Block10" HEIGHT="1122" WIDTH="28" VPOS="220" HPOS="910"/>
</PrintSpace>
</Page>
</Layout>
</alto>