﻿<?xml version="1.0" encoding="UTF-8" standalone="yes"?>
<alto xmlns="http://www.loc.gov/standards/alto/ns-v2#" xmlns:xlink="http://www.w3.org/1999/xlink" xmlns:xsi="http://www.w3.org/2001/XMLSchema-instance" xsi:schemaLocation="http://www.loc.gov/standards/alto/ns-v2# http://www.loc.gov/standards/alto/alto-v2.0.xsd">
<Description>
<MeasurementUnit>pixel</MeasurementUnit>
<OCRProcessing ID="IdOcr"><ocrProcessingStep><processingDateTime>2017-03-20</processingDateTime><processingSoftware><softwareCreator>ABBYY</softwareCreator><softwareName>ABBYY FineReader Engine</softwareName><softwareVersion>11</softwareVersion></processingSoftware></ocrProcessingStep></OCRProcessing>
</Description>
<Styles><TextStyle ID="font0" FONTFAMILY="Times New Roman" FONTSIZE="6"/><TextStyle ID="font1" FONTFAMILY="Times New Roman" FONTSIZE="7"/><TextStyle ID="font2" FONTFAMILY="Times New Roman" FONTSIZE="9"/><TextStyle ID="font3" FONTFAMILY="Times New Roman" FONTSIZE="10"/><TextStyle ID="font4" FONTFAMILY="Times New Roman" FONTSIZE="11"/><TextStyle ID="font5" FONTFAMILY="Times New Roman" FONTSIZE="13"/><TextStyle ID="font6" FONTFAMILY="Times New Roman" FONTSIZE="16"/>
</Styles>
<Layout>
<Page ID="Page1" PHYSICAL_IMG_NR="1" HEIGHT="2035" WIDTH="1216">
<TopMargin HEIGHT="265" WIDTH="1216" VPOS="0" HPOS="0">
</TopMargin>
<LeftMargin HEIGHT="1636" WIDTH="28" VPOS="265" HPOS="0">
</LeftMargin>
<RightMargin HEIGHT="1636" WIDTH="168" VPOS="265" HPOS="1048">
</RightMargin>
<BottomMargin HEIGHT="134" WIDTH="1216" VPOS="1901" HPOS="0">
</BottomMargin>
<PrintSpace HEIGHT="1636" WIDTH="1020" VPOS="265" HPOS="28">
<TextBlock ID="Page1_Block1" HEIGHT="805" WIDTH="1010" VPOS="265" HPOS="29" language="de" STYLEREFS="font4">
<TextLine HEIGHT="57" WIDTH="931" VPOS="266" HPOS="64" STYLEREFS="font5"><String WC="0.2975000143" CONTENT="III*" HEIGHT="39" WIDTH="60" VPOS="273" HPOS="64"/><SP WIDTH="6" VPOS="277" HPOS="125"/><String WC="0.3050000072" CONTENT="(i.)" HEIGHT="45" WIDTH="67" VPOS="277" HPOS="132"/><SP WIDTH="9" VPOS="274" HPOS="200"/><String WC="0.3149999976" CONTENT="Buch" HEIGHT="44" WIDTH="115" VPOS="274" HPOS="210"/><SP WIDTH="8" VPOS="275" HPOS="326"/><String WC="0.2800000012" CONTENT="der" HEIGHT="35" WIDTH="59" VPOS="276" HPOS="335"/><SP WIDTH="7" VPOS="271" HPOS="395"/><String WC="0.5149999857" CONTENT="Röntg/" HEIGHT="55" WIDTH="146" VPOS="268" HPOS="403"/><SP WIDTH="9" VPOS="268" HPOS="550"/><String STYLEREFS="font3" WC="0.4325000048" CONTENT="Lap." HEIGHT="47" WIDTH="98" VPOS="268" HPOS="560"/><SP WIDTH="8" VPOS="271" HPOS="659"/><String WC="1." CONTENT="XIX." HEIGHT="37" WIDTH="93" VPOS="268" HPOS="668"/><SP WIDTH="10" VPOS="279" HPOS="762"/><String WC="0.3774999976" CONTENT="vers" HEIGHT="46" WIDTH="88" VPOS="266" HPOS="773"/><SP WIDTH="12" VPOS="266" HPOS="862"/><String WC="1." CONTENT="i" HEIGHT="21" WIDTH="10" VPOS="281" HPOS="875"/><SP WIDTH="11" VPOS="276" HPOS="886"/><String WC="0.1700000018" CONTENT="r/i" HEIGHT="44" WIDTH="54" VPOS="270" HPOS="898"/><SP WIDTH="8" VPOS="274" HPOS="953"/><String STYLE="italics" STYLEREFS="font4" WC="0.5749999881" CONTENT="2*" HEIGHT="25" WIDTH="33" VPOS="274" HPOS="962"/></TextLine>
<TextLine HEIGHT="56" WIDTH="934" VPOS="321" HPOS="90" STYLEREFS="font5"><String WC="0.3075000048" CONTENT="Nach" HEIGHT="47" WIDTH="102" VPOS="330" HPOS="90"/><SP WIDTH="21" VPOS="331" HPOS="193"/><String WC="0.2800000012" CONTENT="dem" HEIGHT="35" WIDTH="69" VPOS="334" HPOS="215"/><SP WIDTH="16" VPOS="330" HPOS="285"/><String WC="0.4720000029" CONTENT="Winde" HEIGHT="42" WIDTH="131" VPOS="329" HPOS="302"/><SP WIDTH="16" VPOS="327" HPOS="434"/><String WC="0.4766666591" CONTENT="kam" HEIGHT="40" WIDTH="73" VPOS="327" HPOS="451"/><SP WIDTH="15" VPOS="337" HPOS="525"/><String WC="0.6650000215" CONTENT="eins" HEIGHT="39" WIDTH="66" VPOS="327" HPOS="541"/><SP WIDTH="18" VPOS="326" HPOS="608"/><String WC="0.3962500095" CONTENT="Bewegung" HEIGHT="46" WIDTH="199" VPOS="326" HPOS="627"/><SP WIDTH="20" VPOS="333" HPOS="827"/><String WC="0.3000000119" CONTENT=";" HEIGHT="36" WIDTH="12" VPOS="333" HPOS="848"/><SP WIDTH="16" VPOS="332" HPOS="861"/><String WC="0.2549999952" CONTENT="aber" HEIGHT="41" WIDTH="73" VPOS="321" HPOS="878"/><SP WIDTH="16" VPOS="321" HPOS="952"/><String WC="0.3899999857" CONTENT="der" HEIGHT="40" WIDTH="55" VPOS="321" HPOS="969"/></TextLine>
<TextLine HEIGHT="53" WIDTH="989" VPOS="373" HPOS="36" STYLEREFS="font5"><String WC="0.4149999917" CONTENT="HErr" HEIGHT="49" WIDTH="106" VPOS="377" HPOS="36"/><SP WIDTH="7" VPOS="389" HPOS="143"/><String WC="0.3833333254" CONTENT="war" HEIGHT="30" WIDTH="70" VPOS="389" HPOS="151"/><SP WIDTH="8" VPOS="379" HPOS="222"/><String WC="0.8199999928" CONTENT="in" HEIGHT="40" WIDTH="31" VPOS="379" HPOS="231"/><SP WIDTH="7" VPOS="382" HPOS="263"/><String WC="0.5266666412" CONTENT="der" HEIGHT="35" WIDTH="52" VPOS="382" HPOS="271"/><SP WIDTH="8" VPOS="379" HPOS="324"/><String WC="0.4137499928" CONTENT="Bewegung" HEIGHT="45" WIDTH="201" VPOS="379" HPOS="333"/><SP WIDTH="6" VPOS="386" HPOS="535"/><String WC="0.4449999928" CONTENT="nicht;" HEIGHT="46" WIDTH="98" VPOS="375" HPOS="542"/><SP WIDTH="15" VPOS="383" HPOS="641"/><String WC="0.3066666722" CONTENT="und" HEIGHT="34" WIDTH="65" VPOS="378" HPOS="657"/><SP WIDTH="14" VPOS="378" HPOS="723"/><String WC="0.412499994" CONTENT="nach" HEIGHT="41" WIDTH="81" VPOS="373" HPOS="738"/><SP WIDTH="12" VPOS="373" HPOS="820"/><String WC="0.4933333397" CONTENT="der" HEIGHT="36" WIDTH="53" VPOS="374" HPOS="833"/><SP WIDTH="7" VPOS="373" HPOS="887"/><String WC="0.3849999905" CONTENT="Bewe" HEIGHT="42" WIDTH="113" VPOS="373" HPOS="895" SUBS_TYPE="HypPart1" SUBS_CONTENT="Bewegung"/><HYP CONTENT="­"/></TextLine>
<TextLine HEIGHT="54" WIDTH="989" VPOS="420" HPOS="36" STYLEREFS="font5"><String WC="0.2549999952" CONTENT="gung" HEIGHT="37" WIDTH="90" VPOS="437" HPOS="36" SUBS_TYPE="HypPart2" SUBS_CONTENT="Bewegung"/><SP WIDTH="10" VPOS="428" HPOS="127"/><String WC="0.3600000143" CONTENT="kam" HEIGHT="39" WIDTH="72" VPOS="428" HPOS="138"/><SP WIDTH="11" VPOS="439" HPOS="211"/><String WC="0.5133333206" CONTENT="ein" HEIGHT="38" WIDTH="46" VPOS="428" HPOS="223"/><SP WIDTH="9" VPOS="428" HPOS="270"/><String WC="0.4379999936" CONTENT="Feuer" HEIGHT="45" WIDTH="100" VPOS="428" HPOS="280"/><SP WIDTH="5" VPOS="437" HPOS="381"/><String WC="1." CONTENT="/" HEIGHT="30" WIDTH="13" VPOS="437" HPOS="387"/><SP WIDTH="11" VPOS="435" HPOS="401"/><String WC="0.5024999976" CONTENT="aber" HEIGHT="39" WIDTH="75" VPOS="426" HPOS="413"/><SP WIDTH="15" VPOS="427" HPOS="489"/><String WC="0.2866666615" CONTENT="der" HEIGHT="37" WIDTH="53" VPOS="427" HPOS="505"/><SP WIDTH="6" VPOS="424" HPOS="559"/><String WC="0.3199999928" CONTENT="HErr" HEIGHT="47" WIDTH="101" VPOS="424" HPOS="566"/><SP WIDTH="9" VPOS="432" HPOS="668"/><String WC="0.2733333409" CONTENT="war" HEIGHT="29" WIDTH="69" VPOS="432" HPOS="678"/><SP WIDTH="6" VPOS="430" HPOS="748"/><String WC="0.4819999933" CONTENT="nicht" HEIGHT="45" WIDTH="81" VPOS="420" HPOS="755"/><SP WIDTH="7" VPOS="421" HPOS="837"/><String WC="0.3249999881" CONTENT="im" HEIGHT="36" WIDTH="42" VPOS="421" HPOS="845"/><SP WIDTH="10" VPOS="421" HPOS="888"/><String WC="0.3266666532" CONTENT="Feuer:" HEIGHT="45" WIDTH="126" VPOS="421" HPOS="899"/></TextLine>
<TextLine HEIGHT="58" WIDTH="953" VPOS="466" HPOS="36" STYLEREFS="font5"><String WC="0.2833333313" CONTENT="Und" HEIGHT="43" WIDTH="75" VPOS="474" HPOS="36"/><SP WIDTH="11" VPOS="477" HPOS="112"/><String WC="0.3524999917" CONTENT="nach" HEIGHT="44" WIDTH="78" VPOS="477" HPOS="124"/><SP WIDTH="7" VPOS="477" HPOS="203"/><String WC="0.3566666543" CONTENT="dem" HEIGHT="37" WIDTH="69" VPOS="477" HPOS="211"/><SP WIDTH="8" VPOS="477" HPOS="281"/><String WC="0.3919999897" CONTENT="Feuer" HEIGHT="47" WIDTH="102" VPOS="477" HPOS="290"/><SP WIDTH="7" VPOS="474" HPOS="393"/><String WC="0.3566666543" CONTENT="kam" HEIGHT="40" WIDTH="71" VPOS="474" HPOS="401"/><SP WIDTH="8" VPOS="485" HPOS="473"/><String WC="0.3899999857" CONTENT="einer" HEIGHT="39" WIDTH="81" VPOS="473" HPOS="482"/><SP WIDTH="6" VPOS="474" HPOS="564"/><String WC="0.5492857099" CONTENT="janfftenLufft-" HEIGHT="52" WIDTH="232" VPOS="469" HPOS="571"/><SP WIDTH="14" VPOS="467" HPOS="804"/><String WC="0.3474999964" CONTENT="Sausten." HEIGHT="48" WIDTH="170" VPOS="466" HPOS="819"/></TextLine>
<TextLine HEIGHT="58" WIDTH="940" VPOS="517" HPOS="86"><String STYLE="italics" WC="0.3899999857" CONTENT="Poß" HEIGHT="43" WIDTH="69" VPOS="526" HPOS="86"/><SP WIDTH="9" VPOS="526" HPOS="156"/><String STYLE="italics" WC="0.5337499976" CONTENT="Spiritwn" HEIGHT="47" WIDTH="151" VPOS="527" HPOS="166"/><SP WIDTH="5" VPOS="537" HPOS="318"/><String STYLE="italics" WC="0.3449999988" CONTENT="gr" HEIGHT="39" WIDTH="45" VPOS="536" HPOS="324"/><SP WIDTH="2" VPOS="536" HPOS="370"/><String STYLE="italics" WC="0.646666646" CONTENT="andern" HEIGHT="39" WIDTH="111" VPOS="523" HPOS="373"/><SP WIDTH="6" VPOS="525" HPOS="485"/><String STYLE="italics" WC="0.5544444323" CONTENT="Commotio;" HEIGHT="38" WIDTH="197" VPOS="524" HPOS="492"/><SP WIDTH="8" VPOS="534" HPOS="690"/><String STYLE="italics" WC="0.6000000238" CONTENT="non" HEIGHT="25" WIDTH="61" VPOS="532" HPOS="699"/><SP WIDTH="8" VPOS="522" HPOS="761"/><String STYLE="italics" WC="0.8450000286" CONTENT="in" HEIGHT="33" WIDTH="30" VPOS="522" HPOS="770"/><SP WIDTH="7" VPOS="518" HPOS="801"/><String STYLE="italics" WC="0.3869999945" CONTENT="Commotiont" HEIGHT="39" WIDTH="217" VPOS="517" HPOS="809"/></TextLine>
<TextLine HEIGHT="57" WIDTH="990" VPOS="566" HPOS="37"><String STYLE="italics" WC="0.541428566" CONTENT="Dominus" HEIGHT="35" WIDTH="155" VPOS="576" HPOS="37"/><String STYLE="bold" STYLEREFS="font3" WC="0.1899999976" CONTENT=":" HEIGHT="20" WIDTH="7" VPOS="590" HPOS="205"/><SP WIDTH="9" VPOS="580" HPOS="213"/><String STYLE="italics" WC="0.6999999881" CONTENT="Etpofi" HEIGHT="47" WIDTH="113" VPOS="576" HPOS="223"/><SP WIDTH="8" VPOS="576" HPOS="337"/><String STYLE="italics" WC="0.5154545307" CONTENT="Commotionem" HEIGHT="35" WIDTH="248" VPOS="575" HPOS="346"/><SP WIDTH="8" VPOS="575" HPOS="595"/><String STYLE="italics" WC="0.3300000131" CONTENT="Ignis\" HEIGHT="46" WIDTH="98" VPOS="573" HPOS="604"/><SP WIDTH="7" VPOS="581" HPOS="703"/><String STYLE="italics" WC="0.3933333457" CONTENT="non" HEIGHT="24" WIDTH="60" VPOS="582" HPOS="711"/><SP WIDTH="7" VPOS="572" HPOS="772"/><String STYLE="italics" WC="0.6750000119" CONTENT="in" HEIGHT="33" WIDTH="31" VPOS="572" HPOS="780"/><SP WIDTH="5" VPOS="572" HPOS="812"/><String STYLE="italics" WC="0.5299999714" CONTENT="Igne" HEIGHT="46" WIDTH="79" VPOS="572" HPOS="818"/><SP WIDTH="7" VPOS="571" HPOS="898"/><String STYLE="italics" WC="0.6274999976" CONTENT="Domi" HEIGHT="37" WIDTH="99" VPOS="566" HPOS="906"/><String STYLE="superscript italics" WC="0.2300000042" CONTENT="m" HEIGHT="11" WIDTH="19" VPOS="582" HPOS="1008"/></TextLine>
<TextLine HEIGHT="53" WIDTH="676" VPOS="623" HPOS="37"><String STYLE="italics" WC="0.3133333325" CONTENT="nus" HEIGHT="26" WIDTH="55" VPOS="635" HPOS="37"/><String STYLE="bold" STYLEREFS="font3" WC="1." CONTENT=":" HEIGHT="19" WIDTH="7" VPOS="638" HPOS="105"/><SP WIDTH="9" VPOS="628" HPOS="113"/><String STYLE="italics" WC="0.8799999952" CONTENT="Et" HEIGHT="31" WIDTH="41" VPOS="628" HPOS="123"/><SP WIDTH="8" VPOS="630" HPOS="165"/><String STYLE="italics" WC="0.6974999905" CONTENT="poft" HEIGHT="46" WIDTH="66" VPOS="625" HPOS="174"/><SP WIDTH="16" VPOS="625" HPOS="241"/><String STYLE="italics" WC="0.4620000124" CONTENT="Ignem" HEIGHT="47" WIDTH="110" VPOS="629" HPOS="258"/><SP WIDTH="11" VPOS="629" HPOS="369"/><String STYLE="italics" WC="0.4099999964" CONTENT="Siblius" HEIGHT="37" WIDTH="115" VPOS="623" HPOS="381"/><SP WIDTH="14" VPOS="634" HPOS="497"/><String STYLE="italics" WC="0.349999994" CONTENT="aur£tenui$." HEIGHT="36" WIDTH="201" VPOS="623" HPOS="512"/></TextLine>
<TextLine HEIGHT="55" WIDTH="942" VPOS="666" HPOS="87" STYLEREFS="font4"><String WC="0.5874999762" CONTENT="Dopo" HEIGHT="47" WIDTH="110" VPOS="674" HPOS="87"/><SP WIDTH="12" VPOS="676" HPOS="198"/><String WC="0.6349999905" CONTENT="’I" HEIGHT="34" WIDTH="19" VPOS="675" HPOS="211"/><SP WIDTH="9" VPOS="675" HPOS="231"/><String WC="0.4880000055" CONTENT="venco" HEIGHT="25" WIDTH="111" VPOS="686" HPOS="241"/><SP WIDTH="15" VPOS="686" HPOS="353"/><String WC="0.5139999986" CONTENT="venne" HEIGHT="25" WIDTH="116" VPOS="685" HPOS="369"/><SP WIDTH="14" VPOS="685" HPOS="486"/><String WC="0.349999994" CONTENT="un" HEIGHT="24" WIDTH="47" VPOS="685" HPOS="501"/><SP WIDTH="10" VPOS="682" HPOS="549"/><String WC="0.4575000107" CONTENT="tremuoto" HEIGHT="27" WIDTH="184" VPOS="681" HPOS="560"/><SP WIDTH="12" VPOS="682" HPOS="745"/><String WC="0.7900000215" CONTENT="," HEIGHT="15" WIDTH="8" VPOS="696" HPOS="758"/><SP WIDTH="12" VPOS="680" HPOS="767"/><String WC="0.1800000072" CONTENT="mi" HEIGHT="36" WIDTH="57" VPOS="668" HPOS="780"/><SP WIDTH="7" VPOS="667" HPOS="838"/><String WC="0.6600000262" CONTENT="il" HEIGHT="36" WIDTH="24" VPOS="667" HPOS="846"/><SP WIDTH="7" VPOS="667" HPOS="871"/><String WC="0.5914285779" CONTENT="Signore" HEIGHT="47" WIDTH="150" VPOS="666" HPOS="879"/></TextLine>
<TextLine HEIGHT="50" WIDTH="988" VPOS="718" HPOS="39" STYLEREFS="font4"><String WC="0.3799999952" CONTENT="non" HEIGHT="26" WIDTH="73" VPOS="732" HPOS="39"/><SP WIDTH="15" VPOS="735" HPOS="113"/><String WC="0.349999994" CONTENT="era" HEIGHT="24" WIDTH="59" VPOS="735" HPOS="129"/><SP WIDTH="10" VPOS="736" HPOS="189"/><String WC="0.5533333421" CONTENT="nel" HEIGHT="36" WIDTH="56" VPOS="723" HPOS="200"/><SP WIDTH="13" VPOS="723" HPOS="257"/><String WC="0.5824999809" CONTENT="tremuoto" HEIGHT="26" WIDTH="183" VPOS="732" HPOS="271"/><SP WIDTH="18" VPOS="733" HPOS="455"/><String WC="0.2599999905" CONTENT=":" HEIGHT="23" WIDTH="7" VPOS="734" HPOS="474"/><SP WIDTH="16" VPOS="722" HPOS="482"/><String WC="0.5099999905" CONTENT="E" HEIGHT="36" WIDTH="27" VPOS="722" HPOS="499"/><SP WIDTH="10" VPOS="722" HPOS="527"/><String WC="0.6083333492" CONTENT="dopo’l" HEIGHT="48" WIDTH="124" VPOS="720" HPOS="538"/><SP WIDTH="11" VPOS="720" HPOS="663"/><String WC="0.437142849" CONTENT="trem6to" HEIGHT="37" WIDTH="153" VPOS="718" HPOS="675"/><SP WIDTH="15" VPOS="729" HPOS="829"/><String WC="0.3700000048" CONTENT="venne" HEIGHT="27" WIDTH="116" VPOS="726" HPOS="845"/><SP WIDTH="13" VPOS="725" HPOS="962"/><String WC="0.4099999964" CONTENT="un" HEIGHT="24" WIDTH="51" VPOS="725" HPOS="976"/></TextLine>
<TextLine HEIGHT="59" WIDTH="986" VPOS="760" HPOS="41" STYLEREFS="font4"><String WC="0.328333348" CONTENT="fuöco," HEIGHT="43" WIDTH="130" VPOS="769" HPOS="41"/><SP WIDTH="15" VPOS="783" HPOS="172"/><String WC="0.224999994" CONTENT="mä" HEIGHT="35" WIDTH="59" VPOS="772" HPOS="188"/><SP WIDTH="17" VPOS="772" HPOS="248"/><String WC="0.7300000191" CONTENT="il" HEIGHT="35" WIDTH="22" VPOS="772" HPOS="266"/><SP WIDTH="9" VPOS="772" HPOS="289"/><String WC="0.6742857099" CONTENT="Signore" HEIGHT="47" WIDTH="147" VPOS="772" HPOS="299"/><SP WIDTH="15" VPOS="782" HPOS="447"/><String WC="0.296666652" CONTENT="non" HEIGHT="23" WIDTH="73" VPOS="783" HPOS="463"/><SP WIDTH="13" VPOS="783" HPOS="537"/><String WC="0.4099999964" CONTENT="era" HEIGHT="25" WIDTH="58" VPOS="782" HPOS="551"/><SP WIDTH="17" VPOS="783" HPOS="610"/><String WC="0.5433333516" CONTENT="nel" HEIGHT="37" WIDTH="57" VPOS="769" HPOS="628"/><SP WIDTH="10" VPOS="769" HPOS="686"/><String WC="0.6050000191" CONTENT="füoco:" HEIGHT="35" WIDTH="128" VPOS="768" HPOS="697"/><SP WIDTH="10" VPOS="769" HPOS="826"/><String WC="0.4550000131" CONTENT="E," HEIGHT="38" WIDTH="41" VPOS="769" HPOS="837"/><SP WIDTH="13" VPOS="766" HPOS="879"/><String WC="0.7350000143" CONTENT="dopo" HEIGHT="43" WIDTH="97" VPOS="766" HPOS="893"/><SP WIDTH="13" VPOS="764" HPOS="991"/><String WC="1." CONTENT="’l" HEIGHT="37" WIDTH="22" VPOS="760" HPOS="1005"/></TextLine>
<TextLine HEIGHT="42" WIDTH="835" VPOS="815" HPOS="45" STYLEREFS="font4"><String WC="0.2960000038" CONTENT="fuoco" HEIGHT="40" WIDTH="112" VPOS="816" HPOS="45"/><SP WIDTH="13" VPOS="831" HPOS="158"/><String WC="0.6639999747" CONTENT="venne" HEIGHT="25" WIDTH="117" VPOS="832" HPOS="172"/><SP WIDTH="14" VPOS="832" HPOS="290"/><String WC="0.4307142794" CONTENT="unfibilod’aura" HEIGHT="39" WIDTH="296" VPOS="817" HPOS="305"/><SP WIDTH="9" VPOS="819" HPOS="602"/><String WC="0.8000000119" CONTENT="dolce" HEIGHT="35" WIDTH="101" VPOS="818" HPOS="612"/><SP WIDTH="9" VPOS="829" HPOS="714"/><String WC="0.4811111093" CONTENT="elbtcile." HEIGHT="37" WIDTH="156" VPOS="815" HPOS="724"/></TextLine>
<TextLine HEIGHT="59" WIDTH="945" VPOS="855" HPOS="87"><String STYLE="italics" WC="0.4779999852" CONTENT="Jpres" HEIGHT="42" WIDTH="104" VPOS="872" HPOS="87"/><SP WIDTH="19" VPOS="868" HPOS="192"/><String STYLE="italics" WC="0.6449999809" CONTENT="le" HEIGHT="35" WIDTH="28" VPOS="868" HPOS="212"/><SP WIDTH="9" VPOS="873" HPOS="241"/><String STYLE="italics" WC="0.4375" CONTENT="Fent" HEIGHT="31" WIDTH="82" VPOS="873" HPOS="251"/><SP WIDTH="14" VPOS="874" HPOS="334"/><String STYLE="italics" WC="0.6050000191" CONTENT="vint" HEIGHT="32" WIDTH="75" VPOS="871" HPOS="349"/><SP WIDTH="12" VPOS="873" HPOS="425"/><String STYLE="italics" WC="0.375" CONTENT="un" HEIGHT="23" WIDTH="40" VPOS="879" HPOS="438"/><SP WIDTH="15" VPOS="870" HPOS="479"/><String STYLE="italics" WC="0.3809090853" CONTENT="Tremblement" HEIGHT="36" WIDTH="231" VPOS="866" HPOS="495"/><String STYLE="bold" STYLEREFS="font3" WC="1." CONTENT="," HEIGHT="13" WIDTH="8" VPOS="893" HPOS="742"/><SP WIDTH="19" VPOS="876" HPOS="751"/><String STYLE="italics" WC="0.5849999785" CONTENT="mais" HEIGHT="34" WIDTH="80" VPOS="866" HPOS="771"/><SP WIDTH="20" VPOS="860" HPOS="852"/><String STYLE="italics" WC="0.9549999833" CONTENT="l&apos;" HEIGHT="36" WIDTH="19" VPOS="860" HPOS="873"/><SP WIDTH="7" VPOS="864" HPOS="893"/><String STYLE="italics" WC="0.5799999833" CONTENT="Et" HEIGHT="32" WIDTH="41" VPOS="865" HPOS="901"/><SP WIDTH="1" VPOS="868" HPOS="943"/><String STYLE="italics" WC="0.40200001" CONTENT="ernel" HEIGHT="41" WIDTH="88" VPOS="855" HPOS="944"/></TextLine>
<TextLine HEIGHT="54" WIDTH="994" VPOS="911" HPOS="39"><String STYLE="italics" WC="0.437142849" CONTENT="n&apos;etoit" HEIGHT="35" WIDTH="114" VPOS="917" HPOS="39"/><SP WIDTH="10" VPOS="923" HPOS="154"/><String STYLE="italics" WC="0.4860000014" CONTENT="point" HEIGHT="47" WIDTH="91" VPOS="918" HPOS="165"/><SP WIDTH="9" VPOS="918" HPOS="257"/><String STYLE="italics" WC="0.5799999833" CONTENT="dans" HEIGHT="32" WIDTH="78" VPOS="918" HPOS="267"/><SP WIDTH="13" VPOS="927" HPOS="346"/><String STYLE="italics" WC="0.5885714293" CONTENT="ceTrcmblement:" HEIGHT="37" WIDTH="277" VPOS="913" HPOS="360"/><SP WIDTH="6" VPOS="918" HPOS="638"/><String STYLE="italics" WC="0.3059999943" CONTENT="Jpres" HEIGHT="42" WIDTH="100" VPOS="918" HPOS="645"/><SP WIDTH="13" VPOS="914" HPOS="746"/><String STYLE="italics" WC="0.7549999952" CONTENT="le" HEIGHT="34" WIDTH="27" VPOS="914" HPOS="760"/><SP WIDTH="10" VPOS="917" HPOS="788"/><String STYLE="italics" WC="0.5754545331" CONTENT="Tremblement" HEIGHT="38" WIDTH="234" VPOS="911" HPOS="799"/></TextLine>
<TextLine HEIGHT="54" WIDTH="989" VPOS="961" HPOS="41"><String STYLE="italics" WC="0.3725000024" CONTENT="vint" HEIGHT="33" WIDTH="72" VPOS="968" HPOS="41"/><SP WIDTH="8" VPOS="973" HPOS="114"/><String STYLE="italics" WC="0.5966666937" CONTENT="imfeit" HEIGHT="48" WIDTH="100" VPOS="967" HPOS="123"/><String STYLE="bold" STYLEREFS="font3" WC="1." CONTENT="," HEIGHT="13" WIDTH="6" VPOS="995" HPOS="232"/><SP WIDTH="9" VPOS="977" HPOS="239"/><String STYLE="italics" WC="0.4724999964" CONTENT="mais" HEIGHT="36" WIDTH="79" VPOS="966" HPOS="249"/><SP WIDTH="8" VPOS="965" HPOS="329"/><String STYLE="italics" WC="0.5244444609" CONTENT="l’Eternel" HEIGHT="38" WIDTH="154" VPOS="962" HPOS="338"/><SP WIDTH="8" VPOS="962" HPOS="493"/><String STYLE="italics" WC="0.6449999809" CONTENT="n&apos;" HEIGHT="35" WIDTH="27" VPOS="964" HPOS="502"/><SP WIDTH="7" VPOS="964" HPOS="530"/><String STYLE="italics" WC="0.4900000095" CONTENT="etoit" HEIGHT="34" WIDTH="80" VPOS="964" HPOS="538"/><SP WIDTH="7" VPOS="969" HPOS="619"/><String STYLE="italics" WC="0.4659999907" CONTENT="point" HEIGHT="46" WIDTH="92" VPOS="965" HPOS="627"/><SP WIDTH="8" VPOS="961" HPOS="720"/><String STYLE="italics" WC="0.4950000048" CONTENT="dans" HEIGHT="38" WIDTH="77" VPOS="961" HPOS="729"/><SP WIDTH="9" VPOS="972" HPOS="807"/><String STYLE="italics" WC="0.5316666961" CONTENT="cefeu-.Apres" HEIGHT="46" WIDTH="213" VPOS="962" HPOS="817"/></TextLine>
<TextLine HEIGHT="55" WIDTH="596" VPOS="1009" HPOS="39"><String STYLE="italics" WC="0.4499999881" CONTENT="le" HEIGHT="35" WIDTH="30" VPOS="1009" HPOS="39"/><SP WIDTH="8" VPOS="1013" HPOS="70"/><String STYLE="italics" WC="0.8433333039" CONTENT="feu" HEIGHT="41" WIDTH="60" VPOS="1013" HPOS="79"/><SP WIDTH="17" VPOS="1024" HPOS="140"/><String STYLE="italics" WC="0.6600000262" CONTENT="vint" HEIGHT="32" WIDTH="75" VPOS="1019" HPOS="158"/><SP WIDTH="14" VPOS="1022" HPOS="234"/><String STYLE="italics" WC="0.8349999785" CONTENT="un" HEIGHT="24" WIDTH="39" VPOS="1028" HPOS="249"/><SP WIDTH="5" VPOS="1020" HPOS="289"/><String STYLE="italics" WC="0.6150000095" CONTENT="jiffle" HEIGHT="50" WIDTH="76" VPOS="1014" HPOS="295"/><SP WIDTH="9" VPOS="1014" HPOS="372"/><String STYLE="italics" WC="0.6949999928" CONTENT="doux" HEIGHT="37" WIDTH="89" VPOS="1014" HPOS="382"/><SP WIDTH="9" VPOS="1009" HPOS="472"/><String STYLE="italics" WC="0.6000000238" CONTENT="&amp;fubtil." HEIGHT="51" WIDTH="153" VPOS="1009" HPOS="482"/></TextLine>
</TextBlock>
<ComposedBlock ID="Page1_Block2" HEIGHT="809" WIDTH="1020" VPOS="1092" HPOS="28" TYPE="container">
<TextBlock ID="Page1_Block3" HEIGHT="270" WIDTH="1020" VPOS="1092" HPOS="28" language="de" STYLEREFS="font2"><Shape><Polygon POINTS="28,1092 1048,1092 1048,1362 668,1362 668,1320 356,1320 356,1318 72,1318 72,1306 28,1306 28,1092"/></Shape>
<TextLine HEIGHT="42" WIDTH="700" VPOS="1098" HPOS="181" STYLEREFS="font3"><String STYLE="italics" WC="0.5" CONTENT="VAR" HEIGHT="32" WIDTH="131" VPOS="1098" HPOS="181"/><SP WIDTH="12" VPOS="1103" HPOS="313"/><String STYLE="italics" WC="0.6100000143" CONTENT="IA." HEIGHT="27" WIDTH="62" VPOS="1101" HPOS="326"/><SP WIDTH="42" VPOS="1105" HPOS="389"/><String STYLE="italics" STYLEREFS="font1" WC="0.3440000117" CONTENT="iceUo" HEIGHT="28" WIDTH="69" VPOS="1103" HPOS="432"/><SP WIDTH="11" VPOS="1110" HPOS="502"/><String STYLE="italics" STYLEREFS="font1" WC="0.2300000042" CONTENT="I" HEIGHT="14" WIDTH="9" VPOS="1110" HPOS="514"/><SP WIDTH="10" VPOS="1110" HPOS="524"/><String STYLE="bold" WC="0.1599999964" CONTENT="j" HEIGHT="28" WIDTH="3" VPOS="1112" HPOS="535"/><SP WIDTH="155" VPOS="1101" HPOS="539"/><String STYLE="italics" WC="0.3400000036" CONTENT="V" HEIGHT="26" WIDTH="36" VPOS="1101" HPOS="695"/><SP WIDTH="15" VPOS="1101" HPOS="732"/><String STYLE="italics" WC="0.5983333588" CONTENT="K^LIR," HEIGHT="33" WIDTH="133" VPOS="1103" HPOS="748"/></TextLine>
<TextLine HEIGHT="47" WIDTH="960" VPOS="1138" HPOS="71"><String STYLE="italics" WC="7.999999821e-002" CONTENT="V" HEIGHT="28" WIDTH="31" VPOS="1145" HPOS="71"/><SP WIDTH="7" VPOS="1145" HPOS="103"/><String WC="0.6324999928" CONTENT="Aura" HEIGHT="26" WIDTH="70" VPOS="1145" HPOS="111"/><SP WIDTH="6" VPOS="1142" HPOS="182"/><String WC="0.3871428668" CONTENT="foave,^" HEIGHT="35" WIDTH="119" VPOS="1142" HPOS="189"/><String STYLE="italics" WC="0.474999994" CONTENT="ßro," HEIGHT="34" WIDTH="54" VPOS="1143" HPOS="308"/><SP WIDTH="4" VPOS="1138" HPOS="363"/><String STYLE="italics" WC="0.3860000074" CONTENT="dolce" HEIGHT="29" WIDTH="65" VPOS="1138" HPOS="368"/><SP WIDTH="8" VPOS="1149" HPOS="434"/><String STYLE="italics" WC="0.5049999952" CONTENT="•vmti-" HEIGHT="21" WIDTH="88" VPOS="1144" HPOS="443"/><SP WIDTH="46" VPOS="1141" HPOS="532"/><String WC="0.6150000095" CONTENT="Le" HEIGHT="27" WIDTH="36" VPOS="1141" HPOS="579"/><SP WIDTH="8" VPOS="1149" HPOS="616"/><String WC="0.3740000129" CONTENT="petit" HEIGHT="39" WIDTH="65" VPOS="1140" HPOS="625"/><SP WIDTH="7" VPOS="1140" HPOS="691"/><String WC="0.7966666818" CONTENT="dou" HEIGHT="29" WIDTH="53" VPOS="1140" HPOS="699"/><String STYLE="italics" WC="0.349999994" CONTENT="xgrdcitux" HEIGHT="37" WIDTH="146" VPOS="1148" HPOS="755"/><SP WIDTH="7" VPOS="1157" HPOS="902"/><String WC="0.59375" CONTENT="vent,&amp;r&gt;" HEIGHT="29" WIDTH="121" VPOS="1154" HPOS="910"/></TextLine>
<TextLine HEIGHT="50" WIDTH="985" VPOS="1182" HPOS="44"><String WC="0.2800000012" CONTENT="Ipira" HEIGHT="41" WIDTH="63" VPOS="1187" HPOS="44"/><SP WIDTH="10" VPOS="1198" HPOS="108"/><String WC="0.4916000068" CONTENT="piacero!mente,dolcemente." HEIGHT="46" WIDTH="413" VPOS="1182" HPOS="119"/><SP WIDTH="6" VPOS="1183" HPOS="533"/><String WC="0.4485714138" CONTENT="foufflc" HEIGHT="31" WIDTH="92" VPOS="1183" HPOS="540"/><SP WIDTH="13" VPOS="1193" HPOS="633"/><String WC="0.4950000048" CONTENT="tout" HEIGHT="21" WIDTH="61" VPOS="1193" HPOS="647"/><SP WIDTH="7" VPOS="1184" HPOS="709"/><String WC="0.4339999855" CONTENT="doucement." HEIGHT="36" WIDTH="173" VPOS="1184" HPOS="717"/><SP WIDTH="42" VPOS="1191" HPOS="891"/><String STYLE="italics" WC="0.3120000064" CONTENT="[pbir" HEIGHT="41" WIDTH="69" VPOS="1191" HPOS="934"/><SP WIDTH="9" VPOS="1202" HPOS="1004"/><String STYLE="italics" WC="0.2899999917" CONTENT="i" HEIGHT="20" WIDTH="15" VPOS="1202" HPOS="1014"/></TextLine>
<TextLine HEIGHT="52" WIDTH="801" VPOS="1222" HPOS="81"><String WC="0.5274999738" CONTENT="Dove" HEIGHT="26" WIDTH="79" VPOS="1234" HPOS="81"/><SP WIDTH="8" VPOS="1242" HPOS="161"/><String WC="0.3733333349" CONTENT="che" HEIGHT="26" WIDTH="48" VPOS="1233" HPOS="170"/><SP WIDTH="6" VPOS="1231" HPOS="219"/><String WC="0.6100000143" CONTENT="’l" HEIGHT="29" WIDTH="16" VPOS="1231" HPOS="226"/><SP WIDTH="8" VPOS="1232" HPOS="243"/><String WC="0.4399999976" CONTENT="venco" HEIGHT="20" WIDTH="82" VPOS="1239" HPOS="252"/><SP WIDTH="13" VPOS="1232" HPOS="335"/><String STYLE="italics" WC="0.625" CONTENT="la" HEIGHT="26" WIDTH="27" VPOS="1232" HPOS="349"/><SP WIDTH="8" VPOS="1235" HPOS="377"/><String STYLE="italics" WC="0.7888888717" CONTENT="tramonta^" HEIGHT="52" WIDTH="151" VPOS="1222" HPOS="386"/><SP WIDTH="42" VPOS="1222" HPOS="538"/><String WC="0.4199999869" CONTENT="Od" HEIGHT="28" WIDTH="45" VPOS="1228" HPOS="581"/><SP WIDTH="7" VPOS="1228" HPOS="627"/><String WC="0.1333333403" CONTENT="que" HEIGHT="27" WIDTH="50" VPOS="1238" HPOS="635"/><SP WIDTH="8" VPOS="1229" HPOS="686"/><String WC="0.4350000024" CONTENT="le" HEIGHT="27" WIDTH="24" VPOS="1229" HPOS="695"/><SP WIDTH="7" VPOS="1239" HPOS="720"/><String WC="0.4799999893" CONTENT="vent" HEIGHT="19" WIDTH="65" VPOS="1239" HPOS="728"/><String STYLE="italics" WC="0.8999999762" CONTENT="," HEIGHT="15" WIDTH="9" VPOS="1250" HPOS="794"/><SP WIDTH="5" VPOS="1232" HPOS="804"/><String STYLE="italics" WC="0.3033333421" CONTENT="bif" HEIGHT="36" WIDTH="44" VPOS="1232" HPOS="810"/><String STYLE="subscript italics" WC="0.2399999946" CONTENT="e" HEIGHT="13" WIDTH="9" VPOS="1246" HPOS="848"/><SP WIDTH="10" VPOS="1244" HPOS="858"/><String STYLE="italics" WC="0.2599999905" CONTENT="i" HEIGHT="17" WIDTH="13" VPOS="1244" HPOS="869"/></TextLine>
<TextLine HEIGHT="49" WIDTH="987" VPOS="1266" HPOS="43"><String WC="0.5966666937" CONTENT="föffia" HEIGHT="36" WIDTH="68" VPOS="1267" HPOS="43"/><SP WIDTH="8" VPOS="1285" HPOS="112"/><String WC="0.3899999857" CONTENT="con" HEIGHT="20" WIDTH="54" VPOS="1283" HPOS="121"/><SP WIDTH="8" VPOS="1283" HPOS="176"/><String WC="0.2742857039" CONTENT="empito." HEIGHT="39" WIDTH="113" VPOS="1274" HPOS="185"/><SP WIDTH="72" VPOS="1273" HPOS="299"/><String STYLE="italics" WC="0.2899999917" CONTENT="(ni" HEIGHT="30" WIDTH="45" VPOS="1273" HPOS="372"/><String STYLE="subscript italics" WC="0.2800000012" CONTENT="t" HEIGHT="16" WIDTH="8" VPOS="1287" HPOS="419"/><String STYLE="italics" WC="0.3766666651" CONTENT="bifa.2" HEIGHT="39" WIDTH="94" VPOS="1266" HPOS="436"/><SP WIDTH="10" VPOS="1268" HPOS="531"/><String WC="0.2775000036" CONTENT="fait" HEIGHT="29" WIDTH="47" VPOS="1268" HPOS="542"/><SP WIDTH="12" VPOS="1278" HPOS="590"/><String WC="0.6179999709" CONTENT="grand" HEIGHT="38" WIDTH="85" VPOS="1270" HPOS="603"/><SP WIDTH="17" VPOS="1270" HPOS="689"/><String WC="0.6383333206" CONTENT="bruit," HEIGHT="34" WIDTH="89" VPOS="1270" HPOS="707"/><SP WIDTH="11" VPOS="1271" HPOS="797"/><String WC="0.7057142854" CONTENT="fouffle" HEIGHT="31" WIDTH="92" VPOS="1271" HPOS="809"/><SP WIDTH="8" VPOS="1277" HPOS="902"/><String WC="0.3000000119" CONTENT="impetu»" HEIGHT="38" WIDTH="119" VPOS="1277" HPOS="911"/></TextLine>
<TextLine HEIGHT="45" WIDTH="346" VPOS="1312" HPOS="684" STYLEREFS="font2"><String STYLE="italics" WC="0.2549999952" CONTENT="(eufcmentybrufquementc" HEIGHT="45" WIDTH="346" VPOS="1312" HPOS="684"/></TextLine>
</TextBlock>
<TextBlock ID="Page1_Block4" HEIGHT="134" WIDTH="494" VPOS="1346" HPOS="32" language="de" STYLEREFS="font2"><Shape><Polygon POINTS="32,1346 526,1346 526,1442 522,1442 522,1480 42,1480 42,1442 32,1442 32,1346"/></Shape>
<TextLine HEIGHT="40" WIDTH="371" VPOS="1354" HPOS="82"><String WC="0.275000006" CONTENT="La" HEIGHT="26" WIDTH="37" VPOS="1358" HPOS="82"/><SP WIDTH="15" VPOS="1364" HPOS="120"/><String WC="0.412499994" CONTENT="tempefta" HEIGHT="38" WIDTH="129" VPOS="1356" HPOS="136"/><SP WIDTH="8" VPOS="1368" HPOS="266"/><String WC="0.7200000286" CONTENT="," HEIGHT="15" WIDTH="7" VPOS="1376" HPOS="275"/><SP WIDTH="9" VPOS="1364" HPOS="283"/><String STYLE="italics" WC="0.4933333397" CONTENT="temporale" HEIGHT="37" WIDTH="136" VPOS="1354" HPOS="293"/><SP WIDTH="13" VPOS="1361" HPOS="430"/><String STYLE="italics" WC="0.25" CONTENT="f" HEIGHT="23" WIDTH="9" VPOS="1361" HPOS="444"/></TextLine>
<TextLine HEIGHT="50" WIDTH="479" VPOS="1388" HPOS="47"><String WC="0.381249994" CONTENT="*tferra," HEIGHT="35" WIDTH="102" VPOS="1399" HPOS="47"/><SP WIDTH="13" VPOS="1404" HPOS="150"/><String STYLE="italics" WC="0.4770588279" CONTENT="lradica,fi-&lt;tcaßa" HEIGHT="43" WIDTH="221" VPOS="1395" HPOS="164"/><SP WIDTH="8" VPOS="1404" HPOS="386"/><String WC="0.7833333611" CONTENT="gli" HEIGHT="38" WIDTH="35" VPOS="1393" HPOS="395"/><SP WIDTH="6" VPOS="1394" HPOS="431"/><String WC="0.5099999905" CONTENT="alberi," HEIGHT="32" WIDTH="88" VPOS="1388" HPOS="438"/></TextLine>
<TextLine HEIGHT="45" WIDTH="464" VPOS="1430" HPOS="58"><String WC="0.25" CONTENT="11" HEIGHT="30" WIDTH="21" VPOS="1432" HPOS="58"/><SP WIDTH="7" VPOS="1435" HPOS="80"/><String STYLE="italics" WC="0.3721739054" CONTENT="ckciOjturbojbonafebayla" HEIGHT="40" WIDTH="337" VPOS="1435" HPOS="88"/><SP WIDTH="5" VPOS="1445" HPOS="426"/><String WC="0.4828571379" CONTENT="sbuffe-" HEIGHT="31" WIDTH="90" VPOS="1430" HPOS="432"/></TextLine>
</TextBlock>
<TextBlock ID="Page1_Block5" HEIGHT="134" WIDTH="414" VPOS="1348" HPOS="538" language="de" STYLEREFS="font2"><Shape><Polygon POINTS="538,1348 628,1348 628,1360 738,1360 738,1386 952,1386 952,1440 830,1440 830,1482 578,1482 578,1440 538,1440 538,1348"/></Shape>
<TextLine HEIGHT="42" WIDTH="141" VPOS="1351" HPOS="581"><String WC="0.9800000191" CONTENT="L’" HEIGHT="31" WIDTH="30" VPOS="1351" HPOS="581"/><SP WIDTH="8" VPOS="1351" HPOS="612"/><String WC="0.5120000243" CONTENT="orage" HEIGHT="30" WIDTH="77" VPOS="1363" HPOS="621"/><SP WIDTH="10" VPOS="1365" HPOS="699"/><String WC="0.1400000006" CONTENT="3" HEIGHT="26" WIDTH="12" VPOS="1366" HPOS="710"/></TextLine>
<TextLine HEIGHT="44" WIDTH="393" VPOS="1392" HPOS="542"><String STYLE="italics" WC="0.5137500167" CONTENT="ebramle,ß-aca/fe" HEIGHT="44" WIDTH="240" VPOS="1392" HPOS="542"/><SP WIDTH="7" VPOS="1398" HPOS="783"/><String WC="0.3266666532" CONTENT="les" HEIGHT="29" WIDTH="37" VPOS="1398" HPOS="791"/><SP WIDTH="6" VPOS="1409" HPOS="829"/><String WC="0.2257142812" CONTENT="arbres." HEIGHT="33" WIDTH="99" VPOS="1398" HPOS="836"/></TextLine>
<TextLine HEIGHT="39" WIDTH="232" VPOS="1438" HPOS="582"><String WC="0.150000006" CONTENT="Le" HEIGHT="25" WIDTH="35" VPOS="1440" HPOS="582"/><SP WIDTH="7" VPOS="1445" HPOS="618"/><String WC="0.5954545736" CONTENT="tourbillon," HEIGHT="36" WIDTH="161" VPOS="1438" HPOS="626"/><SP WIDTH="7" VPOS="1451" HPOS="788"/><String WC="0.3000000119" CONTENT="4" HEIGHT="26" WIDTH="18" VPOS="1451" HPOS="796"/></TextLine>
</TextBlock>
<TextBlock ID="Page1_Block6" HEIGHT="344" WIDTH="1014" VPOS="1466" HPOS="32" language="de" STYLEREFS="font2">
<TextLine HEIGHT="51" WIDTH="983" VPOS="1470" HPOS="46"><String WC="0.2199999988" CONTENT="ü" HEIGHT="30" WIDTH="17" VPOS="1470" HPOS="46"/><SP WIDTH="6" VPOS="1470" HPOS="64"/><String WC="0.3944444358" CONTENT="dime&apos;na(a" HEIGHT="43" WIDTH="134" VPOS="1478" HPOS="71"/><SP WIDTH="5" VPOS="1490" HPOS="206"/><String WC="0.5561538339" CONTENT="marauiglia)in" HEIGHT="42" WIDTH="194" VPOS="1478" HPOS="212"/><SP WIDTH="5" VPOS="1487" HPOS="407"/><String WC="0.3199999928" CONTENT="giro(ra4" HEIGHT="40" WIDTH="119" VPOS="1477" HPOS="413"/><SP WIDTH="8" VPOS="1477" HPOS="533"/><String WC="0.349999994" CONTENT="fe" HEIGHT="29" WIDTH="24" VPOS="1477" HPOS="542"/><SP WIDTH="7" VPOS="1488" HPOS="567"/><String WC="0.5" CONTENT="virevolte" HEIGHT="30" WIDTH="126" VPOS="1479" HPOS="575"/><SP WIDTH="7" VPOS="1484" HPOS="702"/><String WC="0.3942857087" CONTENT="(merveilleufemetlt)ea" HEIGHT="37" WIDTH="319" VPOS="1481" HPOS="710"/></TextLine>
<TextLine HEIGHT="43" WIDTH="944" VPOS="1521" HPOS="86"><String WC="0.6200000048" CONTENT="il" HEIGHT="27" WIDTH="23" VPOS="1521" HPOS="86"/><SP WIDTH="8" VPOS="1521" HPOS="110"/><String WC="0.7080000043" CONTENT="venco" HEIGHT="20" WIDTH="82" VPOS="1532" HPOS="119"/><SP WIDTH="376" VPOS="1523" HPOS="202"/><String WC="0.1299999952" CONTENT="Le" HEIGHT="25" WIDTH="36" VPOS="1523" HPOS="579"/><SP WIDTH="7" VPOS="1529" HPOS="616"/><String WC="0.5154545307" CONTENT="tremblement" HEIGHT="30" WIDTH="193" VPOS="1521" HPOS="624"/><SP WIDTH="7" VPOS="1524" HPOS="818"/><String WC="0.174999997" CONTENT="de" HEIGHT="29" WIDTH="31" VPOS="1524" HPOS="826"/><SP WIDTH="7" VPOS="1532" HPOS="858"/><String WC="0.2583333254" CONTENT="terre(ron&lt;J»" HEIGHT="38" WIDTH="164" VPOS="1526" HPOS="866"/></TextLine>
<TextLine HEIGHT="53" WIDTH="777" VPOS="1553" HPOS="47"><String WC="0.3230000138" CONTENT="kttcrraneo" HEIGHT="40" WIDTH="161" VPOS="1553" HPOS="47"/><SP WIDTH="13" VPOS="1575" HPOS="209"/><String WC="0.5849999785" CONTENT="$■" HEIGHT="27" WIDTH="14" VPOS="1575" HPOS="223"/><SP WIDTH="300" VPOS="1572" HPOS="238"/><String WC="0.25" CONTENT="procede&gt;" HEIGHT="38" WIDTH="126" VPOS="1562" HPOS="539"/><SP WIDTH="9" VPOS="1575" HPOS="666"/><String STYLEREFS="font0" WC="0.5849999785" CONTENT="5’" HEIGHT="29" WIDTH="17" VPOS="1562" HPOS="676"/><SP WIDTH="7" VPOS="1562" HPOS="694"/><String STYLE="italics" WC="0.3412500024" CONTENT="tngcnirc" HEIGHT="41" WIDTH="122" VPOS="1565" HPOS="702"/></TextLine>
<TextLine HEIGHT="41" WIDTH="624" VPOS="1600" HPOS="47"><String WC="0." CONTENT="5" HEIGHT="37" WIDTH="15" VPOS="1602" HPOS="47"/><String STYLE="superscript" WC="0.2399999946" CONTENT="a" HEIGHT="19" WIDTH="13" VPOS="1605" HPOS="64"/><String WC="0.453333348" CONTENT="giona," HEIGHT="41" WIDTH="87" VPOS="1600" HPOS="78"/><SP WIDTH="374" VPOS="1602" HPOS="166"/><String WC="0.2962499857" CONTENT="desvents" HEIGHT="31" WIDTH="130" VPOS="1602" HPOS="541"/></TextLine>
<TextLine HEIGHT="50" WIDTH="695" VPOS="1635" HPOS="47"><String WC="0.3975000083" CONTENT="iltrernoto,;" HEIGHT="47" WIDTH="161" VPOS="1635" HPOS="47"/><SP WIDTH="330" VPOS="1644" HPOS="209"/><String WC="0.3783333302" CONTENT="fouterrains;" HEIGHT="37" WIDTH="175" VPOS="1644" HPOS="540"/><SP WIDTH="12" VPOS="1656" HPOS="716"/><String WC="0.2399999946" CONTENT="y" HEIGHT="28" WIDTH="13" VPOS="1657" HPOS="729"/></TextLine>
<TextLine HEIGHT="40" WIDTH="602" VPOS="1687" HPOS="81"><String WC="0." CONTENT="R" HEIGHT="28" WIDTH="15" VPOS="1690" HPOS="81"/><String STYLE="superscript" WC="9.999999776e-003" CONTENT="u" HEIGHT="17" WIDTH="15" VPOS="1691" HPOS="99"/><String WC="0.4575000107" CONTENT="efti" HEIGHT="29" WIDTH="43" VPOS="1687" HPOS="117"/><SP WIDTH="377" VPOS="1687" HPOS="161"/><String WC="0.4300000072" CONTENT="lequel" HEIGHT="40" WIDTH="86" VPOS="1687" HPOS="539"/><SP WIDTH="10" VPOS="1688" HPOS="626"/><String WC="0.3774999976" CONTENT="fait" HEIGHT="30" WIDTH="46" VPOS="1688" HPOS="637"/></TextLine>
<TextLine HEIGHT="47" WIDTH="687" VPOS="1717" HPOS="50"><String WC="0.5950000286" CONTENT="le" HEIGHT="31" WIDTH="24" VPOS="1717" HPOS="50"/><SP WIDTH="9" VPOS="1727" HPOS="75"/><String WC="0.4250000119" CONTENT="ruinn," HEIGHT="28" WIDTH="85" VPOS="1730" HPOS="85"/><SP WIDTH="5" VPOS="1733" HPOS="171"/><String STYLE="italics" WC="1." CONTENT="6" HEIGHT="25" WIDTH="15" VPOS="1733" HPOS="177"/><SP WIDTH="346" VPOS="1729" HPOS="193"/><String WC="0.3033333421" CONTENT="des" HEIGHT="30" WIDTH="44" VPOS="1729" HPOS="540"/><SP WIDTH="6" VPOS="1741" HPOS="585"/><String WC="0.4842857122" CONTENT="rui&apos;nes" HEIGHT="27" WIDTH="92" VPOS="1734" HPOS="592"/><SP WIDTH="10" VPOS="1742" HPOS="685"/><String WC="0.2599999905" CONTENT=";" HEIGHT="19" WIDTH="8" VPOS="1745" HPOS="696"/><SP WIDTH="16" VPOS="1732" HPOS="705"/><String WC="0.2199999988" CONTENT="6" HEIGHT="26" WIDTH="15" VPOS="1732" HPOS="722"/></TextLine>
<TextLine HEIGHT="41" WIDTH="982" VPOS="1764" HPOS="48"><String STYLE="superscript" WC="0.2399999946" CONTENT="r" HEIGHT="20" WIDTH="12" VPOS="1764" HPOS="48"/><String WC="0.4129999876" CONTENT="°Hefciando" HEIGHT="37" WIDTH="158" VPOS="1764" HPOS="62"/><SP WIDTH="14" VPOS="1780" HPOS="221"/><String WC="0.7149999738" CONTENT="anco" HEIGHT="20" WIDTH="72" VPOS="1781" HPOS="236"/><SP WIDTH="12" VPOS="1770" HPOS="309"/><String WC="0.4120000005" CONTENT="delle" HEIGHT="30" WIDTH="68" VPOS="1770" HPOS="322"/><SP WIDTH="13" VPOS="1781" HPOS="391"/><String WC="0.349999994" CONTENT="cafe" HEIGHT="31" WIDTH="55" VPOS="1770" HPOS="405"/><SP WIDTH="11" VPOS="1774" HPOS="461"/><String WC="0.2099999934" CONTENT="finrrenverfant" HEIGHT="33" WIDTH="220" VPOS="1772" HPOS="473"/><SP WIDTH="7" VPOS="1781" HPOS="694"/><String WC="0.287499994" CONTENT="mcme" HEIGHT="25" WIDTH="90" VPOS="1780" HPOS="702"/><SP WIDTH="15" VPOS="1769" HPOS="793"/><String WC="0.3133333325" CONTENT="des" HEIGHT="31" WIDTH="46" VPOS="1769" HPOS="809"/><SP WIDTH="13" VPOS="1781" HPOS="856"/><String WC="0.2185714245" CONTENT="maifons" HEIGHT="31" WIDTH="115" VPOS="1771" HPOS="870"/><SP WIDTH="8" VPOS="1772" HPOS="986"/><String WC="0.3950000107" CONTENT="de" HEIGHT="31" WIDTH="35" VPOS="1772" HPOS="995"/></TextLine>
</TextBlock>
<TextBlock ID="Page1_Block7" HEIGHT="46" WIDTH="286" VPOS="1810" HPOS="254" language="de" STYLEREFS="font3">
<TextLine HEIGHT="39" WIDTH="263" VPOS="1813" HPOS="270"><String WC="0.2300000042" CONTENT="(da" HEIGHT="39" WIDTH="46" VPOS="1813" HPOS="270"/><SP WIDTH="7" VPOS="1815" HPOS="317"/><String WC="0.2899999917" CONTENT="i" HEIGHT="28" WIDTH="9" VPOS="1815" HPOS="325"/><SP WIDTH="8" VPOS="1813" HPOS="335"/><String WC="0.3100000024" CONTENT="fondamend.l" HEIGHT="36" WIDTH="189" VPOS="1813" HPOS="344"/></TextLine>
</TextBlock>
<TextBlock ID="Page1_Block8" HEIGHT="93" WIDTH="296" VPOS="1808" HPOS="750" language="de" STYLEREFS="font6"><Shape><Polygon POINTS="750,1808 1046,1808 1046,1858 1044,1858 1044,1901 908,1901 908,1858 750,1858 750,1808"/></Shape>
<TextLine HEIGHT="42" WIDTH="264" VPOS="1812" HPOS="765" STYLEREFS="font3"><String WC="0.2039999962" CONTENT="(fond" HEIGHT="42" WIDTH="92" VPOS="1812" HPOS="765"/><SP WIDTH="8" VPOS="1813" HPOS="858"/><String WC="0.3350000083" CONTENT="en" HEIGHT="23" WIDTH="34" VPOS="1823" HPOS="867"/><SP WIDTH="7" VPOS="1823" HPOS="902"/><String WC="0.254285723" CONTENT="comble." HEIGHT="32" WIDTH="119" VPOS="1814" HPOS="910"/></TextLine>
<TextLine HEIGHT="41" WIDTH="104" VPOS="1857" HPOS="924"><String STYLE="bold" WC="0.2700000107" CONTENT="pr»iw" HEIGHT="41" WIDTH="104" VPOS="1857" HPOS="924"/></TextLine>
</TextBlock></ComposedBlock><GraphicalElement ID="Page1_Block9" HEIGHT="12" WIDTH="986" VPOS="1077" HPOS="44"/><GraphicalElement ID="Page1_Block10" HEIGHT="252" WIDTH="4" VPOS="1503" HPOS="533"/><GraphicalElement ID="Page1_Block11" HEIGHT="164" WIDTH="4" VPOS="1309" HPOS="534"/>
</PrintSpace>
</Page>
</Layout>
</alto>