﻿<?xml version="1.0" encoding="UTF-8" standalone="yes"?>
<alto xmlns="http://www.loc.gov/standards/alto/ns-v2#" xmlns:xlink="http://www.w3.org/1999/xlink" xmlns:xsi="http://www.w3.org/2001/XMLSchema-instance" xsi:schemaLocation="http://www.loc.gov/standards/alto/ns-v2# http://www.loc.gov/standards/alto/alto-v2.0.xsd">
<Description>
<MeasurementUnit>pixel</MeasurementUnit>
<OCRProcessing ID="IdOcr"><ocrProcessingStep><processingDateTime>2017-03-20</processingDateTime><processingSoftware><softwareCreator>ABBYY</softwareCreator><softwareName>ABBYY FineReader Engine</softwareName><softwareVersion>11</softwareVersion></processingSoftware></ocrProcessingStep></OCRProcessing>
</Description>
<Styles><TextStyle ID="font0" FONTFAMILY="Times New Roman" FONTSIZE="8"/><TextStyle ID="font1" FONTFAMILY="Times New Roman" FONTSIZE="9"/><TextStyle ID="font2" FONTFAMILY="Times New Roman" FONTSIZE="10"/><TextStyle ID="font3" FONTFAMILY="Times New Roman" FONTSIZE="11"/><TextStyle ID="font4" FONTFAMILY="Times New Roman" FONTSIZE="12"/><TextStyle ID="font5" FONTFAMILY="Times New Roman" FONTSIZE="22"/>
</Styles>
<Layout>
<Page ID="Page1" PHYSICAL_IMG_NR="1" HEIGHT="2051" WIDTH="1249">
<TopMargin HEIGHT="93" WIDTH="1249" VPOS="0" HPOS="0">
</TopMargin>
<LeftMargin HEIGHT="1786" WIDTH="195" VPOS="93" HPOS="0">
</LeftMargin>
<RightMargin HEIGHT="1786" WIDTH="12" VPOS="93" HPOS="1237">
</RightMargin>
<BottomMargin HEIGHT="172" WIDTH="1249" VPOS="1879" HPOS="0">
</BottomMargin>
<PrintSpace HEIGHT="1786" WIDTH="1042" VPOS="93" HPOS="195">
<TextBlock ID="Page1_Block1" HEIGHT="69" WIDTH="534" VPOS="95" HPOS="429" language="de" STYLEREFS="font3"><Shape><Polygon POINTS="440,100 974,100 974,166 440,166 440,100"/></Shape>
<TextLine HEIGHT="58" WIDTH="502" VPOS="106" HPOS="444"><String STYLE="bold" WC="0.4692307711" CONTENT="M:O:(486):W-W" HEIGHT="58" WIDTH="502" VPOS="106" HPOS="444"/></TextLine>
</TextBlock>
<TextBlock ID="Page1_Block2" HEIGHT="224" WIDTH="994" VPOS="167" HPOS="195" language="de" STYLEREFS="font3"><Shape><Polygon POINTS="206,174 1200,174 1200,224 828,224 828,342 812,342 812,388 558,388 558,392 206,392 206,174"/></Shape>
<TextLine HEIGHT="53" WIDTH="972" VPOS="170" HPOS="213"><String WC="0.3666666746" CONTENT="Wan" HEIGHT="33" WIDTH="79" VPOS="180" HPOS="213"/><SP WIDTH="8" VPOS="183" HPOS="293"/><String WC="0.4650000036" CONTENT="dieser" HEIGHT="37" WIDTH="81" VPOS="182" HPOS="302"/><SP WIDTH="7" VPOS="181" HPOS="384"/><String WC="0.448333323" CONTENT="iirchl" HEIGHT="40" WIDTH="70" VPOS="180" HPOS="392"/><SP WIDTH="8" VPOS="180" HPOS="463"/><String WC="0.4079999924" CONTENT="fort&apos;" HEIGHT="38" WIDTH="63" VPOS="180" HPOS="472"/><SP WIDTH="37" VPOS="180" HPOS="536"/><String WC="0.6200000048" CONTENT="u«" HEIGHT="31" WIDTH="65" VPOS="179" HPOS="574"/><SP WIDTH="7" VPOS="175" HPOS="640"/><String WC="0.2199999988" CONTENT="st" HEIGHT="33" WIDTH="18" VPOS="175" HPOS="648"/><SP WIDTH="8" VPOS="175" HPOS="667"/><String WC="0.2666666806" CONTENT="non" HEIGHT="18" WIDTH="60" VPOS="186" HPOS="676"/><SP WIDTH="8" VPOS="186" HPOS="737"/><String WC="0.5885714293" CONTENT="pro-ftAoccdere,a.;.jmstgehen" HEIGHT="50" WIDTH="439" VPOS="170" HPOS="746"/></TextLine>
<TextLine HEIGHT="51" WIDTH="392" VPOS="216" HPOS="422"><String STYLE="bold" WC="0.4799999893" CONTENT="liehet;!" HEIGHT="41" WIDTH="124" VPOS="221" HPOS="422"/><SP WIDTH="118" VPOS="220" HPOS="546"/><String STYLE="bold" WC="1." CONTENT="^" HEIGHT="5" WIDTH="6" VPOS="260" HPOS="665"/><SP WIDTH="37" VPOS="217" HPOS="671"/><String STYLE="bold" WC="0.53285712" CONTENT="(ccckc;" HEIGHT="39" WIDTH="106" VPOS="216" HPOS="708"/></TextLine>
<TextLine HEIGHT="44" WIDTH="613" VPOS="257" HPOS="200"><String WC="0.3400000036" CONTENT="kämmt" HEIGHT="36" WIDTH="103" VPOS="260" HPOS="200"/><SP WIDTH="22" VPOS="263" HPOS="304"/><String WC="0.8266666532" CONTENT="man" HEIGHT="28" WIDTH="63" VPOS="269" HPOS="327"/><SP WIDTH="18" VPOS="270" HPOS="391"/><String WC="0.2800000012" CONTENT="vor" HEIGHT="30" WIDTH="49" VPOS="269" HPOS="410"/><SP WIDTH="16" VPOS="266" HPOS="460"/><String WC="0.4166666567" CONTENT="Ge-" HEIGHT="28" WIDTH="60" VPOS="266" HPOS="477"/><SP WIDTH="10" VPOS="272" HPOS="538"/><String WC="0.5899999738" CONTENT="venicur" HEIGHT="29" WIDTH="105" VPOS="261" HPOS="549"/><SP WIDTH="7" VPOS="260" HPOS="655"/><String STYLE="italics" STYLEREFS="font2" WC="0.5224999785" CONTENT="infomni," HEIGHT="38" WIDTH="132" VPOS="260" HPOS="663"/><SP WIDTH="10" VPOS="273" HPOS="796"/><String WC="1." CONTENT="I" HEIGHT="15" WIDTH="6" VPOS="273" HPOS="807"/></TextLine>
<TextLine HEIGHT="51" WIDTH="147" VPOS="295" HPOS="402"><String WC="0.3555555642" CONTENT="(cicbt/il" HEIGHT="51" WIDTH="147" VPOS="295" HPOS="402"/></TextLine>
<TextLine HEIGHT="52" WIDTH="594" VPOS="335" HPOS="204" STYLEREFS="font2"><String STYLE="bold" WC="0.4588888884" CONTENT="(Vorzeit^" HEIGHT="38" WIDTH="126" VPOS="343" HPOS="204"/><SP WIDTH="7" VPOS="344" HPOS="331"/><String STYLE="bold" WC="0.4539999962" CONTENT="hielt" HEIGHT="41" WIDTH="66" VPOS="344" HPOS="339"/><SP WIDTH="9" VPOS="353" HPOS="406"/><String STYLEREFS="font1" WC="0.2049999982" CONTENT="iliqtl" HEIGHT="26" WIDTH="61" VPOS="356" HPOS="416"/><SP WIDTH="6" VPOS="348" HPOS="478"/><String STYLE="bold" WC="0.3744444549" CONTENT="Ge»I(ostw" HEIGHT="49" WIDTH="150" VPOS="336" HPOS="485"/><SP WIDTH="7" VPOS="344" HPOS="636"/><String STYLEREFS="font1" WC="0.4990000129" CONTENT="judicabant" HEIGHT="35" WIDTH="154" VPOS="341" HPOS="644"/></TextLine>
</TextBlock>
<TextBlock ID="Page1_Block3" HEIGHT="1332" WIDTH="373" VPOS="383" HPOS="196" language="de" STYLEREFS="font3"><Shape><Polygon POINTS="206,386 558,386 558,440 560,440 560,464 558,464 558,514 560,514 560,600 558,600 558,632 564,632 564,766 556,766 556,1050 568,1050 568,1094 566,1094 566,1138 506,1138 506,1172 566,1172 566,1248 568,1248 568,1304 560,1304 560,1468 570,1468 570,1498 572,1498 572,1548 570,1548 570,1592 558,1592 558,1666 570,1666 570,1716 206,1716 206,386"/></Shape>
<TextLine HEIGHT="44" WIDTH="341" VPOS="384" HPOS="204"><String STYLE="bold" WC="0.474999994" CONTENT="fl«!" HEIGHT="32" WIDTH="47" VPOS="391" HPOS="204"/><SP WIDTH="13" VPOS="388" HPOS="251"/><String STYLE="bold" WC="0.2700000107" CONTENT="dem" HEIGHT="32" WIDTH="59" VPOS="387" HPOS="264"/><SP WIDTH="9" VPOS="390" HPOS="324"/><String STYLE="bold" WC="0.2933333218" CONTENT="Maxckt" HEIGHT="35" WIDTH="112" VPOS="390" HPOS="333"/><SP WIDTH="16" VPOS="384" HPOS="445"/><String STYLE="bold" WC="0.4983333349" CONTENT="sticht" HEIGHT="42" WIDTH="84" VPOS="384" HPOS="461"/></TextLine>
<TextLine HEIGHT="44" WIDTH="338" VPOS="425" HPOS="208"><String STYLE="bold" WC="0.3630000055" CONTENT="heuczutags" HEIGHT="43" WIDTH="162" VPOS="426" HPOS="208"/><SP WIDTH="20" VPOS="431" HPOS="371"/><String STYLE="bold" WC="0.3149999976" CONTENT="in" HEIGHT="29" WIDTH="27" VPOS="433" HPOS="392"/><SP WIDTH="9" VPOS="433" HPOS="420"/><String STYLE="bold" WC="0.5033333302" CONTENT="der" HEIGHT="31" WIDTH="46" VPOS="432" HPOS="430"/><SP WIDTH="9" VPOS="430" HPOS="477"/><String STYLE="bold" WC="0.573333323" CONTENT="Gr»" HEIGHT="30" WIDTH="59" VPOS="430" HPOS="487"/></TextLine>
<TextLine HEIGHT="41" WIDTH="243" VPOS="468" HPOS="302"><String STYLE="bold" STYLEREFS="font2" WC="0.3149999976" CONTENT="sricbr" HEIGHT="40" WIDTH="91" VPOS="469" HPOS="302"/><SP WIDTH="15" VPOS="474" HPOS="394"/><String STYLE="bold" STYLEREFS="font2" WC="0.3557142913" CONTENT="Stube/)" HEIGHT="33" WIDTH="135" VPOS="473" HPOS="410"/></TextLine>
<TextLine HEIGHT="44" WIDTH="334" VPOS="508" HPOS="210"><String STYLE="bold" WC="0.2419999987" CONTENT="deine" HEIGHT="36" WIDTH="76" VPOS="509" HPOS="210"/><SP WIDTH="36" VPOS="517" HPOS="287"/><String STYLE="bold" WC="0.3433333337" CONTENT="Vorsteher" HEIGHT="40" WIDTH="131" VPOS="511" HPOS="324"/><SP WIDTH="45" VPOS="514" HPOS="456"/><String STYLE="bold" WC="0.2566666603" CONTENT="de-" HEIGHT="28" WIDTH="42" VPOS="514" HPOS="502"/></TextLine>
<TextLine HEIGHT="39" WIDTH="176" VPOS="554" HPOS="370"><String STYLE="italics" STYLEREFS="font0" WC="0.3100000024" CONTENT="(Kidjicvi" HEIGHT="39" WIDTH="152" VPOS="554" HPOS="370"/><SP WIDTH="10" VPOS="557" HPOS="523"/><String STYLE="italics" STYLEREFS="font0" WC="7.00000003e-002" CONTENT="x" HEIGHT="18" WIDTH="12" VPOS="562" HPOS="534"/></TextLine>
<TextLine HEIGHT="46" WIDTH="335" VPOS="589" HPOS="211"><String STYLE="bold" WC="0.2800000012" CONTENT="mir" HEIGHT="33" WIDTH="54" VPOS="591" HPOS="211"/><SP WIDTH="10" VPOS="594" HPOS="265"/><String STYLE="bold" WC="0.5299999714" CONTENT="de»" HEIGHT="32" WIDTH="49" VPOS="593" HPOS="275"/><SP WIDTH="8" VPOS="595" HPOS="325"/><String STYLE="bold" WC="0.3939999938" CONTENT="Beysiyern;" HEIGHT="40" WIDTH="188" VPOS="594" HPOS="334"/><SP WIDTH="16" VPOS="602" HPOS="523"/><String STYLE="bold" WC="0.2399999946" CONTENT="i" HEIGHT="21" WIDTH="6" VPOS="604" HPOS="540"/></TextLine>
<TextLine HEIGHT="40" WIDTH="341" VPOS="633" HPOS="210"><String STYLE="bold" WC="0.3133333325" CONTENT="der" HEIGHT="31" WIDTH="48" VPOS="635" HPOS="210"/><SP WIDTH="9" VPOS="637" HPOS="259"/><String STYLE="bold" WC="0.407058835" CONTENT="Gerichtjevreiver/" HEIGHT="38" WIDTH="282" VPOS="635" HPOS="269"/></TextLine>
<TextLine HEIGHT="57" WIDTH="339" VPOS="673" HPOS="212" STYLEREFS="font3"><String STYLE="bold" STYLEREFS="font5" WC="0.5400000215" CONTENT="," HEIGHT="15" WIDTH="15" VPOS="715" HPOS="212"/><SP WIDTH="292" VPOS="673" HPOS="228"/><String STYLE="bold" WC="0.8100000024" CONTENT="(." HEIGHT="41" WIDTH="30" VPOS="673" HPOS="521"/></TextLine>
<TextLine HEIGHT="47" WIDTH="339" VPOS="714" HPOS="212" STYLEREFS="font1"><String WC="0.4387499988" CONTENT="schreivt" HEIGHT="46" WIDTH="115" VPOS="715" HPOS="212"/><SP WIDTH="8" VPOS="718" HPOS="328"/><String WC="0.2666666806" CONTENT="die" HEIGHT="31" WIDTH="42" VPOS="718" HPOS="337"/><SP WIDTH="9" VPOS="717" HPOS="380"/><String WC="0.3742857277" CONTENT="Stimmen" HEIGHT="35" WIDTH="161" VPOS="716" HPOS="390"/></TextLine>
<TextLine HEIGHT="40" WIDTH="63" VPOS="759" HPOS="482" STYLEREFS="font4"><String STYLE="bold" WC="0.4550000131" CONTENT="(auf" HEIGHT="40" WIDTH="63" VPOS="759" HPOS="482"/></TextLine>
<TextLine HEIGHT="48" WIDTH="219" VPOS="796" HPOS="253" STYLEREFS="font4"><String STYLE="bold" WC="0.3627272844" CONTENT="DerKiäger/s" HEIGHT="48" WIDTH="219" VPOS="796" HPOS="253"/></TextLine>
<TextLine HEIGHT="42" WIDTH="118" VPOS="840" HPOS="213" STYLEREFS="font4"><String STYLE="bold" STYLEREFS="font3" WC="0.2820000052" CONTENT="klagi" HEIGHT="42" WIDTH="72" VPOS="840" HPOS="213"/><SP WIDTH="10" VPOS="847" HPOS="286"/><String STYLE="bold" STYLEREFS="font3" WC="0.2549999952" CONTENT="an" HEIGHT="24" WIDTH="34" VPOS="852" HPOS="297"/></TextLine>
<TextLine HEIGHT="38" WIDTH="273" VPOS="881" HPOS="215" STYLEREFS="font3"><String STYLE="bold" STYLEREFS="font2" WC="0.3700000048" CONTENT="den" HEIGHT="29" WIDTH="51" VPOS="883" HPOS="215"/><SP WIDTH="10" VPOS="887" HPOS="267"/><String STYLE="bold" STYLEREFS="font2" WC="0.5472727418" CONTENT="-HcLisglen/" HEIGHT="37" WIDTH="181" VPOS="882" HPOS="278"/><SP WIDTH="10" VPOS="881" HPOS="460"/><String STYLE="bold" STYLEREFS="font2" WC="0.2199999988" CONTENT="L" HEIGHT="27" WIDTH="17" VPOS="881" HPOS="471"/></TextLine>
<TextLine HEIGHT="44" WIDTH="309" VPOS="920" HPOS="216" STYLEREFS="font3"><String STYLE="bold" WC="0.2800000012" CONTENT="uyh" HEIGHT="34" WIDTH="57" VPOS="924" HPOS="216"/><SP WIDTH="10" VPOS="921" HPOS="273"/><String STYLE="bold" WC="0.2666666806" CONTENT="führet" HEIGHT="39" WIDTH="92" VPOS="921" HPOS="283"/><SP WIDTH="7" VPOS="922" HPOS="375"/><String STYLE="bold" WC="0.4600000083" CONTENT="Aepgey" HEIGHT="42" WIDTH="117" VPOS="921" HPOS="382"/><SP WIDTH="7" VPOS="929" HPOS="499"/><String STYLE="bold" STYLEREFS="font2" WC="0.2199999988" CONTENT="7" HEIGHT="29" WIDTH="19" VPOS="931" HPOS="506"/></TextLine>
<TextLine HEIGHT="37" WIDTH="152" VPOS="963" HPOS="219" STYLEREFS="font3"><String STYLE="bold" WC="0.2720000148" CONTENT="wider" HEIGHT="32" WIDTH="85" VPOS="964" HPOS="219"/><SP WIDTH="9" VPOS="972" HPOS="305"/><String STYLE="bold" WC="0.4449999928" CONTENT="ihn." HEIGHT="36" WIDTH="56" VPOS="963" HPOS="315"/></TextLine>
<TextLine HEIGHT="45" WIDTH="313" VPOS="1002" HPOS="237"><String STYLE="bold" WC="0.3054545522" CONTENT="DerBekiagte" HEIGHT="44" WIDTH="202" VPOS="1003" HPOS="237"/><SP WIDTH="10" VPOS="1014" HPOS="440"/><String STYLE="bold" WC="0.3685714304" CONTENT="verantl" HEIGHT="34" WIDTH="99" VPOS="1009" HPOS="451"/></TextLine>
<TextLine HEIGHT="39" WIDTH="188" VPOS="1050" HPOS="369"><String STYLE="bold" WC="0.4085714221" CONTENT="(wertet" HEIGHT="36" WIDTH="114" VPOS="1051" HPOS="369"/><SP WIDTH="14" VPOS="1050" HPOS="484"/><String STYLE="bold" WC="0.5839999914" CONTENT="sich/" HEIGHT="38" WIDTH="58" VPOS="1050" HPOS="499"/></TextLine>
<TextLine HEIGHT="45" WIDTH="339" VPOS="1088" HPOS="218"><String STYLE="bold" WC="0.2619999945" CONTENT="durch" HEIGHT="37" WIDTH="82" VPOS="1089" HPOS="218"/><SP WIDTH="16" VPOS="1089" HPOS="300"/><String STYLE="bold" WC="0.276666671" CONTENT="den" HEIGHT="31" WIDTH="51" VPOS="1094" HPOS="316"/><SP WIDTH="17" VPOS="1094" HPOS="367"/><String STYLE="bold" WC="0.417142868" CONTENT="2r»wg!t" HEIGHT="37" WIDTH="132" VPOS="1093" HPOS="384"/><String STYLE="italics" WC="0.5799999833" CONTENT=";" HEIGHT="27" WIDTH="10" VPOS="1104" HPOS="523"/><SP WIDTH="11" VPOS="1101" HPOS="533"/><String STYLE="bold" WC="0.200000003" CONTENT="8" HEIGHT="25" WIDTH="13" VPOS="1101" HPOS="544"/></TextLine>
<TextLine HEIGHT="45" WIDTH="277" VPOS="1131" HPOS="220"><String STYLE="bold" WC="0.5680000186" CONTENT="deine" HEIGHT="31" WIDTH="80" VPOS="1132" HPOS="220"/><SP WIDTH="15" VPOS="1139" HPOS="301"/><String STYLE="bold" WC="0.3883333206" CONTENT="widerspricht" HEIGHT="42" WIDTH="180" VPOS="1133" HPOS="317"/></TextLine>
<TextLine HEIGHT="53" WIDTH="337" VPOS="1164" HPOS="220"><String STYLE="bold" WC="0.5589473844" CONTENT="deüRiägsiüÄnrvüsr.A" HEIGHT="53" WIDTH="337" VPOS="1164" HPOS="220"/></TextLine>
<TextLine HEIGHT="47" WIDTH="315" VPOS="1251" HPOS="246" STYLEREFS="font4"><String STYLE="bold" WC="0.4629999995" CONTENT="Alsdan/der" HEIGHT="42" WIDTH="178" VPOS="1252" HPOS="246"/><SP WIDTH="10" VPOS="1257" HPOS="424"/><String STYLE="bold" WC="0.3512499928" CONTENT="Richter/" HEIGHT="43" WIDTH="127" VPOS="1254" HPOS="434"/></TextLine>
<TextLine HEIGHT="48" WIDTH="305" VPOS="1332" HPOS="226" STYLEREFS="font1"><String WC="0.3814285696" CONTENT="spricht" HEIGHT="45" WIDTH="96" VPOS="1333" HPOS="226"/><SP WIDTH="9" VPOS="1342" HPOS="323"/><String WC="0.2466666698" CONTENT="daö" HEIGHT="33" WIDTH="52" VPOS="1342" HPOS="333"/><SP WIDTH="10" VPOS="1342" HPOS="386"/><String WC="0.6349999905" CONTENT="Urtheil/" HEIGHT="38" WIDTH="134" VPOS="1341" HPOS="397"/></TextLine>
<TextLine HEIGHT="46" WIDTH="332" VPOS="1415" HPOS="220" STYLEREFS="font4"><String STYLE="bold" WC="0.3705263138" CONTENT="joGhIenddeUttsckin!" HEIGHT="46" WIDTH="332" VPOS="1415" HPOS="220"/></TextLine>
<TextLine HEIGHT="40" WIDTH="112" VPOS="1465" HPOS="450" STYLEREFS="font1"><String STYLE="bold" STYLEREFS="font3" WC="0.5257142782" CONTENT=",vigen/" HEIGHT="40" WIDTH="112" VPOS="1465" HPOS="450"/></TextLine>
<TextLine HEIGHT="43" WIDTH="338" VPOS="1499" HPOS="226" STYLEREFS="font1"><String WC="0.4300000072" CONTENT="sind" HEIGHT="38" WIDTH="56" VPOS="1504" HPOS="226"/><SP WIDTH="18" VPOS="1504" HPOS="283"/><String WC="0.3345454633" CONTENT="verdamniknü" HEIGHT="37" WIDTH="196" VPOS="1499" HPOS="302"/><SP WIDTH="15" VPOS="1510" HPOS="499"/><String WC="0.6200000048" CONTENT="de,," HEIGHT="30" WIDTH="49" VPOS="1510" HPOS="515"/></TextLine>
<TextLine HEIGHT="42" WIDTH="206" VPOS="1543" HPOS="357" STYLEREFS="font1"><String STYLE="bold" STYLEREFS="font4" WC="0.3263636231" CONTENT="sSebuldigen" HEIGHT="42" WIDTH="206" VPOS="1543" HPOS="357"/></TextLine>
<TextLine HEIGHT="50" WIDTH="333" VPOS="1622" HPOS="223"><String STYLE="bold" WC="0.3537499905" CONTENT="MSlraffc" HEIGHT="43" WIDTH="172" VPOS="1629" HPOS="224"/><SP WIDTH="9" VPOS="1635" HPOS="397"/><String STYLE="bold" WC="0.2566666603" CONTENT="und" HEIGHT="37" WIDTH="53" VPOS="1626" HPOS="406"/><SP WIDTH="10" VPOS="1622" HPOS="459"/><String STYLE="bold" WC="0.476000011" CONTENT="Geld." HEIGHT="34" WIDTH="87" VPOS="1622" HPOS="469"/></TextLine>
<TextLine HEIGHT="42" WIDTH="151" VPOS="1668" HPOS="412" STYLEREFS="font1"><String WC="0.4233333468" CONTENT="(Straffe/" HEIGHT="42" WIDTH="151" VPOS="1668" HPOS="412"/></TextLine>
</TextBlock>
<TextBlock ID="Page1_Block4" HEIGHT="972" WIDTH="681" VPOS="247" HPOS="550" language="de" STYLEREFS="font1"><Shape><Polygon POINTS="842,254 1236,254 1236,1222 572,1222 572,1088 598,1088 598,1004 570,1004 570,974 568,974 568,844 596,844 596,762 568,762 568,712 884,712 884,680 566,680 566,558 564,558 564,474 562,474 562,426 560,426 560,386 838,386 838,298 842,298 842,254"/></Shape>
<TextLine HEIGHT="41" WIDTH="324" VPOS="254" HPOS="836"><String STYLE="bold" STYLEREFS="font0" WC="0.3971428573" CONTENT="Venire," HEIGHT="34" WIDTH="108" VPOS="256" HPOS="836"/><SP WIDTH="7" VPOS="265" HPOS="945"/><String STYLE="bold" STYLEREFS="font0" WC="0.8949999809" CONTENT="A," HEIGHT="26" WIDTH="25" VPOS="264" HPOS="953"/><SP WIDTH="6" VPOS="266" HPOS="979"/><String STYLE="bold" STYLEREFS="font0" WC="0.7549999952" CONTENT="4." HEIGHT="28" WIDTH="30" VPOS="266" HPOS="986"/><SP WIDTH="9" VPOS="255" HPOS="1017"/><String STYLE="bold" STYLEREFS="font0" WC="0.5428571701" CONTENT="komme»." HEIGHT="35" WIDTH="133" VPOS="254" HPOS="1027"/></TextLine>
<TextLine HEIGHT="42" WIDTH="367" VPOS="295" HPOS="832"><String WC="0.4623076916" CONTENT="korum,n.a.dns" HEIGHT="36" WIDTH="232" VPOS="297" HPOS="832"/><SP WIDTH="7" VPOS="299" HPOS="1065"/><String WC="0.4225000143" CONTENT="Gericht." HEIGHT="41" WIDTH="126" VPOS="295" HPOS="1073"/></TextLine>
<TextLine HEIGHT="44" WIDTH="370" VPOS="336" HPOS="831"><String WC="0.5542857051" CONTENT="^udtE,a.l.Serichrhal-" HEIGHT="44" WIDTH="370" VPOS="336" HPOS="831"/></TextLine>
<TextLine HEIGHT="38" WIDTH="374" VPOS="381" HPOS="553"><String WC="0.5514285564" CONTENT="intoro," HEIGHT="35" WIDTH="111" VPOS="384" HPOS="553"/><SP WIDTH="207" VPOS="381" HPOS="665"/><String WC="0.5375000238" CONTENT="te»." HEIGHT="30" WIDTH="54" VPOS="381" HPOS="873"/></TextLine>
<TextLine HEIGHT="48" WIDTH="648" VPOS="418" HPOS="556"><String WC="0.8379999995" CONTENT="bndis" HEIGHT="29" WIDTH="80" VPOS="426" HPOS="557"/><SP WIDTH="9" VPOS="428" HPOS="638"/><String WC="0.6399999857" CONTENT="in" HEIGHT="26" WIDTH="27" VPOS="428" HPOS="648"/><SP WIDTH="6" VPOS="434" HPOS="676"/><String STYLE="italics" STYLEREFS="font0" WC="0.2711111009" CONTENT="prataria)" HEIGHT="39" WIDTH="133" VPOS="426" HPOS="683"/><SP WIDTH="15" VPOS="424" HPOS="817"/><String WC="0.3910000026" CONTENT="Praetorium" HEIGHT="32" WIDTH="155" VPOS="419" HPOS="832"/><SP WIDTH="8" VPOS="432" HPOS="988"/><String WC="1." CONTENT="&gt;" HEIGHT="13" WIDTH="7" VPOS="441" HPOS="997"/><SP WIDTH="8" VPOS="432" HPOS="1005"/><String WC="0.6499999762" CONTENT="n." HEIGHT="20" WIDTH="29" VPOS="432" HPOS="1014"/><SP WIDTH="14" VPOS="435" HPOS="1044"/><String WC="0.6449999809" CONTENT="r." HEIGHT="18" WIDTH="24" VPOS="435" HPOS="1059"/><SP WIDTH="10" VPOS="423" HPOS="1084"/><String WC="0.25" CONTENT="die" HEIGHT="31" WIDTH="42" VPOS="423" HPOS="1095"/><SP WIDTH="10" VPOS="420" HPOS="1137"/><String WC="0.4866666794" CONTENT="Ge&lt;" HEIGHT="34" WIDTH="57" VPOS="420" HPOS="1147"/></TextLine>
<TextLine HEIGHT="43" WIDTH="514" VPOS="462" HPOS="564"><String WC="1." CONTENT="," HEIGHT="11" WIDTH="3" VPOS="494" HPOS="564"/><SP WIDTH="304" VPOS="469" HPOS="568"/><String WC="0.5433333516" CONTENT="rlchk-Stube." HEIGHT="37" WIDTH="205" VPOS="462" HPOS="873"/></TextLine>
<TextLine HEIGHT="51" WIDTH="628" VPOS="499" HPOS="559" STYLEREFS="font0"><String STYLE="bold" WC="0.7400000095" CONTENT="cui" HEIGHT="28" WIDTH="40" VPOS="509" HPOS="559"/><SP WIDTH="8" VPOS="509" HPOS="600"/><String STYLE="bold" WC="0.4691666663" CONTENT="prLÜdec^ude«,&gt;kkLÜdere,a.?wvrsteheN." HEIGHT="51" WIDTH="578" VPOS="499" HPOS="609"/></TextLine>
<TextLine HEIGHT="51" WIDTH="266" VPOS="536" HPOS="569" STYLEREFS="font0"><String STYLEREFS="font1" WC="0.5429999828" CONTENT="sc.;.(/ir-crorw.j.)^" HEIGHT="51" WIDTH="266" VPOS="536" HPOS="569"/></TextLine>
<TextLine HEIGHT="45" WIDTH="645" VPOS="584" HPOS="561" STYLEREFS="font1"><String WC="0.2899999917" CONTENT="cü" HEIGHT="25" WIDTH="35" VPOS="593" HPOS="561"/><SP WIDTH="8" VPOS="593" HPOS="596"/><String STYLE="italics" WC="0.5064285994" CONTENT="aß&apos;ß&apos;öribtti-," HEIGHT="38" WIDTH="158" VPOS="589" HPOS="604"/><SP WIDTH="7" VPOS="597" HPOS="763"/><String STYLE="italics" WC="0.4099999964" CONTENT="1" HEIGHT="16" WIDTH="9" VPOS="597" HPOS="771"/><SP WIDTH="9" VPOS="590" HPOS="780"/><String WC="0.2150000036" CONTENT="(3" HEIGHT="36" WIDTH="30" VPOS="589" HPOS="789"/><SP WIDTH="18" VPOS="588" HPOS="819"/><String WC="0.6209090948" CONTENT="Aflcflbr,m." HEIGHT="34" WIDTH="163" VPOS="585" HPOS="837"/><SP WIDTH="7" VPOS="597" HPOS="1001"/><String WC="0.4026666582" CONTENT="3.d&apos;Beyfklsi&apos;r»" HEIGHT="41" WIDTH="198" VPOS="585" HPOS="1008"/></TextLine>
<TextLine HEIGHT="48" WIDTH="646" VPOS="626" HPOS="562" STYLEREFS="font1"><String STYLE="italics" WC="0.2821428478" CONTENT="ihügrapbm$m,i." HEIGHT="45" WIDTH="263" VPOS="629" HPOS="562"/><SP WIDTH="14" VPOS="630" HPOS="826"/><String WC="0.625454545" CONTENT="LaIam^,m.r.dleSchreib&apos;" HEIGHT="40" WIDTH="367" VPOS="626" HPOS="841"/></TextLine>
<TextLine HEIGHT="40" WIDTH="100" VPOS="670" HPOS="879"><String WC="0.5166666508" CONTENT="Feder." HEIGHT="40" WIDTH="100" VPOS="670" HPOS="879"/></TextLine>
<TextLine HEIGHT="47" WIDTH="641" VPOS="708" HPOS="563"><String STYLE="italics" STYLEREFS="font0" WC="0.2175000012" CONTENT="ctilamct" HEIGHT="29" WIDTH="93" VPOS="717" HPOS="563"/><SP WIDTH="8" VPOS="725" HPOS="657"/><String WC="0.2385714352" CONTENT="excipit" HEIGHT="39" WIDTH="96" VPOS="715" HPOS="666"/><SP WIDTH="12" VPOS="722" HPOS="763"/><String STYLE="italics" STYLEREFS="font0" WC="0.4225000143" CONTENT="iio-" HEIGHT="23" WIDTH="47" VPOS="720" HPOS="776"/><SP WIDTH="12" VPOS="715" HPOS="824"/><String WC="0.448181808" CONTENT="Excipeie,a." HEIGHT="39" WIDTH="164" VPOS="714" HPOS="837"/><SP WIDTH="6" VPOS="724" HPOS="1002"/><String WC="0.374666661" CONTENT="3.auffc^t&apos;Ciße." HEIGHT="43" WIDTH="195" VPOS="708" HPOS="1009"/></TextLine>
<TextLine HEIGHT="39" WIDTH="440" VPOS="754" HPOS="768"><String STYLE="italics" STYLEREFS="font0" WC="0.3050000072" CONTENT="(ta," HEIGHT="32" WIDTH="54" VPOS="761" HPOS="768"/><SP WIDTH="18" VPOS="759" HPOS="822"/><String WC="0.5292307734" CONTENT="Vycum.n.r.dic" HEIGHT="32" WIDTH="217" VPOS="758" HPOS="840"/><SP WIDTH="8" VPOS="755" HPOS="1057"/><String WC="0.3899999857" CONTENT="Skiunne«" HEIGHT="34" WIDTH="143" VPOS="754" HPOS="1065"/></TextLine>
<TextLine HEIGHT="37" WIDTH="194" VPOS="797" HPOS="603" STYLEREFS="font0"><String STYLE="italics" WC="0.2583333254" CONTENT="jiclor" HEIGHT="29" WIDTH="81" VPOS="797" HPOS="603"/><SP WIDTH="9" VPOS="808" HPOS="685"/><String STYLE="bold" WC="0.7816666961" CONTENT="jra.j," HEIGHT="25" WIDTH="102" VPOS="808" HPOS="695"/></TextLine>
<TextLine HEIGHT="41" WIDTH="625" VPOS="833" HPOS="564" STYLEREFS="font0"><String STYLE="bold" WC="0.2828571498" CONTENT="acculac" HEIGHT="22" WIDTH="104" VPOS="844" HPOS="564"/><SP WIDTH="168" VPOS="841" HPOS="669"/><String STYLE="bold" WC="0.4418181777" CONTENT="Accufäre,a," HEIGHT="34" WIDTH="164" VPOS="834" HPOS="838"/><SP WIDTH="14" VPOS="846" HPOS="1003"/><String STYLE="bold" WC="0.6850000024" CONTENT="1." HEIGHT="18" WIDTH="23" VPOS="846" HPOS="1018"/><SP WIDTH="10" VPOS="842" HPOS="1042"/><String STYLE="bold" WC="0.3944444358" CONTENT="ankiagcN." HEIGHT="38" WIDTH="136" VPOS="833" HPOS="1053"/></TextLine>
<TextLine HEIGHT="44" WIDTH="644" VPOS="872" HPOS="565"><String STYLE="italics" STYLEREFS="font0" WC="0.4339999855" CONTENT="reim," HEIGHT="23" WIDTH="76" VPOS="887" HPOS="565"/><SP WIDTH="11" VPOS="878" HPOS="642"/><String WC="0.6000000238" CONTENT="6" HEIGHT="28" WIDTH="14" VPOS="878" HPOS="654"/><SP WIDTH="168" VPOS="877" HPOS="669"/><String WC="0.5544444323" CONTENT="Reus,m.2." HEIGHT="31" WIDTH="151" VPOS="876" HPOS="838"/><SP WIDTH="11" VPOS="877" HPOS="990"/><String WC="0.2666666806" CONTENT="Der" HEIGHT="27" WIDTH="46" VPOS="877" HPOS="1002"/><SP WIDTH="9" VPOS="874" HPOS="1049"/><String WC="0.3744444549" CONTENT="Beklagt?." HEIGHT="41" WIDTH="150" VPOS="872" HPOS="1059"/></TextLine>
<TextLine HEIGHT="56" WIDTH="646" VPOS="911" HPOS="565"><String WC="1." CONTENT="&amp;" HEIGHT="28" WIDTH="27" VPOS="920" HPOS="565"/><SP WIDTH="9" VPOS="920" HPOS="592"/><String WC="0.3462499976" CONTENT="producit" HEIGHT="53" WIDTH="126" VPOS="914" HPOS="601"/><SP WIDTH="8" VPOS="925" HPOS="727"/><String STYLE="italics" STYLEREFS="font0" WC="0.301666677" CONTENT="Uftesy" HEIGHT="39" WIDTH="90" VPOS="919" HPOS="735"/><SP WIDTH="15" VPOS="919" HPOS="825"/><String WC="0.4671428502" CONTENT="ProdacerCji.j," HEIGHT="40" WIDTH="217" VPOS="915" HPOS="840"/><SP WIDTH="9" VPOS="923" HPOS="1057"/><String WC="0.4241666794" CONTENT="önfüljt&apos;Ctt." HEIGHT="40" WIDTH="145" VPOS="913" HPOS="1066"/></TextLine>
<TextLine HEIGHT="44" WIDTH="601" VPOS="958" HPOS="567"><String WC="0.4066666663" CONTENT="contra" HEIGHT="22" WIDTH="92" VPOS="971" HPOS="567"/><SP WIDTH="9" VPOS="961" HPOS="660"/><String WC="0.4250000119" CONTENT="illum," HEIGHT="34" WIDTH="86" VPOS="961" HPOS="670"/><SP WIDTH="82" VPOS="964" HPOS="757"/><String WC="0.3285714388" CONTENT="Tcftis," HEIGHT="39" WIDTH="92" VPOS="960" HPOS="840"/><SP WIDTH="9" VPOS="972" HPOS="933"/><String WC="0.7049999833" CONTENT="c," HEIGHT="18" WIDTH="21" VPOS="972" HPOS="943"/><SP WIDTH="8" VPOS="973" HPOS="965"/><String WC="0.8700000048" CONTENT="4." HEIGHT="25" WIDTH="29" VPOS="973" HPOS="974"/><SP WIDTH="9" VPOS="961" HPOS="1004"/><String WC="0.25" CONTENT="der" HEIGHT="31" WIDTH="47" VPOS="961" HPOS="1014"/><SP WIDTH="8" VPOS="959" HPOS="1062"/><String WC="0.3133333325" CONTENT="Zeuge." HEIGHT="41" WIDTH="97" VPOS="958" HPOS="1071"/></TextLine>
<TextLine HEIGHT="45" WIDTH="618" VPOS="1001" HPOS="595"><String WC="0.287499994" CONTENT="Reus" HEIGHT="31" WIDTH="70" VPOS="1007" HPOS="595"/><SP WIDTH="7" VPOS="1015" HPOS="666"/><String WC="0.2857142985" CONTENT="excüfat" HEIGHT="34" WIDTH="108" VPOS="1004" HPOS="674"/><SP WIDTH="9" VPOS="1004" HPOS="783"/><String WC="0.3566666543" CONTENT="ft," HEIGHT="37" WIDTH="33" VPOS="1003" HPOS="793"/><SP WIDTH="13" VPOS="1007" HPOS="827"/><String WC="0.5066666603" CONTENT="Excußre,a" HEIGHT="40" WIDTH="155" VPOS="1004" HPOS="841"/><SP WIDTH="13" VPOS="1012" HPOS="997"/><String WC="0.7850000262" CONTENT="I." HEIGHT="22" WIDTH="23" VPOS="1012" HPOS="1011"/><SP WIDTH="12" VPOS="1008" HPOS="1035"/><String WC="0.3659999967" CONTENT="Verantwov»" HEIGHT="35" WIDTH="165" VPOS="1005" HPOS="1048"/></TextLine>
<TextLine HEIGHT="32" WIDTH="99" VPOS="1050" HPOS="837"><String WC="0.200000003" CONTENT="I" HEIGHT="30" WIDTH="3" VPOS="1052" HPOS="837"/><SP WIDTH="39" VPOS="1050" HPOS="841"/><String WC="0.6299999952" CONTENT="te»." HEIGHT="31" WIDTH="55" VPOS="1050" HPOS="881"/></TextLine>
<TextLine HEIGHT="49" WIDTH="641" VPOS="1084" HPOS="570"><String WC="0.4566666782" CONTENT="per" HEIGHT="33" WIDTH="48" VPOS="1100" HPOS="570"/><SP WIDTH="7" VPOS="1100" HPOS="618"/><String STYLE="italics" STYLEREFS="font0" WC="0.4950000048" CONTENT="aivncdtum-,%" HEIGHT="34" WIDTH="185" VPOS="1089" HPOS="625"/><SP WIDTH="33" VPOS="1091" HPOS="810"/><String WC="0.437142849" CONTENT="Adv0catus,m.a." HEIGHT="34" WIDTH="242" VPOS="1088" HPOS="843"/><SP WIDTH="11" VPOS="1087" HPOS="1085"/><String WC="0.2399999946" CONTENT="der" HEIGHT="35" WIDTH="50" VPOS="1086" HPOS="1096"/><SP WIDTH="10" VPOS="1084" HPOS="1146"/><String WC="0.4966666698" CONTENT="Au»" HEIGHT="34" WIDTH="55" VPOS="1084" HPOS="1156"/></TextLine>
<TextLine HEIGHT="55" WIDTH="581" VPOS="1123" HPOS="570"><String WC="0.5066666603" CONTENT="cui" HEIGHT="26" WIDTH="42" VPOS="1134" HPOS="570"/><SP WIDTH="7" VPOS="1134" HPOS="613"/><String WC="0.4318181872" CONTENT="contradicit" HEIGHT="28" WIDTH="163" VPOS="1133" HPOS="621"/><SP WIDTH="53" VPOS="1125" HPOS="785"/><String WC="0.349999994" CONTENT="j" HEIGHT="51" WIDTH="3" VPOS="1125" HPOS="839"/><SP WIDTH="38" VPOS="1125" HPOS="843"/><String WC="0.3149999976" CONTENT="malt" HEIGHT="31" WIDTH="68" VPOS="1132" HPOS="882"/><SP WIDTH="12" VPOS="1131" HPOS="951"/><String WC="0.3854545355" CONTENT="(BeystaNd.)" HEIGHT="42" WIDTH="187" VPOS="1127" HPOS="964"/></TextLine>
<TextLine HEIGHT="46" WIDTH="644" VPOS="1169" HPOS="570"><String STYLE="italics" STYLEREFS="font0" WC="0.348333329" CONTENT="afttru" HEIGHT="32" WIDTH="86" VPOS="1174" HPOS="570"/><SP WIDTH="16" VPOS="1183" HPOS="657"/><String STYLE="italics" STYLEREFS="font0" WC="0.5354545712" CONTENT="frocurdtor." HEIGHT="39" WIDTH="155" VPOS="1175" HPOS="674"/><SP WIDTH="13" VPOS="1173" HPOS="830"/><String WC="0.3946666718" CONTENT="Contradicere,a," HEIGHT="35" WIDTH="231" VPOS="1170" HPOS="844"/><SP WIDTH="5" VPOS="1182" HPOS="1076"/><String WC="0.2049999982" CONTENT="j»" HEIGHT="26" WIDTH="25" VPOS="1182" HPOS="1082"/><SP WIDTH="7" VPOS="1175" HPOS="1108"/><String WC="0.4900000095" CONTENT="Wider»" HEIGHT="34" WIDTH="98" VPOS="1169" HPOS="1116"/></TextLine>
</TextBlock>
<TextBlock ID="Page1_Block5" HEIGHT="501" WIDTH="274" VPOS="1209" HPOS="568" language="de" STYLEREFS="font1"><Shape><Polygon POINTS="802,1214 840,1214 840,1254 844,1254 844,1714 740,1714 740,1678 574,1678 574,1626 774,1626 774,1552 574,1552 574,1504 740,1504 740,1464 572,1464 572,1346 610,1346 610,1254 802,1254 802,1214"/></Shape>
<TextLine HEIGHT="38" WIDTH="30" VPOS="1213" HPOS="801" STYLEREFS="font3"><String STYLE="italics" WC="0.2099999934" CONTENT="[9" HEIGHT="38" WIDTH="30" VPOS="1213" HPOS="801"/></TextLine>
<TextLine HEIGHT="40" WIDTH="181" VPOS="1253" HPOS="609"><String WC="0.4799999893" CONTENT="Tum" HEIGHT="28" WIDTH="75" VPOS="1258" HPOS="609"/><SP WIDTH="11" VPOS="1258" HPOS="684"/><String WC="0.3149999976" CONTENT="Judex," HEIGHT="39" WIDTH="95" VPOS="1253" HPOS="695"/></TextLine>
<TextLine HEIGHT="40" WIDTH="90" VPOS="1296" HPOS="736"><String STYLE="italics" STYLEREFS="font0" WC="0.5183333158" CONTENT="[tiam," HEIGHT="40" WIDTH="90" VPOS="1296" HPOS="736"/></TextLine>
<TextLine HEIGHT="40" WIDTH="261" VPOS="1337" HPOS="571"><String WC="0.3811111152" CONTENT="promintiatje«ie*2-" HEIGHT="40" WIDTH="261" VPOS="1337" HPOS="571"/></TextLine>
<TextLine HEIGHT="41" WIDTH="263" VPOS="1420" HPOS="572"><String WC="0.3555555642" CONTENT="abfolvens" HEIGHT="35" WIDTH="138" VPOS="1421" HPOS="572"/><SP WIDTH="41" VPOS="1422" HPOS="711"/><String STYLE="italics" STYLEREFS="font0" WC="0.3799999952" CONTENT="infon-" HEIGHT="39" WIDTH="82" VPOS="1421" HPOS="753"/></TextLine>
<TextLine HEIGHT="43" WIDTH="81" VPOS="1461" HPOS="753"><String WC="0.5099999905" CONTENT="(fern," HEIGHT="43" WIDTH="81" VPOS="1461" HPOS="753"/></TextLine>
<TextLine HEIGHT="41" WIDTH="257" VPOS="1503" HPOS="575"><String STYLE="italics" STYLEREFS="font0" WC="0.7350000143" CONTENT="&amp;;" HEIGHT="32" WIDTH="27" VPOS="1509" HPOS="575"/><SP WIDTH="19" VPOS="1505" HPOS="603"/><String WC="0.2887499928" CONTENT="datnnsms" HEIGHT="33" WIDTH="132" VPOS="1504" HPOS="623"/><SP WIDTH="17" VPOS="1506" HPOS="756"/><String STYLE="italics" STYLEREFS="font0" WC="0.3874999881" CONTENT="fon-" HEIGHT="38" WIDTH="58" VPOS="1505" HPOS="774"/></TextLine>
<TextLine HEIGHT="29" WIDTH="62" VPOS="1553" HPOS="773"><String STYLE="italics" STYLEREFS="font0" WC="0.4449999928" CONTENT="[tem" HEIGHT="29" WIDTH="62" VPOS="1553" HPOS="773"/></TextLine>
<TextLine HEIGHT="42" WIDTH="262" VPOS="1628" HPOS="575" STYLEREFS="font0"><String STYLEREFS="font1" WC="0.2849999964" CONTENT="ad" HEIGHT="26" WIDTH="32" VPOS="1631" HPOS="575"/><SP WIDTH="14" VPOS="1631" HPOS="608"/><String STYLEREFS="font1" WC="0." CONTENT="p" HEIGHT="31" WIDTH="17" VPOS="1639" HPOS="623"/><String STYLE="italics" WC="0.3600000143" CONTENT="cenam" HEIGHT="19" WIDTH="78" VPOS="1640" HPOS="644"/><SP WIDTH="10" VPOS="1630" HPOS="723"/><String STYLEREFS="font1" WC="1." CONTENT="&amp;" HEIGHT="27" WIDTH="26" VPOS="1630" HPOS="734"/><SP WIDTH="9" VPOS="1630" HPOS="761"/><String STYLE="italics" WC="0.7400000095" CONTENT="m»l-" HEIGHT="28" WIDTH="67" VPOS="1628" HPOS="770"/></TextLine>
<TextLine HEIGHT="37" WIDTH="92" VPOS="1669" HPOS="742" STYLEREFS="font0"><String STYLE="italics" STYLEREFS="font3" WC="0.5040000081" CONTENT="(Jlaw" HEIGHT="37" WIDTH="81" VPOS="1669" HPOS="742"/><String STYLE="bold" STYLEREFS="font3" WC="1." CONTENT="," HEIGHT="9" WIDTH="4" VPOS="1690" HPOS="830"/></TextLine>
</TextBlock>
<TextBlock ID="Page1_Block6" HEIGHT="106" WIDTH="625" VPOS="1745" HPOS="208" language="de" STYLEREFS="font3"><Shape><Polygon POINTS="210,1750 834,1750 834,1852 210,1852 210,1750"/></Shape>
<TextLine HEIGHT="52" WIDTH="610" VPOS="1755" HPOS="223"><String STYLE="bold" WC="0.2775000036" CONTENT="yher" HEIGHT="39" WIDTH="64" VPOS="1762" HPOS="223"/><SP WIDTH="18" VPOS="1770" HPOS="288"/><String STYLE="bold" WC="0.275000006" CONTENT="auch" HEIGHT="41" WIDTH="68" VPOS="1763" HPOS="307"/><SP WIDTH="23" VPOS="1763" HPOS="375"/><String STYLE="bold" WC="0.226666674" CONTENT="zur" HEIGHT="33" WIDTH="48" VPOS="1769" HPOS="398"/><SP WIDTH="20" VPOS="1761" HPOS="447"/><String WC="0.4779999852" CONTENT="Leib-" HEIGHT="32" WIDTH="92" VPOS="1759" HPOS="468"/><SP WIDTH="11" VPOS="1770" HPOS="561"/><String WC="0.1566666663" CONTENT="vel" HEIGHT="34" WIDTH="40" VPOS="1758" HPOS="573"/><SP WIDTH="13" VPOS="1757" HPOS="614"/><String WC="0.1299999952" CONTENT="ad" HEIGHT="33" WIDTH="32" VPOS="1756" HPOS="628"/><SP WIDTH="10" VPOS="1756" HPOS="661"/><String STYLE="italics" STYLEREFS="font2" WC="0.5488888621" CONTENT="^ifUcium," HEIGHT="49" WIDTH="162" VPOS="1755" HPOS="671"/></TextLine>
<TextLine HEIGHT="40" WIDTH="159" VPOS="1803" HPOS="410"><String STYLE="bold" WC="0.4639999866" CONTENT="(Strafte.&apos;" HEIGHT="40" WIDTH="159" VPOS="1803" HPOS="410"/></TextLine>
</TextBlock>
<TextBlock ID="Page1_Block7" HEIGHT="669" WIDTH="398" VPOS="1210" HPOS="839" language="de" STYLEREFS="font1"><Shape><Polygon POINTS="886,1216 1028,1216 1028,1254 1238,1254 1238,1884 888,1884 888,1806 848,1806 848,1758 890,1758 890,1716 850,1716 850,1626 852,1626 852,1550 850,1550 850,1508 848,1508 848,1336 1128,1336 1128,1302 844,1302 844,1254 886,1254 886,1216"/></Shape>
<TextLine HEIGHT="41" WIDTH="132" VPOS="1211" HPOS="885" STYLEREFS="font3"><String WC="0.4388888776" CONTENT="iprechen." HEIGHT="41" WIDTH="132" VPOS="1211" HPOS="885"/></TextLine>
<TextLine HEIGHT="40" WIDTH="346" VPOS="1251" HPOS="847" STYLEREFS="font1"><String WC="0.8044444323" CONTENT="AÄor,m.z." HEIGHT="35" WIDTH="165" VPOS="1255" HPOS="847"/><SP WIDTH="10" VPOS="1252" HPOS="1012"/><String WC="0.5033333302" CONTENT="der" HEIGHT="33" WIDTH="45" VPOS="1252" HPOS="1022"/><SP WIDTH="8" VPOS="1252" HPOS="1067"/><String WC="0.3742857277" CONTENT="Klager." HEIGHT="39" WIDTH="118" VPOS="1251" HPOS="1075"/></TextLine>
<TextLine HEIGHT="39" WIDTH="88" VPOS="1294" HPOS="1128" STYLEREFS="font3"><String WC="0.5799999833" CONTENT="scheu." HEIGHT="39" WIDTH="88" VPOS="1294" HPOS="1128"/></TextLine>
<TextLine HEIGHT="40" WIDTH="367" VPOS="1332" HPOS="848"><String WC="0.5180000067" CONTENT="kronunriarc.s,." HEIGHT="36" WIDTH="208" VPOS="1336" HPOS="848"/><SP WIDTH="7" VPOS="1347" HPOS="1057"/><String WC="0.2199999988" CONTENT="t" HEIGHT="18" WIDTH="7" VPOS="1347" HPOS="1065"/><SP WIDTH="6" VPOS="1347" HPOS="1073"/><String WC="0.6922222376" CONTENT=".ausspr?«" HEIGHT="39" WIDTH="135" VPOS="1332" HPOS="1080"/></TextLine>
<TextLine HEIGHT="42" WIDTH="367" VPOS="1371" HPOS="848" STYLEREFS="font1"><String WC="0.5575000048" CONTENT="Sententia,f.i.D$" HEIGHT="35" WIDTH="233" VPOS="1378" HPOS="848"/><SP WIDTH="12" VPOS="1375" HPOS="1082"/><String WC="0.3899999857" CONTENT="Urkheil»" HEIGHT="40" WIDTH="120" VPOS="1371" HPOS="1095"/></TextLine>
<TextLine HEIGHT="40" WIDTH="369" VPOS="1415" HPOS="848" STYLEREFS="font3"><String STYLE="bold" STYLEREFS="font0" WC="0.4141666591" CONTENT="Abfolven!,o." HEIGHT="34" WIDTH="185" VPOS="1419" HPOS="848"/><SP WIDTH="8" VPOS="1428" HPOS="1034"/><String STYLE="bold" STYLEREFS="font0" WC="0.2199999988" CONTENT="z" HEIGHT="24" WIDTH="10" VPOS="1428" HPOS="1043"/><SP WIDTH="7" VPOS="1418" HPOS="1054"/><String STYLE="bold" STYLEREFS="font0" WC="0.5355555415" CONTENT="Jp^ehled." HEIGHT="39" WIDTH="155" VPOS="1415" HPOS="1062"/></TextLine>
<TextLine HEIGHT="52" WIDTH="368" VPOS="1447" HPOS="848" STYLEREFS="font3"><String STYLEREFS="font1" WC="0.5404166579" CONTENT="rnlon&gt;,o.;.d&apos;Ünschuldige" HEIGHT="52" WIDTH="368" VPOS="1447" HPOS="848"/></TextLine>
<TextLine HEIGHT="37" WIDTH="366" VPOS="1504" HPOS="850" STYLEREFS="font3"><String STYLE="bold" WC="0.5787500143" CONTENT="Oainnanr" HEIGHT="30" WIDTH="140" VPOS="1506" HPOS="850"/><SP WIDTH="6" VPOS="1508" HPOS="991"/><String STYLE="bold" WC="1." CONTENT="&gt;" HEIGHT="16" WIDTH="8" VPOS="1518" HPOS="998"/><SP WIDTH="9" VPOS="1510" HPOS="1007"/><String STYLE="bold" STYLEREFS="font2" WC="0.25" CONTENT="0" HEIGHT="19" WIDTH="17" VPOS="1510" HPOS="1017"/><String STYLE="bold" WC="1." CONTENT="." HEIGHT="6" WIDTH="6" VPOS="1523" HPOS="1037"/><SP WIDTH="12" VPOS="1510" HPOS="1044"/><String STYLE="bold" WC="0.6100000143" CONTENT="z." HEIGHT="30" WIDTH="24" VPOS="1510" HPOS="1057"/><SP WIDTH="6" VPOS="1510" HPOS="1082"/><String STYLE="bold" WC="0.4050000012" CONTENT="verdam" HEIGHT="34" WIDTH="113" VPOS="1504" HPOS="1089" SUBS_TYPE="HypPart1" SUBS_CONTENT="verdammend."/><HYP CONTENT="­"/></TextLine>
<TextLine HEIGHT="34" WIDTH="89" VPOS="1541" HPOS="895" STYLEREFS="font3"><String STYLE="bold" WC="0.5479999781" CONTENT="mend." HEIGHT="34" WIDTH="89" VPOS="1541" HPOS="895" SUBS_TYPE="HypPart2" SUBS_CONTENT="verdammend."/></TextLine>
<TextLine HEIGHT="42" WIDTH="366" VPOS="1581" HPOS="852"><String STYLE="bold" STYLEREFS="font3" WC="0.2199999988" CONTENT="8" HEIGHT="23" WIDTH="15" VPOS="1589" HPOS="852"/><String WC="0.5370000005" CONTENT="om,o.;cher" HEIGHT="37" WIDTH="169" VPOS="1586" HPOS="871"/><SP WIDTH="8" VPOS="1587" HPOS="1041"/><String WC="0.5479999781" CONTENT="Schuldige." HEIGHT="40" WIDTH="168" VPOS="1581" HPOS="1050"/></TextLine>
<TextLine HEIGHT="42" WIDTH="324" VPOS="1623" HPOS="851"><String WC="0.6800000072" CONTENT="b«nsF," HEIGHT="35" WIDTH="109" VPOS="1627" HPOS="851"/><SP WIDTH="14" VPOS="1639" HPOS="961"/><String WC="0.7850000262" CONTENT="1." HEIGHT="22" WIDTH="24" VPOS="1639" HPOS="976"/><SP WIDTH="9" VPOS="1631" HPOS="1001"/><String WC="0.5166666508" CONTENT="die" HEIGHT="32" WIDTH="43" VPOS="1631" HPOS="1011"/><SP WIDTH="10" VPOS="1628" HPOS="1054"/><String WC="0.4900000095" CONTENT="Straff." HEIGHT="41" WIDTH="111" VPOS="1623" HPOS="1064"/></TextLine>
<TextLine HEIGHT="40" WIDTH="367" VPOS="1666" HPOS="851"><String WC="0.3083333373" CONTENT="Muldb," HEIGHT="37" WIDTH="119" VPOS="1669" HPOS="851"/><SP WIDTH="15" VPOS="1672" HPOS="971"/><String WC="0.625" CONTENT="f." HEIGHT="29" WIDTH="19" VPOS="1672" HPOS="987"/><SP WIDTH="14" VPOS="1681" HPOS="1007"/><String WC="0.5199999809" CONTENT="1." HEIGHT="19" WIDTH="25" VPOS="1681" HPOS="1022"/><SP WIDTH="16" VPOS="1670" HPOS="1048"/><String WC="0.3966666758" CONTENT="die" HEIGHT="30" WIDTH="43" VPOS="1669" HPOS="1065"/><SP WIDTH="15" VPOS="1667" HPOS="1109"/><String WC="0.4480000138" CONTENT="Geld-" HEIGHT="37" WIDTH="93" VPOS="1666" HPOS="1125"/></TextLine>
<TextLine HEIGHT="40" WIDTH="125" VPOS="1711" HPOS="892"><String WC="0.4275000095" CONTENT="Straffe." HEIGHT="40" WIDTH="125" VPOS="1711" HPOS="892"/></TextLine>
<TextLine HEIGHT="44" WIDTH="369" VPOS="1752" HPOS="849"><String WC="0.3630000055" CONTENT="Supplicium" HEIGHT="40" WIDTH="165" VPOS="1756" HPOS="849"/><SP WIDTH="16" VPOS="1765" HPOS="1015"/><String WC="1." CONTENT="," HEIGHT="11" WIDTH="6" VPOS="1773" HPOS="1032"/><SP WIDTH="24" VPOS="1761" HPOS="1039"/><String WC="0.5749999881" CONTENT="n." HEIGHT="20" WIDTH="28" VPOS="1761" HPOS="1064"/><SP WIDTH="27" VPOS="1762" HPOS="1093"/><String WC="0.5699999928" CONTENT="2." HEIGHT="22" WIDTH="27" VPOS="1761" HPOS="1121"/><SP WIDTH="24" VPOS="1752" HPOS="1149"/><String WC="0.4866666794" CONTENT="dlk" HEIGHT="33" WIDTH="44" VPOS="1752" HPOS="1174"/></TextLine>
<TextLine HEIGHT="46" WIDTH="228" VPOS="1792" HPOS="890"><String WC="0.4916666746" CONTENT="yelbs-" HEIGHT="43" WIDTH="93" VPOS="1795" HPOS="890"/><SP WIDTH="10" VPOS="1794" HPOS="983"/><String WC="0.4012500048" CONTENT="Straffe." HEIGHT="42" WIDTH="125" VPOS="1792" HPOS="993"/></TextLine>
<TextLine HEIGHT="37" WIDTH="71" VPOS="1835" HPOS="1144" STYLEREFS="font3"><String STYLE="bold" WC="0.3400000036" CONTENT="Die" HEIGHT="37" WIDTH="71" VPOS="1835" HPOS="1144"/></TextLine>
</TextBlock><GraphicalElement ID="Page1_Block8" HEIGHT="19" WIDTH="976" VPOS="154" HPOS="203"/><GraphicalElement ID="Page1_Block9" HEIGHT="265" WIDTH="11" VPOS="378" HPOS="547"/><GraphicalElement ID="Page1_Block10" HEIGHT="1113" WIDTH="17" VPOS="643" HPOS="555"/><GraphicalElement ID="Page1_Block11" HEIGHT="296" WIDTH="11" VPOS="199" HPOS="820"/><GraphicalElement ID="Page1_Block12" HEIGHT="523" WIDTH="7" VPOS="1279" HPOS="841"/><GraphicalElement ID="Page1_Block13" HEIGHT="124" WIDTH="7" VPOS="1579" HPOS="842"/>
</PrintSpace>
</Page>
</Layout>
</alto>