﻿<?xml version="1.0" encoding="UTF-8" standalone="yes"?>
<alto xmlns="http://www.loc.gov/standards/alto/ns-v2#" xmlns:xlink="http://www.w3.org/1999/xlink" xmlns:xsi="http://www.w3.org/2001/XMLSchema-instance" xsi:schemaLocation="http://www.loc.gov/standards/alto/ns-v2# http://www.loc.gov/standards/alto/alto-v2.0.xsd">
<Description>
<MeasurementUnit>pixel</MeasurementUnit>
<OCRProcessing ID="IdOcr"><ocrProcessingStep><processingDateTime>2017-03-20</processingDateTime><processingSoftware><softwareCreator>ABBYY</softwareCreator><softwareName>ABBYY FineReader Engine</softwareName><softwareVersion>11</softwareVersion></processingSoftware></ocrProcessingStep></OCRProcessing>
</Description>
<Styles><TextStyle ID="font0" FONTFAMILY="Times New Roman" FONTSIZE="8"/><TextStyle ID="font1" FONTFAMILY="Times New Roman" FONTSIZE="9"/><TextStyle ID="font2" FONTFAMILY="Times New Roman" FONTSIZE="10"/><TextStyle ID="font3" FONTFAMILY="Times New Roman" FONTSIZE="11"/><TextStyle ID="font4" FONTFAMILY="Times New Roman" FONTSIZE="14"/>
</Styles>
<Layout>
<Page ID="Page1" PHYSICAL_IMG_NR="1" HEIGHT="2038" WIDTH="1216">
<TopMargin HEIGHT="119" WIDTH="1216" VPOS="0" HPOS="0">
</TopMargin>
<LeftMargin HEIGHT="1589" WIDTH="22" VPOS="119" HPOS="0">
</LeftMargin>
<RightMargin HEIGHT="1589" WIDTH="165" VPOS="119" HPOS="1051">
</RightMargin>
<BottomMargin HEIGHT="330" WIDTH="1216" VPOS="1708" HPOS="0">
</BottomMargin>
<PrintSpace HEIGHT="1589" WIDTH="1029" VPOS="119" HPOS="22">
<TextBlock ID="Page1_Block1" HEIGHT="61" WIDTH="238" VPOS="123" HPOS="415" language="de" STYLEREFS="font4"><Shape><Polygon POINTS="476,128 581,128 581,147 566,147 566,149 654,149 654,188 478,188 478,185 416,185 416,144 475,144 475,132 476,132 476,128"/></Shape>
<TextLine HEIGHT="48" WIDTH="238" VPOS="133" HPOS="415"><String STYLE="italics" WC="0.2514285743" CONTENT="W-CPs)*" HEIGHT="48" WIDTH="238" VPOS="133" HPOS="415"/></TextLine>
</TextBlock>
<TextBlock ID="Page1_Block2" HEIGHT="1524" WIDTH="454" VPOS="184" HPOS="22" language="de" STYLEREFS="font1"><Shape><Polygon POINTS="35,193 477,193 477,1714 35,1714 35,193"/></Shape>
<TextLine HEIGHT="42" WIDTH="289" VPOS="191" HPOS="90"><String WC="0.4550000131" CONTENT="II" HEIGHT="26" WIDTH="21" VPOS="191" HPOS="90"/><SP WIDTH="9" VPOS="191" HPOS="111"/><String WC="0.6200000048" CONTENT="globodella" HEIGHT="37" WIDTH="164" VPOS="192" HPOS="120"/><SP WIDTH="13" VPOS="205" HPOS="284"/><String WC="0.6333333254" CONTENT="terra^" HEIGHT="28" WIDTH="80" VPOS="205" HPOS="298"/></TextLine>
<TextLine HEIGHT="45" WIDTH="296" VPOS="230" HPOS="50"><String WC="0.25" CONTENT="e" HEIGHT="18" WIDTH="15" VPOS="239" HPOS="50"/><SP WIDTH="8" VPOS="230" HPOS="66"/><String WC="0.500952363" CONTENT="diftribuko,_^)dr(rVt&gt;" HEIGHT="44" WIDTH="271" VPOS="231" HPOS="75"/></TextLine>
<TextLine HEIGHT="41" WIDTH="242" VPOS="272" HPOS="46"><String WC="0.150000006" CONTENT="in" HEIGHT="29" WIDTH="32" VPOS="272" HPOS="46"/><SP WIDTH="10" VPOS="282" HPOS="79"/><String WC="0.4499999881" CONTENT="clnqueZone:" HEIGHT="40" WIDTH="198" VPOS="273" HPOS="90"/></TextLine>
<TextLine HEIGHT="42" WIDTH="155" VPOS="313" HPOS="48"><String WC="0.4066666663" CONTENT="trä" HEIGHT="29" WIDTH="42" VPOS="313" HPOS="48"/><SP WIDTH="9" VPOS="314" HPOS="90"/><String WC="0.4399999976" CONTENT="le" HEIGHT="27" WIDTH="23" VPOS="315" HPOS="99"/><SP WIDTH="9" VPOS="325" HPOS="122"/><String WC="0.3280000091" CONTENT="quali" HEIGHT="38" WIDTH="72" VPOS="317" HPOS="131"/></TextLine>
<TextLine HEIGHT="47" WIDTH="264" VPOS="352" HPOS="47"><String WC="0.3549999893" CONTENT="le" HEIGHT="31" WIDTH="26" VPOS="352" HPOS="47"/><SP WIDTH="12" VPOS="356" HPOS="74"/><String WC="0.4746153951" CONTENT="ducft-eddtytj" HEIGHT="43" WIDTH="224" VPOS="356" HPOS="87"/></TextLine>
<TextLine HEIGHT="41" WIDTH="393" VPOS="398" HPOS="47"><String WC="0.5625" CONTENT="lono" HEIGHT="28" WIDTH="68" VPOS="398" HPOS="47"/><SP WIDTH="7" VPOS="400" HPOS="116"/><String WC="0.4315384626" CONTENT="inhabitabili;" HEIGHT="35" WIDTH="182" VPOS="400" HPOS="124"/><SP WIDTH="119" VPOS="412" HPOS="307"/><String STYLE="italics" WC="0.7099999785" CONTENT="," HEIGHT="15" WIDTH="13" VPOS="424" HPOS="427"/></TextLine>
<TextLine HEIGHT="47" WIDTH="374" VPOS="436" HPOS="44"><String WC="0.2099999934" CONTENT="ie" HEIGHT="29" WIDTH="27" VPOS="436" HPOS="45"/><SP WIDTH="9" VPOS="439" HPOS="73"/><String WC="0.4499999881" CONTENT="due" HEIGHT="29" WIDTH="50" VPOS="439" HPOS="83"/><SP WIDTH="10" VPOS="448" HPOS="134"/><String WC="0.4429999888" CONTENT="temperate," HEIGHT="34" WIDTH="159" VPOS="448" HPOS="144"/><SP WIDTH="12" VPOS="452" HPOS="303"/><String WC="0.3433333337" CONTENT="xo:" HEIGHT="21" WIDTH="49" VPOS="451" HPOS="316"/><SP WIDTH="14" VPOS="449" HPOS="366"/><String WC="0.3650000095" CONTENT="IÖ" HEIGHT="31" WIDTH="37" VPOS="441" HPOS="381"/></TextLine>
<TextLine HEIGHT="42" WIDTH="224" VPOS="480" HPOS="44"><String WC="0.2399999946" CONTENT="e" HEIGHT="18" WIDTH="15" VPOS="488" HPOS="44"/><SP WIDTH="8" VPOS="480" HPOS="60"/><String WC="0.3100000024" CONTENT="la" HEIGHT="27" WIDTH="23" VPOS="481" HPOS="69"/><SP WIDTH="7" VPOS="489" HPOS="93"/><String WC="0.6162499785" CONTENT="torrida," HEIGHT="39" WIDTH="117" VPOS="483" HPOS="101"/><SP WIDTH="15" VPOS="496" HPOS="219"/><String WC="1." CONTENT="x" HEIGHT="17" WIDTH="9" VPOS="496" HPOS="235"/><SP WIDTH="9" VPOS="496" HPOS="245"/><String WC="0.2300000042" CONTENT="i" HEIGHT="20" WIDTH="13" VPOS="496" HPOS="255"/></TextLine>
<TextLine HEIGHT="42" WIDTH="216" VPOS="514" HPOS="42"><String WC="0.3659999967" CONTENT="frono" HEIGHT="36" WIDTH="70" VPOS="514" HPOS="42"/><SP WIDTH="16" VPOS="525" HPOS="113"/><String WC="0.4288888872" CONTENT="Pubitate." HEIGHT="32" WIDTH="128" VPOS="524" HPOS="130"/></TextLine>
<TextLine HEIGHT="39" WIDTH="257" VPOS="565" HPOS="86"><String WC="0.6650000215" CONTENT="In" HEIGHT="27" WIDTH="32" VPOS="565" HPOS="86"/><SP WIDTH="12" VPOS="568" HPOS="119"/><String WC="0.7016666532" CONTENT="öltre," HEIGHT="37" WIDTH="86" VPOS="566" HPOS="132"/><SP WIDTH="10" VPOS="569" HPOS="219"/><String WC="0.5550000072" CONTENT="la" HEIGHT="28" WIDTH="24" VPOS="569" HPOS="230"/><SP WIDTH="5" VPOS="571" HPOS="255"/><String WC="0.4280000031" CONTENT="Terra" HEIGHT="28" WIDTH="82" VPOS="571" HPOS="261"/></TextLine>
<TextLine HEIGHT="33" WIDTH="122" VPOS="601" HPOS="42"><String WC="0.1449999958" CONTENT="ii" HEIGHT="28" WIDTH="22" VPOS="601" HPOS="42"/><SP WIDTH="13" VPOS="601" HPOS="64"/><String WC="0.6366666555" CONTENT="divide" HEIGHT="30" WIDTH="87" VPOS="604" HPOS="77"/></TextLine>
<TextLine HEIGHT="49" WIDTH="415" VPOS="643" HPOS="40"><String WC="0.2450000048" CONTENT="Sn" HEIGHT="31" WIDTH="31" VPOS="643" HPOS="40"/><SP WIDTH="9" VPOS="654" HPOS="72"/><String WC="0.7099999785" CONTENT="tre" HEIGHT="21" WIDTH="38" VPOS="654" HPOS="82"/><SP WIDTH="8" VPOS="656" HPOS="121"/><String WC="0.3420000076" CONTENT="terre" HEIGHT="20" WIDTH="68" VPOS="656" HPOS="130"/><SP WIDTH="6" VPOS="648" HPOS="199"/><String WC="0.4399999976" CONTENT="ferme," HEIGHT="42" WIDTH="98" VPOS="649" HPOS="206"/><SP WIDTH="9" VPOS="663" HPOS="305"/><String STYLE="italics" WC="0.4250000119" CONTENT="contihmü" HEIGHT="32" WIDTH="140" VPOS="650" HPOS="315"/></TextLine>
<TextLine HEIGHT="39" WIDTH="238" VPOS="688" HPOS="41"><String WC="0.7020000219" CONTENT="nella" HEIGHT="30" WIDTH="72" VPOS="688" HPOS="41"/><SP WIDTH="10" VPOS="694" HPOS="114"/><String WC="0.5842857361" CONTENT="Noftra," HEIGHT="38" WIDTH="107" VPOS="689" HPOS="125"/><SP WIDTH="14" VPOS="704" HPOS="233"/><String WC="0.2199999988" CONTENT="i" HEIGHT="20" WIDTH="8" VPOS="704" HPOS="248"/><SP WIDTH="8" VPOS="704" HPOS="257"/><String WC="0.5350000262" CONTENT="j," HEIGHT="17" WIDTH="13" VPOS="704" HPOS="266"/></TextLine>
<TextLine HEIGHT="30" WIDTH="51" VPOS="728" HPOS="42"><String WC="0.349999994" CONTENT="che" HEIGHT="30" WIDTH="51" VPOS="728" HPOS="42"/></TextLine>
<TextLine HEIGHT="35" WIDTH="167" VPOS="767" HPOS="41"><String WC="0.2399999946" CONTENT="li" HEIGHT="28" WIDTH="19" VPOS="767" HPOS="41"/><SP WIDTH="8" VPOS="767" HPOS="61"/><String WC="0.3700000048" CONTENT="foddivi&apos;de" HEIGHT="34" WIDTH="138" VPOS="768" HPOS="70"/></TextLine>
<TextLine HEIGHT="46" WIDTH="212" VPOS="808" HPOS="38" STYLEREFS="font1"><String WC="0.1599999964" CONTENT="in" HEIGHT="31" WIDTH="32" VPOS="808" HPOS="38"/><SP WIDTH="6" VPOS="815" HPOS="71"/><String WC="0.6583333611" CONTENT="Europa" HEIGHT="36" WIDTH="107" VPOS="815" HPOS="78"/><SP WIDTH="7" VPOS="823" HPOS="186"/><String WC="0.200000003" CONTENT=";" HEIGHT="25" WIDTH="8" VPOS="823" HPOS="194"/><SP WIDTH="14" VPOS="824" HPOS="203"/><String WC="0.2150000036" CONTENT="13" HEIGHT="29" WIDTH="32" VPOS="825" HPOS="218"/></TextLine>
<TextLine HEIGHT="39" WIDTH="130" VPOS="852" HPOS="40"><String WC="0.6480000019" CONTENT="Afia," HEIGHT="37" WIDTH="76" VPOS="852" HPOS="40"/><SP WIDTH="17" VPOS="864" HPOS="116"/><String WC="0.474999994" CONTENT="14" HEIGHT="27" WIDTH="37" VPOS="864" HPOS="133"/></TextLine>
<TextLine HEIGHT="37" WIDTH="155" VPOS="893" HPOS="41"><String WC="0.4828571379" CONTENT="Africa;" HEIGHT="36" WIDTH="107" VPOS="893" HPOS="41"/><SP WIDTH="13" VPOS="905" HPOS="149"/><String WC="0.4300000072" CONTENT="1" HEIGHT="18" WIDTH="6" VPOS="906" HPOS="163"/><SP WIDTH="12" VPOS="904" HPOS="170"/><String WC="0.7200000286" CONTENT="5" HEIGHT="26" WIDTH="13" VPOS="904" HPOS="183"/></TextLine>
<TextLine HEIGHT="37" WIDTH="215" VPOS="933" HPOS="41"><String WC="0.7049999833" CONTENT="cd" HEIGHT="26" WIDTH="33" VPOS="933" HPOS="41"/><SP WIDTH="9" VPOS="934" HPOS="75"/><String WC="0.349999994" CONTENT="in" HEIGHT="25" WIDTH="26" VPOS="937" HPOS="85"/><SP WIDTH="10" VPOS="939" HPOS="112"/><String WC="0.4012500048" CONTENT="America)" HEIGHT="35" WIDTH="133" VPOS="935" HPOS="123"/></TextLine>
<TextLine HEIGHT="41" WIDTH="232" VPOS="975" HPOS="39" STYLEREFS="font1"><String STYLEREFS="font0" WC="0.3930769265" CONTENT="meridionäle-," HEIGHT="38" WIDTH="187" VPOS="975" HPOS="39"/><SP WIDTH="11" VPOS="989" HPOS="227"/><String STYLEREFS="font0" WC="0.1299999952" CONTENT="17" HEIGHT="27" WIDTH="32" VPOS="989" HPOS="239"/></TextLine>
<TextLine HEIGHT="36" WIDTH="222" VPOS="1011" HPOS="38"><String WC="0.2099999934" CONTENT="c" HEIGHT="18" WIDTH="15" VPOS="1023" HPOS="38"/><SP WIDTH="8" VPOS="1011" HPOS="54"/><String WC="0.4107142985" CONTENT="fettentriönäle" HEIGHT="36" WIDTH="198" VPOS="1011" HPOS="62"/></TextLine>
<TextLine HEIGHT="41" WIDTH="394" VPOS="1056" HPOS="37"><String WC="1." CONTENT="&gt;" HEIGHT="17" WIDTH="9" VPOS="1066" HPOS="37"/><SP WIDTH="7" VPOS="1056" HPOS="47"/><String WC="1." CONTENT="di" HEIGHT="30" WIDTH="25" VPOS="1056" HPOS="55"/><SP WIDTH="9" VPOS="1059" HPOS="81"/><String WC="0.3899999857" CONTENT="cui" HEIGHT="27" WIDTH="41" VPOS="1060" HPOS="91"/><SP WIDTH="7" VPOS="1059" HPOS="133"/><String WC="0.6018182039" CONTENT="habitatöri," HEIGHT="37" WIDTH="149" VPOS="1059" HPOS="141"/><SP WIDTH="6" VPOS="1061" HPOS="291"/><String STYLE="italics" WC="0.3144444525" CONTENT="hklitanti" HEIGHT="34" WIDTH="133" VPOS="1061" HPOS="298"/></TextLine>
<TextLine HEIGHT="27" WIDTH="26" VPOS="1099" HPOS="38"><String WC="0.7749999762" CONTENT="ci" HEIGHT="27" WIDTH="26" VPOS="1099" HPOS="38"/></TextLine>
<TextLine HEIGHT="40" WIDTH="212" VPOS="1138" HPOS="35"><String WC="0.5249999762" CONTENT="fono" HEIGHT="31" WIDTH="69" VPOS="1138" HPOS="35"/><SP WIDTH="9" VPOS="1151" HPOS="104"/><String WC="0.3755555451" CONTENT="antipodi;" HEIGHT="37" WIDTH="134" VPOS="1141" HPOS="113"/></TextLine>
<TextLine HEIGHT="29" WIDTH="87" VPOS="1179" HPOS="35"><String WC="0.3100000024" CONTENT="e" HEIGHT="16" WIDTH="15" VPOS="1191" HPOS="35"/><SP WIDTH="7" VPOS="1189" HPOS="51"/><String WC="0.7639999986" CONTENT="nell’" HEIGHT="29" WIDTH="63" VPOS="1179" HPOS="59"/></TextLine>
<TextLine HEIGHT="40" WIDTH="243" VPOS="1219" HPOS="32" STYLEREFS="font1"><String WC="0.4544444382" CONTENT="auftrdle," HEIGHT="37" WIDTH="123" VPOS="1219" HPOS="32"/><SP WIDTH="14" VPOS="1227" HPOS="156"/><String WC="0.4040000141" CONTENT="17:17" HEIGHT="32" WIDTH="104" VPOS="1227" HPOS="171"/></TextLine>
<TextLine HEIGHT="53" WIDTH="332" VPOS="1255" HPOS="31" STYLEREFS="font1"><String STYLE="bold" WC="0.1449999958" CONTENT="la" HEIGHT="30" WIDTH="28" VPOS="1264" HPOS="31"/><SP WIDTH="8" VPOS="1275" HPOS="59"/><String STYLE="bold" WC="0.4539999962" CONTENT="quäle" HEIGHT="40" WIDTH="79" VPOS="1266" HPOS="67"/><SP WIDTH="8" VPOS="1260" HPOS="146"/><String STYLE="bold" WC="0.4264285862" CONTENT="fin’aiprtfenic" HEIGHT="49" WIDTH="209" VPOS="1256" HPOS="154"/></TextLine>
<TextLine HEIGHT="42" WIDTH="208" VPOS="1348" HPOS="33"><String WC="0.25" CONTENT="fci" HEIGHT="29" WIDTH="25" VPOS="1348" HPOS="33"/><SP WIDTH="10" VPOS="1348" HPOS="59"/><String WC="0.4199999869" CONTENT="e" HEIGHT="17" WIDTH="13" VPOS="1361" HPOS="70"/><SP WIDTH="8" VPOS="1351" HPOS="84"/><String WC="0.4281818271" CONTENT="incOgtlita," HEIGHT="41" WIDTH="148" VPOS="1349" HPOS="93"/></TextLine>
<TextLine HEIGHT="40" WIDTH="249" VPOS="1394" HPOS="75"><String WC="0.4550000131" CONTENT="Que’" HEIGHT="37" WIDTH="71" VPOS="1396" HPOS="75"/><SP WIDTH="9" VPOS="1396" HPOS="146"/><String WC="1." CONTENT="c’" HEIGHT="22" WIDTH="24" VPOS="1404" HPOS="155"/><SP WIDTH="16" VPOS="1396" HPOS="180"/><String WC="0.2924999893" CONTENT="habitanö" HEIGHT="30" WIDTH="127" VPOS="1394" HPOS="197"/></TextLine>
<TextLine HEIGHT="43" WIDTH="323" VPOS="1435" HPOS="33"><String WC="0.3319999874" CONTENT="fotco" HEIGHT="32" WIDTH="71" VPOS="1435" HPOS="33"/><SP WIDTH="9" VPOS="1441" HPOS="105"/><String WC="0.6299999952" CONTENT="’l" HEIGHT="25" WIDTH="15" VPOS="1440" HPOS="115"/><SP WIDTH="8" VPOS="1440" HPOS="131"/><String WC="0.5149999857" CONTENT="polo" HEIGHT="40" WIDTH="65" VPOS="1437" HPOS="140"/><SP WIDTH="8" VPOS="1448" HPOS="206"/><String WC="0.3457142711" CONTENT="articp," HEIGHT="32" WIDTH="93" VPOS="1438" HPOS="215"/><SP WIDTH="13" VPOS="1449" HPOS="309"/><String WC="0.5899999738" CONTENT="1" HEIGHT="17" WIDTH="9" VPOS="1449" HPOS="323"/><SP WIDTH="9" VPOS="1445" HPOS="333"/><String WC="0.2199999988" CONTENT="8" HEIGHT="26" WIDTH="13" VPOS="1446" HPOS="343"/></TextLine>
<TextLine HEIGHT="46" WIDTH="390" VPOS="1474" HPOS="34"><String WC="0.2980000079" CONTENT="harmo" HEIGHT="32" WIDTH="92" VPOS="1477" HPOS="34"/><SP WIDTH="8" VPOS="1491" HPOS="127"/><String WC="0.4166666567" CONTENT="per" HEIGHT="29" WIDTH="48" VPOS="1489" HPOS="136"/><SP WIDTH="10" VPOS="1478" HPOS="185"/><String WC="0.276666671" CONTENT="fei" HEIGHT="28" WIDTH="32" VPOS="1478" HPOS="196"/><SP WIDTH="7" VPOS="1480" HPOS="229"/><String WC="0.5550000072" CONTENT="mcfi" HEIGHT="30" WIDTH="62" VPOS="1476" HPOS="237"/><SP WIDTH="11" VPOS="1476" HPOS="300"/><String WC="0.2849999964" CONTENT="la" HEIGHT="27" WIDTH="24" VPOS="1481" HPOS="312"/><SP WIDTH="9" VPOS="1491" HPOS="337"/><String WC="0.3540000021" CONTENT="Hotte" HEIGHT="23" WIDTH="77" VPOS="1489" HPOS="347"/></TextLine>
<TextLine HEIGHT="44" WIDTH="430" VPOS="1519" HPOS="35"><String WC="0.3199999928" CONTENT="*" HEIGHT="19" WIDTH="15" VPOS="1528" HPOS="35"/><SP WIDTH="7" VPOS="1528" HPOS="51"/><String WC="0.1599999964" CONTENT="per" HEIGHT="29" WIDTH="47" VPOS="1532" HPOS="59"/><SP WIDTH="10" VPOS="1533" HPOS="107"/><String WC="0.4309999943" CONTENT="altretanti" HEIGHT="31" WIDTH="133" VPOS="1520" HPOS="118"/><SP WIDTH="6" VPOS="1521" HPOS="252"/><String WC="0.5500000119" CONTENT="altri,il" HEIGHT="36" WIDTH="86" VPOS="1521" HPOS="259"/><SP WIDTH="10" VPOS="1523" HPOS="345"/><String WC="0.3714285791" CONTENT="giorno." HEIGHT="38" WIDTH="110" VPOS="1525" HPOS="355"/></TextLine>
<TextLine HEIGHT="33" WIDTH="278" VPOS="1571" HPOS="72"><String WC="0.3072727323" CONTENT="Unainfinitä" HEIGHT="30" WIDTH="174" VPOS="1573" HPOS="72"/><SP WIDTH="8" VPOS="1572" HPOS="247"/><String WC="0.4900000095" CONTENT="d’ifole" HEIGHT="31" WIDTH="94" VPOS="1572" HPOS="256"/></TextLine>
<TextLine HEIGHT="51" WIDTH="415" VPOS="1607" HPOS="32"><String WC="0.4583333433" CONTENT="ftanno" HEIGHT="35" WIDTH="97" VPOS="1607" HPOS="32"/><SP WIDTH="8" VPOS="1618" HPOS="130"/><String WC="0.3899999857" CONTENT="fcomc" HEIGHT="32" WIDTH="95" VPOS="1618" HPOS="139"/><SP WIDTH="8" VPOS="1626" HPOS="235"/><String WC="0.2700000107" CONTENT="a" HEIGHT="20" WIDTH="14" VPOS="1627" HPOS="244"/><SP WIDTH="6" VPOS="1627" HPOS="259"/><String STYLE="italics" WC="3.999999911e-002" CONTENT="m" HEIGHT="22" WIDTH="36" VPOS="1627" HPOS="266"/><String STYLE="bold italics" STYLEREFS="font3" WC="0.2899999917" CONTENT="6" HEIGHT="31" WIDTH="16" VPOS="1616" HPOS="305"/><String STYLE="italics" WC="0.5987499952" CONTENT="io,^n!a)" HEIGHT="41" WIDTH="123" VPOS="1617" HPOS="324"/></TextLine>
<TextLine HEIGHT="46" WIDTH="131" VPOS="1654" HPOS="33"><String STYLE="bold italics" WC="0.3000000119" CONTENT="W" HEIGHT="36" WIDTH="44" VPOS="1654" HPOS="34"/><SP WIDTH="7" VPOS="1655" HPOS="79"/><String STYLE="bold" WC="0.3466666639" CONTENT="MW," HEIGHT="36" WIDTH="78" VPOS="1664" HPOS="86"/></TextLine>
</TextBlock>
<TextBlock ID="Page1_Block3" HEIGHT="1512" WIDTH="523" VPOS="192" HPOS="528" language="de" STYLEREFS="font1"><Shape><Polygon POINTS="541,197 1052,197 1052,1705 541,1705 541,197"/></Shape>
<TextLine HEIGHT="45" WIDTH="297" VPOS="198" HPOS="596"><String STYLE="bold" WC="0.3199999928" CONTENT="Le" HEIGHT="26" WIDTH="37" VPOS="201" HPOS="596"/><SP WIDTH="7" VPOS="210" HPOS="633"/><String STYLE="bold" WC="0.6499999762" CONTENT="globe" HEIGHT="39" WIDTH="84" VPOS="199" HPOS="641"/><SP WIDTH="9" VPOS="202" HPOS="725"/><String STYLE="bold" WC="0.7300000191" CONTENT="de" HEIGHT="29" WIDTH="33" VPOS="202" HPOS="734"/><SP WIDTH="11" VPOS="205" HPOS="767"/><String STYLE="bold" WC="0.3199999928" CONTENT="la" HEIGHT="27" WIDTH="25" VPOS="205" HPOS="779"/><SP WIDTH="8" VPOS="214" HPOS="805"/><String STYLE="bold" WC="0.9100000262" CONTENT="terre," HEIGHT="29" WIDTH="78" VPOS="214" HPOS="814"/></TextLine>
<TextLine HEIGHT="41" WIDTH="153" VPOS="239" HPOS="557"><String STYLE="bold" WC="0.3833333254" CONTENT="eft" HEIGHT="29" WIDTH="36" VPOS="239" HPOS="557"/><SP WIDTH="6" VPOS="239" HPOS="594"/><String STYLE="bold" WC="0.4499999881" CONTENT="partage" HEIGHT="31" WIDTH="109" VPOS="249" HPOS="601"/></TextLine>
<TextLine HEIGHT="38" WIDTH="229" VPOS="283" HPOS="557"><String STYLE="bold" WC="0.2899999917" CONTENT="en" HEIGHT="17" WIDTH="33" VPOS="292" HPOS="557"/><SP WIDTH="11" VPOS="287" HPOS="591"/><String STYLE="bold" WC="0.8249999881" CONTENT="einq" HEIGHT="37" WIDTH="61" VPOS="283" HPOS="603"/><SP WIDTH="11" VPOS="285" HPOS="665"/><String STYLE="bold" WC="0.8159999847" CONTENT="Zonen" HEIGHT="29" WIDTH="109" VPOS="285" HPOS="677"/></TextLine>
<TextLine HEIGHT="30" WIDTH="68" VPOS="323" HPOS="556"><String STYLE="bold" WC="0.2450000048" CONTENT="dont" HEIGHT="30" WIDTH="68" VPOS="323" HPOS="556"/></TextLine>
<TextLine HEIGHT="44" WIDTH="284" VPOS="364" HPOS="555"><String STYLE="bold" WC="0.5249999762" CONTENT="le" HEIGHT="26" WIDTH="22" VPOS="366" HPOS="555"/><SP WIDTH="8" VPOS="365" HPOS="578"/><String STYLE="bold" WC="0.3274999857" CONTENT="deux" HEIGHT="29" WIDTH="70" VPOS="365" HPOS="587"/><SP WIDTH="10" VPOS="365" HPOS="658"/><String STYLE="bold" WC="0.287142843" CONTENT="froides" HEIGHT="31" WIDTH="99" VPOS="365" HPOS="669"/><SP WIDTH="6" VPOS="379" HPOS="769"/><String STYLE="bold" WC="0.3199999928" CONTENT="ji:" HEIGHT="29" WIDTH="34" VPOS="379" HPOS="776"/><SP WIDTH="9" VPOS="379" HPOS="811"/><String STYLE="bold" WC="0.150000006" CONTENT="t&gt;" HEIGHT="21" WIDTH="18" VPOS="384" HPOS="821"/></TextLine>
<TextLine HEIGHT="38" WIDTH="266" VPOS="406" HPOS="552"><String STYLE="bold" WC="0.2949999869" CONTENT="font" HEIGHT="30" WIDTH="60" VPOS="406" HPOS="552"/><SP WIDTH="9" VPOS="410" HPOS="613"/><String STYLE="bold" WC="0.3507692218" CONTENT="inhabitables;" HEIGHT="35" WIDTH="195" VPOS="409" HPOS="623"/></TextLine>
<TextLine HEIGHT="44" WIDTH="389" VPOS="448" HPOS="551"><String STYLE="bold" WC="0.4231249988" CONTENT="lesdeuxtempcrees" HEIGHT="43" WIDTH="275" VPOS="448" HPOS="551"/><SP WIDTH="11" VPOS="461" HPOS="826"/><String STYLE="bold" WC="0.1166666672" CONTENT="10;" HEIGHT="22" WIDTH="52" VPOS="461" HPOS="837"/><SP WIDTH="16" VPOS="463" HPOS="889"/><String STYLE="bold" WC="0.2450000048" CONTENT="ta" HEIGHT="24" WIDTH="35" VPOS="463" HPOS="905"/></TextLine>
<TextLine HEIGHT="38" WIDTH="229" VPOS="490" HPOS="551"><String STYLE="bold" WC="1." CONTENT="&amp;" HEIGHT="26" WIDTH="26" VPOS="492" HPOS="551"/><SP WIDTH="8" VPOS="490" HPOS="578"/><String STYLE="bold" WC="0.3199999928" CONTENT="la" HEIGHT="29" WIDTH="24" VPOS="490" HPOS="587"/><SP WIDTH="11" VPOS="500" HPOS="612"/><String STYLE="bold" WC="0.4962500036" CONTENT="torride," HEIGHT="35" WIDTH="109" VPOS="492" HPOS="624"/><SP WIDTH="13" VPOS="504" HPOS="734"/><String STYLE="bold" WC="0.5799999833" CONTENT="x" HEIGHT="18" WIDTH="10" VPOS="505" HPOS="748"/><SP WIDTH="6" VPOS="493" HPOS="759"/><String STYLE="bold" WC="0.25" CONTENT="i" HEIGHT="31" WIDTH="14" VPOS="493" HPOS="766"/></TextLine>
<TextLine HEIGHT="33" WIDTH="198" VPOS="531" HPOS="549"><String STYLE="bold" WC="0.4225000143" CONTENT="font" HEIGHT="29" WIDTH="61" VPOS="531" HPOS="549"/><SP WIDTH="10" VPOS="534" HPOS="611"/><String STYLE="bold" WC="0.2911111116" CONTENT="habitses." HEIGHT="31" WIDTH="125" VPOS="533" HPOS="622"/></TextLine>
<TextLine HEIGHT="42" WIDTH="242" VPOS="571" HPOS="588"><String STYLE="bold" WC="0.2700000107" CONTENT="De" HEIGHT="27" WIDTH="42" VPOS="574" HPOS="589"/><SP WIDTH="5" VPOS="584" HPOS="631"/><String STYLE="bold" WC="0.5600000024" CONTENT="plus," HEIGHT="37" WIDTH="71" VPOS="575" HPOS="636"/><SP WIDTH="6" VPOS="575" HPOS="708"/><String STYLE="bold" WC="0.3249999881" CONTENT="la" HEIGHT="27" WIDTH="24" VPOS="575" HPOS="715"/><SP WIDTH="6" VPOS="572" HPOS="740"/><String STYLE="bold" WC="0.2339999974" CONTENT="Terre" HEIGHT="30" WIDTH="83" VPOS="573" HPOS="747"/></TextLine>
<TextLine HEIGHT="31" WIDTH="140" VPOS="613" HPOS="549"><String STYLE="bold" WC="0.5" CONTENT="eft" HEIGHT="28" WIDTH="36" VPOS="613" HPOS="549"/><SP WIDTH="9" VPOS="613" HPOS="586"/><String STYLE="bold" WC="0.2700000107" CONTENT="divifee" HEIGHT="31" WIDTH="93" VPOS="613" HPOS="596"/></TextLine>
<TextLine HEIGHT="45" WIDTH="460" VPOS="653" HPOS="549"><String STYLE="bold" WC="0.3849999905" CONTENT="en" HEIGHT="18" WIDTH="33" VPOS="665" HPOS="549"/><SP WIDTH="9" VPOS="665" HPOS="583"/><String STYLE="bold" WC="0.6600000262" CONTENT="trois" HEIGHT="27" WIDTH="64" VPOS="658" HPOS="593"/><SP WIDTH="10" VPOS="666" HPOS="658"/><String STYLE="bold" WC="0.4033333361" CONTENT="terresfarmss" HEIGHT="31" WIDTH="185" VPOS="657" HPOS="669"/><String STYLE="bold italics" WC="0.3725000024" CONTENT="i&apos;ftotjntlii" HEIGHT="43" WIDTH="145" VPOS="655" HPOS="864"/></TextLine>
<TextLine HEIGHT="35" WIDTH="219" VPOS="699" HPOS="549"><String STYLE="bold" WC="0.6449999809" CONTENT="en" HEIGHT="18" WIDTH="34" VPOS="707" HPOS="549"/><SP WIDTH="7" VPOS="699" HPOS="584"/><String STYLE="bold" WC="0.7350000143" CONTENT="la" HEIGHT="28" WIDTH="22" VPOS="699" HPOS="592"/><SP WIDTH="8" VPOS="703" HPOS="615"/><String STYLE="bold" WC="0.5366666913" CONTENT="Notre," HEIGHT="30" WIDTH="97" VPOS="703" HPOS="624"/><SP WIDTH="11" VPOS="710" HPOS="722"/><String STYLE="bold" WC="0.25" CONTENT="x" HEIGHT="22" WIDTH="12" VPOS="710" HPOS="734"/><SP WIDTH="6" VPOS="711" HPOS="747"/><String STYLE="bold italics" WC="0.2599999905" CONTENT="t" HEIGHT="20" WIDTH="14" VPOS="711" HPOS="754"/></TextLine>
<TextLine HEIGHT="37" WIDTH="46" VPOS="740" HPOS="548"><String STYLE="bold" WC="0.2800000012" CONTENT="qui" HEIGHT="37" WIDTH="46" VPOS="740" HPOS="548"/></TextLine>
<TextLine HEIGHT="32" WIDTH="162" VPOS="778" HPOS="547"><String STYLE="bold" WC="0.4149999917" CONTENT="fe" HEIGHT="27" WIDTH="24" VPOS="782" HPOS="547"/><SP WIDTH="8" VPOS="780" HPOS="572"/><String STYLE="bold" WC="0.3277777731" CONTENT="fubdivife" HEIGHT="32" WIDTH="128" VPOS="778" HPOS="581"/></TextLine>
<TextLine HEIGHT="36" WIDTH="205" VPOS="824" HPOS="546"><String STYLE="bold" WC="0.4166666567" CONTENT="enEurope," HEIGHT="35" WIDTH="157" VPOS="824" HPOS="546"/><SP WIDTH="11" VPOS="833" HPOS="704"/><String STYLE="bold" WC="0.2549999952" CONTENT="13" HEIGHT="28" WIDTH="35" VPOS="831" HPOS="716"/></TextLine>
<TextLine HEIGHT="35" WIDTH="116" VPOS="863" HPOS="545"><String STYLE="bold" WC="0.4375" CONTENT="AGe," HEIGHT="33" WIDTH="67" VPOS="863" HPOS="545"/><SP WIDTH="12" VPOS="873" HPOS="612"/><String STYLE="bold" WC="0.6100000143" CONTENT="14" HEIGHT="25" WIDTH="37" VPOS="873" HPOS="624"/></TextLine>
<TextLine HEIGHT="39" WIDTH="177" VPOS="902" HPOS="545"><String STYLE="bold" WC="0.4250000119" CONTENT="Afrique;" HEIGHT="39" WIDTH="130" VPOS="902" HPOS="545"/><SP WIDTH="9" VPOS="911" HPOS="676"/><String STYLE="bold" WC="0.2199999988" CONTENT="x" HEIGHT="21" WIDTH="10" VPOS="912" HPOS="686"/><SP WIDTH="9" VPOS="911" HPOS="697"/><String STYLE="bold" WC="0.2199999988" CONTENT="7" HEIGHT="28" WIDTH="15" VPOS="911" HPOS="707"/></TextLine>
<TextLine HEIGHT="41" WIDTH="230" VPOS="944" HPOS="544"><String STYLE="bold" WC="1." CONTENT="&amp;" HEIGHT="28" WIDTH="26" VPOS="945" HPOS="544"/><SP WIDTH="9" VPOS="945" HPOS="571"/><String STYLE="bold" WC="0.7350000143" CONTENT="en" HEIGHT="21" WIDTH="34" VPOS="953" HPOS="581"/><SP WIDTH="8" VPOS="947" HPOS="616"/><String STYLE="bold" WC="0.3087500036" CONTENT="Amerique" HEIGHT="40" WIDTH="149" VPOS="945" HPOS="625"/></TextLine>
<TextLine HEIGHT="38" WIDTH="244" VPOS="987" HPOS="541"><String STYLE="bold" WC="0.4424999952" CONTENT="meridionäle," HEIGHT="37" WIDTH="187" VPOS="987" HPOS="541"/><SP WIDTH="20" VPOS="999" HPOS="728"/><String STYLE="bold" WC="1." CONTENT="1" HEIGHT="19" WIDTH="8" VPOS="1000" HPOS="749"/><SP WIDTH="9" VPOS="990" HPOS="758"/><String STYLE="bold" WC="0.3400000036" CONTENT="6" HEIGHT="26" WIDTH="17" VPOS="990" HPOS="768"/></TextLine>
<TextLine HEIGHT="44" WIDTH="307" VPOS="1027" HPOS="542"><String STYLE="bold" WC="1." CONTENT="&amp;" HEIGHT="26" WIDTH="27" VPOS="1033" HPOS="542"/><SP WIDTH="10" VPOS="1030" HPOS="570"/><String STYLE="bold" WC="0.4353333414" CONTENT="feptentrionale," HEIGHT="43" WIDTH="217" VPOS="1028" HPOS="581"/><SP WIDTH="12" VPOS="1037" HPOS="799"/><String STYLE="bold" WC="0.400000006" CONTENT="l" HEIGHT="18" WIDTH="9" VPOS="1037" HPOS="812"/><SP WIDTH="6" VPOS="1029" HPOS="822"/><String STYLE="bold italics" WC="1." CONTENT="&amp;" HEIGHT="25" WIDTH="20" VPOS="1029" HPOS="829"/></TextLine>
<TextLine HEIGHT="32" WIDTH="255" VPOS="1069" HPOS="540"><String STYLE="bold" WC="0.4050000012" CONTENT="dont" HEIGHT="27" WIDTH="70" VPOS="1073" HPOS="540"/><SP WIDTH="7" VPOS="1074" HPOS="611"/><String STYLE="bold" WC="0.349999994" CONTENT="les" HEIGHT="24" WIDTH="37" VPOS="1074" HPOS="619"/><SP WIDTH="14" VPOS="1072" HPOS="657"/><String STYLE="bold" WC="0.318749994" CONTENT="habitans" HEIGHT="28" WIDTH="123" VPOS="1070" HPOS="672"/></TextLine>
<TextLine HEIGHT="23" WIDTH="71" VPOS="1115" HPOS="540"><String STYLEREFS="font0" WC="0.3474999964" CONTENT="nöus" HEIGHT="23" WIDTH="71" VPOS="1115" HPOS="540"/></TextLine>
<TextLine HEIGHT="43" WIDTH="235" VPOS="1143" HPOS="539"><String STYLE="bold" WC="0.3819999993" CONTENT="foiit" HEIGHT="26" WIDTH="62" VPOS="1148" HPOS="539"/><SP WIDTH="9" VPOS="1155" HPOS="601"/><String STYLE="bold" WC="0.2849999964" CONTENT="antipodes;" HEIGHT="42" WIDTH="163" VPOS="1144" HPOS="611"/></TextLine>
<TextLine HEIGHT="30" WIDTH="73" VPOS="1189" HPOS="539"><String STYLE="bold" WC="0.6800000072" CONTENT="&amp;" HEIGHT="29" WIDTH="27" VPOS="1189" HPOS="539"/><SP WIDTH="10" VPOS="1189" HPOS="567"/><String STYLE="bold" WC="0.2150000036" CONTENT="en" HEIGHT="20" WIDTH="34" VPOS="1198" HPOS="578"/></TextLine>
<TextLine HEIGHT="41" WIDTH="283" VPOS="1231" HPOS="539"><String STYLEREFS="font2" WC="1." CONTENT="1" HEIGHT="28" WIDTH="9" VPOS="1232" HPOS="539"/><String STYLE="bold" WC="0.6899999976" CONTENT="&apos;" HEIGHT="9" WIDTH="6" VPOS="1231" HPOS="550"/><SP WIDTH="12" VPOS="1231" HPOS="557"/><String STYLE="bold" WC="0.2755555511" CONTENT="Auftrale," HEIGHT="39" WIDTH="133" VPOS="1231" HPOS="570"/><SP WIDTH="12" VPOS="1244" HPOS="704"/><String STYLE="bold" WC="0.1333333403" CONTENT="17:" HEIGHT="27" WIDTH="52" VPOS="1244" HPOS="717"/><SP WIDTH="15" VPOS="1245" HPOS="770"/><String STYLE="bold" WC="0.4699999988" CONTENT="17" HEIGHT="30" WIDTH="36" VPOS="1242" HPOS="786"/></TextLine>
<TextLine HEIGHT="49" WIDTH="495" VPOS="1272" HPOS="538"><String STYLE="bold" WC="0.2300000042" CONTENT="!a" HEIGHT="30" WIDTH="26" VPOS="1276" HPOS="538"/><SP WIDTH="15" VPOS="1287" HPOS="564"/><String STYLE="bold" WC="0.1833333373" CONTENT="quelle" HEIGHT="40" WIDTH="87" VPOS="1278" HPOS="579"/><SP WIDTH="16" VPOS="1279" HPOS="666"/><String STYLE="bold" WC="0.3249999881" CONTENT="jusqu’" HEIGHT="37" WIDTH="86" VPOS="1279" HPOS="682"/><SP WIDTH="16" VPOS="1283" HPOS="768"/><String STYLE="bold" WC="0.1899999976" CONTENT="a" HEIGHT="16" WIDTH="17" VPOS="1287" HPOS="784"/><SP WIDTH="16" VPOS="1282" HPOS="801"/><String STYLE="bold" WC="0.3258333206" CONTENT="maincetsant," HEIGHT="37" WIDTH="189" VPOS="1274" HPOS="817"/><SP WIDTH="8" VPOS="1291" HPOS="1006"/><String STYLE="bold" WC="0.2399999946" CONTENT="a" HEIGHT="17" WIDTH="19" VPOS="1291" HPOS="1014"/></TextLine>
<TextLine HEIGHT="42" WIDTH="248" VPOS="1315" HPOS="784"><String STYLE="bold" WC="0.1949999928" CONTENT="(f" HEIGHT="37" WIDTH="29" VPOS="1315" HPOS="784"/><SP WIDTH="7" VPOS="1315" HPOS="814"/><String STYLE="bold" WC="0.5" CONTENT="heure" HEIGHT="32" WIDTH="81" VPOS="1315" HPOS="822"/><SP WIDTH="8" VPOS="1327" HPOS="904"/><String STYLE="bold" WC="0.5933333039" CONTENT="qu’" HEIGHT="32" WIDTH="44" VPOS="1324" HPOS="913"/><SP WIDTH="6" VPOS="1320" HPOS="958"/><String STYLE="bold" WC="0.6850000024" CONTENT="il" HEIGHT="29" WIDTH="19" VPOS="1320" HPOS="965"/><SP WIDTH="8" VPOS="1321" HPOS="985"/><String STYLE="bold" WC="0.7233333588" CONTENT="eft" HEIGHT="30" WIDTH="38" VPOS="1321" HPOS="994"/></TextLine>
<TextLine HEIGHT="35" WIDTH="280" VPOS="1357" HPOS="538"><String STYLE="bold" WC="0.4474999905" CONTENT="nous" HEIGHT="22" WIDTH="70" VPOS="1369" HPOS="538"/><SP WIDTH="13" VPOS="1369" HPOS="609"/><String STYLE="bold" WC="0.5299999714" CONTENT="eft" HEIGHT="29" WIDTH="37" VPOS="1358" HPOS="623"/><SP WIDTH="6" VPOS="1358" HPOS="661"/><String STYLE="bold" WC="0.4933333397" CONTENT="inconnue," HEIGHT="32" WIDTH="150" VPOS="1358" HPOS="668"/></TextLine>
<TextLine HEIGHT="39" WIDTH="297" VPOS="1408" HPOS="574"><String STYLE="bold" WC="0.5249999762" CONTENT="Ceux" HEIGHT="26" WIDTH="76" VPOS="1410" HPOS="574"/><SP WIDTH="8" VPOS="1418" HPOS="650"/><String STYLE="bold" WC="0.25" CONTENT="qui" HEIGHT="35" WIDTH="46" VPOS="1411" HPOS="658"/><SP WIDTH="7" VPOS="1409" HPOS="704"/><String STYLE="bold" WC="0.2433333397" CONTENT="demeurenc" HEIGHT="29" WIDTH="160" VPOS="1409" HPOS="711"/></TextLine>
<TextLine HEIGHT="43" WIDTH="367" VPOS="1448" HPOS="538"><String STYLE="bold" WC="0.4280000031" CONTENT="foits" HEIGHT="28" WIDTH="58" VPOS="1449" HPOS="538"/><SP WIDTH="11" VPOS="1448" HPOS="597"/><String STYLE="bold" WC="0.3050000072" CONTENT="le" HEIGHT="28" WIDTH="24" VPOS="1449" HPOS="609"/><SP WIDTH="8" VPOS="1460" HPOS="634"/><String STYLE="bold" WC="0.6850000024" CONTENT="pole" HEIGHT="36" WIDTH="64" VPOS="1452" HPOS="643"/><SP WIDTH="13" VPOS="1461" HPOS="708"/><String STYLE="bold" WC="0.5166666508" CONTENT="arftique," HEIGHT="39" WIDTH="137" VPOS="1451" HPOS="722"/><SP WIDTH="8" VPOS="1460" HPOS="860"/><String STYLE="bold" WC="0.6200000048" CONTENT="18" HEIGHT="29" WIDTH="36" VPOS="1456" HPOS="869"/></TextLine>
<TextLine HEIGHT="41" WIDTH="284" VPOS="1488" HPOS="538"><String STYLE="bold" WC="0.3433333337" CONTENT="out" HEIGHT="20" WIDTH="48" VPOS="1498" HPOS="538"/><SP WIDTH="6" VPOS="1488" HPOS="587"/><String STYLE="bold" WC="0.3033333421" CONTENT="fix" HEIGHT="32" WIDTH="36" VPOS="1488" HPOS="594"/><SP WIDTH="7" VPOS="1502" HPOS="631"/><String STYLE="bold" WC="0.5400000215" CONTENT="xnois" HEIGHT="29" WIDTH="69" VPOS="1494" HPOS="639"/><SP WIDTH="7" VPOS="1493" HPOS="709"/><String STYLE="bold" WC="0.75" CONTENT="la" HEIGHT="29" WIDTH="26" VPOS="1493" HPOS="717"/><SP WIDTH="7" VPOS="1503" HPOS="744"/><String STYLE="bold" WC="0.5220000148" CONTENT="nuit," HEIGHT="34" WIDTH="70" VPOS="1495" HPOS="752"/></TextLine>
<TextLine HEIGHT="46" WIDTH="493" VPOS="1527" HPOS="538"><String STYLE="bold" WC="0.7300000191" CONTENT="&amp;" HEIGHT="28" WIDTH="26" VPOS="1532" HPOS="539"/><SP WIDTH="16" VPOS="1532" HPOS="565"/><String STYLE="bold" WC="0.5185714364" CONTENT="pendant" HEIGHT="38" WIDTH="121" VPOS="1532" HPOS="581"/><SP WIDTH="22" VPOS="1543" HPOS="702"/><String STYLE="bold" WC="0.3366666734" CONTENT="aurant" HEIGHT="21" WIDTH="94" VPOS="1543" HPOS="724"/><SP WIDTH="20" VPOS="1529" HPOS="819"/><String STYLE="bold" WC="0.1400000006" CONTENT="d&apos;" HEIGHT="34" WIDTH="25" VPOS="1529" HPOS="840"/><SP WIDTH="19" VPOS="1540" HPOS="865"/><String STYLE="bold" WC="0.4157142937" CONTENT="autres," HEIGHT="27" WIDTH="104" VPOS="1542" HPOS="884"/><SP WIDTH="13" VPOS="1533" HPOS="988"/><String STYLE="bold" WC="0.200000003" CONTENT="le" HEIGHT="31" WIDTH="29" VPOS="1533" HPOS="1002"/></TextLine>
<TextLine HEIGHT="36" WIDTH="267" VPOS="1571" HPOS="577"><String STYLE="bold" WC="0.3799999952" CONTENT="Üne" HEIGHT="34" WIDTH="60" VPOS="1571" HPOS="577"/><SP WIDTH="6" VPOS="1577" HPOS="638"/><String STYLE="bold" WC="0.3224999905" CONTENT="infinite" HEIGHT="32" WIDTH="106" VPOS="1575" HPOS="645"/><SP WIDTH="5" VPOS="1577" HPOS="752"/><String STYLE="bold" WC="0.5083333254" CONTENT="d’Ile*" HEIGHT="29" WIDTH="86" VPOS="1577" HPOS="758"/></TextLine>
<TextLine HEIGHT="41" WIDTH="314" VPOS="1617" HPOS="539"><String STYLE="bold" WC="0.3700000048" CONTENT="nagent" HEIGHT="31" WIDTH="98" VPOS="1626" HPOS="539"/><SP WIDTH="8" VPOS="1628" HPOS="638"/><String STYLE="bold" WC="0.4555555582" CONTENT="pourainfi" HEIGHT="40" WIDTH="139" VPOS="1618" HPOS="647"/><SP WIDTH="9" VPOS="1619" HPOS="787"/><String STYLE="bold" WC="0.5074999928" CONTENT="dir®" HEIGHT="29" WIDTH="56" VPOS="1619" HPOS="797"/></TextLine>
<TextLine HEIGHT="37" WIDTH="200" VPOS="1658" HPOS="540"><String STYLE="bold" WC="0.2099999934" CONTENT="dans" HEIGHT="34" WIDTH="62" VPOS="1658" HPOS="540"/><SP WIDTH="6" VPOS="1661" HPOS="603"/><String STYLE="bold" WC="0.349999994" CONTENT="Iss" HEIGHT="30" WIDTH="38" VPOS="1662" HPOS="610"/><SP WIDTH="7" VPOS="1672" HPOS="649"/><String STYLE="bold" WC="0.3566666543" CONTENT="mm," HEIGHT="25" WIDTH="83" VPOS="1670" HPOS="657"/></TextLine>
</TextBlock><GraphicalElement ID="Page1_Block4" HEIGHT="12" WIDTH="410" VPOS="174" HPOS="67"/><GraphicalElement ID="Page1_Block5" HEIGHT="16" WIDTH="565" VPOS="183" HPOS="482"/><GraphicalElement ID="Page1_Block6" HEIGHT="852" WIDTH="12" VPOS="837" HPOS="530"/><GraphicalElement ID="Page1_Block7" HEIGHT="626" WIDTH="15" VPOS="201" HPOS="539"/>
</PrintSpace>
</Page>
</Layout>
</alto>