﻿<?xml version="1.0" encoding="UTF-8" standalone="yes"?>
<alto xmlns="http://www.loc.gov/standards/alto/ns-v2#" xmlns:xlink="http://www.w3.org/1999/xlink" xmlns:xsi="http://www.w3.org/2001/XMLSchema-instance" xsi:schemaLocation="http://www.loc.gov/standards/alto/ns-v2# http://www.loc.gov/standards/alto/alto-v2.0.xsd">
<Description>
<MeasurementUnit>pixel</MeasurementUnit>
<OCRProcessing ID="IdOcr"><ocrProcessingStep><processingDateTime>2017-03-20</processingDateTime><processingSoftware><softwareCreator>ABBYY</softwareCreator><softwareName>ABBYY FineReader Engine</softwareName><softwareVersion>11</softwareVersion></processingSoftware></ocrProcessingStep></OCRProcessing>
</Description>
<Styles><TextStyle ID="font0" FONTFAMILY="Times New Roman" FONTSIZE="6"/><TextStyle ID="font1" FONTFAMILY="Times New Roman" FONTSIZE="7"/><TextStyle ID="font2" FONTFAMILY="Times New Roman" FONTSIZE="9"/><TextStyle ID="font3" FONTFAMILY="Times New Roman" FONTSIZE="10"/><TextStyle ID="font4" FONTFAMILY="Times New Roman" FONTSIZE="12"/>
</Styles>
<Layout>
<Page ID="Page1" PHYSICAL_IMG_NR="1" HEIGHT="2050" WIDTH="1227">
<TopMargin HEIGHT="106" WIDTH="1227" VPOS="0" HPOS="0">
</TopMargin>
<LeftMargin HEIGHT="1711" WIDTH="2" VPOS="106" HPOS="0">
</LeftMargin>
<RightMargin HEIGHT="1711" WIDTH="188" VPOS="106" HPOS="1039">
</RightMargin>
<BottomMargin HEIGHT="233" WIDTH="1227" VPOS="1817" HPOS="0">
</BottomMargin>
<PrintSpace HEIGHT="1711" WIDTH="1037" VPOS="106" HPOS="2">
<TextBlock ID="Page1_Block1" HEIGHT="542" WIDTH="1018" VPOS="106" HPOS="16" language="de" STYLEREFS="font2"><Shape><Polygon POINTS="24,110 874,110 874,188 1040,188 1040,612 1038,612 1038,642 776,642 776,650 528,650 528,612 526,612 526,518 528,518 528,236 24,236 24,110"/></Shape>
<TextLine HEIGHT="50" WIDTH="646" VPOS="119" HPOS="202" STYLEREFS="font4"><String STYLE="bold" WC="0.3350000083" CONTENT="or" HEIGHT="27" WIDTH="40" VPOS="141" HPOS="202"/><SP WIDTH="50" VPOS="141" HPOS="243"/><String STYLE="bold" WC="0.3000000119" CONTENT="os" HEIGHT="26" WIDTH="38" VPOS="142" HPOS="294"/><SP WIDTH="48" VPOS="140" HPOS="333"/><String STYLE="bold" WC="0.1599999964" CONTENT="ot" HEIGHT="32" WIDTH="41" VPOS="136" HPOS="382"/><SP WIDTH="49" VPOS="135" HPOS="424"/><String STYLE="bold" WC="0.5350000262" CONTENT="ov" HEIGHT="27" WIDTH="45" VPOS="134" HPOS="474"/><SP WIDTH="49" VPOS="132" HPOS="520"/><String STYLE="bold underline" WC="0.3199999928" CONTENT="pa" HEIGHT="38" WIDTH="41" VPOS="130" HPOS="570"/><SP WIDTH="49" VPOS="129" HPOS="612"/><String STYLE="bold underline" WC="0.6700000167" CONTENT="p" HEIGHT="37" WIDTH="21" VPOS="129" HPOS="662"/><String STYLE="bold" WC="0.4799999893" CONTENT="ab" HEIGHT="39" WIDTH="44" VPOS="119" HPOS="686"/><SP WIDTH="47" VPOS="119" HPOS="731"/><String STYLE="bold" WC="0.2099999934" CONTENT="&amp;c," HEIGHT="39" WIDTH="69" VPOS="121" HPOS="779"/></TextLine>
<TextLine HEIGHT="56" WIDTH="985" VPOS="177" HPOS="32" STYLEREFS="font2"><String STYLE="superscript bold" WC="0.2399999946" CONTENT="or" HEIGHT="20" WIDTH="28" VPOS="192" HPOS="32"/><String STYLE="bold" WC="0.3933333457" CONTENT="ca," HEIGHT="25" WIDTH="36" VPOS="198" HPOS="62"/><SP WIDTH="10" VPOS="205" HPOS="99"/><String STYLE="bold" WC="0.2860000134" CONTENT="ai,f;" HEIGHT="36" WIDTH="61" VPOS="194" HPOS="110"/><SP WIDTH="13" VPOS="194" HPOS="172"/><String STYLE="bold" WC="0.7699999809" CONTENT="I." HEIGHT="26" WIDTH="27" VPOS="206" HPOS="186"/><SP WIDTH="221" VPOS="179" HPOS="214"/><String STYLE="bold" WC="0.3766666651" CONTENT="Ti8" HEIGHT="46" WIDTH="76" VPOS="179" HPOS="436"/><SP WIDTH="12" VPOS="189" HPOS="513"/><String STYLE="bold" WC="0.3642857075" CONTENT="Pallas," HEIGHT="33" WIDTH="92" VPOS="186" HPOS="526"/><SP WIDTH="10" VPOS="187" HPOS="619"/><String STYLE="bold" WC="0.3571428657" CONTENT="ädis.f," HEIGHT="34" WIDTH="92" VPOS="185" HPOS="630"/><SP WIDTH="232" VPOS="195" HPOS="723"/><String STYLE="bold" WC="0.1199999973" CONTENT="y" HEIGHT="28" WIDTH="18" VPOS="195" HPOS="956"/><String WC="0.6750000119" CONTENT="74" HEIGHT="28" WIDTH="39" VPOS="192" HPOS="978"/></TextLine>
<TextLine HEIGHT="42" WIDTH="494" VPOS="226" HPOS="525"><String WC="0.400000006" CONTENT="pallium," HEIGHT="41" WIDTH="118" VPOS="227" HPOS="525"/><SP WIDTH="8" VPOS="229" HPOS="644"/><String WC="0.5799999833" CONTENT="ii." HEIGHT="26" WIDTH="26" VPOS="228" HPOS="653"/><SP WIDTH="10" VPOS="236" HPOS="680"/><String STYLE="bold" STYLEREFS="font1" WC="0.7300000191" CONTENT="N." HEIGHT="19" WIDTH="28" VPOS="236" HPOS="691"/><SP WIDTH="12" VPOS="239" HPOS="720"/><String WC="0.400000006" CONTENT="j." HEIGHT="18" WIDTH="27" VPOS="239" HPOS="733"/><SP WIDTH="196" VPOS="239" HPOS="761"/><String WC="0.4099999964" CONTENT="240" HEIGHT="31" WIDTH="61" VPOS="233" HPOS="958"/></TextLine>
<TextLine HEIGHT="44" WIDTH="492" VPOS="265" HPOS="525" STYLEREFS="font2"><String WC="0.7683333158" CONTENT="palma," HEIGHT="40" WIDTH="97" VPOS="269" HPOS="525"/><SP WIDTH="10" VPOS="278" HPOS="622"/><String STYLE="bold italics" STYLEREFS="font3" WC="0.3600000143" CONTENT="x." HEIGHT="20" WIDTH="29" VPOS="278" HPOS="632"/><SP WIDTH="10" VPOS="266" HPOS="662"/><String STYLE="bold" WC="0.4050000012" CONTENT="f." HEIGHT="30" WIDTH="18" VPOS="266" HPOS="673"/><SP WIDTH="9" VPOS="277" HPOS="692"/><String STYLE="bold" WC="0.7900000215" CONTENT="1." HEIGHT="19" WIDTH="25" VPOS="277" HPOS="702"/><SP WIDTH="230" VPOS="279" HPOS="728"/><String STYLE="bold" WC="0.4099999964" CONTENT="j" HEIGHT="22" WIDTH="13" VPOS="279" HPOS="958"/><SP WIDTH="8" VPOS="275" HPOS="971"/><String STYLE="bold" WC="0.150000006" CONTENT="J2" HEIGHT="27" WIDTH="38" VPOS="275" HPOS="979"/></TextLine>
<TextLine HEIGHT="43" WIDTH="493" VPOS="308" HPOS="525"><String WC="0.2642857134" CONTENT="palmas," HEIGHT="38" WIDTH="110" VPOS="313" HPOS="525"/><SP WIDTH="7" VPOS="312" HPOS="636"/><String WC="0.3779999912" CONTENT="Itis." HEIGHT="29" WIDTH="52" VPOS="309" HPOS="644"/><SP WIDTH="11" VPOS="318" HPOS="697"/><String WC="0.2700000107" CONTENT="m." HEIGHT="21" WIDTH="40" VPOS="318" HPOS="709"/><SP WIDTH="10" VPOS="317" HPOS="750"/><String WC="0.6200000048" CONTENT="}." HEIGHT="28" WIDTH="25" VPOS="317" HPOS="761"/><SP WIDTH="190" VPOS="320" HPOS="787"/><String WC="0.3100000024" CONTENT="70" HEIGHT="27" WIDTH="40" VPOS="317" HPOS="978"/></TextLine>
<TextLine HEIGHT="45" WIDTH="489" VPOS="348" HPOS="525"><String WC="0.3589999974" CONTENT="palpebra:," HEIGHT="42" WIDTH="140" VPOS="351" HPOS="525"/><SP WIDTH="7" VPOS="354" HPOS="666"/><String WC="0.551666677" CONTENT="ärury." HEIGHT="29" WIDTH="84" VPOS="354" HPOS="674"/><SP WIDTH="5" VPOS="349" HPOS="759"/><String WC="0.7300000191" CONTENT="f." HEIGHT="29" WIDTH="18" VPOS="349" HPOS="765"/><SP WIDTH="12" VPOS="360" HPOS="784"/><String WC="1." CONTENT="1." HEIGHT="20" WIDTH="24" VPOS="360" HPOS="797"/><SP WIDTH="7" VPOS="362" HPOS="822"/><String WC="0.6000000238" CONTENT="plus," HEIGHT="39" WIDTH="73" VPOS="350" HPOS="830"/><SP WIDTH="50" VPOS="357" HPOS="904"/><String WC="0.4449999928" CONTENT="17" HEIGHT="31" WIDTH="36" VPOS="357" HPOS="955"/><SP WIDTH="5" VPOS="359" HPOS="992"/><String WC="0.4600000083" CONTENT="*" HEIGHT="20" WIDTH="16" VPOS="359" HPOS="998"/></TextLine>
<TextLine HEIGHT="41" WIDTH="491" VPOS="393" HPOS="524"><String WC="0.3933333457" CONTENT="pal" HEIGHT="35" WIDTH="39" VPOS="399" HPOS="524"/><SP WIDTH="4" VPOS="399" HPOS="564"/><String WC="0.3033333421" CONTENT="po," HEIGHT="29" WIDTH="46" VPOS="405" HPOS="569"/><SP WIDTH="9" VPOS="397" HPOS="616"/><String WC="0.5950000286" CONTENT="ävi," HEIGHT="33" WIDTH="49" VPOS="394" HPOS="626"/><SP WIDTH="8" VPOS="396" HPOS="676"/><String WC="0.7879999876" CONTENT="ätum," HEIGHT="31" WIDTH="80" VPOS="396" HPOS="685"/><SP WIDTH="6" VPOS="395" HPOS="766"/><String WC="0.3874999881" CONTENT="äre." HEIGHT="28" WIDTH="51" VPOS="395" HPOS="773"/><SP WIDTH="13" VPOS="402" HPOS="825"/><String WC="0.4399999976" CONTENT="1," HEIGHT="22" WIDTH="24" VPOS="401" HPOS="839"/><SP WIDTH="89" VPOS="401" HPOS="864"/><String WC="0.2333333343" CONTENT="418" HEIGHT="34" WIDTH="61" VPOS="395" HPOS="954"/></TextLine>
<TextLine HEIGHT="45" WIDTH="493" VPOS="431" HPOS="524"><String WC="0.4408333302" CONTENT="palumbes,is." HEIGHT="40" WIDTH="183" VPOS="436" HPOS="524"/><SP WIDTH="8" VPOS="444" HPOS="708"/><String WC="0.6549999714" CONTENT="c." HEIGHT="19" WIDTH="22" VPOS="444" HPOS="717"/><SP WIDTH="11" VPOS="445" HPOS="740"/><String WC="0.1400000006" CONTENT="3." HEIGHT="26" WIDTH="30" VPOS="445" HPOS="752"/><SP WIDTH="195" VPOS="437" HPOS="783"/><String WC="0.3449999988" CONTENT="86" HEIGHT="33" WIDTH="38" VPOS="431" HPOS="979"/></TextLine>
<TextLine HEIGHT="46" WIDTH="493" VPOS="472" HPOS="524"><String WC="0.603333354" CONTENT="palus," HEIGHT="38" WIDTH="82" VPOS="480" HPOS="524"/><SP WIDTH="9" VPOS="479" HPOS="607"/><String WC="0.4300000072" CONTENT="li." HEIGHT="30" WIDTH="29" VPOS="479" HPOS="617"/><SP WIDTH="9" VPOS="488" HPOS="647"/><String WC="0.2450000048" CONTENT="m." HEIGHT="20" WIDTH="37" VPOS="488" HPOS="657"/><SP WIDTH="9" VPOS="488" HPOS="695"/><String WC="0.2949999869" CONTENT="2." HEIGHT="23" WIDTH="26" VPOS="488" HPOS="705"/><SP WIDTH="146" VPOS="480" HPOS="732"/><String WC="0.3075000048" CONTENT="216,45)®" HEIGHT="39" WIDTH="138" VPOS="472" HPOS="879"/></TextLine>
<TextLine HEIGHT="42" WIDTH="495" VPOS="518" HPOS="524" STYLEREFS="font2"><String STYLE="bold" WC="0.5783333182" CONTENT="palus," HEIGHT="37" WIDTH="82" VPOS="523" HPOS="524"/><SP WIDTH="12" VPOS="531" HPOS="606"/><String STYLE="bold" WC="0.3319999874" CONTENT="qdis." HEIGHT="33" WIDTH="67" VPOS="520" HPOS="618"/><SP WIDTH="12" VPOS="519" HPOS="685"/><String STYLE="bold" WC="0.4499999881" CONTENT="f." HEIGHT="29" WIDTH="20" VPOS="519" HPOS="697"/><SP WIDTH="17" VPOS="529" HPOS="717"/><String STYLE="bold" WC="0.5849999785" CONTENT="3." HEIGHT="27" WIDTH="26" VPOS="529" HPOS="734"/><SP WIDTH="218" VPOS="523" HPOS="760"/><String STYLE="bold" WC="0.3799999952" CONTENT="jo" HEIGHT="27" WIDTH="41" VPOS="523" HPOS="978"/></TextLine>
<TextLine HEIGHT="44" WIDTH="493" VPOS="561" HPOS="524" STYLEREFS="font2"><String STYLE="bold" WC="0.4889999926" CONTENT="pamplnus,i" HEIGHT="43" WIDTH="172" VPOS="562" HPOS="524"/><SP WIDTH="18" VPOS="562" HPOS="697"/><String STYLE="bold" WC="0.6399999857" CONTENT="c." HEIGHT="19" WIDTH="24" VPOS="571" HPOS="716"/><SP WIDTH="9" VPOS="569" HPOS="741"/><String STYLE="bold" WC="0.2349999994" CONTENT="2*" HEIGHT="23" WIDTH="29" VPOS="569" HPOS="751"/><SP WIDTH="193" VPOS="563" HPOS="781"/><String WC="0.5400000215" CONTENT="7" HEIGHT="27" WIDTH="18" VPOS="563" HPOS="975"/><String STYLE="bold" WC="1." CONTENT="°" HEIGHT="18" WIDTH="19" VPOS="565" HPOS="998"/></TextLine>
<TextLine HEIGHT="42" WIDTH="489" VPOS="600" HPOS="526" STYLEREFS="font2"><String STYLE="bold" WC="0.4412499964" CONTENT="pandüra," HEIGHT="37" WIDTH="124" VPOS="605" HPOS="526"/><SP WIDTH="14" VPOS="615" HPOS="651"/><String STYLE="bold" WC="0.2240000069" CONTENT="ae«f." HEIGHT="36" WIDTH="61" VPOS="602" HPOS="666"/><SP WIDTH="9" VPOS="611" HPOS="728"/><String STYLE="bold" WC="0.2300000042" CONTENT="I." HEIGHT="22" WIDTH="28" VPOS="611" HPOS="738"/><SP WIDTH="190" VPOS="605" HPOS="767"/><String WC="0.1899999976" CONTENT="3" HEIGHT="25" WIDTH="10" VPOS="605" HPOS="958"/><SP WIDTH="6" VPOS="600" HPOS="969"/><String STYLE="bold" WC="0.5866666436" CONTENT="84." HEIGHT="34" WIDTH="39" VPOS="600" HPOS="976"/></TextLine>
</TextBlock>
<TextBlock ID="Page1_Block2" HEIGHT="208" WIDTH="67" VPOS="194" HPOS="452" language="de" STYLEREFS="font2"><Shape><Polygon POINTS="460,196 524,196 524,240 526,240 526,266 522,266 522,318 526,318 526,404 478,404 478,366 460,366 460,196"/></Shape>
<TextLine HEIGHT="26" WIDTH="55" VPOS="199" HPOS="457"><String WC="0.5400000215" CONTENT="ri8" HEIGHT="26" WIDTH="55" VPOS="199" HPOS="457"/></TextLine>
<TextLine HEIGHT="29" WIDTH="57" VPOS="242" HPOS="456"><String WC="0.3133333325" CONTENT="710" HEIGHT="29" WIDTH="57" VPOS="242" HPOS="456"/></TextLine>
<TextLine HEIGHT="31" WIDTH="54" VPOS="281" HPOS="457" STYLEREFS="font2"><String WC="0.4466666579" CONTENT="57«" HEIGHT="31" WIDTH="54" VPOS="281" HPOS="457"/></TextLine>
<TextLine HEIGHT="34" WIDTH="57" VPOS="319" HPOS="457" STYLEREFS="font4"><String WC="0.2399999946" CONTENT="384" HEIGHT="34" WIDTH="57" VPOS="319" HPOS="457"/></TextLine>
<TextLine HEIGHT="30" WIDTH="41" VPOS="367" HPOS="474" STYLEREFS="font2"><String WC="0.1400000006" CONTENT="44" HEIGHT="30" WIDTH="41" VPOS="367" HPOS="474"/></TextLine>
</TextBlock>
<TextBlock ID="Page1_Block3" HEIGHT="636" WIDTH="493" VPOS="226" HPOS="26" language="de" STYLEREFS="font2"><Shape><Polygon POINTS="34,228 400,228 400,398 526,398 526,442 524,442 524,530 522,530 522,596 524,596 524,770 522,770 522,818 520,818 520,862 36,862 36,818 34,818 34,228"/></Shape>
<TextLine HEIGHT="45" WIDTH="240" VPOS="231" HPOS="30" STYLEREFS="font2"><String WC="0.4410000145" CONTENT="Orcheftra," HEIGHT="41" WIDTH="135" VPOS="231" HPOS="30"/><SP WIDTH="7" VPOS="250" HPOS="166"/><String STYLE="italics" WC="0.6050000191" CONTENT="x," HEIGHT="25" WIDTH="28" VPOS="250" HPOS="174"/><SP WIDTH="7" VPOS="238" HPOS="203"/><String WC="0.2700000107" CONTENT="f" HEIGHT="27" WIDTH="14" VPOS="238" HPOS="211"/><SP WIDTH="18" VPOS="238" HPOS="226"/><String WC="0.7749999762" CONTENT="I." HEIGHT="20" WIDTH="25" VPOS="248" HPOS="245"/></TextLine>
<TextLine HEIGHT="46" WIDTH="357" VPOS="270" HPOS="31" STYLEREFS="font2"><String STYLE="superscript" WC="0.2566666603" CONTENT="Ord" HEIGHT="27" WIDTH="43" VPOS="272" HPOS="31"/><String WC="0.3899999857" CONTENT="«o," HEIGHT="27" WIDTH="57" VPOS="284" HPOS="78"/><SP WIDTH="11" VPOS="283" HPOS="135"/><String WC="0.6274999976" CONTENT="ävi," HEIGHT="34" WIDTH="49" VPOS="281" HPOS="146"/><SP WIDTH="10" VPOS="284" HPOS="195"/><String WC="0.2939999998" CONTENT="ätum," HEIGHT="31" WIDTH="83" VPOS="284" HPOS="205"/><SP WIDTH="8" VPOS="283" HPOS="288"/><String WC="0.5550000072" CONTENT="äre," HEIGHT="28" WIDTH="55" VPOS="283" HPOS="296"/><SP WIDTH="11" VPOS="287" HPOS="351"/><String WC="0.4499999881" CONTENT="j," HEIGHT="26" WIDTH="26" VPOS="286" HPOS="362"/></TextLine>
<TextLine HEIGHT="42" WIDTH="243" VPOS="316" HPOS="31" STYLEREFS="font2"><String WC="0.2399999946" CONTENT="°" HEIGHT="18" WIDTH="16" VPOS="317" HPOS="31"/><String STYLE="superscript" WC="0.2700000107" CONTENT="r" HEIGHT="20" WIDTH="9" VPOS="320" HPOS="49"/><String WC="0.3216666579" CONTENT="gäuum," HEIGHT="39" WIDTH="108" VPOS="318" HPOS="59"/><SP WIDTH="10" VPOS="324" HPOS="168"/><String WC="0.5500000119" CONTENT="i," HEIGHT="33" WIDTH="18" VPOS="324" HPOS="179"/><SP WIDTH="9" VPOS="332" HPOS="198"/><String WC="0.7599999905" CONTENT="n." HEIGHT="18" WIDTH="26" VPOS="332" HPOS="208"/><SP WIDTH="12" VPOS="334" HPOS="235"/><String WC="0.6100000143" CONTENT="2." HEIGHT="18" WIDTH="26" VPOS="334" HPOS="248"/></TextLine>
<TextLine HEIGHT="43" WIDTH="269" VPOS="356" HPOS="31" STYLEREFS="font2"><String WC="0.2399999946" CONTENT="®" HEIGHT="18" WIDTH="15" VPOS="359" HPOS="31"/><String STYLE="superscript" WC="0.2399999946" CONTENT="r" HEIGHT="18" WIDTH="9" VPOS="362" HPOS="49"/><String WC="0.4333333373" CONTENT="chalcuin," HEIGHT="43" WIDTH="131" VPOS="356" HPOS="60"/><SP WIDTH="8" VPOS="366" HPOS="192"/><String WC="0.7749999762" CONTENT="i," HEIGHT="32" WIDTH="17" VPOS="366" HPOS="201"/><SP WIDTH="10" VPOS="374" HPOS="219"/><String WC="0.4250000119" CONTENT="n." HEIGHT="20" WIDTH="29" VPOS="374" HPOS="230"/><SP WIDTH="11" VPOS="375" HPOS="260"/><String WC="0.3000000119" CONTENT="2." HEIGHT="19" WIDTH="28" VPOS="375" HPOS="272"/></TextLine>
<TextLine HEIGHT="44" WIDTH="483" VPOS="398" HPOS="31"><String STYLE="superscript" WC="0.2399999946" CONTENT="On" HEIGHT="23" WIDTH="34" VPOS="400" HPOS="31"/><String WC="0.3237499893" CONTENT="or,orcus" HEIGHT="30" WIDTH="115" VPOS="407" HPOS="68"/><SP WIDTH="10" VPOS="405" HPOS="184"/><String WC="0.7627272606" CONTENT="ft&gt;m,iri.4." HEIGHT="36" WIDTH="139" VPOS="405" HPOS="195"/><SP WIDTH="47" VPOS="411" HPOS="335"/><String WC="0.328333348" CONTENT="‘68\?4" HEIGHT="36" WIDTH="102" VPOS="400" HPOS="383"/><String STYLE="superscript" WC="0.2800000012" CONTENT="6" HEIGHT="24" WIDTH="13" VPOS="401" HPOS="490"/><String WC="0.3300000131" CONTENT="-" HEIGHT="6" WIDTH="6" VPOS="419" HPOS="508"/></TextLine>
<TextLine HEIGHT="45" WIDTH="480" VPOS="440" HPOS="32"><String STYLE="superscript" WC="0.3899999857" CONTENT="0r" HEIGHT="22" WIDTH="27" VPOS="442" HPOS="32"/><String WC="0.5633333325" CONTENT="nätus," HEIGHT="34" WIDTH="80" VPOS="445" HPOS="60"/><SP WIDTH="12" VPOS="448" HPOS="141"/><String WC="0.7866666913" CONTENT="üs," HEIGHT="35" WIDTH="38" VPOS="448" HPOS="154"/><SP WIDTH="11" VPOS="458" HPOS="193"/><String WC="0.2599999905" CONTENT="m." HEIGHT="20" WIDTH="36" VPOS="458" HPOS="205"/><SP WIDTH="9" VPOS="458" HPOS="242"/><String WC="1." CONTENT="4." HEIGHT="26" WIDTH="29" VPOS="458" HPOS="252"/><SP WIDTH="43" VPOS="454" HPOS="282"/><String WC="0.400000006" CONTENT="750" HEIGHT="29" WIDTH="58" VPOS="451" HPOS="326"/><SP WIDTH="53" VPOS="444" HPOS="385"/><String WC="0.2325000018" CONTENT="(39?" HEIGHT="33" WIDTH="73" VPOS="444" HPOS="439"/></TextLine>
<TextLine HEIGHT="43" WIDTH="481" VPOS="482" HPOS="32"><String STYLE="superscript" WC="0.2399999946" CONTENT="O" HEIGHT="19" WIDTH="15" VPOS="484" HPOS="32"/><String WC="0.5527777672" CONTENT="rno,ävi,3tü,5re,l." HEIGHT="38" WIDTH="250" VPOS="487" HPOS="49"/><SP WIDTH="12" VPOS="496" HPOS="300"/><String WC="0.4955555499" CONTENT="174,278-3" HEIGHT="35" WIDTH="154" VPOS="489" HPOS="313"/><SP WIDTH="7" VPOS="492" HPOS="468"/><String STYLE="italics" STYLEREFS="font0" WC="0.9350000024" CONTENT="°°" HEIGHT="18" WIDTH="37" VPOS="491" HPOS="476"/></TextLine>
<TextLine HEIGHT="47" WIDTH="480" VPOS="523" HPOS="31"><String WC="0.40200001" CONTENT="Ofnitotrophium," HEIGHT="46" WIDTH="232" VPOS="524" HPOS="31"/><SP WIDTH="9" VPOS="532" HPOS="263"/><String WC="0.6433333158" CONTENT="ii&gt;" HEIGHT="31" WIDTH="28" VPOS="532" HPOS="272"/><SP WIDTH="8" VPOS="538" HPOS="300"/><String WC="0.2833333313" CONTENT="11." HEIGHT="22" WIDTH="33" VPOS="538" HPOS="308"/><SP WIDTH="16" VPOS="539" HPOS="341"/><String WC="0.6100000143" CONTENT="2," HEIGHT="19" WIDTH="28" VPOS="538" HPOS="357"/><SP WIDTH="90" VPOS="533" HPOS="385"/><String WC="0.6100000143" CONTENT="76" HEIGHT="34" WIDTH="36" VPOS="527" HPOS="475"/></TextLine>
<TextLine HEIGHT="31" WIDTH="252" VPOS="574" HPOS="33"><String WC="0.5500000119" CONTENT="_" HEIGHT="5" WIDTH="19" VPOS="600" HPOS="33"/><SP WIDTH="181" VPOS="574" HPOS="53"/><String WC="0.2899999917" CONTENT="Os." HEIGHT="29" WIDTH="50" VPOS="574" HPOS="235"/></TextLine>
<TextLine HEIGHT="52" WIDTH="481" VPOS="603" HPOS="32" STYLEREFS="font2"><String WC="0.5233333111" CONTENT="°*&gt;" HEIGHT="40" WIDTH="47" VPOS="605" HPOS="32"/><SP WIDTH="10" VPOS="620" HPOS="80"/><String WC="0.6742857099" CONTENT="oris,n." HEIGHT="36" WIDTH="98" VPOS="613" HPOS="91"/><SP WIDTH="14" VPOS="622" HPOS="190"/><String WC="0.474999994" CONTENT="3." HEIGHT="32" WIDTH="25" VPOS="622" HPOS="205"/><SP WIDTH="26" VPOS="624" HPOS="231"/><String WC="0.3400000036" CONTENT="if0.if8-38s" HEIGHT="39" WIDTH="191" VPOS="612" HPOS="258"/><String STYLE="superscript" WC="0.3549999893" CONTENT="&gt;dic" HEIGHT="28" WIDTH="52" VPOS="605" HPOS="454"/><String WC="1." CONTENT="-" HEIGHT="5" WIDTH="5" VPOS="625" HPOS="508"/></TextLine>
<TextLine HEIGHT="47" WIDTH="482" VPOS="646" HPOS="31" STYLEREFS="font2"><String STYLE="superscript" WC="0.2450000048" CONTENT="0t" HEIGHT="23" WIDTH="26" VPOS="648" HPOS="31"/><String WC="0.4650000036" CONTENT="&gt;ofl&apos;i" HEIGHT="29" WIDTH="61" VPOS="653" HPOS="60"/><String STYLE="subscript" WC="0.2800000012" CONTENT="S" HEIGHT="18" WIDTH="9" VPOS="665" HPOS="124"/><String WC="0.7766666412" CONTENT=",n." HEIGHT="24" WIDTH="44" VPOS="665" HPOS="135"/><SP WIDTH="11" VPOS="665" HPOS="180"/><String WC="0.5049999952" CONTENT="3." HEIGHT="27" WIDTH="28" VPOS="665" HPOS="192"/><SP WIDTH="97" VPOS="662" HPOS="221"/><String WC="0.4390909076" CONTENT="154.1y8.160" HEIGHT="44" WIDTH="194" VPOS="647" HPOS="319"/></TextLine>
<TextLine HEIGHT="51" WIDTH="481" VPOS="683" HPOS="32" STYLEREFS="font2"><String WC="1." CONTENT="°^" HEIGHT="26" WIDTH="30" VPOS="685" HPOS="32"/><String STYLE="superscript" WC="0.25" CONTENT="Ce" HEIGHT="20" WIDTH="25" VPOS="698" HPOS="58"/><String WC="0.3950000107" CONTENT="n," HEIGHT="26" WIDTH="26" VPOS="703" HPOS="86"/><SP WIDTH="10" VPOS="707" HPOS="113"/><String WC="0.3971428573" CONTENT="ofcinis" HEIGHT="29" WIDTH="97" VPOS="697" HPOS="124"/><SP WIDTH="18" VPOS="693" HPOS="222"/><String WC="0.6100000143" CONTENT="f." HEIGHT="28" WIDTH="19" VPOS="693" HPOS="241"/><SP WIDTH="12" VPOS="705" HPOS="261"/><String WC="0.6100000143" CONTENT="z." HEIGHT="28" WIDTH="24" VPOS="705" HPOS="274"/><SP WIDTH="179" VPOS="694" HPOS="299"/><String WC="0.3950000107" CONTENT="8°" HEIGHT="24" WIDTH="34" VPOS="694" HPOS="479"/></TextLine>
<TextLine HEIGHT="51" WIDTH="479" VPOS="725" HPOS="34" STYLEREFS="font2"><String WC="0.5071428418" CONTENT="Allans," HEIGHT="50" WIDTH="125" VPOS="726" HPOS="34"/><SP WIDTH="11" VPOS="746" HPOS="160"/><String WC="0.3274999857" CONTENT="tis," HEIGHT="33" WIDTH="46" VPOS="740" HPOS="172"/><SP WIDTH="11" VPOS="747" HPOS="219"/><String WC="0.4199999869" CONTENT="parc." HEIGHT="30" WIDTH="65" VPOS="745" HPOS="231"/><SP WIDTH="10" VPOS="746" HPOS="297"/><String WC="0.8700000048" CONTENT="o." HEIGHT="18" WIDTH="27" VPOS="746" HPOS="308"/><SP WIDTH="9" VPOS="745" HPOS="336"/><String WC="0.25" CONTENT="3," HEIGHT="28" WIDTH="27" VPOS="744" HPOS="346"/><SP WIDTH="83" VPOS="737" HPOS="374"/><String WC="0.1466666609" CONTENT="534" HEIGHT="27" WIDTH="55" VPOS="737" HPOS="458"/></TextLine>
<TextLine HEIGHT="49" WIDTH="480" VPOS="765" HPOS="32" STYLEREFS="font2"><String WC="0.6942856908" CONTENT="°külor," HEIGHT="48" WIDTH="108" VPOS="766" HPOS="32"/><SP WIDTH="8" VPOS="784" HPOS="140"/><String WC="0.3700000048" CONTENT="ätus" HEIGHT="24" WIDTH="58" VPOS="784" HPOS="148"/><SP WIDTH="10" VPOS="777" HPOS="206"/><String WC="0.337500006" CONTENT="fum," HEIGHT="34" WIDTH="68" VPOS="777" HPOS="216"/><SP WIDTH="10" VPOS="782" HPOS="284"/><String WC="0.8274999857" CONTENT="äri," HEIGHT="32" WIDTH="46" VPOS="779" HPOS="294"/><SP WIDTH="117" VPOS="778" HPOS="340"/><String WC="0.625" CONTENT="43" HEIGHT="28" WIDTH="35" VPOS="778" HPOS="457"/><SP WIDTH="8" VPOS="774" HPOS="492"/><String WC="0.2399999946" CONTENT="8" HEIGHT="25" WIDTH="12" VPOS="774" HPOS="500"/></TextLine>
<TextLine HEIGHT="50" WIDTH="476" VPOS="808" HPOS="34" STYLEREFS="font4"><String STYLE="bold" WC="0.4055555463" CONTENT="^&apos;ftdojdijfum,ere." HEIGHT="49" WIDTH="271" VPOS="809" HPOS="34"/><SP WIDTH="7" VPOS="829" HPOS="306"/><String STYLEREFS="font2" WC="0.4300000072" CONTENT="3." HEIGHT="26" WIDTH="27" VPOS="829" HPOS="314"/><String STYLEREFS="font2" WC="1." CONTENT="4" HEIGHT="26" WIDTH="18" VPOS="827" HPOS="346"/><String STYLE="bold" WC="1." CONTENT="." HEIGHT="8" WIDTH="7" VPOS="837" HPOS="370"/><SP WIDTH="5" VPOS="822" HPOS="378"/><String STYLE="bold" WC="0.3899999857" CONTENT="»" HEIGHT="19" WIDTH="12" VPOS="822" HPOS="384"/><String STYLEREFS="font2" WC="0.2720000148" CONTENT="96,60" HEIGHT="36" WIDTH="93" VPOS="812" HPOS="401"/><SP WIDTH="5" VPOS="820" HPOS="495"/><String STYLEREFS="font2" WC="0.1599999964" CONTENT="2" HEIGHT="15" WIDTH="9" VPOS="822" HPOS="501"/></TextLine>
</TextBlock>
<TextBlock ID="Page1_Block4" HEIGHT="38" WIDTH="52" VPOS="848" HPOS="17" language="de" STYLEREFS="font4">
<TextLine HEIGHT="31" WIDTH="37" VPOS="852" HPOS="32"><String STYLE="bold" WC="0.4925000072" CONTENT="oft," HEIGHT="31" WIDTH="37" VPOS="852" HPOS="32"/></TextLine>
</TextBlock>
<TextBlock ID="Page1_Block5" HEIGHT="40" WIDTH="354" VPOS="862" HPOS="63" language="de" STYLEREFS="font2"><Shape><Polygon POINTS="68,864 422,864 422,902 68,902 68,864"/></Shape>
<TextLine HEIGHT="34" WIDTH="333" VPOS="863" HPOS="67"><String WC="0.628000021" CONTENT="&apos;nto," HEIGHT="32" WIDTH="72" VPOS="865" HPOS="67"/><SP WIDTH="11" VPOS="867" HPOS="140"/><String WC="0.4975000024" CONTENT="ävi," HEIGHT="32" WIDTH="49" VPOS="864" HPOS="152"/><SP WIDTH="8" VPOS="872" HPOS="202"/><String WC="0.2700000107" CONTENT="atum," HEIGHT="27" WIDTH="83" VPOS="869" HPOS="211"/><SP WIDTH="9" VPOS="871" HPOS="295"/><String WC="0.4350000024" CONTENT="are." HEIGHT="23" WIDTH="54" VPOS="868" HPOS="305"/><SP WIDTH="14" VPOS="867" HPOS="360"/><String WC="1." CONTENT="1«" HEIGHT="22" WIDTH="25" VPOS="867" HPOS="375"/></TextLine>
</TextBlock>
<TextBlock ID="Page1_Block6" HEIGHT="40" WIDTH="78" VPOS="941" HPOS="233" language="de" STYLEREFS="font4">
<TextLine HEIGHT="30" WIDTH="49" VPOS="947" HPOS="245"><String STYLE="bold" WC="0.3133333325" CONTENT="Of," HEIGHT="30" WIDTH="49" VPOS="947" HPOS="245"/></TextLine>
</TextBlock>
<TextBlock ID="Page1_Block7" HEIGHT="887" WIDTH="328" VPOS="889" HPOS="5" language="de" STYLEREFS="font2"><Shape><Polygon POINTS="10,890 236,890 236,946 230,946 230,994 334,994 334,1776 10,1776 10,890"/></Shape>
<TextLine HEIGHT="50" WIDTH="193" VPOS="892" HPOS="33" STYLEREFS="font4"><String STYLE="bold" WC="0.4377777874" CONTENT="^fea,x,f," HEIGHT="50" WIDTH="152" VPOS="892" HPOS="33"/><SP WIDTH="11" VPOS="914" HPOS="186"/><String STYLE="bold" WC="0.4950000048" CONTENT="l." HEIGHT="23" WIDTH="28" VPOS="914" HPOS="198"/></TextLine>
<TextLine HEIGHT="56" WIDTH="203" VPOS="972" HPOS="32" STYLEREFS="font2"><String WC="0." CONTENT="%" HEIGHT="55" WIDTH="60" VPOS="973" HPOS="32"/><SP WIDTH="9" VPOS="973" HPOS="92"/><String WC="0.3860000074" CONTENT="idis." HEIGHT="33" WIDTH="61" VPOS="986" HPOS="101"/><SP WIDTH="10" VPOS="986" HPOS="163"/><String WC="0.5950000286" CONTENT="f." HEIGHT="28" WIDTH="17" VPOS="986" HPOS="174"/><SP WIDTH="15" VPOS="997" HPOS="192"/><String WC="0.4149999917" CONTENT="3." HEIGHT="25" WIDTH="26" VPOS="997" HPOS="208"/></TextLine>
<TextLine HEIGHT="45" WIDTH="202" VPOS="1019" HPOS="32" STYLEREFS="font2"><String WC="0.3166666627" CONTENT="%m," HEIGHT="44" WIDTH="89" VPOS="1020" HPOS="32"/><SP WIDTH="9" VPOS="1029" HPOS="122"/><String WC="0.4666666687" CONTENT="ii," HEIGHT="33" WIDTH="26" VPOS="1028" HPOS="132"/><SP WIDTH="6" VPOS="1036" HPOS="159"/><String WC="0.6499999762" CONTENT="n*" HEIGHT="20" WIDTH="27" VPOS="1036" HPOS="166"/><SP WIDTH="11" VPOS="1035" HPOS="194"/><String WC="0.5950000286" CONTENT="3-" HEIGHT="21" WIDTH="28" VPOS="1035" HPOS="206"/></TextLine>
<TextLine HEIGHT="35" WIDTH="261" VPOS="1063" HPOS="34" STYLEREFS="font2"><String STYLE="bold" WC="0.6299999952" CONTENT="_" HEIGHT="2" WIDTH="16" VPOS="1096" HPOS="34"/><SP WIDTH="185" VPOS="1063" HPOS="51"/><String STYLE="bold italics" STYLEREFS="font3" WC="0.3733333349" CONTENT="Ov." HEIGHT="31" WIDTH="58" VPOS="1063" HPOS="237"/></TextLine>
<TextLine HEIGHT="45" WIDTH="162" VPOS="1104" HPOS="48"><String WC="0.5899999738" CONTENT="-" HEIGHT="2" WIDTH="3" VPOS="1126" HPOS="48"/><SP WIDTH="4" VPOS="1111" HPOS="52"/><String STYLE="superscript" WC="0.2399999946" CONTENT="v" HEIGHT="18" WIDTH="11" VPOS="1111" HPOS="57"/><String WC="0.2666666806" CONTENT="isj" HEIGHT="38" WIDTH="27" VPOS="1105" HPOS="71"/><SP WIDTH="7" VPOS="1110" HPOS="99"/><String WC="0.1733333319" CONTENT="1s," HEIGHT="36" WIDTH="31" VPOS="1109" HPOS="107"/><SP WIDTH="7" VPOS="1108" HPOS="139"/><String WC="0.4550000131" CONTENT="f." HEIGHT="34" WIDTH="21" VPOS="1108" HPOS="147"/><SP WIDTH="14" VPOS="1120" HPOS="169"/><String WC="0.4199999869" CONTENT="3." HEIGHT="28" WIDTH="26" VPOS="1120" HPOS="184"/></TextLine>
<TextLine HEIGHT="36" WIDTH="97" VPOS="1153" HPOS="123"><String WC="0.4149999917" CONTENT="i," HEIGHT="36" WIDTH="18" VPOS="1153" HPOS="123"/><SP WIDTH="7" VPOS="1163" HPOS="142"/><String WC="0.4199999869" CONTENT="n." HEIGHT="22" WIDTH="29" VPOS="1163" HPOS="150"/><SP WIDTH="11" VPOS="1161" HPOS="180"/><String WC="0.6549999714" CONTENT="r-" HEIGHT="22" WIDTH="28" VPOS="1161" HPOS="192"/></TextLine>
<TextLine HEIGHT="30" WIDTH="44" VPOS="1192" HPOS="245" STYLEREFS="font4"><String STYLE="bold" WC="0.3833333254" CONTENT="P*-" HEIGHT="30" WIDTH="44" VPOS="1192" HPOS="245"/></TextLine>
<TextLine HEIGHT="42" WIDTH="219" VPOS="1231" HPOS="47"><String STYLE="superscript" WC="0.5849999785" CONTENT="!l" HEIGHT="19" WIDTH="11" VPOS="1232" HPOS="47"/><String WC="1." CONTENT="“" HEIGHT="10" WIDTH="13" VPOS="1242" HPOS="60"/><String STYLE="superscript" WC="0.9200000167" CONTENT="0" HEIGHT="18" WIDTH="16" VPOS="1238" HPOS="77"/><String WC="0.5950000286" CONTENT=")önis,m." HEIGHT="37" WIDTH="132" VPOS="1235" HPOS="96"/><SP WIDTH="10" VPOS="1246" HPOS="228"/><String WC="0.625" CONTENT="3." HEIGHT="26" WIDTH="28" VPOS="1246" HPOS="238"/></TextLine>
<TextLine HEIGHT="50" WIDTH="283" VPOS="1264" HPOS="30"><String WC="0.3709999919" CONTENT="Pabuiatio," HEIGHT="50" WIDTH="141" VPOS="1264" HPOS="30"/><SP WIDTH="7" VPOS="1279" HPOS="172"/><String WC="0.5379999876" CONTENT="önis." HEIGHT="28" WIDTH="66" VPOS="1277" HPOS="180"/><SP WIDTH="7" VPOS="1275" HPOS="247"/><String WC="0.5699999928" CONTENT="f." HEIGHT="29" WIDTH="18" VPOS="1275" HPOS="255"/><SP WIDTH="12" VPOS="1285" HPOS="274"/><String WC="0.3449999988" CONTENT="3," HEIGHT="26" WIDTH="26" VPOS="1285" HPOS="287"/></TextLine>
<TextLine HEIGHT="46" WIDTH="279" VPOS="1307" HPOS="32"><String WC="0.5450000167" CONTENT="^“»latorius," HEIGHT="46" WIDTH="180" VPOS="1307" HPOS="32"/><SP WIDTH="6" VPOS="1329" HPOS="213"/><String WC="0.4600000083" CONTENT="a," HEIGHT="23" WIDTH="24" VPOS="1329" HPOS="220"/><SP WIDTH="6" VPOS="1328" HPOS="245"/><String WC="0.3733333349" CONTENT="um," HEIGHT="21" WIDTH="59" VPOS="1327" HPOS="252"/></TextLine>
<TextLine HEIGHT="59" WIDTH="238" VPOS="1343" HPOS="31"><String WC="0.6399999857" CONTENT="^übim," HEIGHT="59" WIDTH="129" VPOS="1343" HPOS="31"/><SP WIDTH="7" VPOS="1362" HPOS="161"/><String WC="0.9950000048" CONTENT="i." HEIGHT="29" WIDTH="17" VPOS="1362" HPOS="169"/><SP WIDTH="9" VPOS="1371" HPOS="187"/><String WC="0.4550000131" CONTENT="n," HEIGHT="22" WIDTH="30" VPOS="1371" HPOS="197"/><SP WIDTH="14" VPOS="1371" HPOS="228"/><String WC="0.4250000119" CONTENT="2," HEIGHT="19" WIDTH="26" VPOS="1371" HPOS="243"/></TextLine>
<TextLine HEIGHT="61" WIDTH="218" VPOS="1389" HPOS="31"><String WC="0.6675000191" CONTENT="^um,i.u." HEIGHT="61" WIDTH="177" VPOS="1389" HPOS="31"/><SP WIDTH="13" VPOS="1413" HPOS="209"/><String WC="0.4850000143" CONTENT="r." HEIGHT="22" WIDTH="26" VPOS="1413" HPOS="223"/></TextLine>
<TextLine HEIGHT="18" WIDTH="180" VPOS="1496" HPOS="35"><String WC="0.4699999988" CONTENT="■" HEIGHT="2" WIDTH="2" VPOS="1503" HPOS="35"/><SP WIDTH="151" VPOS="1496" HPOS="38"/><String WC="0.4449999928" CONTENT="2." HEIGHT="17" WIDTH="26" VPOS="1496" HPOS="189"/></TextLine>
<TextLine HEIGHT="21" WIDTH="26" VPOS="1537" HPOS="175" STYLEREFS="font4"><String STYLEREFS="font2" WC="0.1700000018" CONTENT="1" HEIGHT="18" WIDTH="10" VPOS="1537" HPOS="175"/><String STYLE="bold" WC="1." CONTENT="." HEIGHT="13" WIDTH="8" VPOS="1545" HPOS="193"/></TextLine>
<TextLine HEIGHT="67" WIDTH="238" VPOS="1554" HPOS="32"><String WC="0.5954545736" CONTENT="J^ftra,x.f." HEIGHT="67" WIDTH="187" VPOS="1554" HPOS="32"/><SP WIDTH="21" VPOS="1578" HPOS="220"/><String WC="0.7549999952" CONTENT="2." HEIGHT="24" WIDTH="28" VPOS="1578" HPOS="242"/></TextLine>
<TextLine HEIGHT="24" WIDTH="26" VPOS="1701" HPOS="186" STYLEREFS="font4"><String STYLE="bold" WC="0.6100000143" CONTENT="i-" HEIGHT="24" WIDTH="26" VPOS="1701" HPOS="186"/></TextLine>
</TextBlock>
<TextBlock ID="Page1_Block8" HEIGHT="200" WIDTH="82" VPOS="858" HPOS="439" language="de" STYLEREFS="font2"><Shape><Polygon POINTS="444,860 526,860 526,898 524,898 524,1060 444,1060 444,860"/></Shape>
<TextLine HEIGHT="28" WIDTH="62" VPOS="862" HPOS="455"><String WC="0.1366666704" CONTENT="494" HEIGHT="28" WIDTH="62" VPOS="862" HPOS="455"/></TextLine>
<TextLine HEIGHT="32" WIDTH="55" VPOS="901" HPOS="459" STYLEREFS="font4"><String WC="0.4799999893" CONTENT="-38" HEIGHT="32" WIDTH="55" VPOS="901" HPOS="459"/></TextLine>
<TextLine HEIGHT="30" WIDTH="36" VPOS="980" HPOS="479" STYLEREFS="font2"><String STYLE="bold" WC="0.3950000107" CONTENT="86" HEIGHT="30" WIDTH="36" VPOS="980" HPOS="479"/></TextLine>
<TextLine HEIGHT="25" WIDTH="60" VPOS="1029" HPOS="456"><String WC="0.3100000024" CONTENT="414" HEIGHT="25" WIDTH="60" VPOS="1029" HPOS="456"/></TextLine>
</TextBlock>
<TextBlock ID="Page1_Block9" HEIGHT="393" WIDTH="187" VPOS="1088" HPOS="340" language="de" STYLEREFS="font2"><Shape><Polygon POINTS="344,1090 524,1090 524,1138 522,1138 522,1328 530,1328 530,1354 522,1354 522,1438 518,1438 518,1482 344,1482 344,1090"/></Shape>
<TextLine HEIGHT="40" WIDTH="166" VPOS="1096" HPOS="350" STYLEREFS="font2"><String WC="0.3688888848" CONTENT="4,106,184" HEIGHT="40" WIDTH="166" VPOS="1096" HPOS="350"/></TextLine>
<TextLine HEIGHT="29" WIDTH="109" VPOS="1144" HPOS="403"><String WC="0.4939999878" CONTENT="74*‘3" HEIGHT="28" WIDTH="87" VPOS="1145" HPOS="403"/><String STYLE="superscript" WC="0.2399999946" CONTENT="1" HEIGHT="17" WIDTH="12" VPOS="1144" HPOS="500"/></TextLine>
<TextLine HEIGHT="35" WIDTH="127" VPOS="1226" HPOS="385"><String WC="0.312857151" CONTENT="rsr-3-r" HEIGHT="35" WIDTH="127" VPOS="1226" HPOS="385"/></TextLine>
<TextLine HEIGHT="30" WIDTH="61" VPOS="1269" HPOS="453" STYLEREFS="font4"><String WC="0.2199999988" CONTENT="5" HEIGHT="29" WIDTH="16" VPOS="1270" HPOS="453"/><String STYLE="bold" WC="0.2399999946" CONTENT="f" HEIGHT="29" WIDTH="14" VPOS="1269" HPOS="476"/><String WC="0.7699999809" CONTENT="4" HEIGHT="27" WIDTH="20" VPOS="1269" HPOS="494"/></TextLine>
<TextLine HEIGHT="39" WIDTH="70" VPOS="1313" HPOS="454" STYLEREFS="font4"><String STYLE="bold" WC="0.1299999952" CONTENT="?" HEIGHT="18" WIDTH="14" VPOS="1315" HPOS="454"/><String WC="0.1700000018" CONTENT="94" HEIGHT="26" WIDTH="38" VPOS="1313" HPOS="474"/><String STYLE="bold" WC="0.5400000215" CONTENT="j" HEIGHT="22" WIDTH="7" VPOS="1330" HPOS="517"/></TextLine>
<TextLine HEIGHT="22" WIDTH="57" VPOS="1355" HPOS="456" STYLEREFS="font2"><String WC="0.3066666722" CONTENT="210" HEIGHT="22" WIDTH="57" VPOS="1355" HPOS="456"/></TextLine>
<TextLine HEIGHT="34" WIDTH="62" VPOS="1402" HPOS="452"><String WC="0.4600000083" CONTENT="454" HEIGHT="34" WIDTH="62" VPOS="1402" HPOS="452"/></TextLine>
<TextLine HEIGHT="38" WIDTH="130" VPOS="1437" HPOS="380" STYLEREFS="font2"><String WC="0.541428566" CONTENT="369.368" HEIGHT="38" WIDTH="130" VPOS="1437" HPOS="380"/></TextLine>
</TextBlock>
<TextBlock ID="Page1_Block10" HEIGHT="848" WIDTH="515" VPOS="632" HPOS="522" language="de" STYLEREFS="font2"><Shape><Polygon POINTS="528,636 1040,636 1040,1482 526,1482 526,1180 528,1180 528,980 530,980 530,690 528,690 528,636"/></Shape>
<TextLine HEIGHT="48" WIDTH="492" VPOS="636" HPOS="526"><String WC="0.7229166627" CONTENT="pantzo,panxi,aö^uin,Lre." HEIGHT="48" WIDTH="367" VPOS="636" HPOS="526"/><SP WIDTH="9" VPOS="643" HPOS="894"/><String WC="0.3950000107" CONTENT="3," HEIGHT="30" WIDTH="30" VPOS="643" HPOS="904"/><SP WIDTH="20" VPOS="645" HPOS="935"/><String WC="0.5566666722" CONTENT="»54" HEIGHT="31" WIDTH="62" VPOS="644" HPOS="956"/></TextLine>
<TextLine HEIGHT="48" WIDTH="493" VPOS="678" HPOS="527"><String WC="0.6811110973" CONTENT="panicül,," HEIGHT="40" WIDTH="130" VPOS="686" HPOS="527"/><SP WIDTH="9" VPOS="698" HPOS="658"/><String WC="0.6549999714" CONTENT="x&apos;s." HEIGHT="33" WIDTH="59" VPOS="687" HPOS="668"/><SP WIDTH="11" VPOS="697" HPOS="728"/><String WC="0.6100000143" CONTENT="I»" HEIGHT="21" WIDTH="26" VPOS="697" HPOS="740"/><SP WIDTH="207" VPOS="678" HPOS="767"/><String WC="0.6066666842" CONTENT="6l&gt;" HEIGHT="28" WIDTH="45" VPOS="678" HPOS="975"/></TextLine>
<TextLine HEIGHT="41" WIDTH="491" VPOS="725" HPOS="527"><String WC="0.7246666551" CONTENT="pamtzcium,ii.n." HEIGHT="40" WIDTH="233" VPOS="726" HPOS="527"/><SP WIDTH="14" VPOS="736" HPOS="761"/><String WC="0.6100000143" CONTENT="2»" HEIGHT="22" WIDTH="30" VPOS="736" HPOS="776"/><SP WIDTH="149" VPOS="726" HPOS="807"/><String WC="0.4366666675" CONTENT="-74" HEIGHT="31" WIDTH="61" VPOS="726" HPOS="957"/></TextLine>
<TextLine HEIGHT="52" WIDTH="488" VPOS="759" HPOS="528"><String WC="0.7966666818" CONTENT="panir," HEIGHT="37" WIDTH="82" VPOS="771" HPOS="528"/><SP WIDTH="12" VPOS="770" HPOS="610"/><String WC="0.5283333063" CONTENT="ir.rn," HEIGHT="31" WIDTH="76" VPOS="770" HPOS="622"/><SP WIDTH="14" VPOS="783" HPOS="698"/><String WC="0.4850000143" CONTENT="3." HEIGHT="27" WIDTH="26" VPOS="783" HPOS="712"/><SP WIDTH="82" VPOS="772" HPOS="738"/><String WC="0.5790908933" CONTENT="396,2)0.462" HEIGHT="42" WIDTH="196" VPOS="759" HPOS="820"/></TextLine>
<TextLine HEIGHT="41" WIDTH="491" VPOS="810" HPOS="528"><String WC="0.3564285636" CONTENT="pannifex,ic*s," HEIGHT="39" WIDTH="204" VPOS="812" HPOS="528"/><SP WIDTH="11" VPOS="822" HPOS="733"/><String WC="0.7649999857" CONTENT="m." HEIGHT="18" WIDTH="37" VPOS="822" HPOS="745"/><SP WIDTH="12" VPOS="819" HPOS="783"/><String WC="0.5" CONTENT="3-" HEIGHT="29" WIDTH="26" VPOS="819" HPOS="796"/><SP WIDTH="133" VPOS="812" HPOS="823"/><String WC="0.2199999988" CONTENT="*34" HEIGHT="28" WIDTH="62" VPOS="810" HPOS="957"/></TextLine>
<TextLine HEIGHT="45" WIDTH="491" VPOS="849" HPOS="529"><String WC="0.6718181968" CONTENT="pannus,i.m." HEIGHT="39" WIDTH="188" VPOS="855" HPOS="529"/><SP WIDTH="14" VPOS="866" HPOS="718"/><String WC="0.3149999976" CONTENT="2." HEIGHT="20" WIDTH="26" VPOS="866" HPOS="733"/><SP WIDTH="58" VPOS="859" HPOS="760"/><String WC="0.7033333182" CONTENT="2)4" HEIGHT="35" WIDTH="60" VPOS="853" HPOS="819"/><SP WIDTH="8" VPOS="852" HPOS="880"/><String WC="0.3633333445" CONTENT="^38-94" HEIGHT="35" WIDTH="131" VPOS="849" HPOS="889"/></TextLine>
<TextLine HEIGHT="41" WIDTH="243" VPOS="895" HPOS="529"><String WC="0.473333329" CONTENT="panchera,a:." HEIGHT="39" WIDTH="173" VPOS="897" HPOS="529"/><SP WIDTH="8" VPOS="895" HPOS="703"/><String WC="0.4799999893" CONTENT="f." HEIGHT="29" WIDTH="19" VPOS="895" HPOS="712"/><SP WIDTH="13" VPOS="906" HPOS="732"/><String WC="0.4149999917" CONTENT="1." HEIGHT="19" WIDTH="26" VPOS="906" HPOS="746"/></TextLine>
<TextLine HEIGHT="49" WIDTH="493" VPOS="930" HPOS="528"><String WC="0.4212499857" CONTENT="papilio," HEIGHT="40" WIDTH="112" VPOS="939" HPOS="528"/><SP WIDTH="9" VPOS="943" HPOS="641"/><String WC="0.462857157" CONTENT="önis-m," HEIGHT="29" WIDTH="119" VPOS="939" HPOS="651"/><SP WIDTH="11" VPOS="942" HPOS="771"/><String WC="0.3549999893" CONTENT="3-" HEIGHT="32" WIDTH="27" VPOS="942" HPOS="783"/><SP WIDTH="165" VPOS="937" HPOS="811"/><String WC="0.125" CONTENT="9&amp;" HEIGHT="34" WIDTH="44" VPOS="930" HPOS="977"/></TextLine>
<TextLine HEIGHT="43" WIDTH="493" VPOS="979" HPOS="527"><String WC="0.5950000286" CONTENT="papilla," HEIGHT="40" WIDTH="104" VPOS="982" HPOS="527"/><SP WIDTH="9" VPOS="992" HPOS="632"/><String WC="0.5375000238" CONTENT="x.f." HEIGHT="30" WIDTH="57" VPOS="980" HPOS="642"/><SP WIDTH="10" VPOS="991" HPOS="700"/><String WC="0.400000006" CONTENT="i," HEIGHT="25" WIDTH="28" VPOS="991" HPOS="711"/><SP WIDTH="219" VPOS="987" HPOS="740"/><String WC="0.1533333361" CONTENT="148" HEIGHT="32" WIDTH="60" VPOS="983" HPOS="960"/></TextLine>
<TextLine HEIGHT="41" WIDTH="495" VPOS="1020" HPOS="527"><String WC="0.3149999976" CONTENT="pappa," HEIGHT="28" WIDTH="94" VPOS="1033" HPOS="528"/><SP WIDTH="10" VPOS="1033" HPOS="623"/><String STYLE="italics" WC="0.5674999952" CONTENT="x.f." HEIGHT="32" WIDTH="57" VPOS="1021" HPOS="633"/><SP WIDTH="11" VPOS="1033" HPOS="691"/><String WC="0.4149999917" CONTENT="i." HEIGHT="21" WIDTH="26" VPOS="1033" HPOS="703"/><SP WIDTH="227" VPOS="1030" HPOS="730"/><String WC="0.3433333337" CONTENT="470" HEIGHT="25" WIDTH="64" VPOS="1030" HPOS="958"/></TextLine>
<TextLine HEIGHT="40" WIDTH="496" VPOS="1061" HPOS="527"><String WC="0.4406250119" CONTENT="papyraceus,a,um." HEIGHT="31" WIDTH="273" VPOS="1070" HPOS="527"/><SP WIDTH="158" VPOS="1070" HPOS="801"/><String WC="0.603333354" CONTENT="3f6" HEIGHT="34" WIDTH="63" VPOS="1061" HPOS="960"/></TextLine>
<TextLine HEIGHT="45" WIDTH="492" VPOS="1098" HPOS="527"><String WC="0.2087499946" CONTENT="papyrus," HEIGHT="31" WIDTH="122" VPOS="1111" HPOS="527"/><SP WIDTH="14" VPOS="1102" HPOS="650"/><String WC="0.3100000024" CONTENT="i." HEIGHT="27" WIDTH="16" VPOS="1102" HPOS="665"/><SP WIDTH="10" VPOS="1101" HPOS="682"/><String WC="0.4650000036" CONTENT="f.2." HEIGHT="27" WIDTH="54" VPOS="1101" HPOS="693"/><SP WIDTH="10" VPOS="1102" HPOS="748"/><String WC="0.7950000167" CONTENT="&amp;um," HEIGHT="28" WIDTH="91" VPOS="1102" HPOS="759"/><SP WIDTH="11" VPOS="1098" HPOS="851"/><String WC="0.625" CONTENT="i," HEIGHT="33" WIDTH="18" VPOS="1098" HPOS="863"/><SP WIDTH="10" VPOS="1108" HPOS="882"/><String WC="0.332857132" CONTENT="0.7.374" HEIGHT="33" WIDTH="126" VPOS="1108" HPOS="893"/></TextLine>
<TextLine HEIGHT="46" WIDTH="503" VPOS="1137" HPOS="527"><String WC="0.3779999912" CONTENT="Päradifüs," HEIGHT="35" WIDTH="145" VPOS="1138" HPOS="527"/><SP WIDTH="8" VPOS="1140" HPOS="673"/><String WC="0.5049999952" CONTENT="i." HEIGHT="27" WIDTH="16" VPOS="1140" HPOS="682"/><SP WIDTH="9" VPOS="1149" HPOS="699"/><String WC="0.6850000024" CONTENT="m." HEIGHT="17" WIDTH="37" VPOS="1149" HPOS="709"/><SP WIDTH="7" VPOS="1150" HPOS="747"/><String WC="0.2949999869" CONTENT="1." HEIGHT="18" WIDTH="23" VPOS="1150" HPOS="755"/><SP WIDTH="34" VPOS="1150" HPOS="779"/><String WC="0.3085714281" CONTENT="142,460" HEIGHT="35" WIDTH="129" VPOS="1144" HPOS="814"/><SP WIDTH="16" VPOS="1153" HPOS="944"/><String WC="0.5724999905" CONTENT="s8s." HEIGHT="33" WIDTH="69" VPOS="1148" HPOS="961"/></TextLine>
<TextLine HEIGHT="47" WIDTH="495" VPOS="1179" HPOS="525"><String WC="0.5400000215" CONTENT="paralleluti&apos;i." HEIGHT="40" WIDTH="180" VPOS="1180" HPOS="525"/><SP WIDTH="13" VPOS="1189" HPOS="706"/><String WC="0.1599999964" CONTENT="m," HEIGHT="22" WIDTH="40" VPOS="1189" HPOS="720"/><SP WIDTH="13" VPOS="1190" HPOS="761"/><String WC="0.6100000143" CONTENT="2." HEIGHT="20" WIDTH="26" VPOS="1190" HPOS="775"/><SP WIDTH="154" VPOS="1197" HPOS="802"/><String WC="0.5799999833" CONTENT="416" HEIGHT="35" WIDTH="63" VPOS="1189" HPOS="957"/></TextLine>
<TextLine HEIGHT="37" WIDTH="298" VPOS="1226" HPOS="526"><String WC="0.3387500048" CONTENT="parätus," HEIGHT="37" WIDTH="114" VPOS="1226" HPOS="526"/><SP WIDTH="14" VPOS="1230" HPOS="641"/><String WC="0.5774999857" CONTENT="a,um" HEIGHT="24" WIDTH="81" VPOS="1230" HPOS="656"/><SP WIDTH="18" VPOS="1231" HPOS="738"/><String WC="0.7599999905" CONTENT="parc." HEIGHT="30" WIDTH="67" VPOS="1229" HPOS="757"/></TextLine>
<TextLine HEIGHT="50" WIDTH="497" VPOS="1263" HPOS="525"><String WC="0.3516666591" CONTENT="parco," HEIGHT="34" WIDTH="93" VPOS="1273" HPOS="526"/><SP WIDTH="7" VPOS="1273" HPOS="620"/><String WC="0.4837499857" CONTENT="peperci," HEIGHT="39" WIDTH="116" VPOS="1264" HPOS="627"/><SP WIDTH="10" VPOS="1264" HPOS="743"/><String WC="1." CONTENT="&amp;" HEIGHT="28" WIDTH="28" VPOS="1264" HPOS="753"/><SP WIDTH="8" VPOS="1264" HPOS="781"/><String WC="0.8339999914" CONTENT="park," HEIGHT="41" WIDTH="75" VPOS="1267" HPOS="790"/><SP WIDTH="7" VPOS="1280" HPOS="866"/><String WC="0.493750006" CONTENT="parfum,&amp;" HEIGHT="42" WIDTH="148" VPOS="1269" HPOS="874"/></TextLine>
<TextLine HEIGHT="39" WIDTH="384" VPOS="1314" HPOS="636"><String WC="0.5600000024" CONTENT="Citum," HEIGHT="25" WIDTH="96" VPOS="1315" HPOS="636"/><SP WIDTH="8" VPOS="1317" HPOS="733"/><String WC="0.4774999917" CONTENT="ere." HEIGHT="20" WIDTH="51" VPOS="1316" HPOS="742"/><SP WIDTH="12" VPOS="1320" HPOS="794"/><String WC="0.2349999994" CONTENT="3." HEIGHT="30" WIDTH="28" VPOS="1320" HPOS="807"/><SP WIDTH="123" VPOS="1321" HPOS="836"/><String WC="0.3300000131" CONTENT="4,8" HEIGHT="35" WIDTH="60" VPOS="1317" HPOS="960"/></TextLine>
<TextLine HEIGHT="45" WIDTH="494" VPOS="1348" HPOS="527"><String WC="0.4328571558" CONTENT="pardum," HEIGHT="44" WIDTH="122" VPOS="1349" HPOS="527"/><SP WIDTH="9" VPOS="1350" HPOS="650"/><String WC="0.7950000167" CONTENT="i," HEIGHT="34" WIDTH="16" VPOS="1350" HPOS="660"/><SP WIDTH="9" VPOS="1358" HPOS="677"/><String WC="0.3199999928" CONTENT="m," HEIGHT="22" WIDTH="39" VPOS="1358" HPOS="687"/><SP WIDTH="16" VPOS="1357" HPOS="727"/><String WC="0.5350000262" CONTENT="2," HEIGHT="23" WIDTH="28" VPOS="1357" HPOS="744"/><SP WIDTH="189" VPOS="1362" HPOS="773"/><String WC="0.2849999964" CONTENT="11" HEIGHT="22" WIDTH="33" VPOS="1362" HPOS="963"/><SP WIDTH="7" VPOS="1359" HPOS="997"/><String WC="0.25" CONTENT="z" HEIGHT="27" WIDTH="16" VPOS="1359" HPOS="1005"/></TextLine>
<TextLine HEIGHT="47" WIDTH="495" VPOS="1390" HPOS="526"><String WC="0.3285714388" CONTENT="parens," HEIGHT="35" WIDTH="104" VPOS="1402" HPOS="526"/><SP WIDTH="7" VPOS="1401" HPOS="631"/><String WC="0.3149999976" CONTENT="enris." HEIGHT="27" WIDTH="77" VPOS="1391" HPOS="639"/><SP WIDTH="6" VPOS="1401" HPOS="717"/><String WC="0.6349999905" CONTENT="e." HEIGHT="18" WIDTH="24" VPOS="1401" HPOS="724"/><SP WIDTH="11" VPOS="1402" HPOS="749"/><String WC="0.6050000191" CONTENT="3." HEIGHT="32" WIDTH="27" VPOS="1402" HPOS="761"/><SP WIDTH="169" VPOS="1406" HPOS="789"/><String WC="0.5166666508" CONTENT="468" HEIGHT="36" WIDTH="62" VPOS="1396" HPOS="959"/></TextLine>
<TextLine HEIGHT="46" WIDTH="496" VPOS="1430" HPOS="526" STYLEREFS="font2"><String WC="0.4090909064" CONTENT="parentälis," HEIGHT="44" WIDTH="154" VPOS="1431" HPOS="526"/><SP WIDTH="5" VPOS="1433" HPOS="681"/><String WC="0.7433333397" CONTENT="is," HEIGHT="34" WIDTH="27" VPOS="1433" HPOS="687"/><SP WIDTH="10" VPOS="1444" HPOS="715"/><String WC="0.5350000262" CONTENT="c," HEIGHT="23" WIDTH="25" VPOS="1444" HPOS="726"/><SP WIDTH="12" VPOS="1449" HPOS="752"/><String WC="0.5699999928" CONTENT="j." HEIGHT="25" WIDTH="22" VPOS="1449" HPOS="765"/><SP WIDTH="6" VPOS="1437" HPOS="788"/><String WC="0.3966666758" CONTENT="Ie," HEIGHT="34" WIDTH="35" VPOS="1437" HPOS="795"/><SP WIDTH="9" VPOS="1438" HPOS="831"/><String WC="0.3366666734" CONTENT="is." HEIGHT="30" WIDTH="31" VPOS="1437" HPOS="841"/><SP WIDTH="7" VPOS="1444" HPOS="873"/><String WC="0.5849999785" CONTENT="n." HEIGHT="21" WIDTH="29" VPOS="1444" HPOS="881"/><SP WIDTH="13" VPOS="1445" HPOS="911"/><String WC="0.137500003" CONTENT="3146" HEIGHT="39" WIDTH="75" VPOS="1435" HPOS="925"/><SP WIDTH="3" VPOS="1437" HPOS="1001"/><String WC="0.2399999946" CONTENT="s" HEIGHT="24" WIDTH="17" VPOS="1443" HPOS="1005"/></TextLine>
</TextBlock>
<TextBlock ID="Page1_Block11" HEIGHT="50" WIDTH="659" VPOS="1472" HPOS="379" language="de" STYLEREFS="font2"><Shape><Polygon POINTS="382,1476 1040,1476 1040,1524 382,1524 382,1476"/></Shape>
<TextLine HEIGHT="43" WIDTH="640" VPOS="1475" HPOS="383"><String WC="0.5685714483" CONTENT="476.5,6" HEIGHT="38" WIDTH="129" VPOS="1478" HPOS="383"/><SP WIDTH="14" VPOS="1478" HPOS="512"/><String WC="0.7571428418" CONTENT="parier.etir,m." HEIGHT="40" WIDTH="210" VPOS="1476" HPOS="526"/><SP WIDTH="17" VPOS="1489" HPOS="736"/><String WC="0.3799999952" CONTENT="z." HEIGHT="27" WIDTH="23" VPOS="1489" HPOS="753"/><SP WIDTH="42" VPOS="1491" HPOS="776"/><String WC="0.5236363411" CONTENT="246.278.296" HEIGHT="39" WIDTH="205" VPOS="1478" HPOS="818"/></TextLine>
</TextBlock>
<TextBlock ID="Page1_Block12" HEIGHT="132" WIDTH="80" VPOS="1512" HPOS="440" language="de" STYLEREFS="font2"><Shape><Polygon POINTS="442,1514 522,1514 522,1608 520,1608 520,1646 446,1646 446,1610 448,1610 448,1558 442,1558 442,1514"/></Shape>
<TextLine HEIGHT="37" WIDTH="60" VPOS="1515" HPOS="455" STYLEREFS="font4"><String STYLE="italics" WC="0.2700000107" CONTENT="ip6" HEIGHT="37" WIDTH="60" VPOS="1515" HPOS="455"/></TextLine>
<TextLine HEIGHT="38" WIDTH="55" VPOS="1563" HPOS="461" STYLEREFS="font2"><String WC="0.426666677" CONTENT="556" HEIGHT="38" WIDTH="55" VPOS="1563" HPOS="461"/></TextLine>
<TextLine HEIGHT="27" WIDTH="54" VPOS="1612" HPOS="459"><String WC="0.1733333319" CONTENT="252" HEIGHT="27" WIDTH="54" VPOS="1612" HPOS="459"/></TextLine>
</TextBlock>
<TextBlock ID="Page1_Block13" HEIGHT="134" WIDTH="516" VPOS="1512" HPOS="522" language="de" STYLEREFS="font2"><Shape><Polygon POINTS="528,1516 1040,1516 1040,1634 1018,1634 1018,1644 782,1644 782,1648 524,1648 524,1608 528,1608 528,1516"/></Shape>
<TextLine HEIGHT="47" WIDTH="495" VPOS="1515" HPOS="529"><String WC="0.3566666543" CONTENT="pario," HEIGHT="40" WIDTH="85" VPOS="1517" HPOS="529"/><SP WIDTH="8" VPOS="1526" HPOS="615"/><String WC="0.5614285469" CONTENT="peperi," HEIGHT="38" WIDTH="99" VPOS="1520" HPOS="624"/><SP WIDTH="9" VPOS="1532" HPOS="724"/><String WC="0.4157142937" CONTENT="partum," HEIGHT="33" WIDTH="118" VPOS="1528" HPOS="734"/><SP WIDTH="6" VPOS="1519" HPOS="853"/><String WC="0.4188888967" CONTENT="(paütum,)" HEIGHT="45" WIDTH="164" VPOS="1515" HPOS="860"/></TextLine>
<TextLine HEIGHT="43" WIDTH="404" VPOS="1558" HPOS="621"><String WC="0.4149999917" CONTENT="ere." HEIGHT="26" WIDTH="52" VPOS="1568" HPOS="621"/><SP WIDTH="10" VPOS="1572" HPOS="674"/><String WC="0.5799999833" CONTENT="3." HEIGHT="29" WIDTH="27" VPOS="1572" HPOS="685"/><SP WIDTH="248" VPOS="1568" HPOS="713"/><String WC="0.4133333266" CONTENT="46s" HEIGHT="36" WIDTH="63" VPOS="1558" HPOS="962"/></TextLine>
<TextLine HEIGHT="46" WIDTH="498" VPOS="1595" HPOS="526"><String WC="0.2555555701" CONTENT="parippus," HEIGHT="42" WIDTH="133" VPOS="1599" HPOS="526"/><SP WIDTH="8" VPOS="1603" HPOS="660"/><String WC="0.3950000107" CONTENT="I," HEIGHT="36" WIDTH="20" VPOS="1603" HPOS="669"/><SP WIDTH="7" VPOS="1615" HPOS="690"/><String WC="0.4250000119" CONTENT="m," HEIGHT="23" WIDTH="39" VPOS="1615" HPOS="698"/><SP WIDTH="10" VPOS="1617" HPOS="738"/><String WC="0.2450000048" CONTENT="2." HEIGHT="19" WIDTH="30" VPOS="1617" HPOS="749"/><SP WIDTH="181" VPOS="1608" HPOS="780"/><String WC="0.150000006" CONTENT="3" HEIGHT="28" WIDTH="15" VPOS="1608" HPOS="962"/><SP WIDTH="7" VPOS="1608" HPOS="978"/><String STYLE="superscript italics" WC="0.5666666627" CONTENT="Jl&amp;" HEIGHT="30" WIDTH="38" VPOS="1595" HPOS="986"/></TextLine>
</TextBlock>
<TextBlock ID="Page1_Block14" HEIGHT="181" WIDTH="675" VPOS="1636" HPOS="364" language="de" STYLEREFS="font2"><Shape><Polygon POINTS="366,1640 1040,1640 1040,1818 366,1818 366,1640"/></Shape>
<TextLine HEIGHT="43" WIDTH="635" VPOS="1640" HPOS="388"><String WC="0.4203703701" CONTENT="If2.164paro,ävi,ätum,äre-*»" HEIGHT="39" WIDTH="440" VPOS="1644" HPOS="388"/><SP WIDTH="48" VPOS="1651" HPOS="829"/><String WC="0.6349999905" CONTENT="J04." HEIGHT="31" WIDTH="68" VPOS="1648" HPOS="878"/><SP WIDTH="13" VPOS="1640" HPOS="947"/><String WC="0.5899999738" CONTENT="60-" HEIGHT="28" WIDTH="62" VPOS="1640" HPOS="961"/></TextLine>
<TextLine HEIGHT="47" WIDTH="644" VPOS="1681" HPOS="380"><String WC="0.3400000036" CONTENT="j" HEIGHT="24" WIDTH="13" VPOS="1695" HPOS="380"/><SP WIDTH="6" VPOS="1691" HPOS="394"/><String WC="0.4600000083" CONTENT="Je," HEIGHT="30" WIDTH="47" VPOS="1691" HPOS="401"/><SP WIDTH="6" VPOS="1695" HPOS="449"/><String WC="0.2574999928" CONTENT="2j&gt;4" HEIGHT="27" WIDTH="56" VPOS="1695" HPOS="456"/><SP WIDTH="9" VPOS="1695" HPOS="513"/><String WC="0.80400002" CONTENT="pars," HEIGHT="31" WIDTH="67" VPOS="1695" HPOS="523"/><SP WIDTH="7" VPOS="1695" HPOS="591"/><String WC="0.4275000095" CONTENT="tis," HEIGHT="37" WIDTH="41" VPOS="1686" HPOS="599"/><SP WIDTH="8" VPOS="1688" HPOS="641"/><String WC="0.5099999905" CONTENT="f." HEIGHT="33" WIDTH="22" VPOS="1688" HPOS="650"/><SP WIDTH="7" VPOS="1699" HPOS="673"/><String WC="0.400000006" CONTENT="j." HEIGHT="28" WIDTH="33" VPOS="1699" HPOS="681"/><SP WIDTH="113" VPOS="1695" HPOS="715"/><String WC="0.4050000012" CONTENT="46.146,274" HEIGHT="43" WIDTH="195" VPOS="1681" HPOS="829"/></TextLine>
<TextLine HEIGHT="41" WIDTH="570" VPOS="1728" HPOS="452"><String WC="0.2466666698" CONTENT="388" HEIGHT="35" WIDTH="59" VPOS="1732" HPOS="452"/><SP WIDTH="10" VPOS="1732" HPOS="511"/><String WC="0.4679999948" CONTENT="particüla," HEIGHT="40" WIDTH="139" VPOS="1729" HPOS="521"/><SP WIDTH="13" VPOS="1741" HPOS="660"/><String STYLE="italics" WC="0.4149999917" CONTENT="x." HEIGHT="19" WIDTH="29" VPOS="1741" HPOS="673"/><SP WIDTH="10" VPOS="1729" HPOS="702"/><String WC="0.7250000238" CONTENT="f," HEIGHT="36" WIDTH="27" VPOS="1729" HPOS="712"/><SP WIDTH="13" VPOS="1740" HPOS="739"/><String WC="0.4350000024" CONTENT="1," HEIGHT="23" WIDTH="27" VPOS="1740" HPOS="752"/><SP WIDTH="202" VPOS="1731" HPOS="779"/><String WC="0.2349999994" CONTENT="-4" HEIGHT="28" WIDTH="41" VPOS="1731" HPOS="981"/></TextLine>
<TextLine HEIGHT="41" WIDTH="437" VPOS="1771" HPOS="583" STYLEREFS="font4"><String STYLE="bold" WC="0.25" CONTENT="X?j" HEIGHT="40" WIDTH="101" VPOS="1772" HPOS="583"/><SP WIDTH="269" VPOS="1775" HPOS="685"/><String STYLE="bold" WC="0.3400000036" CONTENT="P»-" HEIGHT="32" WIDTH="65" VPOS="1772" HPOS="955"/></TextLine>
</TextBlock><GraphicalElement ID="Page1_Block15" HEIGHT="14" WIDTH="164" VPOS="165" HPOS="852"/><GraphicalElement ID="Page1_Block16" HEIGHT="7" WIDTH="131" VPOS="171" HPOS="536"/><GraphicalElement ID="Page1_Block17" HEIGHT="11" WIDTH="273" VPOS="179" HPOS="217"/><GraphicalElement ID="Page1_Block18" HEIGHT="235" WIDTH="7" VPOS="1529" HPOS="517"/><GraphicalElement ID="Page1_Block19" HEIGHT="1077" WIDTH="9" VPOS="198" HPOS="516"/><GraphicalElement ID="Page1_Block20" HEIGHT="115" WIDTH="6" VPOS="1347" HPOS="518"/>
</PrintSpace>
</Page>
</Layout>
</alto>