﻿<?xml version="1.0" encoding="UTF-8" standalone="yes"?>
<alto xmlns="http://www.loc.gov/standards/alto/ns-v2#" xmlns:xlink="http://www.w3.org/1999/xlink" xmlns:xsi="http://www.w3.org/2001/XMLSchema-instance" xsi:schemaLocation="http://www.loc.gov/standards/alto/ns-v2# http://www.loc.gov/standards/alto/alto-v2.0.xsd">
<Description>
<MeasurementUnit>pixel</MeasurementUnit>
<OCRProcessing ID="IdOcr"><ocrProcessingStep><processingDateTime>2017-03-20</processingDateTime><processingSoftware><softwareCreator>ABBYY</softwareCreator><softwareName>ABBYY FineReader Engine</softwareName><softwareVersion>11</softwareVersion></processingSoftware></ocrProcessingStep></OCRProcessing>
</Description>
<Styles><TextStyle ID="font0" FONTFAMILY="Times New Roman" FONTSIZE="7"/><TextStyle ID="font1" FONTFAMILY="Times New Roman" FONTSIZE="9"/><TextStyle ID="font2" FONTFAMILY="Times New Roman" FONTSIZE="10"/><TextStyle ID="font3" FONTFAMILY="Times New Roman" FONTSIZE="11"/><TextStyle ID="font4" FONTFAMILY="Times New Roman" FONTSIZE="16"/>
</Styles>
<Layout>
<Page ID="Page1" PHYSICAL_IMG_NR="1" HEIGHT="2069" WIDTH="1284">
<TopMargin HEIGHT="191" WIDTH="1284" VPOS="0" HPOS="0"><GraphicalElement ID="Page1_Block1" HEIGHT="5" WIDTH="99" VPOS="53" HPOS="105"/><GraphicalElement ID="Page1_Block2" HEIGHT="8" WIDTH="265" VPOS="55" HPOS="222"/><GraphicalElement ID="Page1_Block3" HEIGHT="4" WIDTH="134" VPOS="58" HPOS="94"/><GraphicalElement ID="Page1_Block4" HEIGHT="9" WIDTH="174" VPOS="54" HPOS="624"/><GraphicalElement ID="Page1_Block5" HEIGHT="12" WIDTH="863" VPOS="62" HPOS="108"/><GraphicalElement ID="Page1_Block6" HEIGHT="10" WIDTH="779" VPOS="181" HPOS="340"/>
</TopMargin>
<LeftMargin HEIGHT="1705" WIDTH="222" VPOS="191" HPOS="0">
</LeftMargin>
<RightMargin HEIGHT="1705" WIDTH="22" VPOS="191" HPOS="1262">
</RightMargin>
<BottomMargin HEIGHT="173" WIDTH="1284" VPOS="1896" HPOS="0">
</BottomMargin>
<PrintSpace HEIGHT="1705" WIDTH="1040" VPOS="191" HPOS="222">
<TextBlock ID="Page1_Block7" HEIGHT="61" WIDTH="261" VPOS="195" HPOS="599" language="de" STYLEREFS="font4"><Shape><Polygon POINTS="618,204 878,204 878,262 618,262 618,204"/></Shape>
<TextLine HEIGHT="53" WIDTH="229" VPOS="199" HPOS="615"><String STYLE="bold" WC="0.5950000286" CONTENT="CXLIX." HEIGHT="53" WIDTH="229" VPOS="199" HPOS="615"/></TextLine>
</TextBlock>
<Illustration ID="Page1_Block8" HEIGHT="798" WIDTH="882" VPOS="256" HPOS="294"><Shape><Polygon POINTS="312,268 1186,268 1186,1057 312,1057 312,268"/></Shape></Illustration>
<TextBlock ID="Page1_Block9" HEIGHT="812" WIDTH="357" VPOS="1066" HPOS="222" language="de" STYLEREFS="font3"><Shape><Polygon POINTS="232,1072 582,1072 582,1280 574,1280 574,1368 584,1368 584,1412 582,1412 582,1754 574,1754 574,1880 232,1880 232,1072"/></Shape>
<TextLine HEIGHT="44" WIDTH="289" VPOS="1073" HPOS="276"><String STYLE="bold" WC="0.5566666722" CONTENT="Das" HEIGHT="39" WIDTH="72" VPOS="1077" HPOS="276"/><SP WIDTH="46" VPOS="1079" HPOS="349"/><String STYLE="bold" WC="0.3827272654" CONTENT="menschliche" HEIGHT="43" WIDTH="169" VPOS="1073" HPOS="396"/></TextLine>
<TextLine HEIGHT="43" WIDTH="225" VPOS="1115" HPOS="343" STYLEREFS="font2"><String WC="0.5615384579" CONTENT="(G!üct&gt;&apos;esen/" HEIGHT="43" WIDTH="225" VPOS="1115" HPOS="343"/></TextLine>
<TextLine HEIGHT="51" WIDTH="313" VPOS="1192" HPOS="237"><String STYLE="bold" WC="0.625" CONTENT="iß" HEIGHT="48" WIDTH="33" VPOS="1195" HPOS="237"/><SP WIDTH="6" VPOS="1195" HPOS="270"/><String STYLE="bold" WC="0.4519999921" CONTENT="nicht" HEIGHT="39" WIDTH="72" VPOS="1201" HPOS="276"/><SP WIDTH="8" VPOS="1204" HPOS="348"/><String STYLE="bold" WC="0.3708333373" CONTENT="zümschrkibeü" HEIGHT="42" WIDTH="194" VPOS="1199" HPOS="356"/></TextLine>
<TextLine HEIGHT="45" WIDTH="245" VPOS="1236" HPOS="239"><String STYLE="bold" WC="0.5266666412" CONTENT="dem" HEIGHT="34" WIDTH="61" VPOS="1245" HPOS="239"/><SP WIDTH="8" VPOS="1246" HPOS="301"/><String STYLE="bold" WC="0.4050000012" CONTENT="Glück/" HEIGHT="40" WIDTH="113" VPOS="1239" HPOS="310"/><SP WIDTH="19" VPOS="1237" HPOS="424"/><String STYLE="bold" WC="0.7099999785" CONTENT="&apos;" HEIGHT="5" WIDTH="6" VPOS="1236" HPOS="444"/><SP WIDTH="29" VPOS="1236" HPOS="451"/><String STYLE="bold" WC="0.5400000215" CONTENT="." HEIGHT="4" WIDTH="3" VPOS="1274" HPOS="481"/></TextLine>
<TextLine HEIGHT="36" WIDTH="248" VPOS="1285" HPOS="239"><String STYLE="bold" WC="0.2524999976" CONTENT="öder" HEIGHT="34" WIDTH="65" VPOS="1287" HPOS="239"/><SP WIDTH="8" VPOS="1291" HPOS="305"/><String STYLE="bold" WC="0.4399999976" CONTENT="dein" HEIGHT="29" WIDTH="58" VPOS="1290" HPOS="314"/><SP WIDTH="11" VPOS="1288" HPOS="373"/><String STYLE="bold" WC="0.2140000015" CONTENT="Snfau" HEIGHT="34" WIDTH="102" VPOS="1285" HPOS="385"/></TextLine>
<TextLine HEIGHT="39" WIDTH="324" VPOS="1325" HPOS="238"><String STYLE="bold" WC="0.3050000072" CONTENT="vdet" HEIGHT="33" WIDTH="67" VPOS="1328" HPOS="238"/><SP WIDTH="11" VPOS="1332" HPOS="305"/><String STYLE="bold" WC="0.276666671" CONTENT="den" HEIGHT="32" WIDTH="50" VPOS="1331" HPOS="316"/><SP WIDTH="11" VPOS="1328" HPOS="366"/><String STYLE="bold" WC="0.4537500143" CONTENT="Stern-Wm" HEIGHT="35" WIDTH="185" VPOS="1326" HPOS="377"/></TextLine>
<TextLine HEIGHT="48" WIDTH="334" VPOS="1402" HPOS="237"><String STYLE="bold" WC="0.5" CONTENT="(Mrvie" HEIGHT="46" WIDTH="142" VPOS="1404" HPOS="237"/><SP WIDTH="10" VPOS="1413" HPOS="379"/><String STYLE="bold" WC="0.5037500262" CONTENT="Sckwann-" HEIGHT="33" WIDTH="182" VPOS="1410" HPOS="389"/></TextLine>
<TextLine HEIGHT="43" WIDTH="221" VPOS="1451" HPOS="342"><String STYLE="bold" WC="0.3418181837" CONTENT="sSrern(Lome" HEIGHT="43" WIDTH="221" VPOS="1451" HPOS="342"/></TextLine>
<TextLine HEIGHT="48" WIDTH="172" VPOS="1485" HPOS="270"><String STYLE="bold" WC="0.5400000215" CONTENT="," HEIGHT="6" WIDTH="9" VPOS="1527" HPOS="270"/><SP WIDTH="63" VPOS="1486" HPOS="279"/><String STYLE="bold" WC="0.4499999881" CONTENT="lten)," HEIGHT="46" WIDTH="100" VPOS="1485" HPOS="342"/></TextLine>
<TextLine HEIGHT="47" WIDTH="302" VPOS="1533" HPOS="238"><String STYLE="bold" WC="1." CONTENT="MM" HEIGHT="44" WIDTH="107" VPOS="1536" HPOS="238"/><SP WIDTH="6" VPOS="1535" HPOS="346"/><String STYLE="bold" WC="0.4066666663" CONTENT="Nichts" HEIGHT="39" WIDTH="88" VPOS="1534" HPOS="353"/><SP WIDTH="7" VPOS="1534" HPOS="442"/><String STYLE="bold" WC="0.4375" CONTENT="Guts" HEIGHT="34" WIDTH="90" VPOS="1534" HPOS="450"/></TextLine>
<TextLine HEIGHT="43" WIDTH="186" VPOS="1619" HPOS="242"><String STYLE="bold" WC="0.3354545534" CONTENT="anzudeutcn)" HEIGHT="43" WIDTH="186" VPOS="1619" HPOS="242"/></TextLine>
<TextLine HEIGHT="58" WIDTH="338" VPOS="1655" HPOS="240"><String STYLE="bold" WC="0.3471428454" CONTENT="sondkim" HEIGHT="45" WIDTH="114" VPOS="1663" HPOS="240"/><SP WIDTH="9" VPOS="1661" HPOS="355"/><String STYLE="bold" WC="0.5199999809" CONTENT="GÖttes" HEIGHT="42" WIDTH="122" VPOS="1656" HPOS="365"/><SP WIDTH="12" VPOS="1660" HPOS="488"/><String STYLE="bold" WC="0.6883333325" CONTENT="allste" HEIGHT="53" WIDTH="77" VPOS="1657" HPOS="501"/></TextLine>
<TextLine HEIGHT="53" WIDTH="249" VPOS="1693" HPOS="330"><String STYLE="bold" WC="0.3574999869" CONTENT="(Hendeln" HEIGHT="49" WIDTH="133" VPOS="1697" HPOS="330"/><SP WIDTH="9" VPOS="1695" HPOS="463"/><String STYLE="bold" WC="0.5133333206" CONTENT="Äug" HEIGHT="47" WIDTH="75" VPOS="1694" HPOS="472"/><SP WIDTH="11" VPOS="1709" HPOS="547"/><String STYLE="bold" WC="0.4250000119" CONTENT="r!" HEIGHT="42" WIDTH="21" VPOS="1693" HPOS="558"/></TextLine>
<TextLine HEIGHT="48" WIDTH="146" VPOS="1783" HPOS="241"><String STYLE="bold" WC="0.2533333302" CONTENT="und" HEIGHT="40" WIDTH="53" VPOS="1784" HPOS="241"/><SP WIDTH="7" VPOS="1784" HPOS="295"/><String STYLE="bold" WC="0.5466666818" CONTENT="dessen" HEIGHT="43" WIDTH="84" VPOS="1787" HPOS="303"/></TextLine>
<TextLine HEIGHT="49" WIDTH="327" VPOS="1825" HPOS="240"><String STYLE="bold" WC="0.42761904" CONTENT="allregiereiidn^ZanS;;" HEIGHT="49" WIDTH="327" VPOS="1825" HPOS="240"/></TextLine>
</TextBlock>
<TextBlock ID="Page1_Block10" HEIGHT="393" WIDTH="278" VPOS="1057" HPOS="572" language="de" STYLEREFS="font1"><Shape><Polygon POINTS="608,1066 856,1066 856,1456 586,1456 586,1376 582,1376 582,1334 580,1334 580,1284 582,1284 582,1206 608,1206 608,1066"/></Shape>
<TextLine HEIGHT="41" WIDTH="231" VPOS="1072" HPOS="615"><String WC="0.7512500286" CONTENT="Fiumsna:" HEIGHT="30" WIDTH="132" VPOS="1073" HPOS="615"/><SP WIDTH="3" VPOS="1075" HPOS="748"/><String STYLE="italics" WC="0.50222224" CONTENT="j&apos;ortcs,&apos;" HEIGHT="39" WIDTH="94" VPOS="1072" HPOS="752"/></TextLine>
<TextLine HEIGHT="41" WIDTH="75" VPOS="1152" HPOS="768"><String WC="0.4040000141" CONTENT="(funt" HEIGHT="41" WIDTH="75" VPOS="1152" HPOS="768"/></TextLine>
<TextLine HEIGHT="35" WIDTH="263" VPOS="1194" HPOS="580"><String WC="0.3733333349" CONTENT="non" HEIGHT="21" WIDTH="58" VPOS="1208" HPOS="580"/><SP WIDTH="55" VPOS="1201" HPOS="639"/><String WC="0.3155555427" CONTENT="h&apos;ibuend*" HEIGHT="34" WIDTH="148" VPOS="1194" HPOS="695"/></TextLine>
<TextLine HEIGHT="37" WIDTH="120" VPOS="1242" HPOS="576" STYLEREFS="font1"><String STYLE="italics" WC="0.5" CONTENT="&apos;fort" HEIGHT="36" WIDTH="57" VPOS="1243" HPOS="576"/><SP WIDTH="1" VPOS="1251" HPOS="634"/><String STYLE="italics" WC="0.4325000048" CONTENT="»nt," HEIGHT="24" WIDTH="62" VPOS="1252" HPOS="634"/></TextLine>
<TextLine HEIGHT="38" WIDTH="131" VPOS="1285" HPOS="579" STYLEREFS="font1"><String WC="0.3199999928" CONTENT="aut" HEIGHT="20" WIDTH="46" VPOS="1292" HPOS="579"/><SP WIDTH="6" VPOS="1292" HPOS="626"/><String STYLE="italics" WC="0.417142868" CONTENT="eaftii," HEIGHT="38" WIDTH="77" VPOS="1285" HPOS="633"/></TextLine>
<TextLine HEIGHT="41" WIDTH="263" VPOS="1321" HPOS="580" STYLEREFS="font1"><String WC="0.1833333373" CONTENT="aut" HEIGHT="23" WIDTH="44" VPOS="1331" HPOS="581"/><SP WIDTH="12" VPOS="1328" HPOS="625"/><String STYLE="italics" WC="0.4542857111" CONTENT="fidtrUm" HEIGHT="36" WIDTH="114" VPOS="1326" HPOS="637"/><SP WIDTH="16" VPOS="1324" HPOS="751"/><String STYLE="italics" WC="0.603333354" CONTENT="influ-" HEIGHT="38" WIDTH="76" VPOS="1321" HPOS="767"/></TextLine>
<TextLine HEIGHT="35" WIDTH="72" VPOS="1360" HPOS="773" STYLEREFS="font1"><String STYLE="italics" STYLEREFS="font0" WC="0.6880000234" CONTENT="(xui," HEIGHT="35" WIDTH="72" VPOS="1360" HPOS="773"/></TextLine>
<TextLine HEIGHT="48" WIDTH="262" VPOS="1394" HPOS="584" STYLEREFS="font1"><String STYLE="italics" WC="0.3357142806" CONTENT="(comete" HEIGHT="46" WIDTH="115" VPOS="1396" HPOS="584"/><SP WIDTH="12" VPOS="1402" HPOS="699"/><String WC="0.25" CONTENT="i" HEIGHT="26" WIDTH="9" VPOS="1402" HPOS="712"/><SP WIDTH="14" VPOS="1402" HPOS="722"/><String WC="0.2325000018" CONTENT="qüiderti" HEIGHT="41" WIDTH="110" VPOS="1397" HPOS="736"/></TextLine>
</TextBlock>
<TextBlock ID="Page1_Block11" HEIGHT="62" WIDTH="249" VPOS="1510" HPOS="576" language="de" STYLEREFS="font1"><Shape><Polygon POINTS="582,1518 830,1518 830,1578 582,1578 582,1518"/></Shape>
<TextLine HEIGHT="37" WIDTH="226" VPOS="1526" HPOS="583"><String WC="0.323333323" CONTENT="foleht" HEIGHT="36" WIDTH="84" VPOS="1527" HPOS="583"/><SP WIDTH="8" VPOS="1539" HPOS="668"/><String WC="0.3160000145" CONTENT="nihil" HEIGHT="32" WIDTH="67" VPOS="1529" HPOS="677"/><SP WIDTH="5" VPOS="1529" HPOS="745"/><String WC="0.1920000017" CONTENT="fcons" HEIGHT="26" WIDTH="58" VPOS="1532" HPOS="751"/></TextLine>
</TextBlock>
<TextBlock ID="Page1_Block12" HEIGHT="727" WIDTH="684" VPOS="1054" HPOS="577" language="de" STYLEREFS="font1"><Shape><Polygon POINTS="860,1066 1190,1066 1190,1122 1264,1122 1264,1790 858,1790 858,1752 734,1752 734,1726 582,1726 582,1614 858,1614 858,1582 856,1582 856,1520 896,1520 896,1442 860,1442 860,1414 856,1414 856,1346 858,1346 858,1186 860,1186 860,1066"/></Shape>
<TextLine HEIGHT="37" WIDTH="325" VPOS="1068" HPOS="855"><String WC="0.4300000072" CONTENT="Humänus," HEIGHT="35" WIDTH="154" VPOS="1070" HPOS="855"/><SP WIDTH="10" VPOS="1079" HPOS="1010"/><String WC="0.2899999917" CONTENT="a," HEIGHT="26" WIDTH="23" VPOS="1078" HPOS="1021"/><SP WIDTH="10" VPOS="1077" HPOS="1045"/><String WC="0.226666674" CONTENT="um," HEIGHT="25" WIDTH="62" VPOS="1077" HPOS="1056"/><SP WIDTH="8" VPOS="1075" HPOS="1119"/><String WC="0.4066666663" CONTENT="mel" HEIGHT="28" WIDTH="52" VPOS="1070" HPOS="1128"/></TextLine>
<TextLine HEIGHT="41" WIDTH="361" VPOS="1102" HPOS="890" STYLEREFS="font1"><String WC="0.3149999976" CONTENT=".lieh*" HEIGHT="38" WIDTH="68" VPOS="1105" HPOS="890"/><SP WIDTH="289" VPOS="1109" HPOS="958"/><String WC="0.6600000262" CONTENT="&apos;" HEIGHT="14" WIDTH="3" VPOS="1109" HPOS="1247"/></TextLine>
<TextLine HEIGHT="50" WIDTH="381" VPOS="1141" HPOS="856"><String STYLE="bold" STYLEREFS="font3" WC="1." CONTENT="8" HEIGHT="31" WIDTH="15" VPOS="1149" HPOS="856"/><String WC="0.5436363816" CONTENT="ors,k.;.däS" HEIGHT="40" WIDTH="167" VPOS="1151" HPOS="874"/><SP WIDTH="8" VPOS="1150" HPOS="1042"/><String WC="0.4709090889" CONTENT="Glückwesen«" HEIGHT="43" WIDTH="186" VPOS="1141" HPOS="1051"/></TextLine>
<TextLine HEIGHT="49" WIDTH="383" VPOS="1183" HPOS="855"><String WC="0.4145454466" CONTENT="Tribuerejä," HEIGHT="36" WIDTH="164" VPOS="1194" HPOS="855"/><SP WIDTH="16" VPOS="1206" HPOS="1020"/><String WC="0.3485714197" CONTENT="z.zuschrkideN-" HEIGHT="48" WIDTH="202" VPOS="1183" HPOS="1036"/></TextLine>
<TextLine HEIGHT="48" WIDTH="367" VPOS="1223" HPOS="855"><String WC="0.4320000112" CONTENT="Fortuna,f*" HEIGHT="35" WIDTH="159" VPOS="1236" HPOS="856"/><SP WIDTH="14" VPOS="1246" HPOS="1016"/><String WC="0.2360000014" CONTENT="i.haß" HEIGHT="30" WIDTH="79" VPOS="1233" HPOS="1031"/><String STYLE="superscript" WC="0.2399999946" CONTENT="1" HEIGHT="9" WIDTH="3" VPOS="1234" HPOS="1110"/><String WC="0.3214285672" CONTENT="©ificf." HEIGHT="36" WIDTH="99" VPOS="1223" HPOS="1123"/></TextLine>
<TextLine HEIGHT="50" WIDTH="349" VPOS="1264" HPOS="857"><String WC="0.348333329" CONTENT="Cafus," HEIGHT="36" WIDTH="93" VPOS="1278" HPOS="857"/><SP WIDTH="9" VPOS="1287" HPOS="951"/><String WC="0.6299999952" CONTENT="m." HEIGHT="17" WIDTH="36" VPOS="1287" HPOS="961"/><SP WIDTH="8" VPOS="1284" HPOS="998"/><String WC="0.5199999809" CONTENT="4-" HEIGHT="27" WIDTH="28" VPOS="1284" HPOS="1007"/><SP WIDTH="11" VPOS="1272" HPOS="1036"/><String WC="0.2544444501" CONTENT="derFnfaü." HEIGHT="39" WIDTH="158" VPOS="1264" HPOS="1048"/></TextLine>
<TextLine HEIGHT="48" WIDTH="345" VPOS="1303" HPOS="857"><String WC="0.4550000131" CONTENT="sidus," HEIGHT="31" WIDTH="85" VPOS="1320" HPOS="857"/><SP WIDTH="8" VPOS="1326" HPOS="942"/><String WC="0.6600000262" CONTENT="n." HEIGHT="16" WIDTH="29" VPOS="1326" HPOS="950"/><SP WIDTH="11" VPOS="1326" HPOS="979"/><String WC="0.4050000012" CONTENT="3." HEIGHT="23" WIDTH="25" VPOS="1326" HPOS="990"/><SP WIDTH="16" VPOS="1313" HPOS="1015"/><String WC="0.7033333182" CONTENT="das" HEIGHT="28" WIDTH="50" VPOS="1312" HPOS="1031"/><SP WIDTH="8" VPOS="1306" HPOS="1081"/><String WC="0.5242857337" CONTENT="Gestirn" HEIGHT="37" WIDTH="113" VPOS="1303" HPOS="1089"/></TextLine>
<TextLine HEIGHT="48" WIDTH="383" VPOS="1343" HPOS="857"><String WC="0.4966666698" CONTENT="Influxus," HEIGHT="30" WIDTH="130" VPOS="1357" HPOS="857"/><SP WIDTH="1" VPOS="1363" HPOS="988"/><String WC="0.3725000024" CONTENT="ni.4.bfr" HEIGHT="39" WIDTH="122" VPOS="1346" HPOS="989"/><SP WIDTH="7" VPOS="1347" HPOS="1112"/><String WC="0.3140000105" CONTENT="CEihflisf-" HEIGHT="46" WIDTH="120" VPOS="1343" HPOS="1120"/></TextLine>
<TextLine HEIGHT="38" WIDTH="381" VPOS="1390" HPOS="859"><String WC="0.5771428347" CONTENT="Conictä" HEIGHT="29" WIDTH="117" VPOS="1397" HPOS="859"/><SP WIDTH="21" VPOS="1397" HPOS="977"/><String WC="0.3300000131" CONTENT="»" HEIGHT="16" WIDTH="10" VPOS="1411" HPOS="999"/><SP WIDTH="37" VPOS="1400" HPOS="1010"/><String WC="0.5799999833" CONTENT="m." HEIGHT="21" WIDTH="38" VPOS="1400" HPOS="1048"/><SP WIDTH="42" VPOS="1394" HPOS="1087"/><String WC="0.9549999833" CONTENT="i." HEIGHT="32" WIDTH="25" VPOS="1393" HPOS="1130"/><SP WIDTH="37" VPOS="1391" HPOS="1156"/><String WC="0.2466666698" CONTENT="der" HEIGHT="31" WIDTH="46" VPOS="1390" HPOS="1194"/></TextLine>
<TextLine HEIGHT="47" WIDTH="340" VPOS="1430" HPOS="901"><String STYLE="bold" STYLEREFS="font3" WC="0.4122222364" CONTENT="Schwantz-" HEIGHT="44" WIDTH="159" VPOS="1433" HPOS="901"/><SP WIDTH="9" VPOS="1432" HPOS="1061"/><String STYLE="bold" STYLEREFS="font3" WC="0.6399999857" CONTENT="Stern" HEIGHT="39" WIDTH="94" VPOS="1431" HPOS="1071"/><SP WIDTH="7" VPOS="1433" HPOS="1166"/><String STYLE="bold" STYLEREFS="font3" WC="0.5049999952" CONTENT="(Cot" HEIGHT="43" WIDTH="67" VPOS="1430" HPOS="1174"/></TextLine>
<TextLine HEIGHT="39" WIDTH="84" VPOS="1477" HPOS="895"><String WC="0.6683333516" CONTENT="Niet-)" HEIGHT="39" WIDTH="84" VPOS="1477" HPOS="895"/></TextLine>
<TextLine HEIGHT="44" WIDTH="300" VPOS="1518" HPOS="858"><String WC="0.6529999971" CONTENT="LaleKja.r." HEIGHT="33" WIDTH="177" VPOS="1523" HPOS="858"/><SP WIDTH="8" VPOS="1527" HPOS="1036"/><String WC="0.4462499917" CONTENT="pflegen." HEIGHT="42" WIDTH="114" VPOS="1518" HPOS="1044"/></TextLine>
<TextLine HEIGHT="45" WIDTH="357" VPOS="1556" HPOS="859" STYLEREFS="font1"><String STYLE="bold" WC="0.3655555546" CONTENT="Bdriüfr)," HEIGHT="35" WIDTH="118" VPOS="1566" HPOS="859"/><SP WIDTH="9" VPOS="1573" HPOS="978"/><String STYLE="bold" WC="0.6050000191" CONTENT="n," HEIGHT="23" WIDTH="27" VPOS="1573" HPOS="988"/><SP WIDTH="13" VPOS="1573" HPOS="1016"/><String STYLE="bold" WC="0.3050000072" CONTENT="z." HEIGHT="23" WIDTH="26" VPOS="1572" HPOS="1030"/><SP WIDTH="11" VPOS="1565" HPOS="1057"/><String STYLE="bold" WC="0.2399999946" CONTENT="öaS" HEIGHT="33" WIDTH="53" VPOS="1565" HPOS="1069"/><SP WIDTH="6" VPOS="1562" HPOS="1123"/><String STYLE="bold" WC="0.4040000141" CONTENT="Gut0-" HEIGHT="40" WIDTH="86" VPOS="1556" HPOS="1130"/></TextLine>
<TextLine HEIGHT="47" WIDTH="656" VPOS="1608" HPOS="584" STYLEREFS="font1"><String STYLE="bold" WC="0.4276922941" CONTENT="pörtetidtire)" HEIGHT="42" WIDTH="177" VPOS="1613" HPOS="584"/><SP WIDTH="415" VPOS="1609" HPOS="761"/><String STYLE="bold" WC="1." CONTENT="-" HEIGHT="5" WIDTH="6" VPOS="1631" HPOS="1177"/><SP WIDTH="38" VPOS="1623" HPOS="1183"/><String STYLE="bold" WC="0.5500000119" CONTENT="i" HEIGHT="17" WIDTH="19" VPOS="1622" HPOS="1221"/></TextLine>
<TextLine HEIGHT="60" WIDTH="657" VPOS="1639" HPOS="583" STYLEREFS="font1"><String STYLE="bold" WC="0.3700000048" CONTENT="fed" HEIGHT="29" WIDTH="43" VPOS="1657" HPOS="583"/><SP WIDTH="27" VPOS="1658" HPOS="627"/><String STYLE="bold" WC="0.2744444311" CONTENT="jiroiridö" HEIGHT="41" WIDTH="117" VPOS="1657" HPOS="655"/><SP WIDTH="20" VPOS="1654" HPOS="773"/><String STYLE="bold" WC="0.3057142794" CONTENT="DeiiPrövidife," HEIGHT="42" WIDTH="208" VPOS="1645" HPOS="794"/><SP WIDTH="6" VPOS="1662" HPOS="1003"/><String STYLE="bold" WC="0.5600000024" CONTENT="a," HEIGHT="19" WIDTH="23" VPOS="1662" HPOS="1010"/><SP WIDTH="8" VPOS="1655" HPOS="1034"/><String STYLE="bold" WC="0.7300000191" CONTENT="ümj" HEIGHT="27" WIDTH="57" VPOS="1655" HPOS="1043"/><SP WIDTH="6" VPOS="1655" HPOS="1101"/><String STYLE="bold" WC="0.4742857218" CONTENT="allskMb" HEIGHT="47" WIDTH="132" VPOS="1639" HPOS="1108"/></TextLine>
<TextLine HEIGHT="51" WIDTH="343" VPOS="1685" HPOS="738" STYLEREFS="font3"><String STYLE="italics" WC="0.4066666663" CONTENT="(beule" HEIGHT="30" WIDTH="85" VPOS="1697" HPOS="738"/><SP WIDTH="8" VPOS="1702" HPOS="823"/><String STYLE="italics" WC="0.3100000024" CONTENT="1" HEIGHT="22" WIDTH="14" VPOS="1701" HPOS="832"/><String STYLE="bold" WC="0.25" CONTENT="j." HEIGHT="44" WIDTH="27" VPOS="1687" HPOS="850"/><SP WIDTH="28" VPOS="1691" HPOS="877"/><String STYLE="bold" WC="0.4981818199" CONTENT="(vorsichtig" HEIGHT="45" WIDTH="154" VPOS="1689" HPOS="905"/><SP WIDTH="9" VPOS="1693" HPOS="1059"/><String STYLE="bold" WC="0.3199999928" CONTENT=")" HEIGHT="32" WIDTH="13" VPOS="1693" HPOS="1068"/></TextLine>
<TextLine HEIGHT="45" WIDTH="333" VPOS="1727" HPOS="861" STYLEREFS="font2"><String WC="0.3600000143" CONTENT="Öculus,rri,z," HEIGHT="44" WIDTH="186" VPOS="1728" HPOS="861"/><SP WIDTH="9" VPOS="1736" HPOS="1048"/><String WC="0.4225000143" CONTENT="0stS" HEIGHT="37" WIDTH="53" VPOS="1729" HPOS="1058"/><SP WIDTH="7" VPOS="1729" HPOS="1112"/><String WC="0.4774999917" CONTENT="AUg»" HEIGHT="36" WIDTH="74" VPOS="1728" HPOS="1120"/></TextLine>
</TextBlock>
<TextBlock ID="Page1_Block13" HEIGHT="100" WIDTH="255" VPOS="1770" HPOS="573" language="de" STYLEREFS="font1"><Shape><Polygon POINTS="576,1778 830,1778 830,1876 576,1876 576,1778"/></Shape>
<TextLine HEIGHT="36" WIDTH="153" VPOS="1782" HPOS="584"><String WC="1." CONTENT="&amp;" HEIGHT="28" WIDTH="26" VPOS="1786" HPOS="584"/><SP WIDTH="8" VPOS="1786" HPOS="611"/><String WC="0.352222234" CONTENT="ejusderri" HEIGHT="36" WIDTH="117" VPOS="1782" HPOS="620"/></TextLine>
<TextLine HEIGHT="43" WIDTH="243" VPOS="1823" HPOS="582"><String WC="0.3574999869" CONTENT="rtftrici" HEIGHT="34" WIDTH="104" VPOS="1824" HPOS="582"/><SP WIDTH="7" VPOS="1826" HPOS="687"/><String STYLE="italics" WC="0.326000005" CONTENT="manui" HEIGHT="30" WIDTH="86" VPOS="1824" HPOS="695"/><String WC="0.2700000107" CONTENT=";" HEIGHT="25" WIDTH="12" VPOS="1832" HPOS="789"/><SP WIDTH="12" VPOS="1832" HPOS="802"/><String WC="0.2399999946" CONTENT="j" HEIGHT="30" WIDTH="10" VPOS="1834" HPOS="815"/></TextLine>
</TextBlock>
<TextBlock ID="Page1_Block14" HEIGHT="106" WIDTH="403" VPOS="1787" HPOS="851" language="de" STYLEREFS="font1"><Shape><Polygon POINTS="854,1800 1256,1800 1256,1902 854,1902 854,1800"/></Shape>
<TextLine HEIGHT="57" WIDTH="377" VPOS="1802" HPOS="857"><String WC="0.4544444382" CONTENT="Mantit.f." HEIGHT="33" WIDTH="136" VPOS="1819" HPOS="857"/><SP WIDTH="9" VPOS="1829" HPOS="994"/><String WC="0.4550000131" CONTENT="4." HEIGHT="29" WIDTH="28" VPOS="1829" HPOS="1004"/><SP WIDTH="10" VPOS="1815" HPOS="1032"/><String STYLE="bold" STYLEREFS="font3" WC="0.4966666698" CONTENT="die" HEIGHT="35" WIDTH="45" VPOS="1815" HPOS="1042"/><SP WIDTH="11" VPOS="1810" HPOS="1087"/><String WC="0.3980000019" CONTENT="Hand-" HEIGHT="49" WIDTH="94" VPOS="1802" HPOS="1098"/><SP WIDTH="28" VPOS="1825" HPOS="1193"/><String STYLE="bold" STYLEREFS="font3" WC="0.25" CONTENT="," HEIGHT="10" WIDTH="12" VPOS="1834" HPOS="1222"/></TextLine>
<TextLine HEIGHT="30" WIDTH="62" VPOS="1849" HPOS="1177"><String STYLE="bold" STYLEREFS="font3" WC="0.2533333302" CONTENT="ÖiW" HEIGHT="30" WIDTH="62" VPOS="1849" HPOS="1177"/></TextLine>
</TextBlock>
<ComposedBlock ID="Page1_Block15" HEIGHT="640" WIDTH="858" VPOS="413" HPOS="313" TYPE="separatorsBox"><GraphicalElement ID="Page1_Block16" HEIGHT="21" WIDTH="844" VPOS="414" HPOS="317"/><GraphicalElement ID="Page1_Block17" HEIGHT="16" WIDTH="818" VPOS="1036" HPOS="348"/><GraphicalElement ID="Page1_Block18" HEIGHT="620" WIDTH="20" VPOS="424" HPOS="316"/><GraphicalElement ID="Page1_Block19" HEIGHT="144" WIDTH="7" VPOS="648" HPOS="1150"/><GraphicalElement ID="Page1_Block20" HEIGHT="236" WIDTH="15" VPOS="808" HPOS="1155"/><GraphicalElement ID="Page1_Block21" HEIGHT="217" WIDTH="16" VPOS="416" HPOS="1152"/></ComposedBlock><GraphicalElement ID="Page1_Block22" HEIGHT="9" WIDTH="299" VPOS="191" HPOS="240"/><GraphicalElement ID="Page1_Block23" HEIGHT="5" WIDTH="108" VPOS="430" HPOS="1058"/><GraphicalElement ID="Page1_Block24" HEIGHT="9" WIDTH="184" VPOS="450" HPOS="983"/><GraphicalElement ID="Page1_Block25" HEIGHT="4" WIDTH="89" VPOS="484" HPOS="874"/><GraphicalElement ID="Page1_Block26" HEIGHT="5" WIDTH="92" VPOS="520" HPOS="475"/><GraphicalElement ID="Page1_Block27" HEIGHT="6" WIDTH="115" VPOS="578" HPOS="816"/><GraphicalElement ID="Page1_Block28" HEIGHT="6" WIDTH="198" VPOS="590" HPOS="808"/><GraphicalElement ID="Page1_Block29" HEIGHT="5" WIDTH="107" VPOS="604" HPOS="402"/><GraphicalElement ID="Page1_Block30" HEIGHT="9" WIDTH="133" VPOS="617" HPOS="955"/><GraphicalElement ID="Page1_Block31" HEIGHT="10" WIDTH="146" VPOS="625" HPOS="994"/><GraphicalElement ID="Page1_Block32" HEIGHT="7" WIDTH="149" VPOS="634" HPOS="357"/><GraphicalElement ID="Page1_Block33" HEIGHT="5" WIDTH="108" VPOS="638" HPOS="575"/><GraphicalElement ID="Page1_Block34" HEIGHT="4" WIDTH="91" VPOS="852" HPOS="420"/><GraphicalElement ID="Page1_Block35" HEIGHT="16" WIDTH="190" VPOS="942" HPOS="369"/><GraphicalElement ID="Page1_Block36" HEIGHT="5" WIDTH="133" VPOS="1009" HPOS="732"/><GraphicalElement ID="Page1_Block37" HEIGHT="138" WIDTH="8" VPOS="1072" HPOS="571"/><GraphicalElement ID="Page1_Block38" HEIGHT="382" WIDTH="7" VPOS="1280" HPOS="575"/><GraphicalElement ID="Page1_Block39" HEIGHT="105" WIDTH="5" VPOS="1734" HPOS="850"/><GraphicalElement ID="Page1_Block40" HEIGHT="573" WIDTH="10" VPOS="1071" HPOS="846"/>
</PrintSpace>
</Page>
</Layout>
</alto>