﻿<?xml version="1.0" encoding="UTF-8" standalone="yes"?>
<alto xmlns="http://www.loc.gov/standards/alto/ns-v2#" xmlns:xlink="http://www.w3.org/1999/xlink" xmlns:xsi="http://www.w3.org/2001/XMLSchema-instance" xsi:schemaLocation="http://www.loc.gov/standards/alto/ns-v2# http://www.loc.gov/standards/alto/alto-v2.0.xsd">
<Description>
<MeasurementUnit>pixel</MeasurementUnit>
<OCRProcessing ID="IdOcr"><ocrProcessingStep><processingDateTime>2017-03-20</processingDateTime><processingSoftware><softwareCreator>ABBYY</softwareCreator><softwareName>ABBYY FineReader Engine</softwareName><softwareVersion>11</softwareVersion></processingSoftware></ocrProcessingStep></OCRProcessing>
</Description>
<Styles><TextStyle ID="font0" FONTFAMILY="Times New Roman" FONTSIZE="8"/><TextStyle ID="font1" FONTFAMILY="Times New Roman" FONTSIZE="9"/><TextStyle ID="font2" FONTFAMILY="Times New Roman" FONTSIZE="12"/><TextStyle ID="font3" FONTFAMILY="Times New Roman" FONTSIZE="13"/><TextStyle ID="font4" FONTFAMILY="Times New Roman" FONTSIZE="17"/>
</Styles>
<Layout>
<Page ID="Page1" PHYSICAL_IMG_NR="1" HEIGHT="2045" WIDTH="1243">
<TopMargin HEIGHT="180" WIDTH="1243" VPOS="0" HPOS="0"><GraphicalElement ID="Page1_Block1" HEIGHT="5" WIDTH="238" VPOS="59" HPOS="528"/><GraphicalElement ID="Page1_Block2" HEIGHT="9" WIDTH="483" VPOS="171" HPOS="564"/><GraphicalElement ID="Page1_Block3" HEIGHT="8" WIDTH="490" VPOS="172" HPOS="59"/>
</TopMargin>
<LeftMargin HEIGHT="1678" WIDTH="34" VPOS="180" HPOS="0">
</LeftMargin>
<RightMargin HEIGHT="1678" WIDTH="185" VPOS="180" HPOS="1058">
</RightMargin>
<BottomMargin HEIGHT="187" WIDTH="1243" VPOS="1858" HPOS="0">
</BottomMargin>
<PrintSpace HEIGHT="1678" WIDTH="1024" VPOS="180" HPOS="34">
<TextBlock ID="Page1_Block4" HEIGHT="1460" WIDTH="514" VPOS="180" HPOS="34" language="de"><Shape><Polygon POINTS="34,180 424,180 424,224 540,224 540,388 548,388 548,436 428,436 428,634 548,634 548,694 546,694 546,776 530,776 530,880 548,880 548,932 534,932 534,962 548,962 548,1014 538,1014 538,1132 546,1132 546,1178 542,1178 542,1462 540,1462 540,1558 354,1558 354,1594 520,1594 520,1640 34,1640 34,180"/></Shape>
<TextLine HEIGHT="35" WIDTH="366" VPOS="186" HPOS="54"><String STYLE="bold" STYLEREFS="font0" WC="0.3457142711" CONTENT="tenendo" HEIGHT="33" WIDTH="123" VPOS="186" HPOS="54"/><SP WIDTH="8" VPOS="197" HPOS="178"/><String STYLE="bold" STYLEREFS="font0" WC="0.5780000091" CONTENT="nella" HEIGHT="33" WIDTH="70" VPOS="188" HPOS="187"/><SP WIDTH="5" VPOS="198" HPOS="258"/><String STYLE="bold" STYLEREFS="font0" WC="0.3733333349" CONTENT="man" HEIGHT="21" WIDTH="64" VPOS="197" HPOS="264"/><SP WIDTH="5" VPOS="187" HPOS="329"/><String STYLE="bold" STYLEREFS="font0" WC="0.2916666567" CONTENT="deltra" HEIGHT="30" WIDTH="85" VPOS="187" HPOS="335"/></TextLine>
<TextLine HEIGHT="39" WIDTH="144" VPOS="228" HPOS="52"><String STYLE="bold" STYLEREFS="font0" WC="0.2800000012" CONTENT="la" HEIGHT="28" WIDTH="27" VPOS="228" HPOS="52"/><SP WIDTH="7" VPOS="228" HPOS="80"/><String STYLE="bold" STYLEREFS="font0" WC="0.4300000072" CONTENT="fpada," HEIGHT="39" WIDTH="87" VPOS="228" HPOS="88"/><SP WIDTH="8" VPOS="240" HPOS="176"/><String STYLE="bold" STYLEREFS="font0" WC="0.1400000006" CONTENT="(" HEIGHT="26" WIDTH="11" VPOS="240" HPOS="185"/></TextLine>
<TextLine HEIGHT="45" WIDTH="410" VPOS="267" HPOS="53"><String STYLE="bold" STYLEREFS="font0" WC="0.3666666746" CONTENT="con" HEIGHT="20" WIDTH="57" VPOS="279" HPOS="53"/><SP WIDTH="7" VPOS="281" HPOS="111"/><String STYLE="bold" STYLEREFS="font0" WC="0.625" CONTENT="un" HEIGHT="19" WIDTH="38" VPOS="280" HPOS="119"/><SP WIDTH="5" VPOS="269" HPOS="158"/><String STYLE="bold" STYLEREFS="font0" WC="0.675999999" CONTENT="kenn," HEIGHT="37" WIDTH="89" VPOS="269" HPOS="164"/><SP WIDTH="10" VPOS="280" HPOS="254"/><String STYLE="bold italics" STYLEREFS="font0" WC="0.4466666579" CONTENT="una" HEIGHT="21" WIDTH="51" VPOS="280" HPOS="265"/><SP WIDTH="8" VPOS="269" HPOS="317"/><String STYLE="bold italics" STYLEREFS="font0" WC="0.5325000286" CONTENT="brlglia:" HEIGHT="45" WIDTH="109" VPOS="267" HPOS="326"/><SP WIDTH="8" VPOS="270" HPOS="436"/><String STYLE="bold italics" STYLEREFS="font0" WC="0.4600000083" CONTENT="6" HEIGHT="29" WIDTH="18" VPOS="270" HPOS="445"/></TextLine>
<TextLine HEIGHT="41" WIDTH="482" VPOS="309" HPOS="52"><String STYLE="bold" STYLEREFS="font0" WC="0.3560000062" CONTENT="punke" HEIGHT="38" WIDTH="97" VPOS="312" HPOS="52"/><SP WIDTH="10" VPOS="320" HPOS="150"/><String STYLE="bold" STYLEREFS="font0" WC="0.3866666555" CONTENT="per" HEIGHT="28" WIDTH="46" VPOS="320" HPOS="161"/><SP WIDTH="8" VPOS="320" HPOS="208"/><String STYLE="bold italics" STYLEREFS="font0" WC="0.4355555475" CONTENT="cafligare" HEIGHT="37" WIDTH="123" VPOS="313" HPOS="217"/><SP WIDTH="87" VPOS="316" HPOS="341"/><String STYLE="bold" STYLEREFS="font0" WC="0.4950000048" CONTENT="(cattivi" HEIGHT="38" WIDTH="105" VPOS="309" HPOS="429"/></TextLine>
<TextLine HEIGHT="41" WIDTH="487" VPOS="350" HPOS="53"><String STYLE="bold" STYLEREFS="font0" WC="0.2899999917" CONTENT="e" HEIGHT="19" WIDTH="17" VPOS="363" HPOS="53"/><SP WIDTH="8" VPOS="362" HPOS="71"/><String STYLE="bold" STYLEREFS="font0" WC="0.412499994" CONTENT="tencr’in" HEIGHT="31" WIDTH="114" VPOS="351" HPOS="80"/><SP WIDTH="7" VPOS="350" HPOS="195"/><String STYLE="bold" STYLEREFS="font0" WC="0.5440000296" CONTENT="freno" HEIGHT="31" WIDTH="81" VPOS="350" HPOS="203"/><SP WIDTH="6" VPOS="363" HPOS="285"/><String STYLE="bold" STYLEREFS="font0" WC="0.5233333111" CONTENT="gli" HEIGHT="37" WIDTH="36" VPOS="354" HPOS="292"/><SP WIDTH="5" VPOS="352" HPOS="329"/><String STYLE="bold" STYLEREFS="font0" WC="0.5669230819" CONTENT="fcelerati,»»&apos;" HEIGHT="33" WIDTH="157" VPOS="352" HPOS="335"/><SP WIDTH="1" VPOS="355" HPOS="493"/><String STYLE="bold italics" STYLEREFS="font0" WC="0.4424999952" CONTENT="ißi-" HEIGHT="31" WIDTH="45" VPOS="353" HPOS="495"/></TextLine>
<TextLine HEIGHT="40" WIDTH="477" VPOS="392" HPOS="67"><String STYLE="bold" STYLEREFS="font0" WC="0.4979999959" CONTENT="Qltre" HEIGHT="29" WIDTH="79" VPOS="395" HPOS="67"/><SP WIDTH="8" VPOS="392" HPOS="147"/><String STYLE="bold" STYLEREFS="font0" WC="0.4799999893" CONTENT="di" HEIGHT="28" WIDTH="25" VPOS="392" HPOS="156"/><SP WIDTH="7" VPOS="394" HPOS="182"/><String STYLE="bold" STYLEREFS="font0" WC="0.6266666651" CONTENT="cio" HEIGHT="28" WIDTH="42" VPOS="395" HPOS="190"/><SP WIDTH="7" VPOS="404" HPOS="233"/><String STYLE="bold" STYLEREFS="font0" WC="0.5224999785" CONTENT="ella" HEIGHT="28" WIDTH="50" VPOS="396" HPOS="241"/><SP WIDTH="6" VPOS="403" HPOS="292"/><String STYLE="bold" STYLEREFS="font0" WC="0.4149999917" CONTENT="tiee" HEIGHT="27" WIDTH="51" VPOS="396" HPOS="299"/><SP WIDTH="9" VPOS="404" HPOS="351"/><String STYLE="bold" STYLEREFS="font0" WC="0.3366666734" CONTENT="una" HEIGHT="20" WIDTH="52" VPOS="404" HPOS="361"/><SP WIDTH="6" VPOS="394" HPOS="414"/><String STYLE="bold" STYLEREFS="font0" WC="0.4011111259" CONTENT="biläcia,/" HEIGHT="39" WIDTH="123" VPOS="393" HPOS="421"/></TextLine>
<TextLine HEIGHT="37" WIDTH="355" VPOS="434" HPOS="51"><String STYLE="bold" STYLEREFS="font0" WC="0.6566666961" CONTENT="nel" HEIGHT="30" WIDTH="46" VPOS="436" HPOS="51"/><SP WIDTH="7" VPOS="434" HPOS="98"/><String STYLE="bold" STYLEREFS="font0" WC="0.6600000262" CONTENT="di" HEIGHT="29" WIDTH="26" VPOS="434" HPOS="106"/><SP WIDTH="12" VPOS="435" HPOS="133"/><String STYLE="bold" STYLEREFS="font0" WC="0.4055555463" CONTENT="cuibacile" HEIGHT="31" WIDTH="134" VPOS="435" HPOS="146"/><SP WIDTH="10" VPOS="437" HPOS="281"/><String STYLE="bold" STYLEREFS="font0" WC="0.2333333343" CONTENT="deftro" HEIGHT="30" WIDTH="88" VPOS="436" HPOS="292"/><SP WIDTH="9" VPOS="445" HPOS="381"/><String STYLE="bold" STYLEREFS="font0" WC="0.2399999946" CONTENT="z" HEIGHT="26" WIDTH="15" VPOS="445" HPOS="391"/></TextLine>
<TextLine HEIGHT="41" WIDTH="204" VPOS="475" HPOS="52"><String STYLE="bold" STYLEREFS="font0" WC="0.4040000141" CONTENT="pofti" HEIGHT="41" WIDTH="72" VPOS="475" HPOS="52"/><SP WIDTH="5" VPOS="476" HPOS="125"/><String STYLE="bold" STYLEREFS="font0" WC="0.3100000024" CONTENT="li" HEIGHT="29" WIDTH="18" VPOS="476" HPOS="131"/><SP WIDTH="8" VPOS="477" HPOS="150"/><String STYLE="bold" STYLEREFS="font0" WC="0.3985714316" CONTENT="meriti," HEIGHT="35" WIDTH="97" VPOS="479" HPOS="159"/></TextLine>
<TextLine HEIGHT="43" WIDTH="222" VPOS="518" HPOS="52"><String STYLE="bold" STYLEREFS="font0" WC="0.6919999719" CONTENT="dalla" HEIGHT="29" WIDTH="71" VPOS="518" HPOS="52"/><SP WIDTH="9" VPOS="519" HPOS="124"/><String STYLE="bold" STYLEREFS="font0" WC="0.5485714078" CONTENT="Gniftra" HEIGHT="30" WIDTH="94" VPOS="519" HPOS="134"/><SP WIDTH="9" VPOS="531" HPOS="229"/><String STYLE="bold italics" STYLEREFS="font0" WC="0.2599999905" CONTENT="\" HEIGHT="19" WIDTH="7" VPOS="534" HPOS="239"/><SP WIDTH="6" VPOS="530" HPOS="247"/><String STYLE="bold italics" STYLEREFS="font0" WC="0." CONTENT="y" HEIGHT="31" WIDTH="20" VPOS="530" HPOS="254"/></TextLine>
<TextLine HEIGHT="43" WIDTH="374" VPOS="558" HPOS="50"><String STYLE="bold" STYLEREFS="font0" WC="0.3700000048" CONTENT="fi" HEIGHT="31" WIDTH="20" VPOS="558" HPOS="50"/><SP WIDTH="7" VPOS="558" HPOS="71"/><String STYLE="bold" STYLEREFS="font0" WC="0.4590909183" CONTENT="bilanciano," HEIGHT="37" WIDTH="164" VPOS="560" HPOS="79"/><SP WIDTH="6" VPOS="573" HPOS="244"/><String STYLE="bold italics" STYLEREFS="font0" WC="0.451000005" CONTENT="agguiglian" HEIGHT="43" WIDTH="158" VPOS="558" HPOS="251"/><SP WIDTH="1" VPOS="570" HPOS="410"/><String STYLE="bold" STYLEREFS="font0" WC="0.25" CONTENT="o" HEIGHT="17" WIDTH="12" VPOS="570" HPOS="412"/></TextLine>
<TextLine HEIGHT="40" WIDTH="252" VPOS="603" HPOS="50"><String STYLE="bold" STYLEREFS="font0" WC="0.5933333039" CONTENT="gii" HEIGHT="40" WIDTH="38" VPOS="603" HPOS="50"/><SP WIDTH="10" VPOS="604" HPOS="89"/><String STYLE="bold" STYLEREFS="font0" WC="0.7466666698" CONTENT="uni" HEIGHT="27" WIDTH="48" VPOS="605" HPOS="100"/><SP WIDTH="5" VPOS="604" HPOS="149"/><String STYLE="bold" STYLEREFS="font0" WC="0.1400000006" CONTENT="ä" HEIGHT="31" WIDTH="16" VPOS="604" HPOS="155"/><SP WIDTH="10" VPOS="604" HPOS="172"/><String STYLE="bold" STYLEREFS="font0" WC="0.323333323" CONTENT="gli" HEIGHT="37" WIDTH="37" VPOS="604" HPOS="183"/><SP WIDTH="6" VPOS="605" HPOS="221"/><String STYLE="bold" STYLEREFS="font0" WC="0.3733333349" CONTENT="altri:" HEIGHT="32" WIDTH="74" VPOS="603" HPOS="228"/></TextLine>
<TextLine HEIGHT="47" WIDTH="493" VPOS="638" HPOS="50"><String STYLE="bold" STYLEREFS="font0" WC="0.3199999928" CONTENT="e" HEIGHT="19" WIDTH="17" VPOS="655" HPOS="50"/><SP WIDTH="4" VPOS="655" HPOS="68"/><String STYLE="bold" STYLEREFS="font0" WC="0.5366666913" CONTENT="per" HEIGHT="30" WIDTH="47" VPOS="655" HPOS="73"/><SP WIDTH="7" VPOS="655" HPOS="121"/><String STYLE="bold" STYLEREFS="font0" WC="0.7599999905" CONTENT="quefta" HEIGHT="39" WIDTH="90" VPOS="645" HPOS="129"/><SP WIDTH="6" VPOS="656" HPOS="220"/><String STYLE="bold" STYLEREFS="font0" WC="0.3866666555" CONTENT="via" HEIGHT="29" WIDTH="40" VPOS="645" HPOS="227"/><SP WIDTH="7" VPOS="655" HPOS="268"/><String STYLE="bold" STYLEREFS="font0" WC="0.6366666555" CONTENT="gli" HEIGHT="37" WIDTH="36" VPOS="645" HPOS="276"/><SP WIDTH="6" VPOS="644" HPOS="313"/><String STYLE="bold" STYLEREFS="font0" WC="0.3514285684" CONTENT="hudmini" HEIGHT="36" WIDTH="126" VPOS="641" HPOS="320"/><SP WIDTH="7" VPOS="639" HPOS="447"/><String STYLE="bold" STYLEREFS="font0" WC="0.1449999958" CONTENT="da" HEIGHT="29" WIDTH="32" VPOS="639" HPOS="455"/><SP WIDTH="5" VPOS="638" HPOS="488"/><String STYLE="bold" STYLEREFS="font0" WC="0.6600000262" CONTENT="be-" HEIGHT="31" WIDTH="49" VPOS="638" HPOS="494"/></TextLine>
<TextLine HEIGHT="41" WIDTH="459" VPOS="684" HPOS="83"><String STYLE="bold" STYLEREFS="font0" WC="0.4166666567" CONTENT="(ne,f&lt;mar" HEIGHT="38" WIDTH="139" VPOS="687" HPOS="83"/><String STYLEREFS="font0" WC="0.150000006" CONTENT="4" HEIGHT="19" WIDTH="15" VPOS="698" HPOS="224"/><String STYLE="bold" STYLEREFS="font0" WC="0.3600000143" CONTENT="f&lt;" HEIGHT="18" WIDTH="21" VPOS="696" HPOS="241"/><SP WIDTH="8" VPOS="685" HPOS="263"/><String STYLE="bold italics" STYLEREFS="font0" WC="0.8249999881" CONTENT="di" HEIGHT="30" WIDTH="28" VPOS="685" HPOS="272"/><SP WIDTH="8" VPOS="688" HPOS="301"/><String STYLE="bold italics" STYLEREFS="font0" WC="0.2599999905" CONTENT="D(o" HEIGHT="31" WIDTH="51" VPOS="687" HPOS="310"/><SP WIDTH="55" VPOS="687" HPOS="362"/><String STYLE="bold italics" STYLEREFS="font0" WC="0.3512499928" CONTENT="(animtti" HEIGHT="35" WIDTH="124" VPOS="684" HPOS="418"/></TextLine>
<TextLine HEIGHT="46" WIDTH="494" VPOS="725" HPOS="48"><String STYLE="bold" STYLEREFS="font0" WC="0.4339999855" CONTENT="fono," HEIGHT="37" WIDTH="86" VPOS="726" HPOS="48"/><SP WIDTH="9" VPOS="741" HPOS="135"/><String STYLE="bold italics" STYLEREFS="font0" WC="0.3514285684" CONTENT="vcngeno" HEIGHT="32" WIDTH="114" VPOS="739" HPOS="145"/><SP WIDTH="13" VPOS="738" HPOS="260"/><String STYLE="bold" STYLEREFS="font0" WC="0.300999999" CONTENT="allettati," HEIGHT="34" WIDTH="128" VPOS="726" HPOS="274"/><SP WIDTH="6" VPOS="727" HPOS="403"/><String STYLE="bold italics" STYLEREFS="font0" WC="0.7088888884" CONTENT="ftimeldti" HEIGHT="36" WIDTH="132" VPOS="725" HPOS="410"/></TextLine>
<TextLine HEIGHT="32" WIDTH="130" VPOS="771" HPOS="49"><String STYLE="bold" STYLEREFS="font0" WC="0.4399999976" CONTENT="alla" HEIGHT="28" WIDTH="52" VPOS="771" HPOS="49"/><SP WIDTH="8" VPOS="781" HPOS="102"/><String STYLE="bold" STYLEREFS="font0" WC="0.3619999886" CONTENT="virtu" HEIGHT="32" WIDTH="68" VPOS="771" HPOS="111"/></TextLine>
<TextLine HEIGHT="43" WIDTH="478" VPOS="807" HPOS="47"><String STYLE="bold" STYLEREFS="font0" WC="0.2849999964" CONTENT="Lome" HEIGHT="21" WIDTH="84" VPOS="821" HPOS="47"/><SP WIDTH="8" VPOS="822" HPOS="132"/><String STYLE="bold" STYLEREFS="font0" WC="0.3833333254" CONTENT="con" HEIGHT="21" WIDTH="55" VPOS="821" HPOS="141"/><SP WIDTH="5" VPOS="819" HPOS="197"/><String STYLE="bold" STYLEREFS="font0" WC="0.7950000167" CONTENT="rann" HEIGHT="21" WIDTH="67" VPOS="818" HPOS="203"/><SP WIDTH="6" VPOS="810" HPOS="271"/><String STYLE="bold" STYLEREFS="font0" WC="0.34375" CONTENT="fperoni," HEIGHT="40" WIDTH="115" VPOS="810" HPOS="278"/><String STYLE="bold italics" STYLEREFS="font0" WC="0.3330000043" CONTENT="ßirot&gt;i.i&amp;" HEIGHT="39" WIDTH="128" VPOS="807" HPOS="397"/></TextLine>
<TextLine HEIGHT="36" WIDTH="314" VPOS="852" HPOS="90"><String STYLE="bold" STYLEREFS="font0" WC="0.3199999928" CONTENT="Nel" HEIGHT="32" WIDTH="55" VPOS="854" HPOS="90"/><SP WIDTH="8" VPOS="853" HPOS="146"/><String STYLE="bold" STYLEREFS="font0" WC="0.4474999905" CONTENT="kare" HEIGHT="35" WIDTH="55" VPOS="853" HPOS="155"/><SP WIDTH="6" VPOS="854" HPOS="211"/><String STYLE="bold" STYLEREFS="font0" WC="0.25" CONTENT="i" HEIGHT="30" WIDTH="10" VPOS="854" HPOS="218"/><SP WIDTH="6" VPOS="854" HPOS="229"/><String STYLE="bold" STYLEREFS="font0" WC="0.400000006" CONTENT="con;ratti," HEIGHT="35" WIDTH="139" VPOS="852" HPOS="236"/><SP WIDTH="6" VPOS="861" HPOS="376"/><String STYLE="bold" STYLEREFS="font0" WC="0.25" CONTENT="n" HEIGHT="19" WIDTH="21" VPOS="861" HPOS="383"/></TextLine>
<TextLine HEIGHT="41" WIDTH="150" VPOS="884" HPOS="393" STYLEREFS="font0"><String STYLE="bold" WC="0.4040000141" CONTENT="(&quot;za," HEIGHT="34" WIDTH="60" VPOS="891" HPOS="393"/><SP WIDTH="9" VPOS="888" HPOS="454"/><String STYLE="bold italics" WC="0.5933333039" CONTENT="lealtd" HEIGHT="31" WIDTH="79" VPOS="884" HPOS="464"/></TextLine>
<TextLine HEIGHT="48" WIDTH="481" VPOS="927" HPOS="48"><String STYLE="bold" STYLEREFS="font0" WC="1." CONTENT="fi" HEIGHT="31" WIDTH="21" VPOS="929" HPOS="48"/><SP WIDTH="10" VPOS="929" HPOS="70"/><String STYLE="bold" STYLEREFS="font0" WC="0.5419999957" CONTENT="vada," HEIGHT="34" WIDTH="80" VPOS="930" HPOS="81"/><SP WIDTH="4" VPOS="940" HPOS="162"/><String STYLE="bold italics" STYLEREFS="font0" WC="0.3457142711" CONTENT="ftaeeda" HEIGHT="42" WIDTH="108" VPOS="933" HPOS="167"/><SP WIDTH="11" VPOS="941" HPOS="276"/><String STYLE="bold" STYLEREFS="font0" WC="0.5333333611" CONTENT="con" HEIGHT="21" WIDTH="56" VPOS="941" HPOS="288"/><SP WIDTH="6" VPOS="940" HPOS="345"/><String STYLE="bold" STYLEREFS="font0" WC="0.5149999857" CONTENT="Qgni" HEIGHT="38" WIDTH="65" VPOS="930" HPOS="352"/><SP WIDTH="8" VPOS="930" HPOS="418"/><String STYLE="bold" STYLEREFS="font0" WC="0.4114285707" CONTENT="chiarez" HEIGHT="27" WIDTH="102" VPOS="927" HPOS="427"/></TextLine>
<TextLine HEIGHT="42" WIDTH="494" VPOS="968" HPOS="49"><String STYLE="bold" STYLEREFS="font0" WC="0.2399999946" CONTENT="ß" HEIGHT="31" WIDTH="20" VPOS="971" HPOS="49"/><SP WIDTH="17" VPOS="971" HPOS="70"/><String STYLE="bold" STYLEREFS="font0" WC="0.3425000012" CONTENT="vuol" HEIGHT="32" WIDTH="65" VPOS="972" HPOS="88"/><SP WIDTH="17" VPOS="972" HPOS="154"/><String STYLE="bold" STYLEREFS="font0" WC="0.5766666532" CONTENT="renpr," HEIGHT="30" WIDTH="94" VPOS="980" HPOS="172"/><SP WIDTH="14" VPOS="981" HPOS="267"/><String STYLE="bold" STYLEREFS="font0" WC="0.3322222233" CONTENT="pflervare" HEIGHT="32" WIDTH="129" VPOS="973" HPOS="282"/><SP WIDTH="18" VPOS="978" HPOS="412"/><String STYLE="bold" STYLEREFS="font0" WC="0.2549999952" CONTENT="precila-" HEIGHT="41" WIDTH="112" VPOS="968" HPOS="431"/></TextLine>
<TextLine HEIGHT="43" WIDTH="205" VPOS="1013" HPOS="332"><String STYLE="bold" STYLEREFS="font0" WC="0.5633333325" CONTENT="(mente" HEIGHT="42" WIDTH="109" VPOS="1014" HPOS="332"/><SP WIDTH="8" VPOS="1013" HPOS="442"/><String STYLE="bold" STYLEREFS="font0" WC="0.3300000131" CONTENT="i" HEIGHT="27" WIDTH="8" VPOS="1013" HPOS="451"/><SP WIDTH="7" VPOS="1013" HPOS="460"/><String STYLE="bold" STYLEREFS="font0" WC="0.474999994" CONTENT="pattij" HEIGHT="40" WIDTH="69" VPOS="1013" HPOS="468"/></TextLine>
<TextLine HEIGHT="46" WIDTH="433" VPOS="1053" HPOS="48"><String STYLE="bold" STYLEREFS="font0" WC="0.125" CONTENT="ed" HEIGHT="30" WIDTH="35" VPOS="1058" HPOS="48"/><SP WIDTH="8" VPOS="1058" HPOS="84"/><String STYLE="bold" STYLEREFS="font0" WC="0.3400000036" CONTENT="artender" HEIGHT="34" WIDTH="123" VPOS="1057" HPOS="93"/><SP WIDTH="8" VPOS="1069" HPOS="217"/><String STYLE="bold" STYLEREFS="font0" WC="0.462500006" CONTENT="alla" HEIGHT="35" WIDTH="51" VPOS="1057" HPOS="226"/><SP WIDTH="7" VPOS="1069" HPOS="278"/><String STYLE="bold" STYLEREFS="font0" WC="0.3166666627" CONTENT="parola" HEIGHT="40" WIDTH="94" VPOS="1059" HPOS="286"/><SP WIDTH="12" VPOS="1057" HPOS="381"/><String STYLE="bold" STYLEREFS="font0" WC="0.3059999943" CONTENT="fpcia" HEIGHT="44" WIDTH="70" VPOS="1053" HPOS="394"/><SP WIDTH="5" VPOS="1067" HPOS="465"/><String STYLE="bold" STYLEREFS="font0" WC="0.2399999946" CONTENT="j" HEIGHT="22" WIDTH="10" VPOS="1067" HPOS="471"/></TextLine>
<TextLine HEIGHT="39" WIDTH="458" VPOS="1098" HPOS="47"><String STYLE="bold" STYLEREFS="font0" WC="0.4714285731" CONTENT="rendere" HEIGHT="30" WIDTH="113" VPOS="1100" HPOS="47"/><SP WIDTH="7" VPOS="1101" HPOS="161"/><String STYLE="bold" STYLEREFS="font0" WC="0.4129999876" CONTENT="fedelmente" HEIGHT="31" WIDTH="166" VPOS="1101" HPOS="169"/><SP WIDTH="6" VPOS="1102" HPOS="336"/><String STYLE="bold" STYLEREFS="font0" WC="0.2899999917" CONTENT="il" HEIGHT="26" WIDTH="20" VPOS="1102" HPOS="343"/><SP WIDTH="7" VPOS="1101" HPOS="364"/><String STYLE="bold" STYLEREFS="font0" WC="0.5033333302" CONTENT="dcpöfito," HEIGHT="39" WIDTH="133" VPOS="1098" HPOS="372"/></TextLine>
<TextLine HEIGHT="37" WIDTH="496" VPOS="1136" HPOS="45"><String STYLE="bold" STYLEREFS="font0" WC="1." CONTENT="«" HEIGHT="19" WIDTH="17" VPOS="1151" HPOS="45"/><SP WIDTH="7" VPOS="1151" HPOS="63"/><String STYLE="bold" STYLEREFS="font0" WC="0.3366666734" CONTENT="cib" HEIGHT="27" WIDTH="43" VPOS="1142" HPOS="71"/><SP WIDTH="7" VPOS="1142" HPOS="115"/><String STYLE="bold" STYLEREFS="font0" WC="0.5" CONTENT="«h&apos;" HEIGHT="28" WIDTH="42" VPOS="1140" HPOS="123"/><SP WIDTH="4" VPOS="1140" HPOS="166"/><String STYLE="bold" STYLEREFS="font0" WC="0.6200000048" CONTENT="«i" HEIGHT="24" WIDTH="15" VPOS="1144" HPOS="171"/><SP WIDTH="7" VPOS="1140" HPOS="187"/><String STYLE="bold" STYLEREFS="font0" WC="0.5440000296" CONTENT="stak«" HEIGHT="31" WIDTH="67" VPOS="1140" HPOS="195"/><SP WIDTH="7" VPOS="1136" HPOS="263"/><String STYLE="bold" STYLEREFS="font0" WC="0.174999997" CONTENT="dato" HEIGHT="34" WIDTH="64" VPOS="1136" HPOS="271"/><SP WIDTH="5" VPOS="1149" HPOS="336"/><String STYLE="bold" STYLEREFS="font0" WC="0.5899999738" CONTENT="ad" HEIGHT="31" WIDTH="34" VPOS="1140" HPOS="342"/><SP WIDTH="4" VPOS="1140" HPOS="377"/><String STYLE="bold" STYLEREFS="font0" WC="0.3145454526" CONTENT="impreftito;" HEIGHT="37" WIDTH="159" VPOS="1136" HPOS="382"/></TextLine>
<TextLine HEIGHT="44" WIDTH="206" VPOS="1177" HPOS="47"><String STYLE="bold" STYLEREFS="font1" WC="0.4566666782" CONTENT="pagar&apos;" HEIGHT="43" WIDTH="86" VPOS="1178" HPOS="47"/><String STYLE="bold" STYLEREFS="font0" WC="0.5099999905" CONTENT="i" HEIGHT="26" WIDTH="8" VPOS="1180" HPOS="145"/><SP WIDTH="6" VPOS="1178" HPOS="154"/><String STYLE="bold" STYLEREFS="font0" WC="0.5085714459" CONTENT="debiti," HEIGHT="34" WIDTH="92" VPOS="1177" HPOS="161"/></TextLine>
<TextLine HEIGHT="37" WIDTH="485" VPOS="1216" HPOS="46"><String STYLE="bold" STYLEREFS="font0" WC="0.2333333343" CONTENT="che" HEIGHT="29" WIDTH="50" VPOS="1224" HPOS="46"/><SP WIDTH="8" VPOS="1232" HPOS="97"/><String STYLE="bold" STYLEREFS="font0" WC="0.4728571475" CONTENT="neffuno" HEIGHT="34" WIDTH="116" VPOS="1219" HPOS="106"/><SP WIDTH="8" VPOS="1228" HPOS="223"/><String STYLE="bold" STYLEREFS="font0" WC="0.4466666579" CONTENT="tubbij" HEIGHT="35" WIDTH="96" VPOS="1216" HPOS="232"/><SP WIDTH="167" VPOS="1220" HPOS="329"/><String STYLE="bold" STYLEREFS="font0" WC="0.2300000042" CONTENT="»" HEIGHT="22" WIDTH="34" VPOS="1220" HPOS="497"/></TextLine>
<TextLine HEIGHT="49" WIDTH="469" VPOS="1257" HPOS="45"><String STYLE="bold" STYLEREFS="font0" WC="0.3633333445" CONTENT="tie" HEIGHT="24" WIDTH="38" VPOS="1275" HPOS="45"/><SP WIDTH="11" VPOS="1266" HPOS="84"/><String STYLE="bold" STYLEREFS="font0" WC="0.3330000043" CONTENT="danneggiil" HEIGHT="44" WIDTH="155" VPOS="1262" HPOS="96"/><SP WIDTH="8" VPOS="1263" HPOS="252"/><String STYLE="bold" STYLEREFS="font0" WC="0.28125" CONTENT="pröflimo" HEIGHT="46" WIDTH="130" VPOS="1257" HPOS="261"/><SP WIDTH="8" VPOS="1257" HPOS="392"/><String STYLE="bold" STYLEREFS="font0" WC="0.3033333421" CONTENT="luo" HEIGHT="31" WIDTH="48" VPOS="1257" HPOS="401"/><SP WIDTH="6" VPOS="1267" HPOS="450"/><String STYLE="bold" STYLEREFS="font0" WC="1." CONTENT="&gt;" HEIGHT="13" WIDTH="8" VPOS="1278" HPOS="457"/><SP WIDTH="14" VPOS="1264" HPOS="466"/><String STYLE="bold" STYLEREFS="font0" WC="0.4099999964" CONTENT="I" HEIGHT="23" WIDTH="10" VPOS="1264" HPOS="481"/><SP WIDTH="8" VPOS="1264" HPOS="492"/><String STYLE="bold" STYLEREFS="font0" WC="1." CONTENT="z" HEIGHT="28" WIDTH="13" VPOS="1265" HPOS="501"/></TextLine>
<TextLine HEIGHT="41" WIDTH="331" VPOS="1346" HPOS="45"><String STYLE="bold" STYLEREFS="font0" WC="0.3799999952" CONTENT="diafi" HEIGHT="32" WIDTH="63" VPOS="1347" HPOS="45"/><SP WIDTH="8" VPOS="1347" HPOS="109"/><String STYLE="bold" STYLEREFS="font0" WC="0." CONTENT="ad" HEIGHT="30" WIDTH="33" VPOS="1348" HPOS="118"/><SP WIDTH="7" VPOS="1348" HPOS="152"/><String STYLE="bold" STYLEREFS="font0" WC="0.6183333397" CONTENT="ognuno" HEIGHT="29" WIDTH="117" VPOS="1358" HPOS="160"/><SP WIDTH="6" VPOS="1348" HPOS="278"/><String STYLE="bold" STYLEREFS="font0" WC="0.7549999952" CONTENT="’l" HEIGHT="28" WIDTH="18" VPOS="1348" HPOS="285"/><SP WIDTH="7" VPOS="1346" HPOS="304"/><String STYLE="bold" STYLEREFS="font0" WC="0.3425000012" CONTENT="fuo;" HEIGHT="32" WIDTH="64" VPOS="1346" HPOS="312"/></TextLine>
<TextLine HEIGHT="34" WIDTH="492" VPOS="1390" HPOS="45"><String STYLE="bold" STYLEREFS="font0" WC="0.5087500215" CONTENT="cotefti," HEIGHT="33" WIDTH="104" VPOS="1391" HPOS="45"/><SP WIDTH="7" VPOS="1399" HPOS="150"/><String STYLE="bold italics" STYLEREFS="font0" WC="0.6225000024" CONTENT="tali" HEIGHT="27" WIDTH="49" VPOS="1393" HPOS="158"/><SP WIDTH="6" VPOS="1390" HPOS="208"/><String STYLE="bold" STYLEREFS="font0" WC="0.2399999946" CONTENT="fonp" HEIGHT="34" WIDTH="68" VPOS="1390" HPOS="215"/><SP WIDTH="7" VPOS="1391" HPOS="284"/><String STYLE="bold" STYLEREFS="font0" WC="0.4650000036" CONTENT="le" HEIGHT="31" WIDTH="25" VPOS="1391" HPOS="292"/><SP WIDTH="10" VPOS="1391" HPOS="318"/><String STYLE="bold" STYLEREFS="font0" WC="0.3000000119" CONTENT="leesi," HEIGHT="34" WIDTH="84" VPOS="1390" HPOS="329"/><SP WIDTH="9" VPOS="1390" HPOS="414"/><String STYLE="bold italics" STYLEREFS="font0" WC="0.4362500012" CONTENT="iprecet-" HEIGHT="34" WIDTH="113" VPOS="1390" HPOS="424"/></TextLine>
<TextLine HEIGHT="40" WIDTH="488" VPOS="1430" HPOS="49"><String STYLE="bold" STYLEREFS="font0" WC="0.6420000196" CONTENT="della" HEIGHT="29" WIDTH="70" VPOS="1433" HPOS="49"/><SP WIDTH="9" VPOS="1433" HPOS="120"/><String STYLE="bold" STYLEREFS="font0" WC="0.5830000043" CONTENT="Giuftitia." HEIGHT="33" WIDTH="127" VPOS="1432" HPOS="130"/><SP WIDTH="241" VPOS="1430" HPOS="258"/><String STYLE="bold italics" STYLEREFS="font0" WC="0.5799999833" CONTENT="[t&gt;" HEIGHT="40" WIDTH="37" VPOS="1430" HPOS="500"/></TextLine>
<TextLine HEIGHT="42" WIDTH="442" VPOS="1471" HPOS="94"><String STYLE="bold" STYLEREFS="font0" WC="0.5033333302" CONTENT="Dio" HEIGHT="28" WIDTH="57" VPOS="1475" HPOS="94"/><SP WIDTH="13" VPOS="1484" HPOS="152"/><String STYLE="bold" STYLEREFS="font0" WC="0.3050000072" CONTENT="ei" HEIGHT="28" WIDTH="23" VPOS="1475" HPOS="166"/><SP WIDTH="13" VPOS="1475" HPOS="190"/><String STYLE="bold" STYLEREFS="font0" WC="0.359166652" CONTENT="projiibifc#," HEIGHT="41" WIDTH="168" VPOS="1472" HPOS="204"/><SP WIDTH="20" VPOS="1487" HPOS="373"/><String STYLE="bold italics" STYLEREFS="font0" WC="0.4183333218" CONTENT="■vieta" HEIGHT="27" WIDTH="76" VPOS="1475" HPOS="394"/><SP WIDTH="18" VPOS="1480" HPOS="471"/><String STYLE="bold" STYLEREFS="font0" WC="0.4699999988" CONTENT="tali" HEIGHT="28" WIDTH="46" VPOS="1471" HPOS="490"/></TextLine>
<TextLine HEIGHT="42" WIDTH="133" VPOS="1511" HPOS="403"><String STYLE="bold" STYLEREFS="font0" WC="0.4939999878" CONTENT="(trascorfi" HEIGHT="42" WIDTH="133" VPOS="1511" HPOS="403"/></TextLine>
<TextLine HEIGHT="43" WIDTH="305" VPOS="1554" HPOS="44"><String STYLE="bold" STYLEREFS="font0" WC="0.3300000131" CONTENT="»elquinto," HEIGHT="40" WIDTH="162" VPOS="1557" HPOS="44"/><SP WIDTH="11" VPOS="1566" HPOS="207"/><String STYLE="bold" STYLEREFS="font0" WC="0.2325000018" CONTENT="efettim«" HEIGHT="34" WIDTH="130" VPOS="1554" HPOS="219"/></TextLine>
<TextLine HEIGHT="37" WIDTH="472" VPOS="1598" HPOS="44"><String STYLE="bold" STYLEREFS="font0" WC="0.4607692361" CONTENT="cemmandamepto" HEIGHT="33" WIDTH="265" VPOS="1598" HPOS="44"/><SP WIDTH="9" VPOS="1598" HPOS="310"/><String STYLE="bold" STYLEREFS="font0" WC="0.5333333611" CONTENT="de!" HEIGHT="30" WIDTH="43" VPOS="1598" HPOS="320"/><SP WIDTH="9" VPOS="1599" HPOS="364"/><String STYLE="bold" STYLEREFS="font0" WC="0.4362500012" CONTENT="Dec*logo" HEIGHT="36" WIDTH="142" VPOS="1599" HPOS="374"/></TextLine>
</TextBlock>
<TextBlock ID="Page1_Block5" HEIGHT="1462" WIDTH="518" VPOS="182" HPOS="540" language="de"><Shape><Polygon POINTS="554,182 1058,182 1058,1644 540,1644 540,1594 542,1594 542,1554 544,1554 544,1428 546,1428 546,1342 616,1342 616,1310 546,1310 546,1214 548,1214 548,1094 550,1094 550,926 568,926 568,850 550,850 550,772 548,772 548,718 582,718 582,650 552,650 552,474 554,474 554,430 582,430 582,388 554,388 554,314 552,314 552,266 554,266 554,182"/></Shape>
<TextLine HEIGHT="34" WIDTH="335" VPOS="184" HPOS="557"><String STYLE="bold" STYLEREFS="font0" WC="0.2816666663" CONTENT="tenant" HEIGHT="22" WIDTH="96" VPOS="194" HPOS="557"/><SP WIDTH="7" VPOS="194" HPOS="654"/><String STYLE="bold" STYLEREFS="font0" WC="0.1899999976" CONTENT="a" HEIGHT="17" WIDTH="14" VPOS="198" HPOS="662"/><SP WIDTH="7" VPOS="188" HPOS="677"/><String STYLE="bold" STYLEREFS="font0" WC="0.3400000036" CONTENT="la" HEIGHT="29" WIDTH="25" VPOS="188" HPOS="685"/><SP WIDTH="9" VPOS="198" HPOS="711"/><String STYLE="bold" STYLEREFS="font0" WC="0.3199999928" CONTENT="main" HEIGHT="30" WIDTH="75" VPOS="188" HPOS="721"/><SP WIDTH="8" VPOS="184" HPOS="797"/><String STYLE="bold" STYLEREFS="font0" WC="0.7699999809" CONTENT="droits" HEIGHT="34" WIDTH="86" VPOS="184" HPOS="806"/></TextLine>
<TextLine HEIGHT="38" WIDTH="127" VPOS="229" HPOS="557"><String STYLEREFS="font0" WC="0.2899999917" CONTENT="1" HEIGHT="27" WIDTH="9" VPOS="229" HPOS="557"/><String STYLE="bold" STYLEREFS="font0" WC="1." CONTENT="&apos;" HEIGHT="8" WIDTH="5" VPOS="235" HPOS="569"/><SP WIDTH="7" VPOS="235" HPOS="575"/><String STYLE="bold" STYLEREFS="font0" WC="0.5339999795" CONTENT="epee," HEIGHT="29" WIDTH="75" VPOS="238" HPOS="583"/><SP WIDTH="11" VPOS="239" HPOS="659"/><String STYLE="bold" STYLEREFS="font0" WC="0.2399999946" CONTENT="j" HEIGHT="25" WIDTH="13" VPOS="239" HPOS="671"/></TextLine>
<TextLine HEIGHT="39" WIDTH="363" VPOS="269" HPOS="557"><String STYLE="bold" STYLEREFS="font0" WC="0.7950000167" CONTENT="ayec" HEIGHT="24" WIDTH="62" VPOS="281" HPOS="557"/><SP WIDTH="6" VPOS="280" HPOS="620"/><String STYLE="bold" STYLEREFS="font0" WC="0.349999994" CONTENT="une" HEIGHT="19" WIDTH="54" VPOS="279" HPOS="627"/><SP WIDTH="6" VPOS="269" HPOS="682"/><String STYLE="bold" STYLEREFS="font0" WC="0.4850000143" CONTENT="bride," HEIGHT="37" WIDTH="84" VPOS="269" HPOS="689"/><SP WIDTH="7" VPOS="280" HPOS="774"/><String STYLE="bold italics" STYLEREFS="font0" WC="0.3700000048" CONTENT="im" HEIGHT="19" WIDTH="35" VPOS="280" HPOS="782"/><SP WIDTH="2" VPOS="271" HPOS="818"/><String STYLE="bold italics" STYLEREFS="font0" WC="0.6439999938" CONTENT="ficin" HEIGHT="37" WIDTH="71" VPOS="271" HPOS="821"/><SP WIDTH="6" VPOS="270" HPOS="893"/><String STYLE="bold italics" STYLEREFS="font0" WC="0.1899999976" CONTENT="6" HEIGHT="31" WIDTH="20" VPOS="270" HPOS="900"/></TextLine>
<TextLine HEIGHT="38" WIDTH="169" VPOS="313" HPOS="557"><String STYLE="bold" STYLEREFS="font0" WC="0.6750000119" CONTENT="pour" HEIGHT="29" WIDTH="68" VPOS="322" HPOS="557"/><SP WIDTH="11" VPOS="322" HPOS="626"/><String STYLE="bold" STYLEREFS="font0" WC="0.3950000107" CONTENT="pupir," HEIGHT="38" WIDTH="88" VPOS="313" HPOS="638"/></TextLine>
<TextLine HEIGHT="32" WIDTH="359" VPOS="351" HPOS="557"><String STYLE="bold" STYLEREFS="font0" WC="0.6999999881" CONTENT="&amp;" HEIGHT="26" WIDTH="27" VPOS="357" HPOS="557"/><SP WIDTH="6" VPOS="357" HPOS="585"/><String STYLE="bold" STYLEREFS="font0" WC="0.3762499988" CONTENT="refrener" HEIGHT="30" WIDTH="120" VPOS="353" HPOS="592"/><SP WIDTH="13" VPOS="354" HPOS="713"/><String STYLE="bold" STYLEREFS="font0" WC="0.4366666675" CONTENT="les" HEIGHT="28" WIDTH="37" VPOS="354" HPOS="727"/><SP WIDTH="13" VPOS="360" HPOS="765"/><String STYLE="bold" STYLEREFS="font0" WC="0.4562500119" CONTENT="mechans." HEIGHT="30" WIDTH="137" VPOS="351" HPOS="779"/></TextLine>
<TextLine HEIGHT="42" WIDTH="462" VPOS="392" HPOS="586"><String STYLE="bold" STYLEREFS="font0" WC="0.6000000238" CONTENT="De" HEIGHT="27" WIDTH="41" VPOS="397" HPOS="586"/><SP WIDTH="10" VPOS="406" HPOS="628"/><String STYLE="bold" STYLEREFS="font0" WC="0.4499999881" CONTENT="plus" HEIGHT="38" WIDTH="58" VPOS="396" HPOS="639"/><SP WIDTH="7" VPOS="405" HPOS="698"/><String STYLE="bold" STYLEREFS="font0" WC="0.5" CONTENT="eile" HEIGHT="28" WIDTH="49" VPOS="396" HPOS="706"/><SP WIDTH="8" VPOS="402" HPOS="756"/><String STYLE="bold" STYLEREFS="font0" WC="0.4320000112" CONTENT="tient" HEIGHT="29" WIDTH="68" VPOS="395" HPOS="765"/><SP WIDTH="7" VPOS="401" HPOS="834"/><String STYLE="bold" STYLEREFS="font0" WC="0.5966666937" CONTENT="une" HEIGHT="20" WIDTH="51" VPOS="403" HPOS="842"/><SP WIDTH="8" VPOS="394" HPOS="894"/><String STYLE="bold" STYLEREFS="font0" WC="0.4144444466" CONTENT="balanc?,?" HEIGHT="39" WIDTH="145" VPOS="392" HPOS="903"/></TextLine>
<TextLine HEIGHT="41" WIDTH="476" VPOS="434" HPOS="558"><String STYLE="bold" STYLEREFS="font0" WC="0.5749999881" CONTENT="dans" HEIGHT="30" WIDTH="63" VPOS="437" HPOS="558"/><SP WIDTH="7" VPOS="437" HPOS="622"/><String STYLE="bold" STYLEREFS="font0" WC="0.6750000119" CONTENT="le" HEIGHT="29" WIDTH="23" VPOS="437" HPOS="630"/><SP WIDTH="8" VPOS="438" HPOS="654"/><String STYLE="bold" STYLEREFS="font0" WC="0.5016666651" CONTENT="baflin" HEIGHT="30" WIDTH="84" VPOS="436" HPOS="663"/><SP WIDTH="9" VPOS="436" HPOS="748"/><String STYLE="bold" STYLEREFS="font0" WC="0.3199999928" CONTENT="droit" HEIGHT="30" WIDTH="72" VPOS="435" HPOS="758"/><SP WIDTH="6" VPOS="434" HPOS="831"/><String STYLE="bold" STYLEREFS="font0" WC="0.6399999857" CONTENT="de" HEIGHT="29" WIDTH="32" VPOS="434" HPOS="838"/><SP WIDTH="7" VPOS="436" HPOS="871"/><String STYLE="bold" STYLEREFS="font0" WC="0.4900000095" CONTENT="la" HEIGHT="33" WIDTH="26" VPOS="436" HPOS="879"/><SP WIDTH="6" VPOS="445" HPOS="906"/><String STYLE="bold" STYLEREFS="font0" WC="0.4116666615" CONTENT="quelle" HEIGHT="40" WIDTH="87" VPOS="435" HPOS="913"/><SP WIDTH="13" VPOS="439" HPOS="1001"/><String STYLE="bold" STYLEREFS="font0" WC="0.2599999905" CONTENT="{" HEIGHT="29" WIDTH="19" VPOS="439" HPOS="1015"/></TextLine>
<TextLine HEIGHT="31" WIDTH="292" VPOS="478" HPOS="556"><String STYLE="bold" STYLEREFS="font0" WC="0.4839999974" CONTENT="aiant" HEIGHT="28" WIDTH="69" VPOS="481" HPOS="556"/><SP WIDTH="9" VPOS="487" HPOS="626"/><String STYLE="bold" STYLEREFS="font0" WC="0.4233333468" CONTENT="mit" HEIGHT="28" WIDTH="50" VPOS="480" HPOS="636"/><SP WIDTH="9" VPOS="480" HPOS="687"/><String STYLE="bold" STYLEREFS="font0" WC="0.5533333421" CONTENT="les" HEIGHT="28" WIDTH="37" VPOS="480" HPOS="697"/><SP WIDTH="5" VPOS="489" HPOS="735"/><String STYLE="bold" STYLEREFS="font0" WC="0.2800000012" CONTENT="merket" HEIGHT="30" WIDTH="107" VPOS="478" HPOS="741"/></TextLine>
<TextLine HEIGHT="42" WIDTH="273" VPOS="517" HPOS="556"><String STYLE="bold" STYLEREFS="font0" WC="0.3100000024" CONTENT="&amp;lesrecompenfet" HEIGHT="42" WIDTH="273" VPOS="517" HPOS="556"/></TextLine>
<TextLine HEIGHT="43" WIDTH="367" VPOS="558" HPOS="557"><String STYLE="bold" STYLEREFS="font0" WC="0.2649999857" CONTENT="dans" HEIGHT="29" WIDTH="62" VPOS="562" HPOS="557"/><SP WIDTH="7" VPOS="562" HPOS="620"/><String STYLEREFS="font0" WC="0.400000006" CONTENT="1" HEIGHT="29" WIDTH="9" VPOS="562" HPOS="628"/><String STYLE="bold" STYLEREFS="font0" WC="1." CONTENT="&apos;" HEIGHT="8" WIDTH="3" VPOS="564" HPOS="641"/><SP WIDTH="7" VPOS="564" HPOS="645"/><String STYLE="bold" STYLEREFS="font0" WC="0.448333323" CONTENT="autre," HEIGHT="27" WIDTH="82" VPOS="570" HPOS="653"/><SP WIDTH="8" VPOS="565" HPOS="736"/><String STYLE="bold italics" STYLEREFS="font0" WC="0.337500006" CONTENT="lagaucht" HEIGHT="43" WIDTH="129" VPOS="558" HPOS="745"/><String STYLE="bold" STYLEREFS="font0" WC="0.3199999928" CONTENT=";" HEIGHT="26" WIDTH="9" VPOS="566" HPOS="883"/><SP WIDTH="12" VPOS="566" HPOS="893"/><String STYLE="bold" STYLEREFS="font0" WC="1." CONTENT="-" HEIGHT="26" WIDTH="18" VPOS="567" HPOS="906"/></TextLine>
<TextLine HEIGHT="43" WIDTH="489" VPOS="602" HPOS="556"><String STYLE="bold" STYLEREFS="font0" WC="0.349999994" CONTENT="eil«" HEIGHT="29" WIDTH="49" VPOS="605" HPOS="556"/><SP WIDTH="8" VPOS="604" HPOS="606"/><String STYLE="bold" STYLEREFS="font0" WC="0.7275000215" CONTENT="balance," HEIGHT="31" WIDTH="123" VPOS="604" HPOS="615"/><SP WIDTH="8" VPOS="615" HPOS="739"/><String STYLE="bold italics" STYLEREFS="font0" WC="0.5040000081" CONTENT="egale" HEIGHT="40" WIDTH="69" VPOS="605" HPOS="748"/><SP WIDTH="6" VPOS="602" HPOS="818"/><String STYLE="bold" STYLEREFS="font0" WC="0.3366666734" CONTENT="les" HEIGHT="29" WIDTH="38" VPOS="602" HPOS="825"/><SP WIDTH="5" VPOS="610" HPOS="864"/><String STYLE="bold" STYLEREFS="font0" WC="0.3100000024" CONTENT="uns" HEIGHT="19" WIDTH="51" VPOS="608" HPOS="870"/><SP WIDTH="12" VPOS="608" HPOS="922"/><String STYLE="bold" STYLEREFS="font0" WC="0.2133333385" CONTENT="»ux" HEIGHT="21" WIDTH="53" VPOS="604" HPOS="935"/><SP WIDTH="6" VPOS="604" HPOS="989"/><String STYLE="bold" STYLEREFS="font0" WC="0.25" CONTENT="au*" HEIGHT="23" WIDTH="49" VPOS="605" HPOS="996"/></TextLine>
<TextLine HEIGHT="42" WIDTH="361" VPOS="639" HPOS="685"><String STYLE="bold" STYLEREFS="font0" WC="0.4050000012" CONTENT="(tresj" HEIGHT="34" WIDTH="80" VPOS="647" HPOS="685"/><SP WIDTH="51" VPOS="648" HPOS="766"/><String STYLE="bold italics" STYLEREFS="font0" WC="0.4090909064" CONTENT="faraigildut" HEIGHT="40" WIDTH="147" VPOS="641" HPOS="818"/><SP WIDTH="9" VPOS="639" HPOS="966"/><String STYLE="bold italics" STYLEREFS="font0" WC="0.5575000048" CONTENT="Oien" HEIGHT="27" WIDTH="70" VPOS="639" HPOS="976"/></TextLine>
<TextLine HEIGHT="50" WIDTH="460" VPOS="676" HPOS="586"><String STYLE="bold" STYLEREFS="font0" WC="0.8199999928" CONTENT="eft" HEIGHT="30" WIDTH="38" VPOS="686" HPOS="586"/><SP WIDTH="15" VPOS="686" HPOS="625"/><String STYLE="bold" STYLEREFS="font0" WC="0.1066666692" CONTENT="par" HEIGHT="30" WIDTH="47" VPOS="696" HPOS="641"/><SP WIDTH="9" VPOS="687" HPOS="689"/><String STYLE="bold" STYLEREFS="font0" WC="0.3700000048" CONTENT="la" HEIGHT="27" WIDTH="24" VPOS="687" HPOS="699"/><SP WIDTH="18" VPOS="697" HPOS="724"/><String STYLE="bold" STYLEREFS="font0" WC="0.4933333397" CONTENT="que" HEIGHT="28" WIDTH="51" VPOS="697" HPOS="743"/><SP WIDTH="9" VPOS="686" HPOS="795"/><String STYLE="bold" STYLEREFS="font0" WC="0.3600000143" CONTENT="les" HEIGHT="29" WIDTH="37" VPOS="686" HPOS="805"/><SP WIDTH="8" VPOS="696" HPOS="843"/><String STYLE="bold" STYLEREFS="font0" WC="0.4471428692" CONTENT="gens-de" HEIGHT="45" WIDTH="115" VPOS="679" HPOS="852"/><SP WIDTH="12" VPOS="676" HPOS="968"/><String STYLE="bold" STYLEREFS="font0" WC="0.5924999714" CONTENT="bien" HEIGHT="34" WIDTH="65" VPOS="676" HPOS="981"/></TextLine>
<TextLine HEIGHT="44" WIDTH="450" VPOS="722" HPOS="552"><String STYLE="bold" STYLEREFS="font0" WC="0.412499994" CONTENT="font" HEIGHT="30" WIDTH="60" VPOS="729" HPOS="552"/><SP WIDTH="5" VPOS="737" HPOS="613"/><String STYLE="bold" STYLEREFS="font0" WC="0.5662500262" CONTENT="attirez," HEIGHT="34" WIDTH="101" VPOS="729" HPOS="619"/><SP WIDTH="9" VPOS="739" HPOS="721"/><String STYLE="bold italics" STYLEREFS="font0" WC="0.3690909147" CONTENT="encouragti." HEIGHT="27" WIDTH="155" VPOS="739" HPOS="731"/><SP WIDTH="7" VPOS="735" HPOS="887"/><String STYLE="bold italics" STYLEREFS="font0" WC="0.401666671" CONTENT="anime^" HEIGHT="37" WIDTH="107" VPOS="722" HPOS="895"/></TextLine>
<TextLine HEIGHT="28" WIDTH="139" VPOS="773" HPOS="553"><String STYLE="bold" STYLEREFS="font0" WC="0.4033333361" CONTENT="ala" HEIGHT="27" WIDTH="44" VPOS="773" HPOS="553"/><SP WIDTH="11" VPOS="782" HPOS="598"/><String STYLE="bold" STYLEREFS="font0" WC="0.3833333254" CONTENT="vertu," HEIGHT="24" WIDTH="82" VPOS="777" HPOS="610"/></TextLine>
<TextLine HEIGHT="37" WIDTH="430" VPOS="809" HPOS="554"><String STYLEREFS="font1" WC="0.3840000033" CONTENT="comme" HEIGHT="23" WIDTH="108" VPOS="818" HPOS="554"/><SP WIDTH="8" VPOS="818" HPOS="663"/><String STYLE="bold" STYLEREFS="font0" WC="0.5824999809" CONTENT="avec" HEIGHT="18" WIDTH="64" VPOS="820" HPOS="672"/><SP WIDTH="9" VPOS="809" HPOS="737"/><String STYLE="bold" STYLEREFS="font0" WC="0.3833333254" CONTENT="des" HEIGHT="29" WIDTH="46" VPOS="809" HPOS="747"/><SP WIDTH="9" VPOS="819" HPOS="794"/><String STYLE="bold" STYLEREFS="font0" WC="0.2737500072" CONTENT="eperons." HEIGHT="33" WIDTH="123" VPOS="813" HPOS="804"/><SP WIDTH="18" VPOS="813" HPOS="928"/><String STYLEREFS="font1" WC="1." CONTENT="i" HEIGHT="21" WIDTH="11" VPOS="813" HPOS="947"/><SP WIDTH="5" VPOS="813" HPOS="959"/><String STYLE="bold" STYLEREFS="font0" WC="0.349999994" CONTENT="o" HEIGHT="21" WIDTH="19" VPOS="813" HPOS="965"/></TextLine>
<TextLine HEIGHT="43" WIDTH="467" VPOS="845" HPOS="572"><String STYLEREFS="font0" WC="0.400000006" CONTENT="11" HEIGHT="29" WIDTH="21" VPOS="852" HPOS="572"/><SP WIDTH="6" VPOS="852" HPOS="594"/><String STYLE="bold" STYLEREFS="font0" WC="0.8125" CONTENT="kaut" HEIGHT="27" WIDTH="57" VPOS="852" HPOS="601"/><SP WIDTH="7" VPOS="858" HPOS="659"/><String STYLE="bold" STYLEREFS="font0" WC="0.5924999714" CONTENT="agir" HEIGHT="37" WIDTH="56" VPOS="851" HPOS="667"/><SP WIDTH="6" VPOS="849" HPOS="724"/><String STYLE="bold" STYLEREFS="font0" WC="0.5400000215" CONTENT="franthement," HEIGHT="33" WIDTH="207" VPOS="849" HPOS="731"/><SP WIDTH="7" VPOS="847" HPOS="939"/><String STYLE="bold italics" STYLEREFS="font0" WC="0.7200000286" CONTENT="faiale-" HEIGHT="34" WIDTH="92" VPOS="845" HPOS="947"/></TextLine>
<TextLine HEIGHT="41" WIDTH="395" VPOS="887" HPOS="651"><String STYLE="bold italics" STYLEREFS="font0" WC="0.5" CONTENT="(meut," HEIGHT="33" WIDTH="91" VPOS="895" HPOS="651"/><SP WIDTH="3" VPOS="891" HPOS="743"/><String STYLE="bold italics" STYLEREFS="font0" WC="0.5314285755" CONTENT="fiitcer" HEIGHT="36" WIDTH="78" VPOS="891" HPOS="747"/><SP WIDTH="2" VPOS="903" HPOS="826"/><String STYLE="bold italics" STYLEREFS="font0" WC="0.5983333588" CONTENT="erneut" HEIGHT="24" WIDTH="79" VPOS="898" HPOS="829"/><SP WIDTH="66" VPOS="896" HPOS="909"/><String STYLE="bold" STYLEREFS="font0" WC="0.3683333397" CONTENT="(fäitj" HEIGHT="36" WIDTH="70" VPOS="887" HPOS="976"/></TextLine>
<TextLine HEIGHT="41" WIDTH="494" VPOS="931" HPOS="553"><String STYLE="bold" STYLEREFS="font0" WC="0.3925000131" CONTENT="dans" HEIGHT="34" WIDTH="64" VPOS="932" HPOS="553"/><SP WIDTH="14" VPOS="933" HPOS="618"/><String STYLE="bold" STYLEREFS="font0" WC="0.3400000036" CONTENT="les" HEIGHT="32" WIDTH="38" VPOS="933" HPOS="633"/><SP WIDTH="9" VPOS="943" HPOS="672"/><String STYLE="bold" STYLEREFS="font0" WC="0.2477777749" CONTENT="contradb," HEIGHT="36" WIDTH="150" VPOS="935" HPOS="682"/><SP WIDTH="8" VPOS="947" HPOS="833"/><String STYLE="bold italics" STYLEREFS="font0" WC="0.1757142842" CONTENT="accotds" HEIGHT="31" WIDTH="99" VPOS="933" HPOS="842"/><SP WIDTH="8" VPOS="943" HPOS="942"/><String STYLE="bold" STYLEREFS="font0" WC="0.7166666389" CONTENT="qu’" HEIGHT="41" WIDTH="44" VPOS="931" HPOS="951"/><SP WIDTH="8" VPOS="931" HPOS="996"/><String STYLE="bold" STYLEREFS="font0" WC="0.3950000107" CONTENT="on" HEIGHT="23" WIDTH="42" VPOS="939" HPOS="1005"/></TextLine>
<TextLine HEIGHT="41" WIDTH="493" VPOS="977" HPOS="553"><String STYLE="bold" STYLEREFS="font0" WC="0.4140000045" CONTENT="tenir" HEIGHT="30" WIDTH="70" VPOS="978" HPOS="553"/><SP WIDTH="14" VPOS="978" HPOS="624"/><String STYLE="bold" STYLEREFS="font0" WC="0.5266666412" CONTENT="les" HEIGHT="29" WIDTH="38" VPOS="978" HPOS="639"/><SP WIDTH="13" VPOS="987" HPOS="678"/><String STYLEREFS="font1" WC="0.2405555546" CONTENT="traiteSjpafifioiM," HEIGHT="41" WIDTH="230" VPOS="977" HPOS="692"/><SP WIDTH="9" VPOS="985" HPOS="923"/><String STYLE="bold italics" STYLEREFS="font0" WC="0.3971428573" CONTENT="eonvtu-" HEIGHT="19" WIDTH="113" VPOS="984" HPOS="933"/></TextLine>
<TextLine HEIGHT="45" WIDTH="419" VPOS="1014" HPOS="626"><String STYLE="bold italics" STYLEREFS="font0" WC="0.8333333135" CONTENT="(tfaru" HEIGHT="37" WIDTH="81" VPOS="1020" HPOS="626"/><SP WIDTH="43" VPOS="1020" HPOS="708"/><String STYLE="bold" STYLEREFS="font0" WC="0.3549999893" CONTENT="(ge;" HEIGHT="39" WIDTH="65" VPOS="1020" HPOS="752"/><SP WIDTH="7" VPOS="1029" HPOS="818"/><String STYLE="bold italics" STYLEREFS="font0" WC="0.1633333266" CONTENT="qtt" HEIGHT="28" WIDTH="35" VPOS="1030" HPOS="826"/><String STYLE="bold" STYLEREFS="font0" WC="1." CONTENT="’" HEIGHT="13" WIDTH="7" VPOS="1017" HPOS="863"/><SP WIDTH="7" VPOS="1017" HPOS="871"/><String STYLE="bold italics" STYLEREFS="font0" WC="0.200000003" CONTENT="en" HEIGHT="17" WIDTH="31" VPOS="1029" HPOS="879"/><SP WIDTH="10" VPOS="1027" HPOS="911"/><String STYLE="bold italics" STYLEREFS="font0" WC="0.4099999964" CONTENT="*" HEIGHT="17" WIDTH="15" VPOS="1027" HPOS="922"/><SP WIDTH="10" VPOS="1014" HPOS="938"/><String STYLE="bold italics" STYLEREFS="font0" WC="0.3700000048" CONTENT="dom‘t" HEIGHT="30" WIDTH="96" VPOS="1014" HPOS="949"/></TextLine>
<TextLine HEIGHT="45" WIDTH="493" VPOS="1055" HPOS="553"><String STYLE="bold" STYLEREFS="font0" WC="0.7699999809" CONTENT="&amp;la" HEIGHT="30" WIDTH="59" VPOS="1061" HPOS="553"/><SP WIDTH="11" VPOS="1072" HPOS="613"/><String STYLEREFS="font1" WC="0.5014285445" CONTENT="parole," HEIGHT="37" WIDTH="101" VPOS="1063" HPOS="625"/><SP WIDTH="8" VPOS="1061" HPOS="727"/><String STYLE="bold" STYLEREFS="font0" WC="0.4850000143" CONTENT="dont" HEIGHT="29" WIDTH="70" VPOS="1061" HPOS="736"/><SP WIDTH="8" VPOS="1062" HPOS="807"/><String STYLE="bold" STYLEREFS="font0" WC="0.5" CONTENT="l&apos;" HEIGHT="25" WIDTH="16" VPOS="1062" HPOS="816"/><SP WIDTH="8" VPOS="1066" HPOS="833"/><String STYLEREFS="font1" WC="0.2700000107" CONTENT="on" HEIGHT="20" WIDTH="39" VPOS="1067" HPOS="842"/><SP WIDTH="7" VPOS="1067" HPOS="882"/><String STYLE="bold" STYLEREFS="font0" WC="0.4620000124" CONTENT="s’eft" HEIGHT="28" WIDTH="62" VPOS="1055" HPOS="890"/><SP WIDTH="8" VPOS="1055" HPOS="953"/><String STYLE="bold" STYLEREFS="font0" WC="0.3759999871" CONTENT="enga-" HEIGHT="29" WIDTH="84" VPOS="1062" HPOS="962"/></TextLine>
<TextLine HEIGHT="42" WIDTH="493" VPOS="1093" HPOS="552"><String STYLEREFS="font1" WC="0.5450000167" CONTENT="rendrc" HEIGHT="27" WIDTH="94" VPOS="1102" HPOS="552"/><SP WIDTH="7" VPOS="1103" HPOS="647"/><String STYLEREFS="font1" WC="0.2450000048" CONTENT="le" HEIGHT="25" WIDTH="24" VPOS="1103" HPOS="655"/><SP WIDTH="8" VPOS="1101" HPOS="680"/><String STYLEREFS="font1" WC="0.4300000072" CONTENT="rfepot,qu’" HEIGHT="37" WIDTH="136" VPOS="1098" HPOS="689"/><SP WIDTH="10" VPOS="1098" HPOS="826"/><String STYLE="bold" STYLEREFS="font0" WC="0.224999994" CONTENT="on" HEIGHT="19" WIDTH="40" VPOS="1104" HPOS="837"/><SP WIDTH="7" VPOS="1104" HPOS="878"/><String STYLE="bold" STYLEREFS="font0" WC="0." CONTENT="a" HEIGHT="18" WIDTH="14" VPOS="1104" HPOS="886"/><SP WIDTH="9" VPOS="1104" HPOS="901"/><String STYLEREFS="font1" WC="0.6299999952" CONTENT="ea" HEIGHT="20" WIDTH="35" VPOS="1103" HPOS="911"/><SP WIDTH="6" VPOS="1103" HPOS="947"/><String STYLE="bold" STYLEREFS="font0" WC="0.9350000024" CONTENT="gatde," HEIGHT="42" WIDTH="91" VPOS="1093" HPOS="954"/></TextLine>
<TextLine HEIGHT="40" WIDTH="384" VPOS="1139" HPOS="551"><String STYLEREFS="font1" WC="1." CONTENT="&amp;" HEIGHT="24" WIDTH="26" VPOS="1141" HPOS="551"/><SP WIDTH="6" VPOS="1141" HPOS="578"/><String STYLEREFS="font1" WC="0.2949999869" CONTENT="ce" HEIGHT="16" WIDTH="29" VPOS="1149" HPOS="585"/><SP WIDTH="7" VPOS="1148" HPOS="615"/><String STYLEREFS="font1" WC="0.4300000072" CONTENT="que" HEIGHT="25" WIDTH="51" VPOS="1148" HPOS="623"/><SP WIDTH="6" VPOS="1139" HPOS="675"/><String STYLE="bold" STYLEREFS="font0" WC="0.8249999881" CONTENT="I&apos;" HEIGHT="25" WIDTH="17" VPOS="1139" HPOS="682"/><SP WIDTH="9" VPOS="1139" HPOS="700"/><String STYLE="bold" STYLEREFS="font0" WC="0.2599999905" CONTENT="on" HEIGHT="18" WIDTH="38" VPOS="1146" HPOS="710"/><SP WIDTH="6" VPOS="1147" HPOS="749"/><String STYLE="bold" STYLEREFS="font0" WC="0." CONTENT="a" HEIGHT="18" WIDTH="15" VPOS="1147" HPOS="756"/><SP WIDTH="7" VPOS="1147" HPOS="772"/><String STYLEREFS="font1" WC="0.3222222328" CONTENT="empruqte," HEIGHT="35" WIDTH="155" VPOS="1144" HPOS="780"/></TextLine>
<TextLine HEIGHT="38" WIDTH="198" VPOS="1176" HPOS="551"><String STYLEREFS="font1" WC="0.4799999893" CONTENT="paier" HEIGHT="36" WIDTH="70" VPOS="1178" HPOS="551"/><SP WIDTH="6" VPOS="1176" HPOS="622"/><String STYLEREFS="font1" WC="0.4399999976" CONTENT="les" HEIGHT="29" WIDTH="39" VPOS="1176" HPOS="629"/><SP WIDTH="8" VPOS="1177" HPOS="669"/><String STYLE="bold" STYLEREFS="font0" WC="0.5720000267" CONTENT="derer" HEIGHT="30" WIDTH="71" VPOS="1177" HPOS="678"/></TextLine>
<TextLine HEIGHT="40" WIDTH="496" VPOS="1218" HPOS="549"><String STYLE="bold" STYLEREFS="font0" WC="0.1899999976" CONTENT="que" HEIGHT="30" WIDTH="51" VPOS="1227" HPOS="549"/><SP WIDTH="7" VPOS="1228" HPOS="601"/><String STYLE="bold" STYLEREFS="font0" WC="0.375" CONTENT="perfonne" HEIGHT="40" WIDTH="131" VPOS="1218" HPOS="609"/><SP WIDTH="8" VPOS="1231" HPOS="741"/><String STYLE="bold" STYLEREFS="font0" WC="0.6999999881" CONTENT="ne" HEIGHT="22" WIDTH="35" VPOS="1231" HPOS="750"/><SP WIDTH="10" VPOS="1221" HPOS="786"/><String STYLE="bold" STYLEREFS="font0" WC="0.3912500143" CONTENT="derobbe," HEIGHT="37" WIDTH="131" VPOS="1221" HPOS="797"/><SP WIDTH="5" VPOS="1233" HPOS="929"/><String STYLE="bold" STYLEREFS="font0" WC="0.4799999893" CONTENT="i" HEIGHT="21" WIDTH="10" VPOS="1233" HPOS="935"/><SP WIDTH="6" VPOS="1233" HPOS="946"/><String STYLE="bold" STYLEREFS="font0" WC="0.1400000006" CONTENT="a" HEIGHT="20" WIDTH="15" VPOS="1233" HPOS="953"/><SP WIDTH="11" VPOS="1233" HPOS="969"/><String STYLE="bold italics" STYLEREFS="font0" WC="0.4600000083" CONTENT="wie" HEIGHT="28" WIDTH="64" VPOS="1222" HPOS="981"/></TextLine>
<TextLine HEIGHT="45" WIDTH="494" VPOS="1261" HPOS="549"><String STYLE="bold" STYLEREFS="font0" WC="0.224999994" CONTENT="ui" HEIGHT="30" WIDTH="28" VPOS="1261" HPOS="549"/><SP WIDTH="5" VPOS="1261" HPOS="578"/><String STYLE="bold" STYLEREFS="font0" WC="0.4944444299" CONTENT="endommage" HEIGHT="44" WIDTH="186" VPOS="1262" HPOS="584"/><SP WIDTH="9" VPOS="1274" HPOS="771"/><String STYLE="bold" STYLEREFS="font0" WC="0.7300000191" CONTENT="(tank" HEIGHT="30" WIDTH="71" VPOS="1274" HPOS="781"/><SP WIDTH="6" VPOS="1266" HPOS="853"/><String STYLE="bold" STYLEREFS="font0" WC="0.3975000083" CONTENT="foit" HEIGHT="29" WIDTH="50" VPOS="1266" HPOS="860"/><SP WIDTH="8" VPOS="1274" HPOS="911"/><String STYLE="bold" STYLEREFS="font0" WC="0.4824999869" CONTENT="peu)" HEIGHT="38" WIDTH="64" VPOS="1266" HPOS="920"/><SP WIDTH="7" VPOS="1263" HPOS="985"/><String STYLE="bold" STYLEREFS="font0" WC="0.646666646" CONTENT="fon" HEIGHT="31" WIDTH="50" VPOS="1263" HPOS="993"/></TextLine>
<TextLine HEIGHT="43" WIDTH="421" VPOS="1305" HPOS="619"><String STYLE="bold" STYLEREFS="font0" WC="0.3610000014" CONTENT="(prochain," HEIGHT="40" WIDTH="156" VPOS="1305" HPOS="619"/><SP WIDTH="6" VPOS="1322" HPOS="776"/><String STYLE="bold" STYLEREFS="font0" WC="0.4900000095" CONTENT="i" HEIGHT="18" WIDTH="6" VPOS="1322" HPOS="783"/><SP WIDTH="12" VPOS="1322" HPOS="790"/><String STYLE="bold" STYLEREFS="font0" WC="0.2199999988" CONTENT="z" HEIGHT="26" WIDTH="12" VPOS="1322" HPOS="803"/><SP WIDTH="46" VPOS="1307" HPOS="816"/><String STYLE="bold" STYLEREFS="font0" WC="0.6483333111" CONTENT="[appartient:" HEIGHT="41" WIDTH="177" VPOS="1307" HPOS="863"/></TextLine>
<TextLine HEIGHT="44" WIDTH="494" VPOS="1345" HPOS="549"><String STYLE="bold" STYLEREFS="font0" WC="0.3000000119" CONTENT="que" HEIGHT="33" WIDTH="51" VPOS="1356" HPOS="549"/><SP WIDTH="16" VPOS="1349" HPOS="601"/><String STYLE="bold" STYLEREFS="font0" WC="0.3400000036" CONTENT="f«" HEIGHT="28" WIDTH="25" VPOS="1349" HPOS="618"/><SP WIDTH="18" VPOS="1347" HPOS="644"/><String STYLE="bold" STYLEREFS="font0" WC="0.2899999917" CONTENT="donne" HEIGHT="34" WIDTH="92" VPOS="1347" HPOS="663"/><SP WIDTH="6" VPOS="1354" HPOS="756"/><String STYLE="bold" STYLEREFS="font0" WC="0.1199999973" CONTENT="ü" HEIGHT="27" WIDTH="16" VPOS="1354" HPOS="763"/><SP WIDTH="8" VPOS="1354" HPOS="780"/><String STYLE="bold" STYLEREFS="font0" WC="0.3583333194" CONTENT="chacun" HEIGHT="27" WIDTH="105" VPOS="1354" HPOS="789"/><SP WIDTH="14" VPOS="1359" HPOS="895"/><String STYLE="bold" STYLEREFS="font0" WC="0.1899999976" CONTENT="e?" HEIGHT="23" WIDTH="30" VPOS="1359" HPOS="910"/><SP WIDTH="8" VPOS="1358" HPOS="941"/><String STYLE="bold" STYLEREFS="font0" WC="0.1533333361" CONTENT="q»i" HEIGHT="38" WIDTH="46" VPOS="1348" HPOS="950"/><SP WIDTH="6" VPOS="1348" HPOS="997"/><String STYLE="bold" STYLEREFS="font0" WC="0.5649999976" CONTENT="HÜ" HEIGHT="34" WIDTH="39" VPOS="1345" HPOS="1004"/></TextLine>
<TextLine HEIGHT="45" WIDTH="452" VPOS="1387" HPOS="549"><String STYLE="bold" STYLEREFS="font0" WC="0.3000000119" CONTENT="ce" HEIGHT="21" WIDTH="29" VPOS="1400" HPOS="549"/><SP WIDTH="5" VPOS="1387" HPOS="579"/><String STYLE="bold" STYLEREFS="font0" WC="0.3650000095" CONTENT="font" HEIGHT="32" WIDTH="63" VPOS="1387" HPOS="585"/><SP WIDTH="4" VPOS="1388" HPOS="649"/><String STYLE="bold" STYLEREFS="font0" WC="0.4950000048" CONTENT="la" HEIGHT="31" WIDTH="24" VPOS="1388" HPOS="654"/><SP WIDTH="8" VPOS="1391" HPOS="679"/><String STYLE="bold" STYLEREFS="font0" WC="0.5099999905" CONTENT="les" HEIGHT="32" WIDTH="38" VPOS="1391" HPOS="688"/><SP WIDTH="8" VPOS="1394" HPOS="727"/><String STYLE="bold" STYLEREFS="font0" WC="0.5479999781" CONTENT="loix," HEIGHT="34" WIDTH="67" VPOS="1394" HPOS="736"/><SP WIDTH="9" VPOS="1395" HPOS="804"/><String STYLE="bold" STYLEREFS="font0" WC="0.3100000024" CONTENT="les" HEIGHT="29" WIDTH="38" VPOS="1395" HPOS="814"/><SP WIDTH="6" VPOS="1403" HPOS="853"/><String STYLE="bold" STYLEREFS="font0" WC="0.2755555511" CONTENT="preceptes" HEIGHT="34" WIDTH="141" VPOS="1398" HPOS="860"/></TextLine>
<TextLine HEIGHT="36" WIDTH="179" VPOS="1431" HPOS="547"><String STYLE="bold" STYLEREFS="font0" WC="0.6700000167" CONTENT="de" HEIGHT="28" WIDTH="32" VPOS="1431" HPOS="547"/><SP WIDTH="7" VPOS="1431" HPOS="580"/><String STYLE="bold" STYLEREFS="font0" WC="0.5640000105" CONTENT="lajuftice." HEIGHT="36" WIDTH="138" VPOS="1431" HPOS="588"/></TextLine>
<TextLine HEIGHT="38" WIDTH="455" VPOS="1471" HPOS="584"><String STYLE="bold" STYLEREFS="font0" WC="0.2399999946" CONTENT="Dieu" HEIGHT="30" WIDTH="71" VPOS="1473" HPOS="584"/><SP WIDTH="7" VPOS="1484" HPOS="656"/><String STYLE="bold" STYLEREFS="font0" WC="0.3650000095" CONTENT="naus" HEIGHT="22" WIDTH="72" VPOS="1486" HPOS="664"/><SP WIDTH="14" VPOS="1477" HPOS="737"/><String STYLE="bold" STYLEREFS="font0" WC="0.3383333385" CONTENT="defend" HEIGHT="35" WIDTH="102" VPOS="1474" HPOS="752"/><SP WIDTH="7" VPOS="1474" HPOS="855"/><String STYLE="bold" STYLEREFS="font0" WC="0.3300000131" CONTENT="tels" HEIGHT="30" WIDTH="50" VPOS="1475" HPOS="863"/><SP WIDTH="7" VPOS="1473" HPOS="914"/><String STYLE="bold" STYLEREFS="font0" WC="0.276666671" CONTENT="forfaits»" HEIGHT="34" WIDTH="117" VPOS="1471" HPOS="922"/></TextLine>
<TextLine HEIGHT="45" WIDTH="226" VPOS="1515" HPOS="817"><String STYLE="bold" STYLEREFS="font3" WC="0.1599999964" CONTENT="(" HEIGHT="39" WIDTH="15" VPOS="1518" HPOS="817"/><String STYLE="italics" STYLEREFS="font1" WC="0.3212499917" CONTENT="traiisgrti/fant*" HEIGHT="45" WIDTH="208" VPOS="1515" HPOS="835"/></TextLine>
<TextLine HEIGHT="43" WIDTH="378" VPOS="1557" HPOS="545"><String STYLE="bold" STYLEREFS="font0" WC="0.6650000215" CONTENT="*u" HEIGHT="22" WIDTH="34" VPOS="1565" HPOS="545"/><SP WIDTH="11" VPOS="1565" HPOS="580"/><String STYLE="bold" STYLEREFS="font0" WC="0.398999989" CONTENT="cinquieme," HEIGHT="43" WIDTH="161" VPOS="1557" HPOS="592"/><SP WIDTH="8" VPOS="1561" HPOS="754"/><String STYLEREFS="font0" WC="0.349999994" CONTENT="6" HEIGHT="28" WIDTH="15" VPOS="1561" HPOS="763"/><String STYLE="bold" STYLEREFS="font0" WC="1." CONTENT="s" HEIGHT="19" WIDTH="12" VPOS="1570" HPOS="778"/><SP WIDTH="6" VPOS="1559" HPOS="791"/><String STYLE="bold" STYLEREFS="font0" WC="0.4087499976" CONTENT="feptieme" HEIGHT="40" WIDTH="125" VPOS="1559" HPOS="798"/></TextLine>
<TextLine HEIGHT="42" WIDTH="490" VPOS="1597" HPOS="544"><String STYLE="bold" STYLEREFS="font0" WC="0.3933333457" CONTENT="des" HEIGHT="31" WIDTH="47" VPOS="1597" HPOS="544"/><SP WIDTH="6" VPOS="1609" HPOS="592"/><String STYLE="bold" STYLEREFS="font0" WC="0.4718181789" CONTENT="comandemens" HEIGHT="29" WIDTH="214" VPOS="1603" HPOS="599"/><SP WIDTH="7" VPOS="1602" HPOS="814"/><String STYLE="bold" STYLEREFS="font0" WC="0.4325000048" CONTENT="duDecalogue," HEIGHT="39" WIDTH="212" VPOS="1600" HPOS="822"/></TextLine>
</TextBlock>
<TextBlock ID="Page1_Block6" HEIGHT="96" WIDTH="1006" VPOS="1634" HPOS="34" language="de"><Shape><Polygon POINTS="34,1634 1040,1634 1040,1688 1000,1688 1000,1730 530,1730 530,1688 34,1688 34,1634"/></Shape>
<TextLine HEIGHT="46" WIDTH="991" VPOS="1638" HPOS="44"><String STYLE="bold" STYLEREFS="font0" WC="0.6499999762" CONTENT="«d" HEIGHT="30" WIDTH="37" VPOS="1641" HPOS="44"/><SP WIDTH="5" VPOS="1641" HPOS="82"/><String STYLE="bold" STYLEREFS="font0" WC="0.5224999785" CONTENT="egli" HEIGHT="42" WIDTH="54" VPOS="1641" HPOS="88"/><SP WIDTH="5" VPOS="1642" HPOS="143"/><String STYLE="bold" STYLEREFS="font0" WC="0.3600000143" CONTENT="e" HEIGHT="19" WIDTH="15" VPOS="1651" HPOS="149"/><SP WIDTH="8" VPOS="1641" HPOS="165"/><String STYLE="bold" STYLEREFS="font0" WC="0.7300000191" CONTENT="ben" HEIGHT="29" WIDTH="54" VPOS="1641" HPOS="174"/><SP WIDTH="5" VPOS="1650" HPOS="229"/><String STYLE="bold" STYLEREFS="font0" WC="0.5822222233" CONTENT="giufto,d»«tr»,cb’Ä" HEIGHT="42" WIDTH="254" VPOS="1638" HPOS="235"/><SP WIDTH="6" VPOS="1640" HPOS="490"/><String STYLE="bold" STYLEREFS="font0" WC="0.75" CONTENT="rci" HEIGHT="33" WIDTH="40" VPOS="1639" HPOS="497"/><SP WIDTH="6" VPOS="1639" HPOS="538"/><String STYLE="bold" STYLEREFS="font0" WC="0.687142849" CONTENT="&amp;c‘cfta" HEIGHT="33" WIDTH="127" VPOS="1642" HPOS="545"/><SP WIDTH="7" VPOS="1645" HPOS="673"/><String STYLE="bold" STYLEREFS="font0" WC="0.6533333063" CONTENT="bon" HEIGHT="29" WIDTH="58" VPOS="1645" HPOS="681"/><SP WIDTH="8" VPOS="1643" HPOS="740"/><String STYLE="bold" STYLEREFS="font0" WC="0.5383333564" CONTENT="droit," HEIGHT="37" WIDTH="89" VPOS="1643" HPOS="749"/><SP WIDTH="11" VPOS="1654" HPOS="839"/><String STYLE="bold" STYLEREFS="font0" WC="0.223333329" CONTENT="que" HEIGHT="31" WIDTH="52" VPOS="1653" HPOS="851"/><SP WIDTH="10" VPOS="1644" HPOS="904"/><String STYLE="bold" STYLEREFS="font0" WC="0.5833333135" CONTENT="les" HEIGHT="28" WIDTH="39" VPOS="1644" HPOS="915"/><SP WIDTH="10" VPOS="1652" HPOS="955"/><String STYLE="bold" STYLEREFS="font0" WC="0.4900000095" CONTENT="cou-" HEIGHT="19" WIDTH="69" VPOS="1651" HPOS="966"/></TextLine>
<TextLine HEIGHT="43" WIDTH="450" VPOS="1682" HPOS="546" STYLEREFS="font1"><String STYLE="italics" WC="0.3939999938" CONTENT="[ptblct,er" HEIGHT="42" WIDTH="143" VPOS="1682" HPOS="546"/><SP WIDTH="1" VPOS="1691" HPOS="690"/><String STYLE="italics" WC="0.5137500167" CONTENT="imi&gt;icls" HEIGHT="27" WIDTH="101" VPOS="1688" HPOS="691"/><String STYLE="subscript italics" WC="0.5699999928" CONTENT=")" HEIGHT="14" WIDTH="8" VPOS="1706" HPOS="792"/><String STYLE="italics" WC="0.3453333378" CONTENT="trantgrefl&apos;curs" HEIGHT="40" WIDTH="193" VPOS="1685" HPOS="803"/></TextLine>
</TextBlock>
<TextBlock ID="Page1_Block7" HEIGHT="98" WIDTH="472" VPOS="1714" HPOS="34" language="de">
<TextLine HEIGHT="46" WIDTH="443" VPOS="1718" HPOS="46"><String STYLE="bold" STYLEREFS="font0" WC="0.2549999952" CONTENT="la" HEIGHT="31" WIDTH="26" VPOS="1718" HPOS="46"/><SP WIDTH="6" VPOS="1730" HPOS="73"/><String STYLE="bold" STYLEREFS="font0" WC="0.3762499988" CONTENT="paghino," HEIGHT="40" WIDTH="131" VPOS="1722" HPOS="80"/><SP WIDTH="7" VPOS="1733" HPOS="212"/><String STYLE="bold" STYLEREFS="font0" WC="0.3449999988" CONTENT="ne" HEIGHT="20" WIDTH="35" VPOS="1733" HPOS="220"/><SP WIDTH="6" VPOS="1733" HPOS="256"/><String STYLE="bold" STYLEREFS="font0" WC="0.3757142723" CONTENT="portino" HEIGHT="40" WIDTH="111" VPOS="1722" HPOS="263"/><SP WIDTH="6" VPOS="1724" HPOS="375"/><String STYLE="bold" STYLEREFS="font0" WC="0.4600000083" CONTENT="la" HEIGHT="32" WIDTH="27" VPOS="1724" HPOS="382"/><SP WIDTH="7" VPOS="1735" HPOS="410"/><String STYLE="bold" STYLEREFS="font0" WC="0.3524999917" CONTENT="pena" HEIGHT="31" WIDTH="71" VPOS="1733" HPOS="418"/></TextLine>
<TextLine HEIGHT="47" WIDTH="410" VPOS="1760" HPOS="45" STYLEREFS="font0"><String STYLE="bold" WC="0.2399999946" CONTENT="fuUa" HEIGHT="34" WIDTH="64" VPOS="1760" HPOS="45"/><SP WIDTH="11" VPOS="1764" HPOS="110"/><String STYLE="bold" WC="0.2214285731" CONTENT="forca,e" HEIGHT="41" WIDTH="109" VPOS="1764" HPOS="122"/><SP WIDTH="8" VPOS="1776" HPOS="232"/><String STYLE="bold" WC="0.3300000131" CONTENT="tulUiH«u." HEIGHT="35" WIDTH="162" VPOS="1766" HPOS="241"/><SP WIDTH="10" VPOS="1778" HPOS="404"/><String STYLE="bold" WC="0.1899999976" CONTENT="j" HEIGHT="24" WIDTH="12" VPOS="1778" HPOS="415"/><SP WIDTH="4" VPOS="1778" HPOS="428"/><String WC="0." CONTENT="4" HEIGHT="29" WIDTH="22" VPOS="1778" HPOS="433"/></TextLine>
</TextBlock>
<TextBlock ID="Page1_Block8" HEIGHT="134" WIDTH="516" VPOS="1724" HPOS="540" language="de"><Shape><Polygon POINTS="542,1724 832,1724 832,1726 1050,1726 1050,1762 1056,1762 1056,1858 576,1858 576,1816 540,1816 540,1762 542,1762 542,1724"/></Shape>
<TextLine HEIGHT="40" WIDTH="489" VPOS="1728" HPOS="545"><String STYLE="bold" STYLEREFS="font0" WC="0.647272706" CONTENT="enportentla" HEIGHT="38" WIDTH="184" VPOS="1729" HPOS="545"/><SP WIDTH="7" VPOS="1739" HPOS="730"/><String STYLE="bold" STYLEREFS="font0" WC="0.5580000281" CONTENT="peine" HEIGHT="40" WIDTH="78" VPOS="1728" HPOS="738"/><SP WIDTH="89" VPOS="1729" HPOS="817"/><String STYLE="bold" STYLEREFS="font0" WC="0.2399999946" CONTENT="(roue" HEIGHT="33" WIDTH="83" VPOS="1729" HPOS="907"/><String STYLEREFS="font0" WC="0.5199999809" CONTENT=".14" HEIGHT="25" WIDTH="39" VPOS="1735" HPOS="995"/></TextLine>
<TextLine HEIGHT="45" WIDTH="492" VPOS="1766" HPOS="543"><String STYLE="bold" STYLEREFS="font0" WC="0.573333323" CONTENT="fiv" HEIGHT="36" WIDTH="43" VPOS="1767" HPOS="543"/><SP WIDTH="11" VPOS="1770" HPOS="587"/><String STYLE="bold" STYLEREFS="font0" WC="0.2150000036" CONTENT="la" HEIGHT="34" WIDTH="25" VPOS="1770" HPOS="599"/><SP WIDTH="9" VPOS="1781" HPOS="625"/><String STYLE="bold" STYLEREFS="font0" WC="0.4050000012" CONTENT="potente," HEIGHT="30" WIDTH="133" VPOS="1778" HPOS="635"/><SP WIDTH="7" VPOS="1772" HPOS="769"/><String STYLE="bold italics" STYLEREFS="font0" WC="0.6949999928" CONTENT="It" HEIGHT="29" WIDTH="24" VPOS="1772" HPOS="777"/><SP WIDTH="5" VPOS="1780" HPOS="802"/><String STYLE="bold italics" STYLEREFS="font0" WC="0.4359999895" CONTENT="gebet" HEIGHT="43" WIDTH="77" VPOS="1768" HPOS="808"/><String STYLE="bold" STYLEREFS="font0" WC="0.6200000048" CONTENT="," HEIGHT="19" WIDTH="12" VPOS="1787" HPOS="892"/><SP WIDTH="12" VPOS="1769" HPOS="905"/><String STYLE="bold italics" STYLEREFS="font0" WC="0.3350000083" CONTENT="3c" HEIGHT="29" WIDTH="27" VPOS="1769" HPOS="918"/><SP WIDTH="7" VPOS="1766" HPOS="946"/><String STYLE="bold" STYLEREFS="font0" WC="0.2566666603" CONTENT="für" HEIGHT="28" WIDTH="41" VPOS="1766" HPOS="954"/><SP WIDTH="12" VPOS="1766" HPOS="996"/><String STYLE="bold" STYLEREFS="font0" WC="0.150000006" CONTENT="la" HEIGHT="30" WIDTH="26" VPOS="1766" HPOS="1009"/></TextLine>
<TextLine HEIGHT="47" WIDTH="455" VPOS="1808" HPOS="579" STYLEREFS="font2"><String STYLE="bold" WC="0.25" CONTENT="ff" HEIGHT="35" WIDTH="43" VPOS="1810" HPOS="579"/><SP WIDTH="13" VPOS="1810" HPOS="623"/><String STYLE="bold" WC="0." CONTENT="4" HEIGHT="33" WIDTH="24" VPOS="1822" HPOS="637"/><SP WIDTH="285" VPOS="1808" HPOS="662"/><String STYLE="bold italics" STYLEREFS="font4" WC="0.2475000024" CONTENT="eyp," HEIGHT="42" WIDTH="86" VPOS="1808" HPOS="948"/></TextLine>
</TextBlock><GraphicalElement ID="Page1_Block9" HEIGHT="1" WIDTH="83" VPOS="180" HPOS="607"/><GraphicalElement ID="Page1_Block10" HEIGHT="1" WIDTH="47" VPOS="180" HPOS="59"/><GraphicalElement ID="Page1_Block11" HEIGHT="134" WIDTH="6" VPOS="1692" HPOS="535"/><GraphicalElement ID="Page1_Block12" HEIGHT="176" WIDTH="6" VPOS="1455" HPOS="537"/><GraphicalElement ID="Page1_Block13" HEIGHT="1186" WIDTH="14" VPOS="262" HPOS="541"/><GraphicalElement ID="Page1_Block14" HEIGHT="7" WIDTH="94" VPOS="217" HPOS="777"/>
</PrintSpace>
</Page>
</Layout>
</alto>