﻿<?xml version="1.0" encoding="UTF-8" standalone="yes"?>
<alto xmlns="http://www.loc.gov/standards/alto/ns-v2#" xmlns:xlink="http://www.w3.org/1999/xlink" xmlns:xsi="http://www.w3.org/2001/XMLSchema-instance" xsi:schemaLocation="http://www.loc.gov/standards/alto/ns-v2# http://www.loc.gov/standards/alto/alto-v2.0.xsd">
<Description>
<MeasurementUnit>pixel</MeasurementUnit>
<OCRProcessing ID="IdOcr"><ocrProcessingStep><processingDateTime>2017-03-20</processingDateTime><processingSoftware><softwareCreator>ABBYY</softwareCreator><softwareName>ABBYY FineReader Engine</softwareName><softwareVersion>11</softwareVersion></processingSoftware></ocrProcessingStep></OCRProcessing>
</Description>
<Styles><TextStyle ID="font0" FONTFAMILY="Arial" FONTSIZE="6"/><TextStyle ID="font1" FONTFAMILY="Arial" FONTSIZE="8"/><TextStyle ID="font2" FONTFAMILY="Arial" FONTSIZE="9"/><TextStyle ID="font3" FONTFAMILY="Arial" FONTSIZE="10"/><TextStyle ID="font4" FONTFAMILY="Arial" FONTSIZE="11"/>
</Styles>
<Layout>
<Page ID="Page1" PHYSICAL_IMG_NR="1" HEIGHT="2046" WIDTH="1238">
<TopMargin HEIGHT="100" WIDTH="1238" VPOS="0" HPOS="0">
</TopMargin>
<LeftMargin HEIGHT="1758" WIDTH="204" VPOS="100" HPOS="0">
</LeftMargin>
<RightMargin HEIGHT="1758" WIDTH="5" VPOS="100" HPOS="1233">
</RightMargin>
<BottomMargin HEIGHT="188" WIDTH="1238" VPOS="1858" HPOS="0">
</BottomMargin>
<PrintSpace HEIGHT="1758" WIDTH="1029" VPOS="100" HPOS="204">
<Illustration ID="Page1_Block1" HEIGHT="922" WIDTH="988" VPOS="100" HPOS="207"><Shape><Polygon POINTS="220,108 1202,108 1202,1023 220,1023 220,108"/></Shape></Illustration>
<TextBlock ID="Page1_Block2" HEIGHT="54" WIDTH="267" VPOS="1028" HPOS="242" language="de" STYLEREFS="font3"><Shape><Polygon POINTS="249,1031 516,1031 516,1083 249,1083 249,1031"/></Shape>
<TextLine HEIGHT="44" WIDTH="255" VPOS="1034" HPOS="248"><String WC="0.2666666806" CONTENT="Der" HEIGHT="38" WIDTH="69" VPOS="1040" HPOS="248"/><SP WIDTH="7" VPOS="1035" HPOS="318"/><String WC="0.4499999881" CONTENT="Seid" HEIGHT="42" WIDTH="73" VPOS="1034" HPOS="326"/><SP WIDTH="10" VPOS="1035" HPOS="400"/><String WC="0.5479999781" CONTENT="Bar»/" HEIGHT="41" WIDTH="92" VPOS="1035" HPOS="411"/></TextLine>
</TextBlock>
<TextBlock ID="Page1_Block3" HEIGHT="48" WIDTH="273" VPOS="1031" HPOS="602" language="de" STYLEREFS="font2"><Shape><Polygon POINTS="609,1037 882,1037 882,1083 609,1083 609,1037"/></Shape>
<TextLine HEIGHT="39" WIDTH="262" VPOS="1039" HPOS="608"><String STYLE="italics" WC="0.349999994" CONTENT="■dgrarum," HEIGHT="37" WIDTH="137" VPOS="1041" HPOS="608"/><SP WIDTH="1" VPOS="1049" HPOS="746"/><String STYLEREFS="font3" WC="0.625" CONTENT="m." HEIGHT="17" WIDTH="37" VPOS="1049" HPOS="748"/><SP WIDTH="3" VPOS="1050" HPOS="786"/><String STYLEREFS="font3" WC="0.6700000167" CONTENT="2." HEIGHT="17" WIDTH="23" VPOS="1050" HPOS="790"/><SP WIDTH="3" VPOS="1049" HPOS="814"/><String STYLE="italics" WC="0.6775000095" CONTENT="cul-" HEIGHT="28" WIDTH="52" VPOS="1039" HPOS="818"/></TextLine>
</TextBlock>
<ComposedBlock ID="Page1_Block4" HEIGHT="687" WIDTH="401" VPOS="1153" HPOS="204" TYPE="container"><Shape><Polygon POINTS="210,1157 607,1157 607,1841 210,1841 210,1157"/></Shape>
<TextBlock ID="Page1_Block5" HEIGHT="394" WIDTH="399" VPOS="1153" HPOS="204" language="de" STYLEREFS="font3"><Shape><Polygon POINTS="210,1157 607,1157 607,1548 210,1548 210,1157"/></Shape>
<TextLine HEIGHT="44" WIDTH="319" VPOS="1160" HPOS="210" STYLEREFS="font4"><String WC="0.5099999905" CONTENT="And" HEIGHT="34" WIDTH="59" VPOS="1170" HPOS="210"/><SP WIDTH="7" VPOS="1168" HPOS="270"/><String WC="0.4300000072" CONTENT="die" HEIGHT="33" WIDTH="44" VPOS="1168" HPOS="278"/><SP WIDTH="6" VPOS="1167" HPOS="323"/><String WC="0.5400000215" CONTENT="Vieh" HEIGHT="39" WIDTH="79" VPOS="1163" HPOS="330"/><SP WIDTH="9" VPOS="1162" HPOS="410"/><String WC="0.5016666651" CONTENT="Zucht/" HEIGHT="36" WIDTH="109" VPOS="1160" HPOS="420"/></TextLine>
<TextLine HEIGHT="42" WIDTH="243" VPOS="1206" HPOS="214" STYLEREFS="font4"><String WC="0.25" CONTENT="war" HEIGHT="28" WIDTH="60" VPOS="1215" HPOS="214"/><SP WIDTH="11" VPOS="1216" HPOS="275"/><String WC="0.6633333564" CONTENT="syn" HEIGHT="31" WIDTH="50" VPOS="1216" HPOS="287"/><SP WIDTH="8" VPOS="1217" HPOS="338"/><String WC="0.3457142711" CONTENT="uralten" HEIGHT="35" WIDTH="110" VPOS="1206" HPOS="347"/></TextLine>
<TextLine HEIGHT="33" WIDTH="105" VPOS="1250" HPOS="213" STYLEREFS="font4"><String WC="0.4883333445" CONTENT="Asiren" HEIGHT="33" WIDTH="105" VPOS="1250" HPOS="213"/></TextLine>
<TextLine HEIGHT="48" WIDTH="385" VPOS="1281" HPOS="212"><String WC="0.2599999905" CONTENT="her" HEIGHT="36" WIDTH="50" VPOS="1293" HPOS="212"/><SP WIDTH="8" VPOS="1291" HPOS="263"/><String WC="0.5466666818" CONTENT="Rönigs" HEIGHT="37" WIDTH="122" VPOS="1289" HPOS="272"/><SP WIDTH="7" VPOS="1295" HPOS="395"/><String WC="0.2599999905" CONTENT="und" HEIGHT="31" WIDTH="54" VPOS="1288" HPOS="403"/><SP WIDTH="7" VPOS="1285" HPOS="458"/><String WC="0.4799999893" CONTENT="Felsen:" HEIGHT="40" WIDTH="131" VPOS="1281" HPOS="466"/></TextLine>
<TextLine HEIGHT="50" WIDTH="386" VPOS="1323" HPOS="214"><String WC="0.4099999964" CONTENT="heutiges" HEIGHT="41" WIDTH="134" VPOS="1332" HPOS="214"/><SP WIDTH="7" VPOS="1330" HPOS="349"/><String WC="0.4875000119" CONTENT="Tags" HEIGHT="36" WIDTH="80" VPOS="1329" HPOS="357"/><SP WIDTH="21" VPOS="1335" HPOS="438"/><String WC="0.6449999809" CONTENT="-sts" HEIGHT="33" WIDTH="46" VPOS="1326" HPOS="460"/><SP WIDTH="15" VPOS="1332" HPOS="507"/><String WC="0.5166666508" CONTENT="allein" HEIGHT="33" WIDTH="77" VPOS="1323" HPOS="523"/></TextLine>
<TextLine HEIGHT="48" WIDTH="329" VPOS="1363" HPOS="213" STYLEREFS="font3"><String WC="0.473333329" CONTENT="des" HEIGHT="32" WIDTH="56" VPOS="1379" HPOS="213"/><SP WIDTH="12" VPOS="1379" HPOS="269"/><String WC="0.3844444454" CONTENT="untersten" HEIGHT="41" WIDTH="135" VPOS="1367" HPOS="281"/><SP WIDTH="9" VPOS="1367" HPOS="416"/><String WC="0.3883333206" CONTENT="Pöbels" HEIGHT="41" WIDTH="117" VPOS="1363" HPOS="425"/></TextLine>
<TextLine HEIGHT="50" WIDTH="248" VPOS="1409" HPOS="217" STYLEREFS="font3"><String WC="0.479285717" CONTENT="Angelegenheit-" HEIGHT="50" WIDTH="248" VPOS="1409" HPOS="217"/></TextLine>
<TextLine HEIGHT="45" WIDTH="289" VPOS="1446" HPOS="262"><String WC="0.3100000024" CONTENT="Der" HEIGHT="33" WIDTH="63" VPOS="1458" HPOS="262"/><SP WIDTH="8" VPOS="1461" HPOS="326"/><String WC="0.6274999976" CONTENT="Rüb&gt;" HEIGHT="37" WIDTH="87" VPOS="1454" HPOS="335"/><SP WIDTH="10" VPOS="1451" HPOS="423"/><String WC="0.6999999881" CONTENT="^kt/" HEIGHT="43" WIDTH="91" VPOS="1447" HPOS="434"/><SP WIDTH="12" VPOS="1447" HPOS="526"/><String WC="0.2199999988" CONTENT="i" HEIGHT="20" WIDTH="12" VPOS="1455" HPOS="539"/></TextLine>
<TextLine HEIGHT="48" WIDTH="268" VPOS="1493" HPOS="216"><String WC="0.5450000167" CONTENT="Wftk" HEIGHT="45" WIDTH="86" VPOS="1496" HPOS="216"/><SP WIDTH="9" VPOS="1501" HPOS="303"/><String WC="0.5099999905" CONTENT="das" HEIGHT="35" WIDTH="52" VPOS="1501" HPOS="313"/><SP WIDTH="6" VPOS="1499" HPOS="366"/><String WC="0.476000011" CONTENT="Viehs" HEIGHT="40" WIDTH="111" VPOS="1493" HPOS="373"/></TextLine>
</TextBlock>
<TextBlock ID="Page1_Block6" HEIGHT="229" WIDTH="373" VPOS="1611" HPOS="210" language="de" STYLEREFS="font3"><Shape><Polygon POINTS="213,1615 585,1615 585,1841 213,1841 213,1615"/></Shape>
<TextLine HEIGHT="43" WIDTH="256" VPOS="1618" HPOS="221"><String WC="0.5066666603" CONTENT="aus" HEIGHT="35" WIDTH="55" VPOS="1626" HPOS="221"/><SP WIDTH="9" VPOS="1625" HPOS="277"/><String WC="0.2433333397" CONTENT="den" HEIGHT="33" WIDTH="50" VPOS="1625" HPOS="287"/><SP WIDTH="8" VPOS="1622" HPOS="338"/><String WC="0.3700000048" CONTENT="Stilen" HEIGHT="39" WIDTH="130" VPOS="1618" HPOS="347"/></TextLine>
<TextLine HEIGHT="43" WIDTH="359" VPOS="1663" HPOS="218"><String WC="0.6299999952" CONTENT="-mit" HEIGHT="33" WIDTH="57" VPOS="1668" HPOS="218"/><SP WIDTH="8" VPOS="1669" HPOS="275"/><String WC="0.4566666782" CONTENT="dem" HEIGHT="33" WIDTH="62" VPOS="1669" HPOS="283"/><SP WIDTH="7" VPOS="1666" HPOS="345"/><String WC="0.5410000086" CONTENT="MH-Hortt/4" HEIGHT="42" WIDTH="225" VPOS="1663" HPOS="352"/></TextLine>
<TextLine HEIGHT="44" WIDTH="199" VPOS="1745" HPOS="220" STYLEREFS="font4"><String STYLE="bold" WC="0.2666666806" CONTENT="And" HEIGHT="34" WIDTH="55" VPOS="1749" HPOS="220"/><SP WIDTH="9" VPOS="1747" HPOS="276"/><String STYLE="bold" WC="0.5283333063" CONTENT="fshrel" HEIGHT="42" WIDTH="92" VPOS="1746" HPOS="286"/><SP WIDTH="7" VPOS="1747" HPOS="379"/><String STYLE="bold" WC="0.8650000095" CONTENT="es" HEIGHT="33" WIDTH="32" VPOS="1750" HPOS="387"/></TextLine>
<TextLine HEIGHT="43" WIDTH="225" VPOS="1788" HPOS="217" STYLEREFS="font4"><String STYLEREFS="font3" WC="0.3774999976" CONTENT="MdirWMt-" HEIGHT="43" WIDTH="225" VPOS="1788" HPOS="217"/></TextLine>
</TextBlock></ComposedBlock>
<ComposedBlock ID="Page1_Block7" HEIGHT="784" WIDTH="618" VPOS="1074" HPOS="615" TYPE="container"><Shape><Polygon POINTS="622,1082 1234,1082 1234,1862 622,1862 622,1082"/></Shape>
<TextBlock ID="Page1_Block8" HEIGHT="714" WIDTH="617" VPOS="1077" HPOS="615" language="de" STYLEREFS="font3"><Shape><Polygon POINTS="622,1082 844,1082 844,1092 894,1092 894,1170 900,1170 900,1190 1234,1190 1234,1796 814,1796 814,1736 622,1736 622,1082"/></Shape>
<TextLine HEIGHT="40" WIDTH="128" VPOS="1080" HPOS="744" STYLEREFS="font1"><String STYLE="italics" WC="0.6200000048" CONTENT="4." HEIGHT="24" WIDTH="29" VPOS="1092" HPOS="744"/><SP WIDTH="12" VPOS="1081" HPOS="773"/><String STYLE="italics" WC="0.2419999987" CONTENT="(agn-" HEIGHT="40" WIDTH="87" VPOS="1080" HPOS="785"/></TextLine>
<TextLine HEIGHT="42" WIDTH="242" VPOS="1119" HPOS="632" STYLEREFS="font1"><String STYLE="italics" WC="0.4144444466" CONTENT="[cidtüra," HEIGHT="40" WIDTH="125" VPOS="1120" HPOS="632"/><SP WIDTH="1" VPOS="1122" HPOS="758"/><String WC="0.5824999809" CONTENT="f,j." HEIGHT="30" WIDTH="50" VPOS="1122" HPOS="759"/><SP WIDTH="8" VPOS="1124" HPOS="810"/><String WC="0.4839999974" CONTENT="[f.i," HEIGHT="40" WIDTH="55" VPOS="1120" HPOS="819"/></TextLine>
<TextLine HEIGHT="43" WIDTH="258" VPOS="1162" HPOS="616" STYLEREFS="font1"><String STYLEREFS="font3" WC="0.3179999888" CONTENT="ferex" HEIGHT="26" WIDTH="66" VPOS="1166" HPOS="616"/><SP WIDTH="8" VPOS="1164" HPOS="683"/><String STYLEREFS="font3" WC="0.5966666937" CONTENT="f.j" HEIGHT="40" WIDTH="32" VPOS="1163" HPOS="692"/><SP WIDTH="7" VPOS="1177" HPOS="725"/><String STYLE="italics" WC="0.6060000062" CONTENT=".pecuarin," HEIGHT="37" WIDTH="141" VPOS="1167" HPOS="733"/></TextLine>
<TextLine HEIGHT="48" WIDTH="593" VPOS="1198" HPOS="616" STYLEREFS="font1"><String WC="0.3075000048" CONTENT=":rat" HEIGHT="21" WIDTH="49" VPOS="1213" HPOS="616"/><SP WIDTH="6" VPOS="1213" HPOS="666"/><String WC="0.2815384567" CONTENT="amiquiffioiis" HEIGHT="41" WIDTH="188" VPOS="1205" HPOS="673"/><SP WIDTH="19" VPOS="1203" HPOS="862"/><String WC="0.3609091043" CONTENT="Antiquifflm" HEIGHT="41" WIDTH="175" VPOS="1199" HPOS="882"/><String STYLE="superscript" WC="0.2399999946" CONTENT="s" HEIGHT="16" WIDTH="13" VPOS="1202" HPOS="1059"/><String STYLE="subscript" WC="0.25" CONTENT=")" HEIGHT="14" WIDTH="9" VPOS="1223" HPOS="1073"/><String WC="0.2599999905" CONTENT="a" HEIGHT="19" WIDTH="13" VPOS="1212" HPOS="1086"/><String STYLE="subscript" WC="0.349999994" CONTENT=")" HEIGHT="14" WIDTH="7" VPOS="1222" HPOS="1101"/><String WC="0.5222222209" CONTENT="ü)Bt‘lV-‘" HEIGHT="35" WIDTH="97" VPOS="1199" HPOS="1112"/></TextLine>
<TextLine HEIGHT="50" WIDTH="576" VPOS="1239" HPOS="616" STYLEREFS="font1"><String STYLE="superscript italics" WC="0.1299999952" CONTENT="L" HEIGHT="6" WIDTH="5" VPOS="1258" HPOS="617"/><String STYLE="italics" WC="0.3587499857" CONTENT="imporihm" HEIGHT="39" WIDTH="136" VPOS="1248" HPOS="625"/><SP WIDTH="113" VPOS="1248" HPOS="762"/><String WC="0.3857142925" CONTENT="jTempus^.j.&amp;iCjst&apos;it." HEIGHT="48" WIDTH="317" VPOS="1239" HPOS="875"/></TextLine>
<TextLine HEIGHT="43" WIDTH="475" VPOS="1281" HPOS="717" STYLEREFS="font1"><String STYLE="italics" WC="0.3610000014" CONTENT="arHtroum-." HEIGHT="31" WIDTH="156" VPOS="1288" HPOS="717"/><SP WIDTH="7" VPOS="1286" HPOS="874"/><String WC="0.3733333349" CONTENT="Res,m." HEIGHT="35" WIDTH="108" VPOS="1286" HPOS="882"/><SP WIDTH="5" VPOS="1297" HPOS="991"/><String STYLE="bold" STYLEREFS="font0" WC="0.150000006" CONTENT="3" HEIGHT="25" WIDTH="12" VPOS="1297" HPOS="997"/><String WC="1." CONTENT="," HEIGHT="10" WIDTH="8" VPOS="1307" HPOS="1016"/><SP WIDTH="7" VPOS="1286" HPOS="1025"/><String WC="0.1633333266" CONTENT="iHT" HEIGHT="29" WIDTH="47" VPOS="1286" HPOS="1033"/><SP WIDTH="5" VPOS="1283" HPOS="1081"/><String WC="0.5412499905" CONTENT="5fl&apos;HltJ" HEIGHT="35" WIDTH="94" VPOS="1281" HPOS="1087"/><SP WIDTH="5" VPOS="1285" HPOS="1182"/><String WC="0.2700000107" CONTENT="•" HEIGHT="6" WIDTH="4" VPOS="1299" HPOS="1188"/></TextLine>
<TextLine HEIGHT="46" WIDTH="592" VPOS="1318" HPOS="617" STYLEREFS="font1"><String WC="0.4387499988" CONTENT="lodieeft" HEIGHT="29" WIDTH="121" VPOS="1327" HPOS="617"/><SP WIDTH="7" VPOS="1327" HPOS="739"/><String WC="0.3766666651" CONTENT="tantum" HEIGHT="24" WIDTH="108" VPOS="1335" HPOS="747"/><SP WIDTH="25" VPOS="1330" HPOS="856"/><String WC="0.4337500036" CONTENT="Heros,m." HEIGHT="32" WIDTH="143" VPOS="1329" HPOS="882"/><SP WIDTH="11" VPOS="1334" HPOS="1026"/><String WC="0.6100000143" CONTENT="z-" HEIGHT="24" WIDTH="24" VPOS="1334" HPOS="1038"/><SP WIDTH="10" VPOS="1322" HPOS="1063"/><String WC="0.4449999928" CONTENT="Dft’/jclP*" HEIGHT="43" WIDTH="135" VPOS="1318" HPOS="1074"/></TextLine>
<TextLine HEIGHT="43" WIDTH="589" VPOS="1358" HPOS="622"><String WC="0.2066666633" CONTENT="nfima:" HEIGHT="31" WIDTH="87" VPOS="1367" HPOS="622"/><SP WIDTH="172" VPOS="1372" HPOS="709"/><String WC="0.4391304255" CONTENT="InLlyur,a,UM,UNtersti&apos;-" HEIGHT="41" WIDTH="330" VPOS="1358" HPOS="881"/></TextLine>
<TextLine HEIGHT="54" WIDTH="483" VPOS="1397" HPOS="725"><String WC="0.9649999738" CONTENT="1." HEIGHT="19" WIDTH="24" VPOS="1424" HPOS="725"/><SP WIDTH="133" VPOS="1414" HPOS="750"/><String WC="0.4316666722" CONTENT="piebs," HEIGHT="32" WIDTH="96" VPOS="1408" HPOS="884"/><SP WIDTH="6" VPOS="1404" HPOS="981"/><String WC="0.4050000012" CONTENT="f." HEIGHT="30" WIDTH="19" VPOS="1403" HPOS="988"/><SP WIDTH="11" VPOS="1414" HPOS="1008"/><String WC="0.4045454562" CONTENT="z.derPödel-" HEIGHT="52" WIDTH="188" VPOS="1397" HPOS="1020"/></TextLine>
<TextLine HEIGHT="34" WIDTH="233" VPOS="1452" HPOS="643"><String STYLE="italics" STYLEREFS="font1" WC="0.3222222328" CONTENT="Bubidctts" HEIGHT="33" WIDTH="125" VPOS="1453" HPOS="643"/><SP WIDTH="12" VPOS="1464" HPOS="769"/><String WC="0.3933333457" CONTENT="r.m.:." HEIGHT="23" WIDTH="94" VPOS="1460" HPOS="782"/></TextLine>
<TextLine HEIGHT="48" WIDTH="596" VPOS="1485" HPOS="618" STYLEREFS="font1"><String WC="0.276666671" CONTENT="evocat" HEIGHT="25" WIDTH="91" VPOS="1503" HPOS="618"/><SP WIDTH="7" VPOS="1507" HPOS="710"/><String STYLE="italics" WC="0.2422222197" CONTENT="itrmtnta." HEIGHT="25" WIDTH="114" VPOS="1501" HPOS="718"/><SP WIDTH="10" VPOS="1502" HPOS="833"/><String STYLE="bold" STYLEREFS="font0" WC="0.2399999946" CONTENT="2" HEIGHT="20" WIDTH="13" VPOS="1501" HPOS="844"/><SP WIDTH="19" VPOS="1501" HPOS="858"/><String WC="0.4276922941" CONTENT="|Evo.eare,aa," HEIGHT="40" WIDTH="190" VPOS="1491" HPOS="878"/><SP WIDTH="11" VPOS="1499" HPOS="1069"/><String WC="0.4474999905" CONTENT="ausblüN&apos;" HEIGHT="39" WIDTH="133" VPOS="1485" HPOS="1081"/></TextLine>
<TextLine HEIGHT="48" WIDTH="322" VPOS="1521" HPOS="891" STYLEREFS="font1"><String WC="0.4099999964" CONTENT="Armentum," HEIGHT="34" WIDTH="176" VPOS="1535" HPOS="891"/><SP WIDTH="18" VPOS="1544" HPOS="1067"/><String WC="0.7400000095" CONTENT="n." HEIGHT="19" WIDTH="29" VPOS="1544" HPOS="1085"/><SP WIDTH="50" VPOS="1529" HPOS="1114"/><String WC="0.6666666865" CONTENT="düs" HEIGHT="38" WIDTH="49" VPOS="1521" HPOS="1164"/></TextLine>
<TextLine HEIGHT="43" WIDTH="182" VPOS="1574" HPOS="926"><String WC="0.5116666555" CONTENT="grosse" HEIGHT="42" WIDTH="82" VPOS="1575" HPOS="926"/><SP WIDTH="8" VPOS="1574" HPOS="1009"/><String WC="0.4939999878" CONTENT="Vieh." HEIGHT="41" WIDTH="90" VPOS="1574" HPOS="1018"/></TextLine>
<TextLine HEIGHT="52" WIDTH="594" VPOS="1608" HPOS="619"><String WC="0.2199999988" CONTENT=":" HEIGHT="17" WIDTH="8" VPOS="1633" HPOS="619"/><SP WIDTH="7" VPOS="1622" HPOS="628"/><String STYLE="italics" STYLEREFS="font1" WC="0.4055555463" CONTENT="bonilibus" HEIGHT="31" WIDTH="127" VPOS="1620" HPOS="636"/><SP WIDTH="11" VPOS="1631" HPOS="764"/><String WC="0.25" CONTENT="3" HEIGHT="28" WIDTH="12" VPOS="1631" HPOS="776"/><SP WIDTH="96" VPOS="1623" HPOS="789"/><String WC="0.3887499869" CONTENT="Bovüe,n." HEIGHT="35" WIDTH="128" VPOS="1618" HPOS="886"/><SP WIDTH="7" VPOS="1628" HPOS="1015"/><String WC="0.5224999785" CONTENT=";.d&apos;" HEIGHT="37" WIDTH="51" VPOS="1618" HPOS="1023"/><SP WIDTH="8" VPOS="1618" HPOS="1075"/><String WC="0.4822222292" CONTENT="KÜHstall&apos;" HEIGHT="45" WIDTH="129" VPOS="1608" HPOS="1084"/></TextLine>
<TextLine HEIGHT="44" WIDTH="596" VPOS="1657" HPOS="619"><String STYLE="italics" STYLEREFS="font1" WC="0.2615384758" CONTENT="&gt;uctink(cwrnH" HEIGHT="38" WIDTH="188" VPOS="1661" HPOS="619"/><String WC="0.400000006" CONTENT=")" HEIGHT="33" WIDTH="14" VPOS="1664" HPOS="806"/><SP WIDTH="9" VPOS="1664" HPOS="820"/><String WC="0.3100000024" CONTENT="4" HEIGHT="30" WIDTH="19" VPOS="1670" HPOS="829"/><SP WIDTH="40" VPOS="1664" HPOS="848"/><String WC="0.40200001" CONTENT="Succina.f." HEIGHT="35" WIDTH="146" VPOS="1660" HPOS="888"/><SP WIDTH="6" VPOS="1671" HPOS="1035"/><String WC="1." CONTENT="1" HEIGHT="17" WIDTH="10" VPOS="1671" HPOS="1042"/><SP WIDTH="6" VPOS="1671" HPOS="1053"/><String WC="0.5189999938" CONTENT=".(CocnUjO*" HEIGHT="38" WIDTH="154" VPOS="1657" HPOS="1060"/></TextLine>
<TextLine HEIGHT="44" WIDTH="274" VPOS="1696" HPOS="925"><String WC="0.4713333249" CONTENT="4-)da§Küh-Hern-" HEIGHT="44" WIDTH="274" VPOS="1696" HPOS="925"/></TextLine>
<TextLine HEIGHT="46" WIDTH="306" VPOS="1736" HPOS="888"><String WC="0.2671428621" CONTENT="Duccrc," HEIGHT="38" WIDTH="116" VPOS="1744" HPOS="888"/><SP WIDTH="6" VPOS="1754" HPOS="1005"/><String WC="0.4699999988" CONTENT="a." HEIGHT="20" WIDTH="23" VPOS="1754" HPOS="1012"/><SP WIDTH="14" VPOS="1754" HPOS="1036"/><String WC="0.6100000143" CONTENT="z." HEIGHT="27" WIDTH="24" VPOS="1754" HPOS="1051"/><SP WIDTH="8" VPOS="1740" HPOS="1076"/><String WC="0.332857132" CONTENT="führen»" HEIGHT="45" WIDTH="109" VPOS="1736" HPOS="1085"/></TextLine>
</TextBlock>
<TextBlock ID="Page1_Block9" HEIGHT="101" WIDTH="114" VPOS="1739" HPOS="624" language="de" STYLEREFS="font3"><Shape><Polygon POINTS="626,1744 740,1744 740,1844 626,1844 626,1744"/></Shape>
<TextLine HEIGHT="32" WIDTH="98" VPOS="1746" HPOS="624"><String STYLE="smallcaps" WC="0.4250000119" CONTENT="k:" HEIGHT="17" WIDTH="16" VPOS="1759" HPOS="624"/><SP WIDTH="7" VPOS="1747" HPOS="641"/><String WC="0.4316666722" CONTENT="diicit" HEIGHT="32" WIDTH="73" VPOS="1746" HPOS="649"/></TextLine>
<TextLine HEIGHT="33" WIDTH="95" VPOS="1789" HPOS="624"><String WC="0.3428571522" CONTENT="jaftuiö" HEIGHT="33" WIDTH="95" VPOS="1789" HPOS="624"/></TextLine>
</TextBlock>
<TextBlock ID="Page1_Block10" HEIGHT="49" WIDTH="97" VPOS="1806" HPOS="1132" language="de" STYLEREFS="font3"><Shape><Polygon POINTS="1134,1814 1230,1814 1230,1862 1134,1862 1134,1814"/></Shape>
<TextLine HEIGHT="36" WIDTH="65" VPOS="1815" HPOS="1149"><String WC="0.1599999964" CONTENT="Btt" HEIGHT="36" WIDTH="65" VPOS="1815" HPOS="1149"/></TextLine>
</TextBlock></ComposedBlock><GraphicalElement ID="Page1_Block11" HEIGHT="16" WIDTH="965" VPOS="173" HPOS="208"/><GraphicalElement ID="Page1_Block12" HEIGHT="4" WIDTH="134" VPOS="434" HPOS="468"/><GraphicalElement ID="Page1_Block13" HEIGHT="10" WIDTH="312" VPOS="441" HPOS="402"/><GraphicalElement ID="Page1_Block14" HEIGHT="8" WIDTH="132" VPOS="452" HPOS="588"/><GraphicalElement ID="Page1_Block15" HEIGHT="8" WIDTH="253" VPOS="453" HPOS="750"/><GraphicalElement ID="Page1_Block16" HEIGHT="4" WIDTH="77" VPOS="459" HPOS="486"/><GraphicalElement ID="Page1_Block17" HEIGHT="6" WIDTH="242" VPOS="463" HPOS="745"/><GraphicalElement ID="Page1_Block18" HEIGHT="6" WIDTH="137" VPOS="488" HPOS="499"/><GraphicalElement ID="Page1_Block19" HEIGHT="6" WIDTH="277" VPOS="488" HPOS="691"/><GraphicalElement ID="Page1_Block20" HEIGHT="7" WIDTH="161" VPOS="536" HPOS="508"/><GraphicalElement ID="Page1_Block21" HEIGHT="8" WIDTH="184" VPOS="553" HPOS="521"/><GraphicalElement ID="Page1_Block22" HEIGHT="7" WIDTH="341" VPOS="563" HPOS="700"/><GraphicalElement ID="Page1_Block23" HEIGHT="7" WIDTH="184" VPOS="571" HPOS="899"/><GraphicalElement ID="Page1_Block24" HEIGHT="6" WIDTH="140" VPOS="576" HPOS="474"/><GraphicalElement ID="Page1_Block25" HEIGHT="5" WIDTH="110" VPOS="585" HPOS="468"/><GraphicalElement ID="Page1_Block26" HEIGHT="7" WIDTH="120" VPOS="589" HPOS="943"/><GraphicalElement ID="Page1_Block27" HEIGHT="8" WIDTH="167" VPOS="599" HPOS="883"/><GraphicalElement ID="Page1_Block28" HEIGHT="7" WIDTH="181" VPOS="747" HPOS="920"/><GraphicalElement ID="Page1_Block29" HEIGHT="3" WIDTH="108" VPOS="805" HPOS="1021"/><GraphicalElement ID="Page1_Block30" HEIGHT="8" WIDTH="142" VPOS="977" HPOS="274"/><GraphicalElement ID="Page1_Block31" HEIGHT="15" WIDTH="793" VPOS="988" HPOS="337"/><GraphicalElement ID="Page1_Block32" HEIGHT="480" WIDTH="19" VPOS="523" HPOS="271"/><GraphicalElement ID="Page1_Block33" HEIGHT="743" WIDTH="16" VPOS="1033" HPOS="597"/><GraphicalElement ID="Page1_Block34" HEIGHT="146" WIDTH="6" VPOS="1034" HPOS="874"/><GraphicalElement ID="Page1_Block35" HEIGHT="272" WIDTH="8" VPOS="1546" HPOS="878"/><GraphicalElement ID="Page1_Block36" HEIGHT="96" WIDTH="5" VPOS="1377" HPOS="877"/><GraphicalElement ID="Page1_Block37" HEIGHT="163" WIDTH="13" VPOS="529" HPOS="1115"/><GraphicalElement ID="Page1_Block38" HEIGHT="266" WIDTH="13" VPOS="708" HPOS="1117"/><GraphicalElement ID="Page1_Block39" HEIGHT="4" WIDTH="72" VPOS="566" HPOS="865"/>
</PrintSpace>
</Page>
</Layout>
</alto>