﻿<?xml version="1.0" encoding="UTF-8" standalone="yes"?>
<alto xmlns="http://www.loc.gov/standards/alto/ns-v2#" xmlns:xlink="http://www.w3.org/1999/xlink" xmlns:xsi="http://www.w3.org/2001/XMLSchema-instance" xsi:schemaLocation="http://www.loc.gov/standards/alto/ns-v2# http://www.loc.gov/standards/alto/alto-v2.0.xsd">
<Description>
<MeasurementUnit>pixel</MeasurementUnit>
<OCRProcessing ID="IdOcr"><ocrProcessingStep><processingDateTime>2017-03-20</processingDateTime><processingSoftware><softwareCreator>ABBYY</softwareCreator><softwareName>ABBYY FineReader Engine</softwareName><softwareVersion>11</softwareVersion></processingSoftware></ocrProcessingStep></OCRProcessing>
</Description>
<Styles><TextStyle ID="font0" FONTFAMILY="Times New Roman" FONTSIZE="6"/><TextStyle ID="font1" FONTFAMILY="Times New Roman" FONTSIZE="8"/><TextStyle ID="font2" FONTFAMILY="Times New Roman" FONTSIZE="9"/><TextStyle ID="font3" FONTFAMILY="Times New Roman" FONTSIZE="10"/><TextStyle ID="font4" FONTFAMILY="Times New Roman" FONTSIZE="11"/><TextStyle ID="font5" FONTFAMILY="Times New Roman" FONTSIZE="12"/><TextStyle ID="font6" FONTFAMILY="Times New Roman" FONTSIZE="13"/><TextStyle ID="font7" FONTFAMILY="Times New Roman" FONTSIZE="14"/><TextStyle ID="font8" FONTFAMILY="Times New Roman" FONTSIZE="15"/><TextStyle ID="font9" FONTFAMILY="Times New Roman" FONTSIZE="17"/>
</Styles>
<Layout>
<Page ID="Page1" PHYSICAL_IMG_NR="1" HEIGHT="2058" WIDTH="1287">
<TopMargin HEIGHT="156" WIDTH="1287" VPOS="0" HPOS="0">
</TopMargin>
<RightMargin HEIGHT="1675" WIDTH="207" VPOS="156" HPOS="1080">
</RightMargin>
<BottomMargin HEIGHT="227" WIDTH="1287" VPOS="1831" HPOS="0">
</BottomMargin>
<PrintSpace HEIGHT="1675" WIDTH="1080" VPOS="156" HPOS="0">
<TextBlock ID="Page1_Block1" HEIGHT="714" WIDTH="1079" VPOS="156" HPOS="1" language="de" STYLEREFS="font5">
<TextLine HEIGHT="49" WIDTH="362" VPOS="163" HPOS="355" STYLEREFS="font7"><String STYLE="italics" WC="1.999999955e-002" CONTENT="m" HEIGHT="47" WIDTH="78" VPOS="163" HPOS="355"/><SP WIDTH="25" VPOS="163" HPOS="434"/><String STYLE="italics" WC="0.3700000048" CONTENT="(" HEIGHT="41" WIDTH="17" VPOS="164" HPOS="460"/><SP WIDTH="24" VPOS="164" HPOS="478"/><String STYLE="italics" WC="0.3000000119" CONTENT="sn" HEIGHT="32" WIDTH="65" VPOS="175" HPOS="503"/><SP WIDTH="28" VPOS="164" HPOS="569"/><String WC="0.7400000095" CONTENT=")ZM" HEIGHT="48" WIDTH="119" VPOS="164" HPOS="598"/></TextLine>
<TextLine HEIGHT="55" WIDTH="138" VPOS="245" HPOS="468" STYLEREFS="font9"><String WC="0.7649999857" CONTENT="XCI." HEIGHT="55" WIDTH="138" VPOS="245" HPOS="468"/></TextLine>
<TextLine HEIGHT="51" WIDTH="459" VPOS="327" HPOS="306" STYLEREFS="font6"><String STYLE="bold italics" WC="0.3420000076" CONTENT="pfalm" HEIGHT="51" WIDTH="130" VPOS="327" HPOS="306"/><SP WIDTH="15" VPOS="329" HPOS="437"/><String WC="0.6460000277" CONTENT="XL1V." HEIGHT="37" WIDTH="128" VPOS="329" HPOS="453"/><SP WIDTH="17" VPOS="330" HPOS="582"/><String WC="0.4025000036" CONTENT="Vers" HEIGHT="48" WIDTH="110" VPOS="329" HPOS="600"/><SP WIDTH="14" VPOS="329" HPOS="711"/><String STYLEREFS="font2" WC="0.2199999988" CONTENT="2" HEIGHT="25" WIDTH="22" VPOS="343" HPOS="726"/><String WC="0.5400000215" CONTENT="." HEIGHT="16" WIDTH="13" VPOS="353" HPOS="752"/></TextLine>
<TextLine HEIGHT="59" WIDTH="1013" VPOS="384" HPOS="55" STYLEREFS="font8"><String STYLE="bold" WC="0.6666666865" CONTENT="Ich" HEIGHT="57" WIDTH="74" VPOS="384" HPOS="55"/><SP WIDTH="7" VPOS="391" HPOS="130"/><String STYLE="bold" WC="0.5625" CONTENT="will" HEIGHT="42" WIDTH="73" VPOS="389" HPOS="138"/><SP WIDTH="8" VPOS="390" HPOS="212"/><String STYLE="bold" WC="0.2722222209" CONTENT="demKönrge" HEIGHT="54" WIDTH="218" VPOS="389" HPOS="221"/><SP WIDTH="11" VPOS="400" HPOS="440"/><String STYLE="bold" WC="0.2599999905" CONTENT="memWerck" HEIGHT="45" WIDTH="230" VPOS="389" HPOS="452"/><SP WIDTH="8" VPOS="390" HPOS="683"/><String STYLE="bold" WC="0.276666671" CONTENT="erzehlen;" HEIGHT="55" WIDTH="157" VPOS="387" HPOS="692"/><SP WIDTH="8" VPOS="394" HPOS="850"/><String STYLE="bold" WC="0.206249997" CONTENT="memeZttM" HEIGHT="55" WIDTH="209" VPOS="387" HPOS="859"/></TextLine>
<TextLine HEIGHT="59" WIDTH="843" VPOS="439" HPOS="9" STYLEREFS="font8"><String STYLE="bold" WC="0." CONTENT="A" HEIGHT="44" WIDTH="32" VPOS="439" HPOS="9"/><SP WIDTH="8" VPOS="439" HPOS="42"/><String STYLE="bold" STYLEREFS="font4" WC="0.573333323" CONTENT="ist" HEIGHT="50" WIDTH="34" VPOS="442" HPOS="51"/><SP WIDTH="16" VPOS="443" HPOS="86"/><String STYLE="bold italics" STYLEREFS="font5" WC="0.2466666698" CONTENT="Die" HEIGHT="35" WIDTH="49" VPOS="451" HPOS="103"/><SP WIDTH="8" VPOS="443" HPOS="153"/><String STYLE="bold" WC="0.25" CONTENT="Feder" HEIGHT="51" WIDTH="110" VPOS="443" HPOS="162"/><SP WIDTH="8" VPOS="454" HPOS="273"/><String STYLE="bold" WC="0.5059999824" CONTENT="eines" HEIGHT="40" WIDTH="93" VPOS="449" HPOS="282"/><SP WIDTH="6" VPOS="449" HPOS="376"/><String STYLE="bold" WC="0.1972727329" CONTENT="geschwinden" HEIGHT="51" WIDTH="230" VPOS="446" HPOS="383"/><SP WIDTH="10" VPOS="444" HPOS="614"/><String STYLE="bold" WC="0.4399999976" CONTENT="Schreibers." HEIGHT="54" WIDTH="227" VPOS="444" HPOS="625"/></TextLine>
<TextLine HEIGHT="67" WIDTH="1011" VPOS="501" HPOS="57"><String STYLE="italics" WC="0.3528571427" CONTENT="Dicoego" HEIGHT="61" WIDTH="170" VPOS="506" HPOS="57"/><SP WIDTH="11" VPOS="524" HPOS="228"/><String STYLE="italics" WC="0.34799999" CONTENT="opera" HEIGHT="43" WIDTH="110" VPOS="521" HPOS="240"/><SP WIDTH="7" VPOS="522" HPOS="351"/><String STYLE="italics" WC="0.6937500238" CONTENT="meaRegi:" HEIGHT="58" WIDTH="187" VPOS="510" HPOS="359"/><SP WIDTH="26" VPOS="510" HPOS="547"/><String STYLE="italics" WC="0.6399999857" CONTENT="Lingua" HEIGHT="57" WIDTH="143" VPOS="510" HPOS="574"/><SP WIDTH="7" VPOS="522" HPOS="718"/><String STYLE="italics" WC="0.473333329" CONTENT="mea" HEIGHT="31" WIDTH="76" VPOS="520" HPOS="726"/><SP WIDTH="8" VPOS="519" HPOS="803"/><String STYLE="italics" WC="0.5808333158" CONTENT="calamusfiri-" HEIGHT="59" WIDTH="256" VPOS="501" HPOS="812"/></TextLine>
<TextLine HEIGHT="56" WIDTH="481" VPOS="561" HPOS="6"><String STYLE="bold" STYLEREFS="font3" WC="0.4566666782" CONTENT="®*»" HEIGHT="45" WIDTH="66" VPOS="561" HPOS="6"/><SP WIDTH="14" VPOS="576" HPOS="73"/><String STYLE="italics" WC="0.6129999757" CONTENT="&apos;velociter" HEIGHT="45" WIDTH="184" VPOS="561" HPOS="88"/><SP WIDTH="6" VPOS="561" HPOS="273"/><String STYLE="italics" WC="0.6427272558" CONTENT="fcribentis." HEIGHT="56" WIDTH="207" VPOS="561" HPOS="280"/></TextLine>
<TextLine HEIGHT="58" WIDTH="1013" VPOS="625" HPOS="56" STYLEREFS="font6"><String WC="0.4550000131" CONTENT="Jo" HEIGHT="50" WIDTH="47" VPOS="627" HPOS="56"/><SP WIDTH="16" VPOS="644" HPOS="104"/><String WC="0.5" CONTENT="redto" HEIGHT="37" WIDTH="122" VPOS="633" HPOS="121"/><SP WIDTH="14" VPOS="644" HPOS="244"/><String WC="0.2349999994" CONTENT="al" HEIGHT="37" WIDTH="30" VPOS="632" HPOS="259"/><SP WIDTH="13" VPOS="630" HPOS="290"/><String WC="0.625" CONTENT="Re" HEIGHT="39" WIDTH="60" VPOS="630" HPOS="304"/><SP WIDTH="19" VPOS="631" HPOS="365"/><String WC="0.375" CONTENT="le" HEIGHT="40" WIDTH="33" VPOS="631" HPOS="385"/><SP WIDTH="19" VPOS="645" HPOS="419"/><String WC="0.2899999917" CONTENT="mie" HEIGHT="37" WIDTH="79" VPOS="633" HPOS="439"/><SP WIDTH="38" VPOS="644" HPOS="519"/><String WC="0.65200001" CONTENT="opere" HEIGHT="41" WIDTH="117" VPOS="642" HPOS="558"/><SP WIDTH="15" VPOS="643" HPOS="676"/><String WC="0.200000003" CONTENT=":" HEIGHT="24" WIDTH="9" VPOS="643" HPOS="692"/><SP WIDTH="18" VPOS="627" HPOS="702"/><String WC="0.4099999964" CONTENT="Ia" HEIGHT="39" WIDTH="36" VPOS="627" HPOS="721"/><SP WIDTH="20" VPOS="641" HPOS="758"/><String WC="0.2566666603" CONTENT="mia" HEIGHT="39" WIDTH="80" VPOS="630" HPOS="779"/><SP WIDTH="14" VPOS="625" HPOS="860"/><String WC="0.401666671" CONTENT="Lingua" HEIGHT="55" WIDTH="148" VPOS="625" HPOS="875"/><SP WIDTH="21" VPOS="628" HPOS="1024"/><String WC="1." CONTENT="Z" HEIGHT="40" WIDTH="23" VPOS="628" HPOS="1046"/></TextLine>
<TextLine HEIGHT="63" WIDTH="786" VPOS="674" HPOS="8" STYLEREFS="font6"><String WC="0.3350000083" CONTENT="SÖme" HEIGHT="50" WIDTH="106" VPOS="674" HPOS="8"/><SP WIDTH="18" VPOS="687" HPOS="115"/><String WC="0.5" CONTENT="la" HEIGHT="37" WIDTH="32" VPOS="687" HPOS="134"/><SP WIDTH="19" VPOS="699" HPOS="167"/><String WC="0.3580000103" CONTENT="penna" HEIGHT="39" WIDTH="126" VPOS="698" HPOS="187"/><SP WIDTH="14" VPOS="685" HPOS="314"/><String WC="0.5849999785" CONTENT="d’" HEIGHT="39" WIDTH="36" VPOS="685" HPOS="329"/><SP WIDTH="13" VPOS="686" HPOS="366"/><String WC="0.3400000036" CONTENT="un" HEIGHT="27" WIDTH="52" VPOS="698" HPOS="380"/><SP WIDTH="22" VPOS="698" HPOS="433"/><String WC="0.3449999988" CONTENT="velöce" HEIGHT="41" WIDTH="133" VPOS="685" HPOS="456"/><SP WIDTH="21" VPOS="685" HPOS="590"/><String WC="0.2879999876" CONTENT="fcricc6re." HEIGHT="43" WIDTH="182" VPOS="681" HPOS="612"/></TextLine>
<TextLine HEIGHT="63" WIDTH="1021" VPOS="747" HPOS="45"><String STYLE="italics" WC="0.2633333206" CONTENT="Tay" HEIGHT="62" WIDTH="90" VPOS="747" HPOS="45"/><SP WIDTH="17" VPOS="752" HPOS="136"/><String STYLE="italics" WC="0.5749999881" CONTENT="dit:" HEIGHT="42" WIDTH="72" VPOS="752" HPOS="154"/><SP WIDTH="17" VPOS="752" HPOS="227"/><String STYLE="italics" WC="0.3174999952" CONTENT="Ales" HEIGHT="42" WIDTH="99" VPOS="752" HPOS="245"/><SP WIDTH="22" VPOS="767" HPOS="345"/><String STYLE="italics" WC="0.3466666639" CONTENT="ou&lt;vrages" HEIGHT="44" WIDTH="195" VPOS="766" HPOS="368"/><SP WIDTH="2" VPOS="752" HPOS="564"/><String STYLE="italics" WC="0.5899999738" CONTENT="ferontpaur" HEIGHT="56" WIDTH="243" VPOS="752" HPOS="567"/><SP WIDTH="12" VPOS="750" HPOS="811"/><String STYLE="italics" WC="0.7599999905" CONTENT="le" HEIGHT="42" WIDTH="32" VPOS="750" HPOS="824"/><SP WIDTH="20" VPOS="749" HPOS="857"/><String STYLE="italics" WC="0.3799999952" CONTENT="Roy" HEIGHT="56" WIDTH="79" VPOS="749" HPOS="878"/><SP WIDTH="17" VPOS="761" HPOS="958"/><String STYLE="bold" STYLEREFS="font3" WC="0.1899999976" CONTENT=";" HEIGHT="28" WIDTH="13" VPOS="761" HPOS="976"/><SP WIDTH="16" VPOS="754" HPOS="990"/><String STYLE="italics" WC="0.3975000083" CONTENT="ftia" HEIGHT="38" WIDTH="59" VPOS="754" HPOS="1007"/></TextLine>
<TextLine HEIGHT="71" WIDTH="1023" VPOS="793" HPOS="7"><String STYLE="bold" STYLEREFS="font3" WC="1." CONTENT="^" HEIGHT="44" WIDTH="29" VPOS="793" HPOS="7"/><SP WIDTH="23" VPOS="793" HPOS="37"/><String STYLE="italics" WC="0.2599999905" CONTENT="ngm" HEIGHT="48" WIDTH="90" VPOS="815" HPOS="61"/><SP WIDTH="8" VPOS="821" HPOS="152"/><String STYLE="italics" WC="0.7400000095" CONTENT="cfi" HEIGHT="59" WIDTH="47" VPOS="805" HPOS="161"/><SP WIDTH="16" VPOS="805" HPOS="209"/><String STYLE="italics" WC="0.4600000083" CONTENT="eomme" HEIGHT="30" WIDTH="131" VPOS="821" HPOS="226"/><SP WIDTH="9" VPOS="809" HPOS="358"/><String STYLE="italics" WC="0.5842857361" CONTENT="laplime" HEIGHT="57" WIDTH="168" VPOS="807" HPOS="368"/><SP WIDTH="29" VPOS="807" HPOS="537"/><String STYLE="italics" WC="0.7799999714" CONTENT="d’un" HEIGHT="43" WIDTH="94" VPOS="807" HPOS="567"/><SP WIDTH="13" VPOS="803" HPOS="662"/><String STYLE="italics" WC="0.5712500215" CONTENT="diligent" HEIGHT="60" WIDTH="151" VPOS="803" HPOS="676"/><SP WIDTH="14" VPOS="811" HPOS="828"/><String STYLE="italics" WC="0.3733333349" CONTENT="ecrivain." HEIGHT="42" WIDTH="187" VPOS="805" HPOS="843"/></TextLine>
</TextBlock>
<ComposedBlock ID="Page1_Block2" HEIGHT="273" WIDTH="1013" VPOS="961" HPOS="0" TYPE="container">
<TextBlock ID="Page1_Block3" HEIGHT="271" WIDTH="477" VPOS="961" HPOS="0" language="de" STYLEREFS="font2">
<TextLine HEIGHT="56" WIDTH="398" VPOS="967" HPOS="62" STYLEREFS="font6"><String STYLE="bold italics" WC="0.7799999714" CONTENT="L’" HEIGHT="41" WIDTH="42" VPOS="967" HPOS="62"/><SP WIDTH="14" VPOS="972" HPOS="105"/><String STYLE="bold italics" WC="0.3174999952" CONTENT="Arte" HEIGHT="36" WIDTH="98" VPOS="972" HPOS="120"/><SP WIDTH="7" VPOS="973" HPOS="219"/><String STYLE="bold italics" WC="0.474999994" CONTENT="di" HEIGHT="38" WIDTH="36" VPOS="973" HPOS="227"/><SP WIDTH="11" VPOS="974" HPOS="264"/><String STYLE="bold italics" WC="0.3614285588" CONTENT="fcrium." HEIGHT="50" WIDTH="184" VPOS="973" HPOS="276"/></TextLine>
<TextLine HEIGHT="33" WIDTH="168" VPOS="1021" HPOS="35"><String STYLE="bold" WC="0.4275000095" CONTENT="&lt;Sli" HEIGHT="29" WIDTH="47" VPOS="1024" HPOS="35"/><SP WIDTH="11" VPOS="1026" HPOS="83"/><String STYLE="bold" WC="0.3650000095" CONTENT="antkhi" HEIGHT="33" WIDTH="108" VPOS="1021" HPOS="95"/></TextLine>
<TextLine HEIGHT="47" WIDTH="314" VPOS="1053" HPOS="1"><String STYLEREFS="font3" WC="0.4311110973" CONTENT="f&apos;tivevan" HEIGHT="43" WIDTH="141" VPOS="1053" HPOS="1"/><SP WIDTH="2" VPOS="1074" HPOS="143"/><String STYLE="italics" STYLEREFS="font3" WC="0.520909071" CONTENT="o,fcriveano" HEIGHT="39" WIDTH="169" VPOS="1061" HPOS="146"/></TextLine>
<TextLine HEIGHT="35" WIDTH="297" VPOS="1102" HPOS="82" STYLEREFS="font3"><String WC="0.1949999928" CONTENT="uvolerte" HEIGHT="32" WIDTH="139" VPOS="1105" HPOS="82"/><SP WIDTH="15" VPOS="1102" HPOS="222"/><String WC="0.2444444448" CONTENT="incerate," HEIGHT="31" WIDTH="141" VPOS="1102" HPOS="238"/></TextLine>
<TextLine HEIGHT="38" WIDTH="409" VPOS="1188" HPOS="6" STYLEREFS="font3"><String STYLE="superscript" WC="0.2399999946" CONTENT="5o" HEIGHT="22" WIDTH="27" VPOS="1190" HPOS="6"/><String WC="0.2399999946" CONTENT="n" HEIGHT="23" WIDTH="18" VPOS="1196" HPOS="36"/><SP WIDTH="13" VPOS="1196" HPOS="55"/><String WC="0.5199999809" CONTENT="uno" HEIGHT="22" WIDTH="59" VPOS="1203" HPOS="69"/><SP WIDTH="15" VPOS="1195" HPOS="129"/><String WC="0.462500006" CONTENT="Kilo" HEIGHT="31" WIDTH="67" VPOS="1195" HPOS="145"/><SP WIDTH="11" VPOS="1193" HPOS="213"/><String WC="0.5799999833" CONTENT="d’" HEIGHT="31" WIDTH="26" VPOS="1193" HPOS="225"/><SP WIDTH="13" VPOS="1201" HPOS="252"/><String WC="0.3571428657" CONTENT="ottdne," HEIGHT="36" WIDTH="115" VPOS="1188" HPOS="266"/><SP WIDTH="18" VPOS="1195" HPOS="382"/><String WC="0.2700000107" CONTENT="*" HEIGHT="24" WIDTH="14" VPOS="1195" HPOS="401"/></TextLine>
</TextBlock>
<TextBlock ID="Page1_Block4" HEIGHT="268" WIDTH="485" VPOS="966" HPOS="528" language="de" STYLEREFS="font3">
<TextLine HEIGHT="44" WIDTH="342" VPOS="972" HPOS="634" STYLEREFS="font7"><String STYLE="italics" WC="0.2800000012" CONTENT="IJ" HEIGHT="41" WIDTH="42" VPOS="974" HPOS="634"/><SP WIDTH="8" VPOS="976" HPOS="677"/><String STYLE="italics" WC="0.5833333135" CONTENT="Art" HEIGHT="40" WIDTH="84" VPOS="976" HPOS="686"/><SP WIDTH="20" VPOS="972" HPOS="771"/><String STYLE="italics" WC="0.6600000262" CONTENT="d" HEIGHT="43" WIDTH="26" VPOS="972" HPOS="792"/><String STYLE="superscript italics" STYLEREFS="font0" WC="0.3199999928" CONTENT="7" HEIGHT="17" WIDTH="9" VPOS="977" HPOS="819"/><SP WIDTH="17" VPOS="977" HPOS="829"/><String STYLE="italics" WC="0.5366666913" CONTENT="ecrire" HEIGHT="41" WIDTH="116" VPOS="975" HPOS="847"/><String WC="0.2700000107" CONTENT="»" HEIGHT="13" WIDTH="12" VPOS="1003" HPOS="964"/></TextLine>
<TextLine HEIGHT="32" WIDTH="201" VPOS="1032" HPOS="572"><String WC="0.2800000012" CONTENT="Les" HEIGHT="26" WIDTH="57" VPOS="1032" HPOS="572"/><SP WIDTH="14" VPOS="1040" HPOS="630"/><String WC="0.3487499952" CONTENT="anciens," HEIGHT="32" WIDTH="128" VPOS="1032" HPOS="645"/></TextLine>
<TextLine HEIGHT="30" WIDTH="170" VPOS="1070" HPOS="535"><String STYLE="bold" STYLEREFS="font2" WC="0.2930000126" CONTENT="ecrivoyenc" HEIGHT="30" WIDTH="170" VPOS="1070" HPOS="535"/></TextLine>
<TextLine HEIGHT="37" WIDTH="377" VPOS="1102" HPOS="534"><String STYLEREFS="font1" WC="0.2733333409" CONTENT="für" HEIGHT="26" WIDTH="45" VPOS="1103" HPOS="534"/><SP WIDTH="13" VPOS="1102" HPOS="580"/><String STYLEREFS="font1" WC="0.2599999905" CONTENT="des" HEIGHT="27" WIDTH="48" VPOS="1102" HPOS="594"/><SP WIDTH="18" VPOS="1109" HPOS="643"/><String STYLEREFS="font1" WC="0.3544444442" CONTENT="tablette*" HEIGHT="29" WIDTH="135" VPOS="1103" HPOS="662"/><SP WIDTH="12" VPOS="1114" HPOS="798"/><String STYLEREFS="font1" WC="0.4014285803" CONTENT="cirees," HEIGHT="33" WIDTH="100" VPOS="1106" HPOS="811"/></TextLine>
<TextLine HEIGHT="40" WIDTH="473" VPOS="1187" HPOS="534"><String WC="0.412499994" CONTENT="avec" HEIGHT="22" WIDTH="67" VPOS="1195" HPOS="534"/><SP WIDTH="17" VPOS="1196" HPOS="602"/><String WC="0.6399999857" CONTENT="une" HEIGHT="23" WIDTH="56" VPOS="1195" HPOS="620"/><SP WIDTH="13" VPOS="1195" HPOS="677"/><String WC="0.2916666567" CONTENT="touche" HEIGHT="31" WIDTH="105" VPOS="1187" HPOS="691"/><SP WIDTH="12" VPOS="1189" HPOS="797"/><String WC="0.2849999964" CONTENT="de" HEIGHT="31" WIDTH="34" VPOS="1189" HPOS="810"/><SP WIDTH="17" VPOS="1189" HPOS="845"/><String WC="0.4824999869" CONTENT="laitojn»" HEIGHT="38" WIDTH="108" VPOS="1189" HPOS="863"/><SP WIDTH="19" VPOS="1202" HPOS="972"/><String WC="0.2399999946" CONTENT="ä" HEIGHT="24" WIDTH="15" VPOS="1202" HPOS="992"/></TextLine>
</TextBlock></ComposedBlock>
<ComposedBlock ID="Page1_Block5" HEIGHT="96" WIDTH="1058" VPOS="1270" HPOS="2" TYPE="container">
<TextBlock ID="Page1_Block6" HEIGHT="96" WIDTH="530" VPOS="1270" HPOS="2" language="de" STYLEREFS="font3"><Shape><Polygon POINTS="2,1270 456,1270 456,1290 532,1290 532,1366 2,1366 2,1270"/></Shape>
<TextLine HEIGHT="49" WIDTH="306" VPOS="1274" HPOS="5"><String WC="0.5074999928" CONTENT="?°&quot;a" HEIGHT="39" WIDTH="66" VPOS="1274" HPOS="5"/><SP WIDTH="12" VPOS="1284" HPOS="72"/><String WC="0.474999994" CONTENT="di" HEIGHT="28" WIDTH="27" VPOS="1284" HPOS="85"/><SP WIDTH="13" VPOS="1286" HPOS="113"/><String WC="0.5" CONTENT="cui" HEIGHT="27" WIDTH="45" VPOS="1287" HPOS="127"/><SP WIDTH="12" VPOS="1287" HPOS="173"/><String WC="0.3680000007" CONTENT="punta" HEIGHT="29" WIDTH="90" VPOS="1294" HPOS="186"/><SP WIDTH="17" VPOS="1294" HPOS="277"/><String STYLE="italics" WC="0.3100000024" CONTENT="z" HEIGHT="21" WIDTH="16" VPOS="1294" HPOS="295"/></TextLine>
<TextLine HEIGHT="41" WIDTH="512" VPOS="1321" HPOS="6"><String WC="0.397777766" CONTENT="*°*mavano" HEIGHT="34" WIDTH="163" VPOS="1321" HPOS="6"/><SP WIDTH="12" VPOS="1326" HPOS="170"/><String WC="0.3100000024" CONTENT="le" HEIGHT="28" WIDTH="29" VPOS="1326" HPOS="183"/><SP WIDTH="13" VPOS="1325" HPOS="213"/><String WC="0.3862499893" CONTENT="lärcere," HEIGHT="39" WIDTH="122" VPOS="1323" HPOS="227"/><SP WIDTH="13" VPOS="1323" HPOS="350"/><String STYLE="italics" WC="0.5299999714" CONTENT="li" HEIGHT="30" WIDTH="19" VPOS="1323" HPOS="364"/><SP WIDTH="13" VPOS="1325" HPOS="384"/><String STYLE="italics" WC="0.4044444561" CONTENT="cüratter." HEIGHT="30" WIDTH="120" VPOS="1321" HPOS="398"/></TextLine>
</TextBlock>
<TextBlock ID="Page1_Block7" HEIGHT="94" WIDTH="530" VPOS="1270" HPOS="530" language="de" STYLEREFS="font3">
<TextLine HEIGHT="46" WIDTH="510" VPOS="1276" HPOS="534"><String WC="0.223333329" CONTENT="ils" HEIGHT="31" WIDTH="35" VPOS="1276" HPOS="534"/><SP WIDTH="12" VPOS="1278" HPOS="570"/><String WC="0.1800000072" CONTENT="fe" HEIGHT="29" WIDTH="25" VPOS="1278" HPOS="583"/><SP WIDTH="14" VPOS="1279" HPOS="609"/><String WC="0.3555555642" CONTENT="fervoyenc" HEIGHT="41" WIDTH="155" VPOS="1279" HPOS="624"/><SP WIDTH="22" VPOS="1281" HPOS="780"/><String WC="0.1299999952" CONTENT="de" HEIGHT="30" WIDTH="34" VPOS="1281" HPOS="803"/><SP WIDTH="15" VPOS="1282" HPOS="838"/><String WC="0.400000006" CONTENT="Ja" HEIGHT="29" WIDTH="27" VPOS="1282" HPOS="854"/><SP WIDTH="9" VPOS="1292" HPOS="882"/><String WC="0.3271428645" CONTENT="pointe," HEIGHT="36" WIDTH="115" VPOS="1286" HPOS="892"/><SP WIDTH="17" VPOS="1293" HPOS="1008"/><String STYLE="italics" WC="0.2800000012" CONTENT="s" HEIGHT="24" WIDTH="18" VPOS="1293" HPOS="1026"/></TextLine>
<TextLine HEIGHT="37" WIDTH="379" VPOS="1322" HPOS="534"><String WC="0.275000006" CONTENT="pour" HEIGHT="30" WIDTH="74" VPOS="1327" HPOS="534"/><SP WIDTH="22" VPOS="1329" HPOS="609"/><String WC="0.2800000012" CONTENT="tracer" HEIGHT="22" WIDTH="93" VPOS="1331" HPOS="632"/><SP WIDTH="11" VPOS="1322" HPOS="726"/><String WC="0.4133333266" CONTENT="les" HEIGHT="31" WIDTH="41" VPOS="1322" HPOS="738"/><SP WIDTH="14" VPOS="1322" HPOS="780"/><String WC="0.2862499952" CONTENT="Iettrcsj" HEIGHT="37" WIDTH="118" VPOS="1322" HPOS="795"/></TextLine>
</TextBlock></ComposedBlock>
<TextBlock ID="Page1_Block8" HEIGHT="104" WIDTH="521" VPOS="1396" HPOS="0" language="de" STYLEREFS="font3">
<TextLine HEIGHT="58" WIDTH="468" VPOS="1402" HPOS="3"><String WC="0.3199999928" CONTENT="?" HEIGHT="45" WIDTH="13" VPOS="1402" HPOS="3"/><SP WIDTH="8" VPOS="1402" HPOS="17"/><String WC="0.1850000024" CONTENT="«W" HEIGHT="29" WIDTH="52" VPOS="1410" HPOS="26"/><SP WIDTH="9" VPOS="1410" HPOS="79"/><String WC="0.3600000143" CONTENT="piatto" HEIGHT="36" WIDTH="91" VPOS="1414" HPOS="89"/><SP WIDTH="18" VPOS="1423" HPOS="181"/><String STYLE="italics" WC="0.1599999964" CONTENT="t" HEIGHT="27" WIDTH="13" VPOS="1424" HPOS="200"/><SP WIDTH="247" VPOS="1424" HPOS="214"/><String WC="0." CONTENT="," HEIGHT="10" WIDTH="9" VPOS="1450" HPOS="462"/></TextLine>
<TextLine HEIGHT="43" WIDTH="487" VPOS="1451" HPOS="32"><String STYLE="superscript" WC="0.6000000238" CONTENT="y" HEIGHT="22" WIDTH="14" VPOS="1451" HPOS="32"/><String WC="0.2649999857" CONTENT="is" HEIGHT="21" WIDTH="21" VPOS="1457" HPOS="49"/><SP WIDTH="6" VPOS="1456" HPOS="71"/><String WC="0.2599999905" CONTENT="t" HEIGHT="24" WIDTH="9" VPOS="1456" HPOS="78"/><SP WIDTH="3" VPOS="1456" HPOS="88"/><String WC="0.4311110973" CONTENT="acevano,f" HEIGHT="25" WIDTH="151" VPOS="1464" HPOS="92"/><SP WIDTH="1" VPOS="1465" HPOS="244"/><String STYLE="italics" WC="0.4514285624" CONTENT="aJfivMO" HEIGHT="43" WIDTH="118" VPOS="1451" HPOS="246"/><SP WIDTH="7" VPOS="1452" HPOS="365"/><String WC="0.6100000143" CONTENT="di" HEIGHT="32" WIDTH="28" VPOS="1452" HPOS="373"/><SP WIDTH="7" VPOS="1452" HPOS="402"/><String WC="0.5166666508" CONTENT="nu®" HEIGHT="21" WIDTH="60" VPOS="1461" HPOS="410"/><SP WIDTH="2" VPOS="1461" HPOS="471"/><String WC="0.4099999964" CONTENT="yo&gt;" HEIGHT="31" WIDTH="45" VPOS="1460" HPOS="474"/></TextLine>
</TextBlock>
<TextBlock ID="Page1_Block9" HEIGHT="98" WIDTH="470" VPOS="1400" HPOS="519" language="de" STYLEREFS="font4">
<TextLine HEIGHT="43" WIDTH="185" VPOS="1406" HPOS="534" STYLEREFS="font3"><String WC="0.4474999905" CONTENT="&amp;duplat," HEIGHT="41" WIDTH="155" VPOS="1406" HPOS="534"/><SP WIDTH="15" VPOS="1422" HPOS="690"/><String WC="0.5799999833" CONTENT=";" HEIGHT="27" WIDTH="13" VPOS="1422" HPOS="706"/></TextLine>
<TextLine HEIGHT="46" WIDTH="450" VPOS="1446" HPOS="533"><String STYLE="bold" WC="0.5400000215" CONTENT="ä" HEIGHT="29" WIDTH="16" VPOS="1446" HPOS="533"/><SP WIDTH="6" VPOS="1446" HPOS="550"/><String STYLE="bold" WC="0.2366666645" CONTENT="!er" HEIGHT="31" WIDTH="40" VPOS="1446" HPOS="557"/><SP WIDTH="7" VPOS="1458" HPOS="598"/><String STYLE="italics" STYLEREFS="font3" WC="0.4639999866" CONTENT="tatuier,(ffscer" HEIGHT="41" WIDTH="209" VPOS="1451" HPOS="606"/><String STYLE="bold" WC="0.6000000238" CONTENT="," HEIGHT="14" WIDTH="9" VPOS="1472" HPOS="821"/><SP WIDTH="6" VPOS="1451" HPOS="831"/><String STYLE="bold" WC="0.2855555415" CONTENT="derechefe" HEIGHT="37" WIDTH="145" VPOS="1449" HPOS="838"/></TextLine>
</TextBlock>
<ComposedBlock ID="Page1_Block10" HEIGHT="135" WIDTH="899" VPOS="1531" HPOS="0" TYPE="container">
<TextBlock ID="Page1_Block11" HEIGHT="135" WIDTH="391" VPOS="1531" HPOS="0" language="de" STYLEREFS="font3">
<TextLine HEIGHT="44" WIDTH="243" VPOS="1537" HPOS="18"><String WC="0.3199999928" CONTENT="." HEIGHT="5" WIDTH="5" VPOS="1565" HPOS="18"/><SP WIDTH="7" VPOS="1540" HPOS="24"/><String WC="0.5514285564" CONTENT="&apos;luindi" HEIGHT="33" WIDTH="100" VPOS="1537" HPOS="32"/><SP WIDTH="18" VPOS="1542" HPOS="133"/><String WC="0.3214285672" CONTENT="apreflo" HEIGHT="42" WIDTH="109" VPOS="1539" HPOS="152"/></TextLine>
<TextLine HEIGHT="48" WIDTH="291" VPOS="1582" HPOS="2"><String WC="0.2583333254" CONTENT="pgevan" HEIGHT="48" WIDTH="128" VPOS="1582" HPOS="2"/><SP WIDTH="17" VPOS="1584" HPOS="131"/><String WC="0.3100000024" CONTENT="le" HEIGHT="27" WIDTH="25" VPOS="1584" HPOS="149"/><SP WIDTH="15" VPOS="1583" HPOS="175"/><String WC="0.3614285588" CONTENT="letterc" HEIGHT="30" WIDTH="102" VPOS="1583" HPOS="191"/></TextLine>
<TextLine HEIGHT="45" WIDTH="369" VPOS="1615" HPOS="16"><String STYLE="superscript" WC="0.3000000119" CONTENT="0tl" HEIGHT="24" WIDTH="32" VPOS="1615" HPOS="16"/><SP WIDTH="16" VPOS="1620" HPOS="49"/><String WC="0.3400000036" CONTENT="Una" HEIGHT="25" WIDTH="56" VPOS="1626" HPOS="66"/><SP WIDTH="13" VPOS="1632" HPOS="123"/><String WC="0.34799999" CONTENT="canna" HEIGHT="19" WIDTH="88" VPOS="1633" HPOS="137"/><SP WIDTH="13" VPOS="1625" HPOS="226"/><String WC="0.3037500083" CONTENT="foctilc«" HEIGHT="31" WIDTH="109" VPOS="1624" HPOS="240"/><SP WIDTH="13" VPOS="1631" HPOS="350"/><String WC="0." CONTENT="4" HEIGHT="29" WIDTH="21" VPOS="1631" HPOS="364"/></TextLine>
</TextBlock>
<TextBlock ID="Page1_Block12" HEIGHT="130" WIDTH="369" VPOS="1534" HPOS="530" language="de" STYLEREFS="font3">
<TextLine HEIGHT="34" WIDTH="126" VPOS="1547" HPOS="576"><String WC="0.6549999714" CONTENT="e»" HEIGHT="22" WIDTH="36" VPOS="1547" HPOS="576"/><SP WIDTH="8" VPOS="1549" HPOS="613"/><String WC="0.4059999883" CONTENT="aprcs" HEIGHT="30" WIDTH="80" VPOS="1551" HPOS="622"/></TextLine>
<TextLine HEIGHT="47" WIDTH="276" VPOS="1574" HPOS="536"><String WC="0.3149999976" CONTENT="üs" HEIGHT="34" WIDTH="36" VPOS="1574" HPOS="536"/><SP WIDTH="13" VPOS="1582" HPOS="573"/><String WC="0.3833333254" CONTENT="les" HEIGHT="30" WIDTH="38" VPOS="1582" HPOS="587"/><SP WIDTH="10" VPOS="1592" HPOS="626"/><String WC="0.3700000048" CONTENT="peignoyent" HEIGHT="38" WIDTH="175" VPOS="1583" HPOS="637"/></TextLine>
<TextLine HEIGHT="38" WIDTH="357" VPOS="1620" HPOS="536"><String WC="0.1933333278" CONTENT="avecun" HEIGHT="24" WIDTH="113" VPOS="1629" HPOS="536"/><SP WIDTH="11" VPOS="1633" HPOS="650"/><String WC="0.2099999934" CONTENT="tofeau" HEIGHT="29" WIDTH="102" VPOS="1624" HPOS="662"/><SP WIDTH="11" VPOS="1623" HPOS="765"/><String WC="0.5049999952" CONTENT="fubtil" HEIGHT="31" WIDTH="84" VPOS="1620" HPOS="777"/><SP WIDTH="10" VPOS="1620" HPOS="862"/><String WC="0.4099999964" CONTENT="4." HEIGHT="31" WIDTH="20" VPOS="1627" HPOS="873"/></TextLine>
</TextBlock></ComposedBlock>
<TextBlock ID="Page1_Block13" HEIGHT="100" WIDTH="472" VPOS="1692" HPOS="0" language="de" STYLEREFS="font3">
<TextLine HEIGHT="52" WIDTH="322" VPOS="1698" HPOS="30"><String WC="0.625" CONTENT="l^oi" HEIGHT="36" WIDTH="55" VPOS="1698" HPOS="30"/><SP WIDTH="13" VPOS="1707" HPOS="86"/><String WC="0.2339999974" CONTENT="aleri" HEIGHT="30" WIDTH="65" VPOS="1710" HPOS="100"/><SP WIDTH="14" VPOS="1712" HPOS="166"/><String WC="0.2840000093" CONTENT="adopi&apos;idmo" HEIGHT="38" WIDTH="171" VPOS="1712" HPOS="181"/></TextLine>
<TextLine HEIGHT="41" WIDTH="429" VPOS="1747" HPOS="33"><String STYLE="superscript" WC="0.2399999946" CONTENT="a" HEIGHT="20" WIDTH="11" VPOS="1747" HPOS="33"/><SP WIDTH="8" VPOS="1747" HPOS="45"/><String WC="0.2540000081" CONTENT="Penna" HEIGHT="30" WIDTH="92" VPOS="1751" HPOS="54"/><SP WIDTH="8" VPOS="1752" HPOS="147"/><String WC="0.3242857158" CONTENT="d’occao" HEIGHT="31" WIDTH="132" VPOS="1752" HPOS="156"/><SP WIDTH="7" VPOS="1753" HPOS="289"/><String WC="0.2549999952" CONTENT="dt" HEIGHT="29" WIDTH="27" VPOS="1753" HPOS="297"/><SP WIDTH="11" VPOS="1760" HPOS="325"/><String WC="0.326000005" CONTENT="eigne" HEIGHT="36" WIDTH="86" VPOS="1752" HPOS="337"/><SP WIDTH="21" VPOS="1755" HPOS="424"/><String WC="0.2199999988" CONTENT="5" HEIGHT="29" WIDTH="16" VPOS="1757" HPOS="446"/></TextLine>
</TextBlock>
<TextBlock ID="Page1_Block14" HEIGHT="132" WIDTH="540" VPOS="1699" HPOS="527" language="de" STYLEREFS="font3">
<TextLine HEIGHT="33" WIDTH="368" VPOS="1706" HPOS="582"><String WC="0.3323076963" CONTENT="Maienottsnoas" HEIGHT="28" WIDTH="240" VPOS="1711" HPOS="582"/><SP WIDTH="8" VPOS="1706" HPOS="823"/><String WC="0.2128571421" CONTENT="fervons" HEIGHT="31" WIDTH="118" VPOS="1706" HPOS="832"/></TextLine>
<TextLine HEIGHT="44" WIDTH="526" VPOS="1745" HPOS="533"><String WC="0.5" CONTENT="d’Hjatplume;" HEIGHT="44" WIDTH="215" VPOS="1745" HPOS="533"/><SP WIDTH="10" VPOS="1749" HPOS="749"/><String WC="0.2828571498" CONTENT="d’oycow" HEIGHT="37" WIDTH="134" VPOS="1749" HPOS="760"/><SP WIDTH="12" VPOS="1747" HPOS="895"/><String WC="0.174999997" CONTENT="d«" HEIGHT="30" WIDTH="35" VPOS="1747" HPOS="908"/><SP WIDTH="17" VPOS="1756" HPOS="944"/><String WC="0.3116666675" CONTENT="eigne»" HEIGHT="37" WIDTH="97" VPOS="1747" HPOS="962"/></TextLine>
<TextLine HEIGHT="34" WIDTH="22" VPOS="1787" HPOS="1039" STYLEREFS="font2"><String STYLE="bold" WC="0.2949999869" CONTENT="li" HEIGHT="34" WIDTH="22" VPOS="1787" HPOS="1039"/></TextLine>
</TextBlock><GraphicalElement ID="Page1_Block15" HEIGHT="12" WIDTH="997" VPOS="211" HPOS="71"/><GraphicalElement ID="Page1_Block16" HEIGHT="11" WIDTH="740" VPOS="913" HPOS="316"/><GraphicalElement ID="Page1_Block17" HEIGHT="2" WIDTH="89" VPOS="918" HPOS="203"/><GraphicalElement ID="Page1_Block18" HEIGHT="331" WIDTH="8" VPOS="985" HPOS="523"/><GraphicalElement ID="Page1_Block19" HEIGHT="295" WIDTH="8" VPOS="1481" HPOS="523"/><GraphicalElement ID="Page1_Block20" HEIGHT="82" WIDTH="5" VPOS="1349" HPOS="524"/>
</PrintSpace>
</Page>
</Layout>
</alto>