﻿<?xml version="1.0" encoding="UTF-8" standalone="yes"?>
<alto xmlns="http://www.loc.gov/standards/alto/ns-v2#" xmlns:xlink="http://www.w3.org/1999/xlink" xmlns:xsi="http://www.w3.org/2001/XMLSchema-instance" xsi:schemaLocation="http://www.loc.gov/standards/alto/ns-v2# http://www.loc.gov/standards/alto/alto-v2.0.xsd">
<Description>
<MeasurementUnit>pixel</MeasurementUnit>
<OCRProcessing ID="IdOcr"><ocrProcessingStep><processingDateTime>2017-03-20</processingDateTime><processingSoftware><softwareCreator>ABBYY</softwareCreator><softwareName>ABBYY FineReader Engine</softwareName><softwareVersion>11</softwareVersion></processingSoftware></ocrProcessingStep></OCRProcessing>
</Description>
<Styles><TextStyle ID="font0" FONTFAMILY="Times New Roman" FONTSIZE="6"/><TextStyle ID="font1" FONTFAMILY="Times New Roman" FONTSIZE="8"/><TextStyle ID="font2" FONTFAMILY="Times New Roman" FONTSIZE="9"/><TextStyle ID="font3" FONTFAMILY="Times New Roman" FONTSIZE="10"/><TextStyle ID="font4" FONTFAMILY="Times New Roman" FONTSIZE="11"/><TextStyle ID="font5" FONTFAMILY="Times New Roman" FONTSIZE="13"/><TextStyle ID="font6" FONTFAMILY="Times New Roman" FONTSIZE="24"/>
</Styles>
<Layout>
<Page ID="Page1" PHYSICAL_IMG_NR="1" HEIGHT="2067" WIDTH="1236">
<TopMargin HEIGHT="122" WIDTH="1236" VPOS="0" HPOS="0">
</TopMargin>
<LeftMargin HEIGHT="1751" WIDTH="168" VPOS="122" HPOS="0">
</LeftMargin>
<RightMargin HEIGHT="1751" WIDTH="11" VPOS="122" HPOS="1225">
</RightMargin>
<BottomMargin HEIGHT="194" WIDTH="1236" VPOS="1873" HPOS="0">
</BottomMargin>
<PrintSpace HEIGHT="1751" WIDTH="1057" VPOS="122" HPOS="168">
<TextBlock ID="Page1_Block1" HEIGHT="77" WIDTH="673" VPOS="122" HPOS="364" language="de" STYLEREFS="font5"><Shape><Polygon POINTS="390,136 1062,136 1062,204 390,204 390,136"/></Shape>
<TextLine HEIGHT="66" WIDTH="668" VPOS="126" HPOS="367"><String STYLE="bold" WC="0.4233333468" CONTENT="qua" HEIGHT="40" WIDTH="72" VPOS="151" HPOS="367"/><SP WIDTH="50" VPOS="152" HPOS="439"/><String STYLE="bold" WC="0.3066666722" CONTENT="que" HEIGHT="44" WIDTH="76" VPOS="146" HPOS="489"/><SP WIDTH="50" VPOS="145" HPOS="565"/><String STYLE="bold" WC="0.2433333397" CONTENT="qui" HEIGHT="50" WIDTH="65" VPOS="135" HPOS="615"/><SP WIDTH="47" VPOS="134" HPOS="680"/><String STYLE="bold underline" WC="0.2633333206" CONTENT="qüo" HEIGHT="53" WIDTH="79" VPOS="129" HPOS="728"/><SP WIDTH="46" VPOS="142" HPOS="808"/><String STYLE="bold" WC="0.200000003" CONTENT="rab" HEIGHT="38" WIDTH="64" VPOS="135" HPOS="855"/><SP WIDTH="24" VPOS="135" HPOS="920"/><String STYLE="bold" WC="0.7133333087" CONTENT="&amp;c." HEIGHT="42" WIDTH="71" VPOS="134" HPOS="945"/><String STYLE="superscript bold" WC="0." CONTENT="v" HEIGHT="21" WIDTH="27" VPOS="134" HPOS="1007"/></TextLine>
</TextBlock>
<ComposedBlock ID="Page1_Block2" HEIGHT="793" WIDTH="1033" VPOS="177" HPOS="181" TYPE="table">
<TextBlock ID="Page1_Block3" HEIGHT="66" WIDTH="360" VPOS="186" HPOS="181" language="de" STYLEREFS="font4"><Shape><Polygon POINTS="206,194 566,194 566,255 206,255 206,194"/></Shape>
<TextLine HEIGHT="34" WIDTH="104" VPOS="219" HPOS="189"><String STYLEREFS="font2" WC="0.8571428657" CONTENT="quarre." HEIGHT="34" WIDTH="104" VPOS="219" HPOS="189"/></TextLine>
</TextBlock>
<TextBlock ID="Page1_Block4" HEIGHT="63" WIDTH="151" VPOS="184" HPOS="541" language="de" STYLEREFS="font4"><Shape><Polygon POINTS="566,194 717,194 717,255 566,255 566,194"/></Shape>
<TextLine HEIGHT="29" WIDTH="35" VPOS="214" HPOS="652"><String STYLEREFS="font2" WC="0.5799999833" CONTENT="17" HEIGHT="29" WIDTH="35" VPOS="214" HPOS="652"/></TextLine>
</TextBlock>
<TextBlock ID="Page1_Block5" HEIGHT="65" WIDTH="305" VPOS="180" HPOS="692" language="de" STYLEREFS="font4"><Shape><Polygon POINTS="717,194 1022,194 1022,255 717,255 717,194"/></Shape>
<TextLine HEIGHT="35" WIDTH="145" VPOS="198" HPOS="698"><String STYLEREFS="font2" WC="0.3619999886" CONTENT="rabbattre." HEIGHT="35" WIDTH="145" VPOS="198" HPOS="698"/></TextLine>
</TextBlock>
<TextBlock ID="Page1_Block6" HEIGHT="64" WIDTH="208" VPOS="177" HPOS="996" language="de" STYLEREFS="font4"><Shape><Polygon POINTS="1022,194 1229,194 1229,255 1022,255 1022,194"/></Shape>
<TextLine HEIGHT="34" WIDTH="69" VPOS="205" HPOS="1127"><String STYLEREFS="font2" WC="0.2199999988" CONTENT="239" HEIGHT="34" WIDTH="69" VPOS="205" HPOS="1127"/></TextLine>
</TextBlock>
<TextBlock ID="Page1_Block7" HEIGHT="47" WIDTH="361" VPOS="247" HPOS="181" language="de" STYLEREFS="font4"><Shape><Polygon POINTS="206,255 566,255 566,297 206,297 206,255"/></Shape>
<TextLine HEIGHT="47" WIDTH="268" VPOS="250" HPOS="192"><String STYLEREFS="font2" WC="0.4633333385" CONTENT="quatrieme" HEIGHT="43" WIDTH="148" VPOS="254" HPOS="192"/><SP WIDTH="9" VPOS="251" HPOS="340"/><String STYLEREFS="font2" WC="0.5566666722" CONTENT="&amp;c." HEIGHT="33" WIDTH="54" VPOS="250" HPOS="349"/><SP WIDTH="14" VPOS="261" HPOS="404"/><String STYLEREFS="font2" WC="0.5749999881" CONTENT="m." HEIGHT="20" WIDTH="41" VPOS="261" HPOS="419"/></TextLine>
</TextBlock>
<TextBlock ID="Page1_Block8" HEIGHT="44" WIDTH="152" VPOS="245" HPOS="541" language="de" STYLEREFS="font4"><Shape><Polygon POINTS="566,255 717,255 717,297 566,297 566,255"/></Shape>
<TextLine HEIGHT="36" WIDTH="65" VPOS="251" HPOS="621"><String STYLEREFS="font2" WC="0.473333329" CONTENT="583" HEIGHT="36" WIDTH="65" VPOS="251" HPOS="621"/></TextLine>
</TextBlock>
<TextBlock ID="Page1_Block9" HEIGHT="46" WIDTH="306" VPOS="241" HPOS="692" language="de" STYLEREFS="font4"><Shape><Polygon POINTS="717,255 1022,255 1022,297 717,297 717,255"/></Shape>
<TextLine HEIGHT="37" WIDTH="140" VPOS="241" HPOS="698"><String STYLEREFS="font2" WC="0.3766666651" CONTENT="rable." HEIGHT="33" WIDTH="85" VPOS="242" HPOS="698"/><SP WIDTH="10" VPOS="254" HPOS="783"/><String STYLEREFS="font2" WC="0.4900000095" CONTENT="m." HEIGHT="24" WIDTH="45" VPOS="253" HPOS="793"/></TextLine>
</TextBlock>
<TextBlock ID="Page1_Block10" HEIGHT="45" WIDTH="208" VPOS="238" HPOS="997" language="de" STYLEREFS="font4"><Shape><Polygon POINTS="1022,255 1229,255 1229,297 1022,297 1022,255"/></Shape>
<TextLine HEIGHT="36" WIDTH="65" VPOS="244" HPOS="1132"><String STYLEREFS="font2" WC="0.3966666758" CONTENT="197" HEIGHT="36" WIDTH="65" VPOS="244" HPOS="1132"/></TextLine>
</TextBlock>
<TextBlock ID="Page1_Block11" HEIGHT="46" WIDTH="360" VPOS="289" HPOS="182" language="de" STYLEREFS="font4"><Shape><Polygon POINTS="206,297 566,297 566,338 206,338 206,297"/></Shape>
<TextLine HEIGHT="39" WIDTH="74" VPOS="292" HPOS="400"><String STYLEREFS="font2" WC="0.3975000083" CONTENT="Que." HEIGHT="39" WIDTH="74" VPOS="292" HPOS="400"/></TextLine>
</TextBlock>
<TextBlock ID="Page1_Block12" HEIGHT="45" WIDTH="305" VPOS="283" HPOS="693" language="de" STYLEREFS="font4"><Shape><Polygon POINTS="717,297 1022,297 1022,338 717,338 717,297"/></Shape>
<TextLine HEIGHT="39" WIDTH="138" VPOS="282" HPOS="700"><String STYLEREFS="font2" WC="0.3716666698" CONTENT="rabot." HEIGHT="32" WIDTH="87" VPOS="283" HPOS="700"/><SP WIDTH="8" VPOS="296" HPOS="788"/><String STYLEREFS="font2" WC="0.4050000012" CONTENT="m." HEIGHT="25" WIDTH="41" VPOS="295" HPOS="797"/></TextLine>
</TextBlock>
<TextBlock ID="Page1_Block13" HEIGHT="44" WIDTH="207" VPOS="280" HPOS="998" language="de" STYLEREFS="font4"><Shape><Polygon POINTS="1022,297 1229,297 1229,338 1022,338 1022,297"/></Shape>
<TextLine HEIGHT="44" WIDTH="154" VPOS="281" HPOS="1040"><String STYLEREFS="font2" WC="0.2700000107" CONTENT="173.269" HEIGHT="44" WIDTH="154" VPOS="281" HPOS="1040"/></TextLine>
</TextBlock>
<TextBlock ID="Page1_Block14" HEIGHT="50" WIDTH="511" VPOS="328" HPOS="183" language="de" STYLEREFS="font4"><Shape><Polygon POINTS="206,338 717,338 717,381 206,381 206,338"/></Shape>
<TextLine HEIGHT="49" WIDTH="492" VPOS="329" HPOS="193"><String STYLEREFS="font2" WC="0.2349999994" CONTENT="Qu" HEIGHT="33" WIDTH="48" VPOS="339" HPOS="194"/><SP WIDTH="13" VPOS="346" HPOS="243"/><String STYLEREFS="font2" WC="0.3925000131" CONTENT="eft-" HEIGHT="32" WIDTH="50" VPOS="334" HPOS="256"/><SP WIDTH="9" VPOS="345" HPOS="307"/><String STYLEREFS="font2" WC="0.224999994" CONTENT="ce" HEIGHT="23" WIDTH="30" VPOS="344" HPOS="317"/><SP WIDTH="6" VPOS="345" HPOS="348"/><String STYLEREFS="font2" WC="0.4033333361" CONTENT="que" HEIGHT="33" WIDTH="52" VPOS="343" HPOS="355"/><SP WIDTH="10" VPOS="339" HPOS="408"/><String STYLEREFS="font2" WC="0.3300000131" CONTENT="(que" HEIGHT="37" WIDTH="64" VPOS="338" HPOS="419"/><SP WIDTH="7" VPOS="334" HPOS="484"/><String STYLEREFS="font2" WC="0.3350000083" CONTENT="de.}" HEIGHT="35" WIDTH="57" VPOS="333" HPOS="492"/><SP WIDTH="48" VPOS="333" HPOS="550"/><String STYLEREFS="font2" WC="0.4580000043" CONTENT="Z.r6f" HEIGHT="38" WIDTH="87" VPOS="329" HPOS="598"/></TextLine>
</TextBlock>
<TextBlock ID="Page1_Block15" HEIGHT="47" WIDTH="306" VPOS="324" HPOS="693" language="de" STYLEREFS="font4"><Shape><Polygon POINTS="717,338 1022,338 1022,381 717,381 717,338"/></Shape>
<TextLine HEIGHT="42" WIDTH="215" VPOS="325" HPOS="698"><String STYLEREFS="font2" WC="0.4639999866" CONTENT="petit" HEIGHT="40" WIDTH="69" VPOS="327" HPOS="698"/><SP WIDTH="9" VPOS="335" HPOS="768"/><String STYLEREFS="font2" WC="0.3533333242" CONTENT="rabot." HEIGHT="34" WIDTH="89" VPOS="326" HPOS="777"/><SP WIDTH="6" VPOS="339" HPOS="867"/><String STYLEREFS="font2" WC="0.6100000143" CONTENT="m." HEIGHT="22" WIDTH="39" VPOS="338" HPOS="874"/></TextLine>
</TextBlock>
<TextBlock ID="Page1_Block16" HEIGHT="46" WIDTH="208" VPOS="321" HPOS="998" language="de" STYLEREFS="font4"><Shape><Polygon POINTS="1022,338 1229,338 1229,381 1022,381 1022,338"/></Shape>
<TextLine HEIGHT="35" WIDTH="68" VPOS="320" HPOS="1128"><String STYLEREFS="font2" WC="0.3899999857" CONTENT="ibid." HEIGHT="35" WIDTH="68" VPOS="320" HPOS="1128"/></TextLine>
</TextBlock>
<TextBlock ID="Page1_Block17" HEIGHT="45" WIDTH="361" VPOS="373" HPOS="183" language="de" STYLEREFS="font4"><Shape><Polygon POINTS="206,381 566,381 566,421 206,421 206,381"/></Shape>
<TextLine HEIGHT="41" WIDTH="90" VPOS="379" HPOS="193"><String STYLEREFS="font2" WC="0.3799999952" CONTENT="que" HEIGHT="30" WIDTH="54" VPOS="390" HPOS="193"/><SP WIDTH="7" VPOS="379" HPOS="247"/><String STYLEREFS="font2" WC="0.7566666603" CONTENT="fi." HEIGHT="29" WIDTH="27" VPOS="379" HPOS="255"/></TextLine>
</TextBlock>
<TextBlock ID="Page1_Block18" HEIGHT="42" WIDTH="152" VPOS="371" HPOS="543" language="de" STYLEREFS="font4"><Shape><Polygon POINTS="566,381 717,381 717,421 566,421 566,381"/></Shape>
<TextLine HEIGHT="36" WIDTH="137" VPOS="378" HPOS="549"><String STYLEREFS="font2" WC="0.6471428275" CONTENT="47‘.495" HEIGHT="36" WIDTH="137" VPOS="378" HPOS="549"/></TextLine>
</TextBlock>
<TextBlock ID="Page1_Block19" HEIGHT="44" WIDTH="306" VPOS="367" HPOS="694" language="de" STYLEREFS="font4"><Shape><Polygon POINTS="717,381 1022,381 1022,421 717,421 717,381"/></Shape>
<TextLine HEIGHT="33" WIDTH="130" VPOS="368" HPOS="698"><String STYLEREFS="font2" WC="0.4211111069" CONTENT="rabotter." HEIGHT="33" WIDTH="130" VPOS="368" HPOS="698"/></TextLine>
</TextBlock>
<TextBlock ID="Page1_Block20" HEIGHT="43" WIDTH="208" VPOS="364" HPOS="999" language="de" STYLEREFS="font4"><Shape><Polygon POINTS="1022,381 1229,381 1229,421 1022,421 1022,381"/></Shape>
<TextLine HEIGHT="38" WIDTH="71" VPOS="362" HPOS="1125"><String STYLEREFS="font2" WC="0.3659999967" CONTENT="ibid." HEIGHT="38" WIDTH="71" VPOS="362" HPOS="1125"/></TextLine>
</TextBlock>
<TextBlock ID="Page1_Block21" HEIGHT="47" WIDTH="360" VPOS="413" HPOS="184" language="de" STYLEREFS="font4"><Shape><Polygon POINTS="206,421 566,421 566,463 206,463 206,421"/></Shape>
<TextLine HEIGHT="44" WIDTH="234" VPOS="417" HPOS="194"><String STYLEREFS="font2" WC="0.4950000048" CONTENT="ce" HEIGHT="20" WIDTH="32" VPOS="433" HPOS="194"/><SP WIDTH="7" VPOS="433" HPOS="227"/><String STYLEREFS="font2" WC="0.6750000119" CONTENT="n&apos;" HEIGHT="25" WIDTH="26" VPOS="427" HPOS="235"/><SP WIDTH="11" VPOS="427" HPOS="262"/><String STYLEREFS="font2" WC="0.6800000072" CONTENT="eft" HEIGHT="31" WIDTH="37" VPOS="420" HPOS="274"/><SP WIDTH="9" VPOS="419" HPOS="312"/><String STYLEREFS="font2" WC="0.1966666728" CONTENT="que" HEIGHT="30" WIDTH="52" VPOS="429" HPOS="322"/><SP WIDTH="8" VPOS="418" HPOS="375"/><String STYLEREFS="font2" WC="0.3100000024" CONTENT="de." HEIGHT="32" WIDTH="44" VPOS="417" HPOS="384"/></TextLine>
</TextBlock>
<TextBlock ID="Page1_Block22" HEIGHT="44" WIDTH="151" VPOS="411" HPOS="544" language="de" STYLEREFS="font4"><Shape><Polygon POINTS="566,421 717,421 717,463 566,463 566,421"/></Shape>
<TextLine HEIGHT="33" WIDTH="113" VPOS="421" HPOS="571"><String STYLEREFS="font2" WC="0.6750000119" CONTENT="2f.r73" HEIGHT="33" WIDTH="113" VPOS="421" HPOS="571"/></TextLine>
</TextBlock>
<TextBlock ID="Page1_Block23" HEIGHT="46" WIDTH="305" VPOS="407" HPOS="695" language="de" STYLEREFS="font4"><Shape><Polygon POINTS="717,421 1022,421 1022,463 717,463 717,421"/></Shape>
<TextLine HEIGHT="41" WIDTH="195" VPOS="410" HPOS="699"><String STYLEREFS="font2" WC="0.3055555522" CONTENT="raboteux," HEIGHT="40" WIDTH="144" VPOS="410" HPOS="699"/><SP WIDTH="8" VPOS="424" HPOS="844"/><String STYLEREFS="font2" WC="0.2549999952" CONTENT="m." HEIGHT="25" WIDTH="41" VPOS="424" HPOS="853"/></TextLine>
</TextBlock>
<TextBlock ID="Page1_Block24" HEIGHT="45" WIDTH="207" VPOS="404" HPOS="1000" language="de" STYLEREFS="font4"><Shape><Polygon POINTS="1022,421 1229,421 1229,463 1022,463 1022,421"/></Shape>
<TextLine HEIGHT="38" WIDTH="65" VPOS="405" HPOS="1130"><String STYLEREFS="font2" WC="0.1000000015" CONTENT="l65" HEIGHT="38" WIDTH="65" VPOS="405" HPOS="1130"/></TextLine>
</TextBlock>
<TextBlock ID="Page1_Block25" HEIGHT="48" WIDTH="361" VPOS="455" HPOS="184" language="de" STYLEREFS="font4"><Shape><Polygon POINTS="206,463 566,463 566,506 206,506 206,463"/></Shape>
<TextLine HEIGHT="46" WIDTH="325" VPOS="459" HPOS="195"><String STYLEREFS="font2" WC="0.375" CONTENT="du" HEIGHT="29" WIDTH="38" VPOS="465" HPOS="195"/><SP WIDTH="8" VPOS="476" HPOS="233"/><String STYLEREFS="font2" WC="0.8050000072" CONTENT="quel" HEIGHT="41" WIDTH="62" VPOS="464" HPOS="241"/><SP WIDTH="8" VPOS="464" HPOS="303"/><String STYLEREFS="font2" WC="0.3266666532" CONTENT="(de" HEIGHT="38" WIDTH="49" VPOS="463" HPOS="311"/><SP WIDTH="12" VPOS="461" HPOS="360"/><String STYLEREFS="font2" WC="0.5649999976" CONTENT="la" HEIGHT="30" WIDTH="25" VPOS="460" HPOS="372"/><SP WIDTH="8" VPOS="470" HPOS="397"/><String STYLEREFS="font2" WC="0.5024999976" CONTENT="quelle.)" HEIGHT="40" WIDTH="115" VPOS="459" HPOS="405"/></TextLine>
</TextBlock>
<TextBlock ID="Page1_Block26" HEIGHT="45" WIDTH="152" VPOS="453" HPOS="544" language="de" STYLEREFS="font4"><Shape><Polygon POINTS="566,463 717,463 717,506 566,506 566,463"/></Shape>
<TextLine HEIGHT="32" WIDTH="66" VPOS="452" HPOS="623"><String STYLEREFS="font2" WC="0.3179999888" CONTENT="ibid." HEIGHT="32" WIDTH="66" VPOS="452" HPOS="623"/></TextLine>
</TextBlock>
<TextBlock ID="Page1_Block27" HEIGHT="47" WIDTH="306" VPOS="449" HPOS="695" language="de" STYLEREFS="font4"><Shape><Polygon POINTS="717,463 1022,463 1022,506 717,506 717,463"/></Shape>
<TextLine HEIGHT="34" WIDTH="129" VPOS="455" HPOS="700"><String STYLEREFS="font2" WC="0.4085714221" CONTENT="racine." HEIGHT="30" WIDTH="99" VPOS="455" HPOS="700"/><SP WIDTH="7" VPOS="455" HPOS="799"/><String STYLEREFS="font2" WC="0.5" CONTENT="f." HEIGHT="33" WIDTH="23" VPOS="455" HPOS="806"/></TextLine>
</TextBlock>
<TextBlock ID="Page1_Block28" HEIGHT="46" WIDTH="208" VPOS="446" HPOS="1000" language="de" STYLEREFS="font4"><Shape><Polygon POINTS="1022,463 1229,463 1229,506 1022,506 1022,463"/></Shape>
<TextLine HEIGHT="30" WIDTH="35" VPOS="455" HPOS="1158"><String STYLEREFS="font2" WC="0.1899999976" CONTENT="fl" HEIGHT="30" WIDTH="35" VPOS="455" HPOS="1158"/></TextLine>
</TextBlock>
<TextBlock ID="Page1_Block29" HEIGHT="47" WIDTH="360" VPOS="498" HPOS="185" language="de" STYLEREFS="font4"><Shape><Polygon POINTS="206,506 566,506 566,548 206,548 206,506"/></Shape>
<TextLine HEIGHT="47" WIDTH="344" VPOS="500" HPOS="196"><String STYLEREFS="font2" WC="0.6449999809" CONTENT="le" HEIGHT="29" WIDTH="25" VPOS="509" HPOS="196"/><SP WIDTH="9" VPOS="519" HPOS="222"/><String STYLEREFS="font2" WC="0.6100000143" CONTENT="quel" HEIGHT="40" WIDTH="62" VPOS="507" HPOS="232"/><SP WIDTH="8" VPOS="507" HPOS="295"/><String STYLEREFS="font2" WC="0.7733333111" CONTENT="&amp;c." HEIGHT="29" WIDTH="53" VPOS="506" HPOS="304"/><SP WIDTH="6" VPOS="503" HPOS="358"/><String STYLEREFS="font2" WC="0.6299999952" CONTENT="la" HEIGHT="28" WIDTH="25" VPOS="503" HPOS="365"/><SP WIDTH="6" VPOS="512" HPOS="391"/><String STYLEREFS="font2" WC="0.4771428704" CONTENT="quelle." HEIGHT="41" WIDTH="98" VPOS="500" HPOS="398"/><SP WIDTH="8" VPOS="509" HPOS="497"/><String STYLEREFS="font2" WC="0.2199999988" CONTENT="Z" HEIGHT="30" WIDTH="14" VPOS="509" HPOS="506"/><SP WIDTH="7" VPOS="509" HPOS="521"/><String STYLEREFS="font2" WC="0.25" CONTENT="s" HEIGHT="27" WIDTH="11" VPOS="512" HPOS="529"/></TextLine>
</TextBlock>
<TextBlock ID="Page1_Block30" HEIGHT="44" WIDTH="151" VPOS="496" HPOS="545" language="de" STYLEREFS="font4"><Shape><Polygon POINTS="566,506 717,506 717,548 566,548 566,506"/></Shape>
<TextLine HEIGHT="42" WIDTH="139" VPOS="495" HPOS="548"><String STYLEREFS="font2" WC="0.2787500024" CONTENT=".133.169" HEIGHT="42" WIDTH="139" VPOS="495" HPOS="548"/></TextLine>
</TextBlock>
<TextBlock ID="Page1_Block31" HEIGHT="46" WIDTH="305" VPOS="492" HPOS="696" language="de" STYLEREFS="font4"><Shape><Polygon POINTS="717,506 1022,506 1022,548 717,548 717,506"/></Shape>
<TextLine HEIGHT="30" WIDTH="94" VPOS="495" HPOS="700"><String STYLEREFS="font2" WC="0.4114285707" CONTENT="racler." HEIGHT="30" WIDTH="94" VPOS="495" HPOS="700"/></TextLine>
</TextBlock>
<TextBlock ID="Page1_Block32" HEIGHT="45" WIDTH="207" VPOS="489" HPOS="1001" language="de" STYLEREFS="font4"><Shape><Polygon POINTS="1022,506 1229,506 1229,548 1022,548 1022,506"/></Shape>
<TextLine HEIGHT="44" WIDTH="142" VPOS="494" HPOS="1053"><String STYLEREFS="font2" WC="0.3428571522" CONTENT="«97.419" HEIGHT="44" WIDTH="142" VPOS="494" HPOS="1053"/></TextLine>
</TextBlock>
<TextBlock ID="Page1_Block33" HEIGHT="47" WIDTH="361" VPOS="540" HPOS="185" language="de" STYLEREFS="font4"><Shape><Polygon POINTS="206,548 566,548 566,590 206,590 206,548"/></Shape>
<TextLine HEIGHT="47" WIDTH="215" VPOS="544" HPOS="195"><String STYLEREFS="font2" WC="0.5090000033" CONTENT="quelqu’un," HEIGHT="46" WIDTH="164" VPOS="545" HPOS="195"/><SP WIDTH="11" VPOS="554" HPOS="359"/><String STYLEREFS="font2" WC="0.6600000262" CONTENT="m." HEIGHT="20" WIDTH="40" VPOS="553" HPOS="370"/></TextLine>
</TextBlock>
<TextBlock ID="Page1_Block34" HEIGHT="44" WIDTH="152" VPOS="538" HPOS="545" language="de" STYLEREFS="font4"><Shape><Polygon POINTS="566,548 717,548 717,590 566,590 566,548"/></Shape>
<TextLine HEIGHT="33" WIDTH="140" VPOS="547" HPOS="549"><String STYLEREFS="font2" WC="0.6324999928" CONTENT="149-" HEIGHT="28" WIDTH="65" VPOS="552" HPOS="549"/><SP WIDTH="13" VPOS="550" HPOS="614"/><String STYLEREFS="font2" WC="0.473333329" CONTENT="495" HEIGHT="29" WIDTH="62" VPOS="547" HPOS="627"/></TextLine>
</TextBlock>
<TextBlock ID="Page1_Block35" HEIGHT="46" WIDTH="306" VPOS="534" HPOS="696" language="de" STYLEREFS="font4"><Shape><Polygon POINTS="717,548 1022,548 1022,590 717,590 717,548"/></Shape>
<TextLine HEIGHT="35" WIDTH="134" VPOS="536" HPOS="700"><String STYLEREFS="font2" WC="0.4644444585" CONTENT="radotter." HEIGHT="35" WIDTH="134" VPOS="536" HPOS="700"/></TextLine>
</TextBlock>
<TextBlock ID="Page1_Block36" HEIGHT="45" WIDTH="208" VPOS="531" HPOS="1001" language="de" STYLEREFS="font4"><Shape><Polygon POINTS="1022,548 1229,548 1229,590 1022,590 1022,548"/></Shape>
<TextLine HEIGHT="42" WIDTH="67" VPOS="527" HPOS="1130"><String STYLEREFS="font2" WC="0.3700000048" CONTENT="jbid." HEIGHT="42" WIDTH="67" VPOS="527" HPOS="1130"/></TextLine>
</TextBlock>
<TextBlock ID="Page1_Block37" HEIGHT="49" WIDTH="360" VPOS="582" HPOS="186" language="de" STYLEREFS="font4"><Shape><Polygon POINTS="206,590 566,590 566,634 206,634 206,590"/></Shape>
<TextLine HEIGHT="49" WIDTH="310" VPOS="583" HPOS="194"><String STYLEREFS="font2" WC="0.4814285636" CONTENT="quelque" HEIGHT="40" WIDTH="118" VPOS="592" HPOS="194"/><SP WIDTH="9" VPOS="592" HPOS="312"/><String STYLEREFS="font2" WC="0.5166666508" CONTENT="(quequ?,)" HEIGHT="45" WIDTH="145" VPOS="584" HPOS="322"/><SP WIDTH="10" VPOS="583" HPOS="468"/><String STYLEREFS="font2" WC="0.6949999928" CONTENT="C." HEIGHT="22" WIDTH="25" VPOS="594" HPOS="479"/></TextLine>
</TextBlock>
<TextBlock ID="Page1_Block38" HEIGHT="46" WIDTH="151" VPOS="580" HPOS="546" language="de" STYLEREFS="font4"><Shape><Polygon POINTS="566,590 717,590 717,634 566,634 566,590"/></Shape>
<TextLine HEIGHT="38" WIDTH="133" VPOS="589" HPOS="555"><String STYLEREFS="font2" WC="0.6100000143" CONTENT="427" HEIGHT="33" WIDTH="58" VPOS="594" HPOS="555"/><SP WIDTH="13" VPOS="593" HPOS="614"/><String STYLEREFS="font2" WC="0.3433333337" CONTENT="439" HEIGHT="31" WIDTH="60" VPOS="589" HPOS="628"/></TextLine>
</TextBlock>
<TextBlock ID="Page1_Block39" HEIGHT="48" WIDTH="305" VPOS="576" HPOS="697" language="de" STYLEREFS="font4"><Shape><Polygon POINTS="717,590 1022,590 1022,634 717,634 717,590"/></Shape>
<TextLine HEIGHT="32" WIDTH="109" VPOS="579" HPOS="700"><String STYLEREFS="font2" WC="0.4787499905" CONTENT="rafintr." HEIGHT="32" WIDTH="109" VPOS="579" HPOS="700"/></TextLine>
</TextBlock>
<TextBlock ID="Page1_Block40" HEIGHT="47" WIDTH="207" VPOS="573" HPOS="1002" language="de" STYLEREFS="font4"><Shape><Polygon POINTS="1022,590 1229,590 1229,634 1022,634 1022,590"/></Shape>
<TextLine HEIGHT="35" WIDTH="65" VPOS="577" HPOS="1130"><String STYLEREFS="font2" WC="0.2433333397" CONTENT="223" HEIGHT="35" WIDTH="65" VPOS="577" HPOS="1130"/></TextLine>
</TextBlock>
<TextBlock ID="Page1_Block41" HEIGHT="43" WIDTH="360" VPOS="626" HPOS="187" language="de" STYLEREFS="font4"><Shape><Polygon POINTS="206,634 566,634 566,672 206,672 206,634"/></Shape>
<TextLine HEIGHT="34" WIDTH="173" VPOS="632" HPOS="194"><String STYLEREFS="font2" WC="0.2300000042" CONTENT="0" HEIGHT="9" WIDTH="10" VPOS="656" HPOS="194"/><SP WIDTH="44" VPOS="654" HPOS="205"/><String STYLEREFS="font2" WC="1." CONTENT="." HEIGHT="11" WIDTH="10" VPOS="654" HPOS="250"/><SP WIDTH="41" VPOS="633" HPOS="261"/><String STYLEREFS="font2" WC="0.4659999907" CONTENT="fois." HEIGHT="29" WIDTH="64" VPOS="632" HPOS="303"/></TextLine>
</TextBlock>
<TextBlock ID="Page1_Block42" HEIGHT="40" WIDTH="152" VPOS="624" HPOS="546" language="de" STYLEREFS="font4"><Shape><Polygon POINTS="566,634 717,634 717,672 566,672 566,634"/></Shape>
<TextLine HEIGHT="37" WIDTH="59" VPOS="627" HPOS="628"><String STYLEREFS="font2" WC="0.1400000006" CONTENT="369" HEIGHT="37" WIDTH="59" VPOS="627" HPOS="628"/></TextLine>
</TextBlock>
<TextBlock ID="Page1_Block43" HEIGHT="42" WIDTH="306" VPOS="620" HPOS="697" language="de" STYLEREFS="font4"><Shape><Polygon POINTS="717,634 1022,634 1022,672 717,672 717,634"/></Shape>
<TextLine HEIGHT="31" WIDTH="129" VPOS="620" HPOS="702"><String STYLEREFS="font2" WC="0.4399999976" CONTENT="raffle," HEIGHT="31" WIDTH="82" VPOS="620" HPOS="702"/><SP WIDTH="7" VPOS="630" HPOS="785"/><String STYLEREFS="font2" WC="0.4550000131" CONTENT="m." HEIGHT="19" WIDTH="38" VPOS="630" HPOS="793"/></TextLine>
</TextBlock>
<TextBlock ID="Page1_Block44" HEIGHT="41" WIDTH="208" VPOS="617" HPOS="1002" language="de" STYLEREFS="font4"><Shape><Polygon POINTS="1022,634 1229,634 1229,672 1022,672 1022,634"/></Shape>
<TextLine HEIGHT="37" WIDTH="44" VPOS="617" HPOS="1152"><String STYLE="italics" STYLEREFS="font1" WC="0.5" CONTENT="71" HEIGHT="37" WIDTH="44" VPOS="617" HPOS="1152"/></TextLine>
</TextBlock>
<TextBlock ID="Page1_Block45" HEIGHT="49" WIDTH="361" VPOS="664" HPOS="187" language="de" STYLEREFS="font4"><Shape><Polygon POINTS="206,672 566,672 566,716 206,716 206,672"/></Shape>
<TextLine HEIGHT="47" WIDTH="204" VPOS="670" HPOS="195"><String STYLEREFS="font2" WC="0.5027272701" CONTENT="quenouille," HEIGHT="44" WIDTH="170" VPOS="673" HPOS="195"/><SP WIDTH="11" VPOS="671" HPOS="365"/><String STYLE="bold italics" STYLEREFS="font1" WC="0.4799999893" CONTENT="f." HEIGHT="33" WIDTH="22" VPOS="670" HPOS="376"/></TextLine>
</TextBlock>
<TextBlock ID="Page1_Block46" HEIGHT="46" WIDTH="152" VPOS="662" HPOS="547" language="de" STYLEREFS="font4"><Shape><Polygon POINTS="566,672 717,672 717,716 566,716 566,672"/></Shape>
<TextLine HEIGHT="29" WIDTH="57" VPOS="675" HPOS="630"><String STYLEREFS="font2" WC="0.3533333242" CONTENT="231" HEIGHT="29" WIDTH="57" VPOS="675" HPOS="630"/></TextLine>
</TextBlock>
<TextBlock ID="Page1_Block47" HEIGHT="48" WIDTH="306" VPOS="658" HPOS="698" language="de" STYLEREFS="font4"><Shape><Polygon POINTS="717,672 1022,672 1022,716 717,716 717,672"/></Shape>
<TextLine HEIGHT="36" WIDTH="158" VPOS="661" HPOS="704"><String STYLEREFS="font2" WC="0.4241666794" CONTENT="raffraichir." HEIGHT="36" WIDTH="158" VPOS="661" HPOS="704"/></TextLine>
</TextBlock>
<TextBlock ID="Page1_Block48" HEIGHT="47" WIDTH="208" VPOS="655" HPOS="1003" language="de" STYLEREFS="font4"><Shape><Polygon POINTS="1022,672 1229,672 1229,716 1022,716 1022,672"/></Shape>
<TextLine HEIGHT="39" WIDTH="66" VPOS="656" HPOS="1131"><String STYLE="bold italics" STYLEREFS="font1" WC="0.3633333445" CONTENT="IS7" HEIGHT="39" WIDTH="66" VPOS="656" HPOS="1131"/></TextLine>
</TextBlock>
<TextBlock ID="Page1_Block49" HEIGHT="48" WIDTH="360" VPOS="708" HPOS="188" language="de" STYLEREFS="font4"><Shape><Polygon POINTS="206,716 566,716 566,759 206,759 206,716"/></Shape>
<TextLine HEIGHT="40" WIDTH="103" VPOS="719" HPOS="195"><String STYLEREFS="font2" WC="0.3342857063" CONTENT="querir*" HEIGHT="40" WIDTH="103" VPOS="719" HPOS="195"/></TextLine>
</TextBlock>
<TextBlock ID="Page1_Block50" HEIGHT="45" WIDTH="151" VPOS="706" HPOS="548" language="de" STYLEREFS="font4"><Shape><Polygon POINTS="566,716 717,716 717,759 566,759 566,716"/></Shape>
<TextLine HEIGHT="28" WIDTH="57" VPOS="717" HPOS="631"><String STYLE="bold italics" STYLEREFS="font1" WC="0.6333333254" CONTENT="fOl" HEIGHT="28" WIDTH="57" VPOS="717" HPOS="631"/></TextLine>
</TextBlock>
<TextBlock ID="Page1_Block51" HEIGHT="47" WIDTH="305" VPOS="702" HPOS="699" language="de" STYLEREFS="font4"><Shape><Polygon POINTS="717,716 1022,716 1022,759 717,759 717,716"/></Shape>
<TextLine HEIGHT="42" WIDTH="276" VPOS="703" HPOS="705"><String STYLEREFS="font2" WC="0.3089473546" CONTENT="raifort(refort,)tn*" HEIGHT="42" WIDTH="276" VPOS="703" HPOS="705"/></TextLine>
</TextBlock>
<TextBlock ID="Page1_Block52" HEIGHT="46" WIDTH="207" VPOS="699" HPOS="1004" language="de" STYLEREFS="font4"><Shape><Polygon POINTS="1022,716 1229,716 1229,759 1022,759 1022,716"/></Shape>
<TextLine HEIGHT="38" WIDTH="42" VPOS="695" HPOS="1152"><String STYLEREFS="font1" WC="0.4499999881" CONTENT="6" HEIGHT="32" WIDTH="20" VPOS="695" HPOS="1152"/><String STYLE="bold" STYLEREFS="font5" WC="0.2199999988" CONTENT="?" HEIGHT="32" WIDTH="16" VPOS="701" HPOS="1178"/></TextLine>
</TextBlock>
<TextBlock ID="Page1_Block53" HEIGHT="51" WIDTH="361" VPOS="751" HPOS="188" language="de" STYLEREFS="font4"><Shape><Polygon POINTS="206,759 566,759 566,805 206,805 206,759"/></Shape>
<TextLine HEIGHT="43" WIDTH="171" VPOS="759" HPOS="195"><String STYLEREFS="font2" WC="0.5983333588" CONTENT="querelleux.." HEIGHT="43" WIDTH="171" VPOS="759" HPOS="195"/></TextLine>
</TextBlock>
<TextBlock ID="Page1_Block54" HEIGHT="48" WIDTH="152" VPOS="749" HPOS="548" language="de" STYLEREFS="font4"><Shape><Polygon POINTS="566,759 717,759 717,805 566,805 566,759"/></Shape>
<TextLine HEIGHT="32" WIDTH="57" VPOS="759" HPOS="632"><String STYLEREFS="font2" WC="0.2899999917" CONTENT="45&apos;" HEIGHT="32" WIDTH="57" VPOS="759" HPOS="632"/></TextLine>
</TextBlock>
<TextBlock ID="Page1_Block55" HEIGHT="50" WIDTH="306" VPOS="745" HPOS="699" language="de" STYLEREFS="font4"><Shape><Polygon POINTS="717,759 1022,759 1022,805 717,805 717,759"/></Shape>
<TextLine HEIGHT="45" WIDTH="220" VPOS="746" HPOS="705"><String STYLEREFS="font2" WC="1." CONTENT="." HEIGHT="10" WIDTH="8" VPOS="769" HPOS="705"/><SP WIDTH="37" VPOS="769" HPOS="713"/><String STYLEREFS="font2" WC="0.7699999809" CONTENT="." HEIGHT="10" WIDTH="10" VPOS="769" HPOS="750"/><SP WIDTH="43" VPOS="748" HPOS="760"/><String STYLEREFS="font2" WC="0.3212499917" CONTENT="fauvage." HEIGHT="44" WIDTH="122" VPOS="746" HPOS="803"/></TextLine>
</TextBlock>
<TextBlock ID="Page1_Block56" HEIGHT="49" WIDTH="208" VPOS="742" HPOS="1004" language="de" STYLEREFS="font4"><Shape><Polygon POINTS="1022,759 1229,759 1229,805 1022,805 1022,759"/></Shape>
<TextLine HEIGHT="26" WIDTH="69" VPOS="747" HPOS="1130"><String STYLEREFS="font2" WC="0.4620000124" CONTENT="Lvia-" HEIGHT="26" WIDTH="69" VPOS="747" HPOS="1130"/></TextLine>
</TextBlock>
<TextBlock ID="Page1_Block57" HEIGHT="42" WIDTH="360" VPOS="797" HPOS="189" language="de" STYLEREFS="font4"><Shape><Polygon POINTS="206,805 566,805 566,842 206,842 206,805"/></Shape>
<TextLine HEIGHT="42" WIDTH="134" VPOS="800" HPOS="196"><String STYLEREFS="font2" WC="0.5016666651" CONTENT="queue," HEIGHT="29" WIDTH="101" VPOS="813" HPOS="196"/><SP WIDTH="7" VPOS="801" HPOS="298"/><String STYLEREFS="font2" WC="0.375" CONTENT="f." HEIGHT="32" WIDTH="24" VPOS="800" HPOS="306"/></TextLine>
</TextBlock>
<TextBlock ID="Page1_Block58" HEIGHT="39" WIDTH="151" VPOS="795" HPOS="549" language="de" STYLEREFS="font4"><Shape><Polygon POINTS="566,805 717,805 717,842 566,842 566,805"/></Shape>
<TextLine HEIGHT="31" WIDTH="56" VPOS="800" HPOS="635"><String STYLEREFS="font2" WC="0.2433333397" CONTENT="177" HEIGHT="31" WIDTH="56" VPOS="800" HPOS="635"/></TextLine>
</TextBlock>
<TextBlock ID="Page1_Block59" HEIGHT="41" WIDTH="305" VPOS="791" HPOS="700" language="de" STYLEREFS="font4"><Shape><Polygon POINTS="717,805 1022,805 1022,842 717,842 717,805"/></Shape>
<TextLine HEIGHT="29" WIDTH="136" VPOS="793" HPOS="704"><String STYLEREFS="font2" WC="0.4283333421" CONTENT="raion." HEIGHT="28" WIDTH="87" VPOS="794" HPOS="704"/><SP WIDTH="9" VPOS="800" HPOS="792"/><String STYLEREFS="font2" WC="0.6299999952" CONTENT="m." HEIGHT="22" WIDTH="38" VPOS="799" HPOS="802"/></TextLine>
</TextBlock>
<TextBlock ID="Page1_Block60" HEIGHT="40" WIDTH="207" VPOS="788" HPOS="1005" language="de" STYLEREFS="font4"><Shape><Polygon POINTS="1022,805 1229,805 1229,842 1022,842 1022,805"/></Shape>
<TextLine HEIGHT="29" WIDTH="41" VPOS="783" HPOS="1154"><String STYLEREFS="font2" WC="0.2099999934" CONTENT="21" HEIGHT="29" WIDTH="41" VPOS="783" HPOS="1154"/></TextLine>
</TextBlock>
<TextBlock ID="Page1_Block61" HEIGHT="43" WIDTH="361" VPOS="834" HPOS="189" language="de" STYLEREFS="font4"><Shape><Polygon POINTS="206,842 566,842 566,880 206,880 206,842"/></Shape>
<TextLine HEIGHT="43" WIDTH="226" VPOS="836" HPOS="197"><String STYLEREFS="font2" WC="0.6200000048" CONTENT="," HEIGHT="13" WIDTH="11" VPOS="865" HPOS="198"/><SP WIDTH="38" VPOS="865" HPOS="210"/><String STYLEREFS="font2" WC="0.5500000119" CONTENT="." HEIGHT="12" WIDTH="11" VPOS="866" HPOS="249"/><SP WIDTH="42" VPOS="843" HPOS="260"/><String STYLEREFS="font2" WC="0.1199999973" CONTENT="de" HEIGHT="32" WIDTH="33" VPOS="842" HPOS="302"/><SP WIDTH="14" VPOS="837" HPOS="335"/><String STYLEREFS="font2" WC="0.2240000069" CONTENT="bete." HEIGHT="32" WIDTH="74" VPOS="836" HPOS="349"/></TextLine>
</TextBlock>
<TextBlock ID="Page1_Block62" HEIGHT="40" WIDTH="152" VPOS="832" HPOS="549" language="de" STYLEREFS="font4"><Shape><Polygon POINTS="566,842 717,842 717,880 566,880 566,842"/></Shape>
<TextLine HEIGHT="27" WIDTH="56" VPOS="844" HPOS="635"><String STYLEREFS="font2" WC="0.6133333445" CONTENT="l&apos;9" HEIGHT="27" WIDTH="56" VPOS="844" HPOS="635"/></TextLine>
</TextBlock>
<TextBlock ID="Page1_Block63" HEIGHT="42" WIDTH="306" VPOS="828" HPOS="700" language="de" STYLEREFS="font4"><Shape><Polygon POINTS="717,842 1022,842 1022,880 717,880 717,842"/></Shape>
<TextLine HEIGHT="34" WIDTH="218" VPOS="830" HPOS="705"><String STYLEREFS="font2" WC="0.8500000238" CONTENT="." HEIGHT="6" WIDTH="7" VPOS="858" HPOS="706"/><SP WIDTH="40" VPOS="856" HPOS="714"/><String STYLEREFS="font2" WC="1." CONTENT="." HEIGHT="8" WIDTH="7" VPOS="856" HPOS="755"/><SP WIDTH="42" VPOS="832" HPOS="762"/><String STYLEREFS="font2" WC="0.1949999928" CONTENT="de" HEIGHT="30" WIDTH="35" VPOS="831" HPOS="804"/><SP WIDTH="8" VPOS="843" HPOS="839"/><String STYLEREFS="font2" WC="0.8000000119" CONTENT="miel." HEIGHT="31" WIDTH="76" VPOS="831" HPOS="847"/></TextLine>
</TextBlock>
<TextBlock ID="Page1_Block64" HEIGHT="41" WIDTH="208" VPOS="825" HPOS="1005" language="de" STYLEREFS="font4"><Shape><Polygon POINTS="1022,842 1229,842 1229,880 1022,880 1022,842"/></Shape>
<TextLine HEIGHT="35" WIDTH="63" VPOS="824" HPOS="1136"><String STYLE="italics" STYLEREFS="font1" WC="0.1933333278" CONTENT="189" HEIGHT="35" WIDTH="63" VPOS="824" HPOS="1136"/></TextLine>
</TextBlock>
<TextBlock ID="Page1_Block65" HEIGHT="49" WIDTH="360" VPOS="872" HPOS="190" language="de" STYLEREFS="font4"><Shape><Polygon POINTS="206,880 566,880 566,924 206,924 206,880"/></Shape>
<TextLine HEIGHT="42" WIDTH="257" VPOS="881" HPOS="197"><String STYLE="subscript" STYLEREFS="font2" WC="0." CONTENT="4" HEIGHT="15" WIDTH="14" VPOS="908" HPOS="197"/><SP WIDTH="40" VPOS="907" HPOS="212"/><String STYLEREFS="font2" WC="0.2399999946" CONTENT="." HEIGHT="13" WIDTH="12" VPOS="907" HPOS="253"/><SP WIDTH="42" VPOS="885" HPOS="266"/><String STYLEREFS="font2" WC="0.5500000119" CONTENT="ä" HEIGHT="30" WIDTH="16" VPOS="884" HPOS="309"/><SP WIDTH="9" VPOS="882" HPOS="326"/><String STYLEREFS="font2" WC="0.3877777755" CONTENT="icailler," HEIGHT="34" WIDTH="118" VPOS="881" HPOS="336"/></TextLine>
</TextBlock>
<TextBlock ID="Page1_Block66" HEIGHT="46" WIDTH="151" VPOS="870" HPOS="550" language="de" STYLEREFS="font4"><Shape><Polygon POINTS="566,880 717,880 717,924 566,924 566,880"/></Shape>
<TextLine HEIGHT="28" WIDTH="54" VPOS="885" HPOS="635"><String STYLEREFS="font2" WC="0.2099999934" CONTENT="13" HEIGHT="28" WIDTH="34" VPOS="885" HPOS="635"/><SP WIDTH="10" VPOS="885" HPOS="670"/><String STYLEREFS="font2" WC="0.2700000107" CONTENT="t" HEIGHT="18" WIDTH="8" VPOS="886" HPOS="681"/></TextLine>
</TextBlock>
<TextBlock ID="Page1_Block67" HEIGHT="48" WIDTH="305" VPOS="866" HPOS="701" language="de" STYLEREFS="font4"><Shape><Polygon POINTS="717,880 1022,880 1022,924 717,924 717,880"/></Shape>
<TextLine HEIGHT="32" WIDTH="226" VPOS="873" HPOS="706"><String STYLEREFS="font2" WC="1." CONTENT="." HEIGHT="6" WIDTH="7" VPOS="899" HPOS="706"/><SP WIDTH="39" VPOS="898" HPOS="714"/><String STYLEREFS="font2" WC="1." CONTENT="." HEIGHT="7" WIDTH="8" VPOS="898" HPOS="754"/><SP WIDTH="39" VPOS="875" HPOS="763"/><String STYLEREFS="font2" WC="1." CONTENT="du" HEIGHT="28" WIDTH="34" VPOS="875" HPOS="803"/><SP WIDTH="10" VPOS="875" HPOS="838"/><String STYLEREFS="font2" WC="0.6200000048" CONTENT="loleil." HEIGHT="29" WIDTH="83" VPOS="873" HPOS="849"/></TextLine>
</TextBlock>
<TextBlock ID="Page1_Block68" HEIGHT="47" WIDTH="207" VPOS="863" HPOS="1006" language="de" STYLEREFS="font4"><Shape><Polygon POINTS="1022,880 1229,880 1229,924 1022,924 1022,880"/></Shape>
<TextLine HEIGHT="41" WIDTH="120" VPOS="864" HPOS="1076"><String STYLEREFS="font2" WC="0.25" CONTENT="ai.305" HEIGHT="41" WIDTH="120" VPOS="864" HPOS="1076"/></TextLine>
</TextBlock>
<TextBlock ID="Page1_Block69" HEIGHT="54" WIDTH="361" VPOS="916" HPOS="190" language="de" STYLEREFS="font4"><Shape><Polygon POINTS="206,924 566,924 566,973 206,973 206,924"/></Shape>
<TextLine HEIGHT="40" WIDTH="218" VPOS="924" HPOS="198"><String STYLEREFS="font2" WC="0.5400000215" CONTENT="." HEIGHT="11" WIDTH="12" VPOS="953" HPOS="198"/><SP WIDTH="35" VPOS="950" HPOS="211"/><String STYLEREFS="font2" WC="0.2700000107" CONTENT="." HEIGHT="10" WIDTH="11" VPOS="949" HPOS="247"/><SP WIDTH="38" VPOS="926" HPOS="259"/><String STYLEREFS="font2" WC="0.1650000066" CONTENT="de" HEIGHT="31" WIDTH="32" VPOS="925" HPOS="298"/><SP WIDTH="7" VPOS="925" HPOS="331"/><String STYLEREFS="font2" WC="0.3916666806" CONTENT="fruit." HEIGHT="32" WIDTH="77" VPOS="924" HPOS="339"/></TextLine>
</TextBlock>
<TextBlock ID="Page1_Block70" HEIGHT="55" WIDTH="457" VPOS="910" HPOS="550" language="de" STYLEREFS="font4"><Shape><Polygon POINTS="566,924 1022,924 1022,973 566,973 566,924"/></Shape>
<TextLine HEIGHT="32" WIDTH="190" VPOS="921" HPOS="658"><String STYLEREFS="font2" WC="0.9150000215" CONTENT="57" HEIGHT="26" WIDTH="33" VPOS="927" HPOS="658"/><SP WIDTH="9" VPOS="927" HPOS="692"/><String STYLEREFS="font2" WC="0.3000000119" CONTENT=".raionner*" HEIGHT="27" WIDTH="146" VPOS="921" HPOS="702"/></TextLine>
</TextBlock>
<TextBlock ID="Page1_Block71" HEIGHT="52" WIDTH="208" VPOS="907" HPOS="1006" language="de" STYLEREFS="font4"><Shape><Polygon POINTS="1022,924 1229,924 1229,973 1022,973 1022,924"/></Shape>
<TextLine HEIGHT="28" WIDTH="42" VPOS="907" HPOS="1152"><String STYLEREFS="font2" WC="0.6349999905" CONTENT="Sl" HEIGHT="28" WIDTH="42" VPOS="907" HPOS="1152"/></TextLine>
</TextBlock></ComposedBlock>
<TextBlock ID="Page1_Block72" HEIGHT="552" WIDTH="393" VPOS="959" HPOS="181" language="de" STYLEREFS="font2"><Shape><Polygon POINTS="196,966 508,966 508,1310 582,1310 582,1514 196,1514 196,966"/></Shape>
<TextLine HEIGHT="42" WIDTH="297" VPOS="963" HPOS="193" STYLEREFS="font2"><String WC="0.5400000215" CONTENT="," HEIGHT="11" WIDTH="14" VPOS="990" HPOS="193"/><SP WIDTH="41" VPOS="990" HPOS="207"/><String WC="0.5500000119" CONTENT="." HEIGHT="15" WIDTH="13" VPOS="990" HPOS="248"/><SP WIDTH="40" VPOS="968" HPOS="261"/><String WC="0.875" CONTENT="d&apos;" HEIGHT="30" WIDTH="27" VPOS="967" HPOS="301"/><SP WIDTH="6" VPOS="968" HPOS="329"/><String WC="0.3766666651" CONTENT="oifeau" HEIGHT="32" WIDTH="88" VPOS="964" HPOS="336"/><SP WIDTH="7" VPOS="966" HPOS="425"/><String WC="0.4233333468" CONTENT="&amp;c»" HEIGHT="34" WIDTH="57" VPOS="965" HPOS="433"/></TextLine>
<TextLine HEIGHT="43" WIDTH="134" VPOS="1010" HPOS="200" STYLEREFS="font2"><String WC="0.6616666913" CONTENT="queux»" HEIGHT="31" WIDTH="102" VPOS="1022" HPOS="200"/><SP WIDTH="7" VPOS="1011" HPOS="303"/><String WC="0.6949999928" CONTENT="k." HEIGHT="34" WIDTH="23" VPOS="1010" HPOS="311"/></TextLine>
<TextLine HEIGHT="41" WIDTH="74" VPOS="1048" HPOS="405"><String WC="0.3899999857" CONTENT="Qui," HEIGHT="41" WIDTH="74" VPOS="1048" HPOS="405"/></TextLine>
<TextLine HEIGHT="52" WIDTH="175" VPOS="1092" HPOS="200"><String WC="0.7149999738" CONTENT="f^ui" HEIGHT="51" WIDTH="58" VPOS="1093" HPOS="200"/><SP WIDTH="7" VPOS="1097" HPOS="259"/><String WC="1." CONTENT="?" HEIGHT="26" WIDTH="11" VPOS="1099" HPOS="267"/><SP WIDTH="7" VPOS="1099" HPOS="279"/><String WC="0.5525000095" CONTENT="qui," HEIGHT="41" WIDTH="54" VPOS="1094" HPOS="287"/><SP WIDTH="7" VPOS="1103" HPOS="342"/><String WC="0.2099999934" CONTENT="c." HEIGHT="19" WIDTH="25" VPOS="1103" HPOS="350"/></TextLine>
<TextLine HEIGHT="47" WIDTH="263" VPOS="1131" HPOS="201"><String STYLE="bold italics" STYLEREFS="font1" WC="0.6700000167" CONTENT="," HEIGHT="8" WIDTH="9" VPOS="1161" HPOS="202"/><SP WIDTH="41" VPOS="1160" HPOS="212"/><String WC="1." CONTENT="." HEIGHT="10" WIDTH="11" VPOS="1161" HPOS="254"/><SP WIDTH="39" VPOS="1148" HPOS="266"/><String WC="0.1666666716" CONTENT="que" HEIGHT="31" WIDTH="52" VPOS="1146" HPOS="306"/><SP WIDTH="8" VPOS="1145" HPOS="358"/><String WC="0.4799999893" CONTENT="ce" HEIGHT="20" WIDTH="30" VPOS="1144" HPOS="366"/><SP WIDTH="8" VPOS="1131" HPOS="396"/><String WC="0.6399999857" CONTENT="foit." HEIGHT="30" WIDTH="60" VPOS="1131" HPOS="404"/></TextLine>
<TextLine HEIGHT="42" WIDTH="267" VPOS="1177" HPOS="202"><String WC="1." CONTENT="." HEIGHT="7" WIDTH="9" VPOS="1203" HPOS="202"/><SP WIDTH="38" VPOS="1199" HPOS="212"/><String WC="0.6200000048" CONTENT="." HEIGHT="11" WIDTH="9" VPOS="1199" HPOS="251"/><SP WIDTH="38" VPOS="1179" HPOS="261"/><String WC="0.349999994" CONTENT="fera" HEIGHT="31" WIDTH="54" VPOS="1178" HPOS="300"/><SP WIDTH="10" VPOS="1187" HPOS="355"/><String WC="0.4499999881" CONTENT="ce" HEIGHT="21" WIDTH="30" VPOS="1187" HPOS="366"/><SP WIDTH="6" VPOS="1186" HPOS="397"/><String WC="0.3824999928" CONTENT="que," HEIGHT="32" WIDTH="65" VPOS="1184" HPOS="404"/></TextLine>
<TextLine HEIGHT="40" WIDTH="125" VPOS="1221" HPOS="203"><String WC="0.5400000215" CONTENT="quille," HEIGHT="39" WIDTH="93" VPOS="1222" HPOS="203"/><SP WIDTH="7" VPOS="1222" HPOS="297"/><String WC="0.2399999946" CONTENT="f." HEIGHT="32" WIDTH="23" VPOS="1221" HPOS="305"/></TextLine>
<TextLine HEIGHT="43" WIDTH="183" VPOS="1260" HPOS="202"><String WC="0.4449999928" CONTENT="quinzainc." HEIGHT="39" WIDTH="153" VPOS="1264" HPOS="202"/><SP WIDTH="7" VPOS="1260" HPOS="355"/><String WC="0.4449999928" CONTENT="f." HEIGHT="31" WIDTH="21" VPOS="1260" HPOS="363"/></TextLine>
<TextLine HEIGHT="39" WIDTH="106" VPOS="1306" HPOS="201"><String WC="0.2485714257" CONTENT="quinze." HEIGHT="39" WIDTH="106" VPOS="1306" HPOS="201"/></TextLine>
<TextLine HEIGHT="39" WIDTH="110" VPOS="1349" HPOS="202"><String WC="0.400000006" CONTENT="quitter." HEIGHT="39" WIDTH="110" VPOS="1349" HPOS="202"/></TextLine>
<TextLine HEIGHT="41" WIDTH="258" VPOS="1386" HPOS="204"><String WC="0.7099999785" CONTENT="," HEIGHT="16" WIDTH="11" VPOS="1411" HPOS="204"/><SP WIDTH="40" VPOS="1408" HPOS="216"/><String WC="0.7200000286" CONTENT="." HEIGHT="9" WIDTH="9" VPOS="1408" HPOS="257"/><SP WIDTH="38" VPOS="1389" HPOS="267"/><String WC="0.2849999964" CONTENT="le" HEIGHT="28" WIDTH="24" VPOS="1388" HPOS="306"/><SP WIDTH="9" VPOS="1397" HPOS="331"/><String WC="0.4485714138" CONTENT="chemin," HEIGHT="33" WIDTH="121" VPOS="1386" HPOS="341"/></TextLine>
<TextLine HEIGHT="47" WIDTH="365" VPOS="1421" HPOS="204"><String WC="1." CONTENT="," HEIGHT="12" WIDTH="8" VPOS="1455" HPOS="205"/><SP WIDTH="40" VPOS="1451" HPOS="214"/><String STYLE="bold italics" STYLEREFS="font1" WC="0.6200000048" CONTENT="," HEIGHT="16" WIDTH="13" VPOS="1451" HPOS="255"/><SP WIDTH="37" VPOS="1428" HPOS="268"/><String WC="0.4133333266" CONTENT="les" HEIGHT="31" WIDTH="40" VPOS="1427" HPOS="305"/><SP WIDTH="17" VPOS="1430" HPOS="345"/><String WC="0.3533333242" CONTENT="bäbits" HEIGHT="30" WIDTH="89" VPOS="1428" HPOS="362"/><SP WIDTH="9" VPOS="1428" HPOS="451"/><String WC="0.6800000072" CONTENT="&amp;c," HEIGHT="34" WIDTH="53" VPOS="1427" HPOS="460"/><SP WIDTH="8" VPOS="1428" HPOS="513"/><String WC="0.3100000024" CONTENT="(" HEIGHT="34" WIDTH="13" VPOS="1428" HPOS="521"/><SP WIDTH="10" VPOS="1422" HPOS="534"/><String WC="0.3449999988" CONTENT="fe" HEIGHT="33" WIDTH="25" VPOS="1421" HPOS="544"/></TextLine>
<TextLine HEIGHT="37" WIDTH="101" VPOS="1468" HPOS="367"><String WC="0.4662500024" CONTENT="biller.)" HEIGHT="37" WIDTH="101" VPOS="1468" HPOS="367"/></TextLine>
</TextBlock>
<TextBlock ID="Page1_Block73" HEIGHT="82" WIDTH="203" VPOS="963" HPOS="637" language="de" STYLEREFS="font2"><Shape><Polygon POINTS="652,974 830,974 830,1006 854,1006 854,1054 652,1054 652,974"/></Shape>
<TextLine HEIGHT="47" WIDTH="157" VPOS="963" HPOS="655"><String WC="0.5199999809" CONTENT="7" HEIGHT="28" WIDTH="17" VPOS="968" HPOS="655"/><SP WIDTH="5" VPOS="968" HPOS="673"/><String WC="0.25" CONTENT="s" HEIGHT="29" WIDTH="15" VPOS="967" HPOS="679"/><SP WIDTH="6" VPOS="964" HPOS="695"/><String WC="0.3416666687" CONTENT="jrais," HEIGHT="45" WIDTH="64" VPOS="964" HPOS="701"/><SP WIDTH="6" VPOS="970" HPOS="765"/><String WC="0.2300000042" CONTENT="m." HEIGHT="18" WIDTH="39" VPOS="970" HPOS="772"/></TextLine>
<TextLine HEIGHT="40" WIDTH="181" VPOS="1000" HPOS="654"><String WC="0.4099999964" CONTENT="49" HEIGHT="30" WIDTH="38" VPOS="1010" HPOS="654"/><SP WIDTH="14" VPOS="1011" HPOS="693"/><String WC="0.5371428728" CONTENT="raifon." HEIGHT="32" WIDTH="96" VPOS="1002" HPOS="708"/><SP WIDTH="9" VPOS="1000" HPOS="805"/><String WC="0.3100000024" CONTENT="f." HEIGHT="30" WIDTH="20" VPOS="1000" HPOS="815"/></TextLine>
</TextBlock>
<TextBlock ID="Page1_Block74" HEIGHT="52" WIDTH="87" VPOS="981" HPOS="1125" language="de" STYLEREFS="font5"><Shape><Polygon POINTS="1140,998 1226,998 1226,1048 1140,1048 1140,998"/></Shape>
<TextLine HEIGHT="44" WIDTH="64" VPOS="989" HPOS="1130"><String STYLEREFS="font1" WC="0.3300000131" CONTENT="47" HEIGHT="35" WIDTH="43" VPOS="993" HPOS="1131"/><String STYLE="bold" WC="0.3950000107" CONTENT=".k" HEIGHT="43" WIDTH="16" VPOS="989" HPOS="1178"/></TextLine>
</TextBlock>
<TextBlock ID="Page1_Block75" HEIGHT="319" WIDTH="342" VPOS="1533" HPOS="175" language="de" STYLEREFS="font2"><Shape><Polygon POINTS="182,1540 520,1540 520,1854 182,1854 182,1540"/></Shape>
<TextLine HEIGHT="38" WIDTH="76" VPOS="1541" HPOS="420"><String WC="0.3249999881" CONTENT="Quo." HEIGHT="38" WIDTH="76" VPOS="1541" HPOS="420"/></TextLine>
<TextLine HEIGHT="48" WIDTH="195" VPOS="1597" HPOS="203"><String WC="0.3287500143" CONTENT="Quo!ib&amp;." HEIGHT="48" WIDTH="145" VPOS="1597" HPOS="203"/><SP WIDTH="9" VPOS="1605" HPOS="349"/><String WC="0.474999994" CONTENT="W." HEIGHT="21" WIDTH="39" VPOS="1605" HPOS="359"/></TextLine>
<TextLine HEIGHT="39" WIDTH="112" VPOS="1647" HPOS="200"><String WC="0.3300000131" CONTENT="quoi." HEIGHT="39" WIDTH="75" VPOS="1647" HPOS="200"/><SP WIDTH="8" VPOS="1655" HPOS="275"/><String WC="0.6700000167" CONTENT="n." HEIGHT="17" WIDTH="29" VPOS="1655" HPOS="283"/></TextLine>
<TextLine HEIGHT="32" WIDTH="160" VPOS="1695" HPOS="198" STYLEREFS="font2"><String WC="1." CONTENT="." HEIGHT="9" WIDTH="8" VPOS="1711" HPOS="198"/><SP WIDTH="40" VPOS="1709" HPOS="207"/><String WC="0.25" CONTENT="." HEIGHT="9" WIDTH="8" VPOS="1708" HPOS="248"/><SP WIDTH="37" VPOS="1696" HPOS="257"/><String WC="0.174999997" CONTENT="que." HEIGHT="31" WIDTH="63" VPOS="1695" HPOS="295"/></TextLine>
<TextLine HEIGHT="46" WIDTH="265" VPOS="1723" HPOS="198" STYLEREFS="font2"><String WC="0.3300000131" CONTENT="„" HEIGHT="8" WIDTH="8" VPOS="1754" HPOS="199"/><SP WIDTH="38" VPOS="1752" HPOS="208"/><String WC="0.5699999928" CONTENT="." HEIGHT="9" WIDTH="8" VPOS="1751" HPOS="247"/><SP WIDTH="40" VPOS="1739" HPOS="256"/><String WC="0.3333333433" CONTENT="que" HEIGHT="30" WIDTH="51" VPOS="1738" HPOS="297"/><SP WIDTH="11" VPOS="1738" HPOS="349"/><String WC="0.6349999905" CONTENT="ce" HEIGHT="19" WIDTH="29" VPOS="1737" HPOS="361"/><SP WIDTH="10" VPOS="1724" HPOS="390"/><String WC="0.2060000002" CONTENT="foit," HEIGHT="32" WIDTH="63" VPOS="1723" HPOS="400"/></TextLine>
<TextLine HEIGHT="29" WIDTH="52" VPOS="1768" HPOS="420" STYLEREFS="font5"><String STYLE="bold" WC="0.1800000072" CONTENT="K" HEIGHT="27" WIDTH="23" VPOS="1768" HPOS="420"/><String STYLEREFS="font1" WC="0.1700000018" CONTENT="3" HEIGHT="21" WIDTH="13" VPOS="1775" HPOS="446"/><String STYLE="bold smallcaps" WC="0.1400000006" CONTENT="c" HEIGHT="13" WIDTH="9" VPOS="1784" HPOS="463"/></TextLine>
<TextLine HEIGHT="36" WIDTH="159" VPOS="1811" HPOS="194" STYLEREFS="font2"><String WC="0.3314285576" CONTENT="Rabati," HEIGHT="35" WIDTH="105" VPOS="1812" HPOS="194"/><SP WIDTH="15" VPOS="1822" HPOS="300"/><String WC="0.5" CONTENT="m." HEIGHT="20" WIDTH="37" VPOS="1821" HPOS="316"/></TextLine>
</TextBlock>
<TextBlock ID="Page1_Block76" HEIGHT="418" WIDTH="151" VPOS="1086" HPOS="549" language="de" STYLEREFS="font5"><Shape><Polygon POINTS="562,1096 712,1096 712,1138 708,1138 708,1220 706,1220 706,1264 710,1264 710,1348 708,1348 708,1428 706,1428 706,1464 704,1464 704,1512 596,1512 596,1424 562,1424 562,1096"/></Shape>
<TextLine HEIGHT="34" WIDTH="141" VPOS="1092" HPOS="553" STYLEREFS="font2"><String WC="0.6175000072" CONTENT="3.15-255" HEIGHT="34" WIDTH="141" VPOS="1092" HPOS="553"/></TextLine>
<TextLine HEIGHT="28" WIDTH="59" VPOS="1137" HPOS="632"><String STYLEREFS="font1" WC="0.4300000072" CONTENT="4" HEIGHT="27" WIDTH="22" VPOS="1138" HPOS="632"/><String STYLE="bold" WC="0." CONTENT="M" HEIGHT="27" WIDTH="33" VPOS="1137" HPOS="658"/></TextLine>
<TextLine HEIGHT="28" WIDTH="109" VPOS="1180" HPOS="582"><String STYLE="bold" WC="0.4900000095" CONTENT="&gt;" HEIGHT="10" WIDTH="4" VPOS="1190" HPOS="582"/><SP WIDTH="91" VPOS="1180" HPOS="587"/><String STYLE="bold" WC="0.2700000107" CONTENT=";" HEIGHT="27" WIDTH="12" VPOS="1180" HPOS="679"/></TextLine>
<TextLine HEIGHT="33" WIDTH="129" VPOS="1219" HPOS="563"><String STYLEREFS="font1" WC="0.5699999928" CONTENT="27" HEIGHT="28" WIDTH="37" VPOS="1224" HPOS="563"/><String STYLE="bold" WC="1.999999955e-002" CONTENT="M" HEIGHT="29" WIDTH="44" VPOS="1221" HPOS="608"/><String STYLEREFS="font1" WC="0.1400000006" CONTENT="3" HEIGHT="28" WIDTH="12" VPOS="1219" HPOS="659"/><String STYLE="bold" WC="0.1599999964" CONTENT="?" HEIGHT="29" WIDTH="13" VPOS="1222" HPOS="679"/></TextLine>
<TextLine HEIGHT="35" WIDTH="60" VPOS="1257" HPOS="636"><String STYLEREFS="font1" WC="0.2133333385" CONTENT="389" HEIGHT="35" WIDTH="60" VPOS="1257" HPOS="636"/></TextLine>
<TextLine HEIGHT="29" WIDTH="59" VPOS="1305" HPOS="636"><String STYLEREFS="font2" WC="0.4133333266" CONTENT="397" HEIGHT="29" WIDTH="59" VPOS="1305" HPOS="636"/></TextLine>
<TextLine HEIGHT="32" WIDTH="57" VPOS="1342" HPOS="638"><String STYLEREFS="font3" WC="0.3833333254" CONTENT="287" HEIGHT="32" WIDTH="57" VPOS="1342" HPOS="638"/></TextLine>
<TextLine HEIGHT="27" WIDTH="46" VPOS="1387" HPOS="648" STYLEREFS="font2"><String WC="0.7133333087" CONTENT="3&apos;7" HEIGHT="27" WIDTH="46" VPOS="1387" HPOS="648"/></TextLine>
<TextLine HEIGHT="33" WIDTH="104" VPOS="1419" HPOS="590" STYLEREFS="font2"><String WC="0.3033333421" CONTENT="des" HEIGHT="33" WIDTH="48" VPOS="1419" HPOS="590"/><SP WIDTH="8" VPOS="1419" HPOS="638"/><String WC="0.5400000215" CONTENT="ha-" HEIGHT="29" WIDTH="48" VPOS="1419" HPOS="646"/></TextLine>
<TextLine HEIGHT="31" WIDTH="53" VPOS="1468" HPOS="639" STYLEREFS="font2"><String WC="0.1966666728" CONTENT="287" HEIGHT="31" WIDTH="53" VPOS="1468" HPOS="639"/></TextLine>
</TextBlock>
<TextBlock ID="Page1_Block77" HEIGHT="119" WIDTH="117" VPOS="1599" HPOS="580" language="de" STYLEREFS="font5"><Shape><Polygon POINTS="586,1608 702,1608 702,1726 586,1726 586,1608"/></Shape>
<TextLine HEIGHT="33" WIDTH="73" VPOS="1604" HPOS="618"><String STYLE="bold" WC="0.6800000072" CONTENT="." HEIGHT="3" WIDTH="3" VPOS="1634" HPOS="618"/><SP WIDTH="17" VPOS="1605" HPOS="622"/><String STYLEREFS="font1" WC="0.3433333337" CONTENT="»73" HEIGHT="27" WIDTH="51" VPOS="1604" HPOS="640"/></TextLine>
<TextLine HEIGHT="37" WIDTH="95" VPOS="1637" HPOS="596"><String STYLEREFS="font3" WC="0.3050000072" CONTENT="21" HEIGHT="21" WIDTH="28" VPOS="1645" HPOS="596"/><String STYLE="bold" WC="0.5400000215" CONTENT="," HEIGHT="9" WIDTH="5" VPOS="1659" HPOS="627"/><String STYLEREFS="font3" WC="0.4399999976" CONTENT="46" HEIGHT="36" WIDTH="41" VPOS="1637" HPOS="635"/><String STYLE="bold" WC="0.2599999905" CONTENT=";" HEIGHT="25" WIDTH="10" VPOS="1648" HPOS="681"/></TextLine>
<TextLine HEIGHT="19" WIDTH="32" VPOS="1693" HPOS="657" STYLEREFS="font2"><String STYLE="bold italics" STYLEREFS="font1" WC="0.3400000036" CONTENT="z" HEIGHT="18" WIDTH="13" VPOS="1694" HPOS="657"/><SP WIDTH="8" VPOS="1693" HPOS="671"/><String WC="0.2300000042" CONTENT="1" HEIGHT="17" WIDTH="9" VPOS="1693" HPOS="680"/></TextLine>
</TextBlock>
<TextBlock ID="Page1_Block78" HEIGHT="850" WIDTH="427" VPOS="1020" HPOS="798" language="de" STYLEREFS="font2"><Shape><Polygon POINTS="812,1036 1214,1036 1214,1082 1228,1082 1228,1884 1050,1884 1050,1096 812,1096 812,1036"/></Shape>
<TextLine HEIGHT="56" WIDTH="394" VPOS="1024" HPOS="802"><String WC="0.3155555427" CONTENT="naturelle" HEIGHT="34" WIDTH="134" VPOS="1039" HPOS="802"/><SP WIDTH="8" VPOS="1037" HPOS="936"/><String WC="0.3145454526" CONTENT="(humaitte.)" HEIGHT="45" WIDTH="172" VPOS="1033" HPOS="944"/><SP WIDTH="13" VPOS="1033" HPOS="1116"/><String WC="0.3199999928" CONTENT="ibid." HEIGHT="36" WIDTH="66" VPOS="1024" HPOS="1129"/></TextLine>
<TextLine HEIGHT="58" WIDTH="151" VPOS="1070" HPOS="1046"><String WC="0.3549999893" CONTENT="435*" HEIGHT="33" WIDTH="76" VPOS="1085" HPOS="1046"/><SP WIDTH="7" VPOS="1083" HPOS="1123"/><String WC="0.6100000143" CONTENT="49^" HEIGHT="57" WIDTH="66" VPOS="1070" HPOS="1131"/></TextLine>
<TextLine HEIGHT="40" WIDTH="65" VPOS="1114" HPOS="1133"><String WC="0.6100000143" CONTENT="5" HEIGHT="32" WIDTH="17" VPOS="1122" HPOS="1133"/><SP WIDTH="4" VPOS="1119" HPOS="1150"/><String STYLE="bold italics" STYLEREFS="font1" WC="0.6800000072" CONTENT="99" HEIGHT="36" WIDTH="44" VPOS="1114" HPOS="1154"/></TextLine>
<TextLine HEIGHT="40" WIDTH="64" VPOS="1155" HPOS="1133"><String STYLEREFS="font4" WC="0.3533333242" CONTENT="50?" HEIGHT="40" WIDTH="64" VPOS="1155" HPOS="1133"/></TextLine>
<TextLine HEIGHT="41" WIDTH="66" VPOS="1193" HPOS="1134" STYLEREFS="font3"><String STYLEREFS="font1" WC="0.1733333319" CONTENT="357" HEIGHT="41" WIDTH="66" VPOS="1193" HPOS="1134"/></TextLine>
<TextLine HEIGHT="47" WIDTH="146" VPOS="1236" HPOS="1049" STYLEREFS="font3"><String WC="0.223333329" CONTENT="333" HEIGHT="35" WIDTH="70" VPOS="1248" HPOS="1049"/><String STYLEREFS="font0" WC="0.5500000119" CONTENT="-" HEIGHT="9" WIDTH="8" VPOS="1261" HPOS="1122"/><String WC="0.3000000119" CONTENT="34" HEIGHT="34" WIDTH="41" VPOS="1242" HPOS="1134"/><String STYLE="superscript" WC="0.3000000119" CONTENT="1" HEIGHT="24" WIDTH="14" VPOS="1236" HPOS="1181"/></TextLine>
<TextLine HEIGHT="41" WIDTH="102" VPOS="1288" HPOS="1096" STYLEREFS="font3"><String STYLE="bold" STYLEREFS="font4" WC="0.4799999893" CONTENT="49" HEIGHT="31" WIDTH="44" VPOS="1298" HPOS="1096"/><SP WIDTH="15" VPOS="1292" HPOS="1141"/><String STYLE="bold" STYLEREFS="font4" WC="0.3899999857" CONTENT="53" HEIGHT="35" WIDTH="41" VPOS="1288" HPOS="1157"/></TextLine>
<TextLine HEIGHT="45" WIDTH="154" VPOS="1328" HPOS="1043" STYLEREFS="font3"><String WC="0.4766666591" CONTENT="313" HEIGHT="32" WIDTH="66" VPOS="1341" HPOS="1043"/><String STYLEREFS="font0" WC="1." CONTENT="*" HEIGHT="6" WIDTH="7" VPOS="1353" HPOS="1114"/><String WC="0.4050000012" CONTENT="34" HEIGHT="33" WIDTH="40" VPOS="1335" HPOS="1135"/><String STYLEREFS="font0" WC="0.3000000119" CONTENT="*" HEIGHT="25" WIDTH="16" VPOS="1328" HPOS="1180"/></TextLine>
<TextLine HEIGHT="42" WIDTH="60" VPOS="1368" HPOS="1136" STYLEREFS="font3"><String STYLEREFS="font2" WC="0.3166666627" CONTENT="94I" HEIGHT="42" WIDTH="60" VPOS="1368" HPOS="1136"/></TextLine>
<TextLine HEIGHT="39" WIDTH="144" VPOS="1411" HPOS="1057" STYLEREFS="font3"><String STYLE="bold" STYLEREFS="font5" WC="0.2399999946" CONTENT="r" HEIGHT="24" WIDTH="16" VPOS="1425" HPOS="1057"/><String STYLEREFS="font1" WC="0.3300000131" CONTENT="8" HEIGHT="30" WIDTH="17" VPOS="1419" HPOS="1080"/><String STYLE="bold" STYLEREFS="font5" WC="0.55400002" CONTENT="r.iL-" HEIGHT="35" WIDTH="99" VPOS="1411" HPOS="1102"/></TextLine>
<TextLine HEIGHT="44" WIDTH="150" VPOS="1451" HPOS="1049" STYLEREFS="font3"><String WC="0.3071428537" CONTENT="197.293" HEIGHT="44" WIDTH="150" VPOS="1451" HPOS="1049"/></TextLine>
<TextLine HEIGHT="38" WIDTH="141" VPOS="1490" HPOS="1058" STYLEREFS="font3"><String STYLEREFS="font1" WC="0.2671428621" CONTENT="121.135" HEIGHT="38" WIDTH="141" VPOS="1490" HPOS="1058"/></TextLine>
<TextLine HEIGHT="45" WIDTH="143" VPOS="1531" HPOS="1056" STYLEREFS="font4"><String WC="0.3614285588" CONTENT="173.543" HEIGHT="45" WIDTH="143" VPOS="1531" HPOS="1056"/></TextLine>
<TextLine HEIGHT="48" WIDTH="145" VPOS="1571" HPOS="1052" STYLEREFS="font4"><String WC="0.6800000072" CONTENT="385.543" HEIGHT="48" WIDTH="145" VPOS="1571" HPOS="1052"/></TextLine>
<TextLine HEIGHT="35" WIDTH="86" VPOS="1619" HPOS="1050"><String WC="1." CONTENT="." HEIGHT="9" WIDTH="7" VPOS="1645" HPOS="1050"/><SP WIDTH="23" VPOS="1643" HPOS="1058"/><String WC="0.8500000238" CONTENT="." HEIGHT="5" WIDTH="6" VPOS="1643" HPOS="1082"/><SP WIDTH="22" VPOS="1619" HPOS="1089"/><String WC="0.8299999833" CONTENT="d&apos;" HEIGHT="29" WIDTH="24" VPOS="1619" HPOS="1112"/></TextLine>
<TextLine HEIGHT="44" WIDTH="117" VPOS="1643" HPOS="1079"><String WC="1." CONTENT="^" HEIGHT="14" WIDTH="12" VPOS="1644" HPOS="1079"/><SP WIDTH="39" VPOS="1644" HPOS="1091"/><String WC="0.6420000196" CONTENT="ibid." HEIGHT="38" WIDTH="66" VPOS="1649" HPOS="1130"/></TextLine>
<TextLine HEIGHT="74" WIDTH="70" VPOS="1701" HPOS="1130" STYLEREFS="font6"><String STYLE="bold italics" WC="0.1550000012" CONTENT="PX" HEIGHT="74" WIDTH="70" VPOS="1701" HPOS="1130"/></TextLine>
<TextLine HEIGHT="31" WIDTH="64" VPOS="1787" HPOS="1135" STYLEREFS="font5"><String STYLE="italics smallcaps" WC="0.3199999928" CONTENT="j" HEIGHT="21" WIDTH="13" VPOS="1797" HPOS="1135"/><String STYLE="italics" WC="0.400000006" CONTENT="89" HEIGHT="29" WIDTH="42" VPOS="1787" HPOS="1157"/></TextLine>
</TextBlock>
<TextBlock ID="Page1_Block79" HEIGHT="771" WIDTH="406" VPOS="1082" HPOS="629" language="de" STYLEREFS="font2"><Shape><Polygon POINTS="714,1094 860,1094 860,1136 1038,1136 1038,1862 634,1862 634,1736 816,1736 816,1692 706,1692 706,1596 708,1596 708,1482 710,1482 710,1358 712,1358 712,1314 812,1314 812,1218 712,1218 712,1136 714,1136 714,1094"/></Shape>
<TextLine HEIGHT="42" WIDTH="133" VPOS="1086" HPOS="704" STYLEREFS="font2"><String WC="0.6299999952" CONTENT="ce" HEIGHT="19" WIDTH="29" VPOS="1098" HPOS="704"/><SP WIDTH="9" VPOS="1098" HPOS="734"/><String WC="0.1533333361" CONTENT="que" HEIGHT="31" WIDTH="51" VPOS="1097" HPOS="744"/><SP WIDTH="8" VPOS="1086" HPOS="796"/><String WC="0.3600000143" CONTENT="de" HEIGHT="29" WIDTH="32" VPOS="1086" HPOS="805"/></TextLine>
<TextLine HEIGHT="34" WIDTH="152" VPOS="1128" HPOS="703" STYLEREFS="font2"><String WC="0.4666666687" CONTENT="rcndre" HEIGHT="30" WIDTH="96" VPOS="1129" HPOS="703"/><SP WIDTH="19" VPOS="1138" HPOS="799"/><String WC="0.5799999833" CONTENT="." HEIGHT="12" WIDTH="9" VPOS="1149" HPOS="819"/><SP WIDTH="17" VPOS="1148" HPOS="829"/><String WC="0.5699999928" CONTENT="." HEIGHT="8" WIDTH="8" VPOS="1148" HPOS="847"/></TextLine>
<TextLine HEIGHT="34" WIDTH="115" VPOS="1170" HPOS="705" STYLEREFS="font2"><String WC="0.7133333087" CONTENT="tarne," HEIGHT="22" WIDTH="81" VPOS="1182" HPOS="705"/><SP WIDTH="10" VPOS="1170" HPOS="787"/><String WC="0.6050000191" CONTENT="f." HEIGHT="31" WIDTH="22" VPOS="1170" HPOS="798"/></TextLine>
<TextLine HEIGHT="44" WIDTH="145" VPOS="1205" HPOS="803"><String WC="0.174999997" CONTENT="de" HEIGHT="28" WIDTH="33" VPOS="1211" HPOS="803"/><SP WIDTH="9" VPOS="1219" HPOS="837"/><String WC="0.2514285743" CONTENT="papier." HEIGHT="43" WIDTH="102" VPOS="1205" HPOS="846"/></TextLine>
<TextLine HEIGHT="29" WIDTH="121" VPOS="1255" HPOS="806"><String WC="0.3425000012" CONTENT="arainet," HEIGHT="29" WIDTH="121" VPOS="1255" HPOS="806"/></TextLine>
<TextLine HEIGHT="26" WIDTH="165" VPOS="1306" HPOS="705"><String WC="0.4985714257" CONTENT="rameau," HEIGHT="25" WIDTH="115" VPOS="1307" HPOS="705"/><SP WIDTH="9" VPOS="1308" HPOS="821"/><String WC="0.5" CONTENT="m." HEIGHT="20" WIDTH="39" VPOS="1307" HPOS="831"/></TextLine>
<TextLine HEIGHT="21" WIDTH="96" VPOS="1350" HPOS="704"><String WC="0.3833333254" CONTENT="ramer." HEIGHT="21" WIDTH="96" VPOS="1350" HPOS="704"/></TextLine>
<TextLine HEIGHT="22" WIDTH="172" VPOS="1390" HPOS="704"><String STYLEREFS="font1" WC="0.8185714483" CONTENT="rameau," HEIGHT="21" WIDTH="119" VPOS="1391" HPOS="704"/><SP WIDTH="11" VPOS="1391" HPOS="824"/><String WC="0.4499999881" CONTENT="m." HEIGHT="20" WIDTH="40" VPOS="1390" HPOS="836"/></TextLine>
<TextLine HEIGHT="39" WIDTH="166" VPOS="1417" HPOS="705"><String WC="0.3289999962" CONTENT="rammaflef." HEIGHT="39" WIDTH="166" VPOS="1417" HPOS="705"/></TextLine>
<TextLine HEIGHT="24" WIDTH="159" VPOS="1473" HPOS="704"><String WC="0.3555555642" CONTENT="ramonner." HEIGHT="24" WIDTH="159" VPOS="1473" HPOS="704"/></TextLine>
<TextLine HEIGHT="32" WIDTH="116" VPOS="1518" HPOS="705"><String WC="0.4185714424" CONTENT="ramper." HEIGHT="32" WIDTH="116" VPOS="1518" HPOS="705"/></TextLine>
<TextLine HEIGHT="28" WIDTH="125" VPOS="1561" HPOS="705"><String WC="0.3179999888" CONTENT="rang," HEIGHT="28" WIDTH="78" VPOS="1561" HPOS="705"/><SP WIDTH="7" VPOS="1561" HPOS="783"/><String WC="0.6750000119" CONTENT="m." HEIGHT="19" WIDTH="38" VPOS="1561" HPOS="791"/></TextLine>
<TextLine HEIGHT="45" WIDTH="297" VPOS="1586" HPOS="704" STYLEREFS="font2"><String WC="0.2199999988" CONTENT="en" HEIGHT="19" WIDTH="35" VPOS="1604" HPOS="704"/><SP WIDTH="8" VPOS="1592" HPOS="740"/><String WC="0.3618181944" CONTENT="fecond(&amp;c.)" HEIGHT="44" WIDTH="188" VPOS="1587" HPOS="749"/><SP WIDTH="19" VPOS="1587" HPOS="938"/><String WC="1." CONTENT="-" HEIGHT="6" WIDTH="7" VPOS="1607" HPOS="958"/><SP WIDTH="26" VPOS="1602" HPOS="966"/><String WC="1." CONTENT="-" HEIGHT="8" WIDTH="8" VPOS="1602" HPOS="993"/></TextLine>
<TextLine HEIGHT="55" WIDTH="319" VPOS="1622" HPOS="704" STYLEREFS="font2"><String WC="0.3257142901" CONTENT="tenirle" HEIGHT="30" WIDTH="102" VPOS="1636" HPOS="704"/><SP WIDTH="9" VPOS="1647" HPOS="806"/><String WC="0.4528571367" CONTENT="premier" HEIGHT="44" WIDTH="116" VPOS="1632" HPOS="815"/><SP WIDTH="9" VPOS="1632" HPOS="931"/><String WC="0.2899999917" CONTENT="(&amp;c.)" HEIGHT="42" WIDTH="83" VPOS="1622" HPOS="940"/></TextLine>
<TextLine HEIGHT="21" WIDTH="48" VPOS="1683" HPOS="873" STYLEREFS="font2"><String WC="0.4325000048" CONTENT="trc." HEIGHT="21" WIDTH="48" VPOS="1683" HPOS="873"/></TextLine>
<TextLine HEIGHT="44" WIDTH="177" VPOS="1725" HPOS="633" STYLEREFS="font2"><String WC="0.3899999857" CONTENT="4" HEIGHT="28" WIDTH="20" VPOS="1736" HPOS="634"/><SP WIDTH="5" VPOS="1736" HPOS="655"/><String WC="0.1400000006" CONTENT="r" HEIGHT="17" WIDTH="6" VPOS="1737" HPOS="661"/><SP WIDTH="9" VPOS="1736" HPOS="668"/><String WC="0.150000006" CONTENT="3" HEIGHT="27" WIDTH="11" VPOS="1736" HPOS="678"/><SP WIDTH="7" VPOS="1727" HPOS="689"/><String WC="0.3574999869" CONTENT="jranger." HEIGHT="43" WIDTH="114" VPOS="1725" HPOS="696"/></TextLine>
<TextLine HEIGHT="37" WIDTH="232" VPOS="1758" HPOS="707"><String WC="1." CONTENT="." HEIGHT="6" WIDTH="6" VPOS="1786" HPOS="707"/><SP WIDTH="41" VPOS="1784" HPOS="714"/><String WC="0.5699999928" CONTENT="." HEIGHT="11" WIDTH="11" VPOS="1784" HPOS="756"/><SP WIDTH="41" VPOS="1761" HPOS="768"/><String WC="0.8399999738" CONTENT="1’" HEIGHT="28" WIDTH="17" VPOS="1760" HPOS="810"/><SP WIDTH="9" VPOS="1760" HPOS="828"/><String WC="0.301666677" CONTENT="armes," HEIGHT="28" WIDTH="101" VPOS="1762" HPOS="838"/></TextLine>
<TextLine HEIGHT="44" WIDTH="196" VPOS="1803" HPOS="633" STYLEREFS="font3"><String STYLE="bold" WC="0.1199999973" CONTENT="237" HEIGHT="31" WIDTH="57" VPOS="1816" HPOS="634"/><SP WIDTH="12" VPOS="1816" HPOS="692"/><String STYLE="bold" WC="0.3055555522" CONTENT="rapeller." HEIGHT="43" WIDTH="125" VPOS="1803" HPOS="704"/></TextLine>
</TextBlock><GraphicalElement ID="Page1_Block80" HEIGHT="6" WIDTH="153" VPOS="186" HPOS="696"/><GraphicalElement ID="Page1_Block81" HEIGHT="15" WIDTH="490" VPOS="191" HPOS="192"/><GraphicalElement ID="Page1_Block82" HEIGHT="9" WIDTH="158" VPOS="190" HPOS="853"/><GraphicalElement ID="Page1_Block83" HEIGHT="659" WIDTH="7" VPOS="1039" HPOS="696"/><GraphicalElement ID="Page1_Block84" HEIGHT="581" WIDTH="13" VPOS="227" HPOS="691"/>
</PrintSpace>
</Page>
</Layout>
</alto>