﻿<?xml version="1.0" encoding="UTF-8" standalone="yes"?>
<alto xmlns="http://www.loc.gov/standards/alto/ns-v2#" xmlns:xlink="http://www.w3.org/1999/xlink" xmlns:xsi="http://www.w3.org/2001/XMLSchema-instance" xsi:schemaLocation="http://www.loc.gov/standards/alto/ns-v2# http://www.loc.gov/standards/alto/alto-v2.0.xsd">
<Description>
<MeasurementUnit>pixel</MeasurementUnit>
<OCRProcessing ID="IdOcr"><ocrProcessingStep><processingDateTime>2017-03-20</processingDateTime><processingSoftware><softwareCreator>ABBYY</softwareCreator><softwareName>ABBYY FineReader Engine</softwareName><softwareVersion>11</softwareVersion></processingSoftware></ocrProcessingStep></OCRProcessing>
</Description>
<Styles><TextStyle ID="font0" FONTFAMILY="Times New Roman" FONTSIZE="9"/><TextStyle ID="font1" FONTFAMILY="Times New Roman" FONTSIZE="10"/><TextStyle ID="font2" FONTFAMILY="Times New Roman" FONTSIZE="14"/>
</Styles>
<Layout>
<Page ID="Page1" PHYSICAL_IMG_NR="1" HEIGHT="2043" WIDTH="1253">
<TopMargin HEIGHT="185" WIDTH="1253" VPOS="0" HPOS="0"><GraphicalElement ID="Page1_Block1" HEIGHT="16" WIDTH="975" VPOS="169" HPOS="17"/>
</TopMargin>
<RightMargin HEIGHT="1685" WIDTH="204" VPOS="185" HPOS="1049">
</RightMargin>
<BottomMargin HEIGHT="173" WIDTH="1253" VPOS="1870" HPOS="0">
</BottomMargin>
<PrintSpace HEIGHT="1685" WIDTH="1049" VPOS="185" HPOS="0">
<TextBlock ID="Page1_Block2" HEIGHT="151" WIDTH="1024" VPOS="185" HPOS="0" language="de" STYLEREFS="font0"><Shape><Polygon POINTS="16,194 1038,194 1038,336 16,336 16,194"/></Shape>
<TextLine HEIGHT="52" WIDTH="944" VPOS="189" HPOS="16"><String WC="0.4799999893" CONTENT="!i" HEIGHT="28" WIDTH="19" VPOS="197" HPOS="16"/><SP WIDTH="7" VPOS="198" HPOS="35"/><String WC="0.3137499988" CONTENT="mettiamo" HEIGHT="27" WIDTH="142" VPOS="203" HPOS="42"/><SP WIDTH="9" VPOS="202" HPOS="184"/><String WC="0.3359999955" CONTENT="fopra" HEIGHT="37" WIDTH="76" VPOS="202" HPOS="193"/><SP WIDTH="12" VPOS="210" HPOS="270"/><String WC="0.3466666639" CONTENT="una" HEIGHT="18" WIDTH="53" VPOS="209" HPOS="283"/><SP WIDTH="11" VPOS="199" HPOS="336"/><String WC="0.6374999881" CONTENT="bara" HEIGHT="29" WIDTH="62" VPOS="198" HPOS="347"/><SP WIDTH="12" VPOS="208" HPOS="410"/><String WC="0.2199999988" CONTENT="z" HEIGHT="26" WIDTH="12" VPOS="208" HPOS="423"/><SP WIDTH="79" VPOS="207" HPOS="436"/><String WC="0.349999994" CONTENT="nous" HEIGHT="19" WIDTH="69" VPOS="207" HPOS="516"/><SP WIDTH="10" VPOS="197" HPOS="585"/><String WC="0.6533333063" CONTENT="les" HEIGHT="29" WIDTH="39" VPOS="196" HPOS="595"/><SP WIDTH="11" VPOS="205" HPOS="635"/><String WC="0.4742857218" CONTENT="mettpns" HEIGHT="26" WIDTH="117" VPOS="202" HPOS="647"/><SP WIDTH="10" VPOS="193" HPOS="764"/><String WC="0.3533333242" CONTENT="Cur" HEIGHT="27" WIDTH="41" VPOS="193" HPOS="774"/><SP WIDTH="8" VPOS="194" HPOS="815"/><String WC="1." CONTENT="la" HEIGHT="27" WIDTH="25" VPOS="194" HPOS="823"/><SP WIDTH="13" VPOS="192" HPOS="848"/><String WC="0.4199999869" CONTENT="bicre" HEIGHT="29" WIDTH="71" VPOS="192" HPOS="861"/><SP WIDTH="12" VPOS="203" HPOS="933"/><String WC="0.1800000072" CONTENT="3" HEIGHT="27" WIDTH="14" VPOS="203" HPOS="946"/></TextLine>
<TextLine HEIGHT="56" WIDTH="822" VPOS="226" HPOS="17"><String WC="0.3199999928" CONTENT="*" HEIGHT="18" WIDTH="14" VPOS="248" HPOS="17"/><SP WIDTH="9" VPOS="247" HPOS="32"/><String WC="0.5766666532" CONTENT="gli" HEIGHT="36" WIDTH="34" VPOS="243" HPOS="42"/><SP WIDTH="14" VPOS="243" HPOS="77"/><String WC="0.4850000143" CONTENT="facci?mo" HEIGHT="35" WIDTH="132" VPOS="242" HPOS="92"/><SP WIDTH="8" VPOS="252" HPOS="225"/><String WC="0.3414285779" CONTENT="portare" HEIGHT="32" WIDTH="107" VPOS="248" HPOS="234"/><SP WIDTH="164" VPOS="228" HPOS="342"/><String WC="0.5559999943" CONTENT="|&amp;les" HEIGHT="44" WIDTH="80" VPOS="228" HPOS="507"/><SP WIDTH="8" VPOS="238" HPOS="588"/><String WC="0.3587499857" CONTENT="faifotisempörte»" HEIGHT="40" WIDTH="242" VPOS="235" HPOS="597"/></TextLine>
<TextLine HEIGHT="52" WIDTH="986" VPOS="273" HPOS="20"><String WC="0.2933333218" CONTENT="con" HEIGHT="24" WIDTH="52" VPOS="289" HPOS="20"/><SP WIDTH="11" VPOS="294" HPOS="73"/><String WC="0.3019999862" CONTENT="ppmpa" HEIGHT="30" WIDTH="102" VPOS="294" HPOS="84"/><SP WIDTH="11" VPOS="293" HPOS="186"/><String WC="0.6299999952" CONTENT="runebre" HEIGHT="29" WIDTH="111" VPOS="281" HPOS="198"/><SP WIDTH="13" VPOS="283" HPOS="310"/><String WC="0.5099999905" CONTENT="in" HEIGHT="26" WIDTH="29" VPOS="283" HPOS="324"/><SP WIDTH="15" VPOS="281" HPOS="354"/><String WC="0.276666671" CONTENT="habito" HEIGHT="31" WIDTH="91" VPOS="280" HPOS="370"/><SP WIDTH="16" VPOS="278" HPOS="462"/><String WC="0.2849999964" CONTENT="di" HEIGHT="30" WIDTH="27" VPOS="277" HPOS="479"/><SP WIDTH="9" VPOS="279" HPOS="507"/><String WC="0.4225000143" CONTENT="avec" HEIGHT="19" WIDTH="65" VPOS="290" HPOS="517"/><SP WIDTH="10" VPOS="291" HPOS="583"/><String WC="0.5933333039" CONTENT="pompe," HEIGHT="32" WIDTH="111" VPOS="288" HPOS="593"/><SP WIDTH="9" VPOS="289" HPOS="705"/><String STYLE="italics" WC="0.4214285612" CONTENT="con-voi" HEIGHT="28" WIDTH="91" VPOS="279" HPOS="715"/><SP WIDTH="7" VPOS="276" HPOS="807"/><String WC="0.2628571391" CONTENT="funebre" HEIGHT="30" WIDTH="113" VPOS="274" HPOS="815"/><SP WIDTH="9" VPOS="284" HPOS="929"/><String WC="1." CONTENT="&gt;" HEIGHT="11" WIDTH="7" VPOS="293" HPOS="939"/><SP WIDTH="6" VPOS="275" HPOS="947"/><String WC="0.2949999869" CONTENT="(er?" HEIGHT="32" WIDTH="52" VPOS="274" HPOS="954"/></TextLine>
</TextBlock>
<TextBlock ID="Page1_Block3" HEIGHT="553" WIDTH="515" VPOS="319" HPOS="6" language="de" STYLEREFS="font0"><Shape><Polygon POINTS="126,324 526,324 526,484 528,484 528,580 470,580 470,740 532,740 532,786 306,786 306,872 20,872 20,366 126,366 126,324"/></Shape>
<TextLine HEIGHT="41" WIDTH="380" VPOS="322" HPOS="127" STYLEREFS="font0"><String WC="0.4785714149" CONTENT="(diiolo" HEIGHT="35" WIDTH="97" VPOS="325" HPOS="127"/><SP WIDTH="1" VPOS="326" HPOS="225"/><String STYLE="italics" WC="0.4366666675" CONTENT="fcorratto" HEIGHT="37" WIDTH="121" VPOS="325" HPOS="227"/><String WC="0.5500000119" CONTENT="," HEIGHT="16" WIDTH="8" VPOS="341" HPOS="359"/><SP WIDTH="8" VPOS="335" HPOS="368"/><String STYLE="italics" WC="0.2755555511" CONTENT="cirmecio," HEIGHT="22" WIDTH="130" VPOS="331" HPOS="377"/></TextLine>
<TextLine HEIGHT="40" WIDTH="161" VPOS="367" HPOS="120" STYLEREFS="font0"><String STYLE="italics" STYLEREFS="font1" WC="0.4110000134" CONTENT="(gramaglid" HEIGHT="40" WIDTH="161" VPOS="367" HPOS="120"/></TextLine>
<TextLine HEIGHT="43" WIDTH="416" VPOS="401" HPOS="22"><String WC="0.4471428692" CONTENT="rerfo’l" HEIGHT="31" WIDTH="98" VPOS="404" HPOS="22"/><SP WIDTH="10" VPOS="407" HPOS="121"/><String WC="0.4011111259" CONTENT="cimiteno," HEIGHT="37" WIDTH="144" VPOS="406" HPOS="132"/><SP WIDTH="11" VPOS="419" HPOS="276"/><String STYLE="italics" WC="0.425999999" CONTENT="cimhit&apos;roA" HEIGHT="33" WIDTH="150" VPOS="403" HPOS="287"/></TextLine>
<TextLine HEIGHT="31" WIDTH="102" VPOS="445" HPOS="23"><String WC="0.3799999952" CONTENT="la" HEIGHT="30" WIDTH="23" VPOS="445" HPOS="23"/><SP WIDTH="9" VPOS="446" HPOS="47"/><String WC="0.5274999738" CONTENT="dove" HEIGHT="29" WIDTH="68" VPOS="446" HPOS="57"/></TextLine>
<TextLine HEIGHT="51" WIDTH="488" VPOS="482" HPOS="23"><String WC="0.2800000012" CONTENT="tono" HEIGHT="31" WIDTH="67" VPOS="487" HPOS="23"/><SP WIDTH="184" VPOS="497" HPOS="91"/><String STYLE="italics" WC="0.667142868" CONTENT="rifofti" HEIGHT="40" WIDTH="86" VPOS="490" HPOS="276"/><SP WIDTH="8" VPOS="490" HPOS="363"/><String WC="0.5033333302" CONTENT="nel" HEIGHT="31" WIDTH="43" VPOS="485" HPOS="372"/><SP WIDTH="8" VPOS="484" HPOS="416"/><String WC="0.3783333302" CONTENT="fepol-" HEIGHT="41" WIDTH="86" VPOS="482" HPOS="425"/></TextLine>
<TextLine HEIGHT="46" WIDTH="268" VPOS="526" HPOS="243"><String WC="0.2800000012" CONTENT="(crp&gt;" HEIGHT="39" WIDTH="75" VPOS="533" HPOS="243"/><SP WIDTH="8" VPOS="542" HPOS="318"/><String STYLE="italics" WC="0.5600000024" CONTENT="mffa" HEIGHT="28" WIDTH="62" VPOS="530" HPOS="326"/><SP WIDTH="10" VPOS="535" HPOS="388"/><String STYLE="italics" WC="0.2419999987" CONTENT="tomba" HEIGHT="29" WIDTH="85" VPOS="527" HPOS="398"/><SP WIDTH="13" VPOS="527" HPOS="483"/><String WC="0.2599999905" CONTENT="6" HEIGHT="30" WIDTH="15" VPOS="526" HPOS="496"/></TextLine>
<TextLine HEIGHT="49" WIDTH="259" VPOS="568" HPOS="26"><String WC="0.2399999946" CONTENT="e" HEIGHT="18" WIDTH="13" VPOS="580" HPOS="26"/><SP WIDTH="8" VPOS="570" HPOS="40"/><String WC="0.4690909088" CONTENT="fotterrati," HEIGHT="41" WIDTH="140" VPOS="569" HPOS="49"/><SP WIDTH="2" VPOS="575" HPOS="190"/><String STYLE="italics" WC="0.521666646" CONTENT="fpolti" HEIGHT="41" WIDTH="92" VPOS="574" HPOS="193"/></TextLine>
<TextLine HEIGHT="52" WIDTH="426" VPOS="609" HPOS="27"><String STYLEREFS="font1" WC="0.4411111176" CONTENT="da&apos;becca-" HEIGHT="38" WIDTH="141" VPOS="611" HPOS="27"/><SP WIDTH="11" VPOS="635" HPOS="169"/><String STYLE="italics" STYLEREFS="font1" WC="0.3000000119" CONTENT="ip^X&amp;ea-" HEIGHT="38" WIDTH="138" VPOS="621" HPOS="181"/><SP WIDTH="7" VPOS="622" HPOS="320"/><String STYLEREFS="font1" WC="0.4283333421" CONTENT="mortij" HEIGHT="36" WIDTH="97" VPOS="611" HPOS="328"/><SP WIDTH="12" VPOS="621" HPOS="426"/><String STYLEREFS="font1" WC="0.6200000048" CONTENT="j" HEIGHT="28" WIDTH="14" VPOS="621" HPOS="439"/></TextLine>
<TextLine HEIGHT="40" WIDTH="295" VPOS="651" HPOS="28"><String WC="0.4149999917" CONTENT="bt" HEIGHT="32" WIDTH="23" VPOS="653" HPOS="28"/><SP WIDTH="13" VPOS="665" HPOS="51"/><String WC="0.2619999945" CONTENT="tomba" HEIGHT="29" WIDTH="94" VPOS="659" HPOS="64"/><SP WIDTH="7" VPOS="669" HPOS="158"/><String WC="0.3779999912" CONTENT="vienchiufa" HEIGHT="32" WIDTH="158" VPOS="657" HPOS="165"/></TextLine>
<TextLine HEIGHT="47" WIDTH="399" VPOS="692" HPOS="29"><String WC="0.6150000095" CONTENT="d’" HEIGHT="29" WIDTH="25" VPOS="695" HPOS="29"/><SP WIDTH="7" VPOS="697" HPOS="55"/><String WC="0.3100000024" CONTENT="uty" HEIGHT="28" WIDTH="46" VPOS="707" HPOS="63"/><SP WIDTH="6" VPOS="707" HPOS="110"/><String WC="0.4900000095" CONTENT="ayello" HEIGHT="34" WIDTH="88" VPOS="700" HPOS="117"/><SP WIDTH="7" VPOS="708" HPOS="206"/><String WC="0.573333323" CONTENT=",4’" HEIGHT="34" WIDTH="37" VPOS="702" HPOS="214"/><SP WIDTH="6" VPOS="703" HPOS="252"/><String STYLE="italics" WC="0.2933333218" CONTENT="una" HEIGHT="19" WIDTH="50" VPOS="711" HPOS="259"/><SP WIDTH="7" VPOS="697" HPOS="310"/><String STYLE="italics" WC="0.4539999962" CONTENT="Upide" HEIGHT="42" WIDTH="84" VPOS="694" HPOS="318"/><SP WIDTH="7" VPOS="704" HPOS="403"/><String STYLE="italics" WC="0." CONTENT="j" HEIGHT="28" WIDTH="17" VPOS="704" HPOS="411"/></TextLine>
<TextLine HEIGHT="40" WIDTH="487" VPOS="739" HPOS="29"><String WC="0.2700000107" CONTENT="*" HEIGHT="19" WIDTH="13" VPOS="748" HPOS="29"/><SP WIDTH="8" VPOS="748" HPOS="43"/><String WC="0.6549999714" CONTENT="s&apos;" HEIGHT="20" WIDTH="18" VPOS="749" HPOS="52"/><SP WIDTH="12" VPOS="749" HPOS="71"/><String WC="0.3400000036" CONTENT="adorna," HEIGHT="36" WIDTH="110" VPOS="742" HPOS="84"/><SP WIDTH="16" VPOS="755" HPOS="195"/><String WC="0.3549999893" CONTENT="vi" HEIGHT="27" WIDTH="24" VPOS="745" HPOS="212"/><SP WIDTH="8" VPOS="743" HPOS="237"/><String WC="0.6700000167" CONTENT="fi" HEIGHT="28" WIDTH="16" VPOS="743" HPOS="246"/><SP WIDTH="8" VPOS="743" HPOS="263"/><String WC="0.4288888872" CONTENT="drizzano," HEIGHT="32" WIDTH="142" VPOS="741" HPOS="272"/><SP WIDTH="14" VPOS="746" HPOS="415"/><String STYLE="italics" WC="0.276666671" CONTENT="trgano" HEIGHT="30" WIDTH="86" VPOS="744" HPOS="430"/></TextLine>
<TextLine HEIGHT="43" WIDTH="261" VPOS="779" HPOS="30"><String WC="0.4966666698" CONTENT="de’" HEIGHT="29" WIDTH="40" VPOS="781" HPOS="30"/><SP WIDTH="8" VPOS="783" HPOS="70"/><String WC="0.4210000038" CONTENT="monumenti," HEIGHT="32" WIDTH="186" VPOS="788" HPOS="78"/><SP WIDTH="10" VPOS="789" HPOS="265"/><String WC="0.2300000042" CONTENT="8" HEIGHT="30" WIDTH="15" VPOS="789" HPOS="276"/></TextLine>
<TextLine HEIGHT="45" WIDTH="173" VPOS="823" HPOS="33"><String WC="0.5600000024" CONTENT="&amp;" HEIGHT="30" WIDTH="26" VPOS="824" HPOS="33"/><SP WIDTH="8" VPOS="824" HPOS="60"/><String WC="0.3899999857" CONTENT="epitäffi," HEIGHT="40" WIDTH="109" VPOS="827" HPOS="69"/><SP WIDTH="10" VPOS="839" HPOS="179"/><String WC="0.5899999738" CONTENT="9" HEIGHT="27" WIDTH="16" VPOS="839" HPOS="190"/></TextLine>
</TextBlock>
<TextBlock ID="Page1_Block4" HEIGHT="140" WIDTH="509" VPOS="920" HPOS="17" language="de" STYLEREFS="font0"><Shape><Polygon POINTS="26,924 488,924 488,1014 534,1014 534,1060 26,1060 26,924"/></Shape>
<TextLine HEIGHT="38" WIDTH="192" VPOS="929" HPOS="74" STYLEREFS="font0"><String WC="0.3133333325" CONTENT="Quando" HEIGHT="38" WIDTH="120" VPOS="929" HPOS="74"/><SP WIDTH="16" VPOS="931" HPOS="195"/><String WC="0.5049999952" CONTENT="fifd" HEIGHT="33" WIDTH="54" VPOS="931" HPOS="212"/></TextLine>
<TextLine HEIGHT="54" WIDTH="441" VPOS="963" HPOS="33"><String WC="0.2199999988" CONTENT="d" HEIGHT="29" WIDTH="18" VPOS="966" HPOS="33"/><SP WIDTH="9" VPOS="966" HPOS="52"/><String STYLE="italics" WC="0.6044444442" CONTENT="mottorio," HEIGHT="34" WIDTH="140" VPOS="975" HPOS="62"/><SP WIDTH="1" VPOS="978" HPOS="203"/><String STYLE="italics" WC="0.3366666734" CONTENT="funtrah,h" HEIGHT="35" WIDTH="156" VPOS="976" HPOS="205"/><SP WIDTH="7" VPOS="976" HPOS="362"/><String STYLE="italics" WC="0.4777777791" CONTENT="effequle." HEIGHT="40" WIDTH="104" VPOS="974" HPOS="370"/></TextLine>
<TextLine HEIGHT="53" WIDTH="488" VPOS="1002" HPOS="34"><String WC="0.5799999833" CONTENT="fi" HEIGHT="31" WIDTH="19" VPOS="1006" HPOS="34"/><SP WIDTH="12" VPOS="1006" HPOS="53"/><String WC="0.2257142812" CONTENT="cäntanp" HEIGHT="37" WIDTH="120" VPOS="1011" HPOS="65"/><SP WIDTH="12" VPOS="1024" HPOS="186"/><String WC="0.3842857182" CONTENT="canrici" HEIGHT="28" WIDTH="100" VPOS="1016" HPOS="198"/><SP WIDTH="15" VPOS="1015" HPOS="298"/><String WC="0.4544444382" CONTENT="funeralij" HEIGHT="37" WIDTH="124" VPOS="1014" HPOS="313"/><SP WIDTH="8" VPOS="1016" HPOS="437"/><String STYLE="italics" WC="0.3700000048" CONTENT="funi-" HEIGHT="36" WIDTH="77" VPOS="1015" HPOS="445"/></TextLine>
</TextBlock>
<TextBlock ID="Page1_Block5" HEIGHT="97" WIDTH="441" VPOS="1079" HPOS="20" language="de" STYLEREFS="font0"><Shape><Polygon POINTS="28,1082 388,1082 388,1126 468,1126 468,1176 28,1176 28,1082"/></Shape>
<TextLine HEIGHT="33" WIDTH="175" VPOS="1088" HPOS="35"><String WC="0.150000006" CONTENT="c" HEIGHT="20" WIDTH="14" VPOS="1101" HPOS="35"/><SP WIDTH="9" VPOS="1091" HPOS="50"/><String WC="0.2049999982" CONTENT="(i" HEIGHT="30" WIDTH="19" VPOS="1090" HPOS="60"/><SP WIDTH="6" VPOS="1089" HPOS="80"/><String WC="0.395714283" CONTENT="fuonano" HEIGHT="30" WIDTH="123" VPOS="1088" HPOS="87"/></TextLine>
<TextLine HEIGHT="41" WIDTH="421" VPOS="1126" HPOS="36"><String WC="0.625" CONTENT="le" HEIGHT="31" WIDTH="26" VPOS="1136" HPOS="36"/><SP WIDTH="9" VPOS="1143" HPOS="63"/><String WC="0.5171428323" CONTENT="campane" HEIGHT="24" WIDTH="130" VPOS="1139" HPOS="72"/><SP WIDTH="12" VPOS="1139" HPOS="202"/><String WC="0.150000006" CONTENT="1" HEIGHT="21" WIDTH="12" VPOS="1140" HPOS="214"/><SP WIDTH="6" VPOS="1140" HPOS="226"/><String STYLE="italics" WC="0.2800000012" CONTENT="o" HEIGHT="18" WIDTH="17" VPOS="1140" HPOS="232"/><SP WIDTH="10" VPOS="1132" HPOS="249"/><String STYLE="italics" WC="0.4650000036" CONTENT="i," HEIGHT="34" WIDTH="31" VPOS="1131" HPOS="259"/><SP WIDTH="6" VPOS="1140" HPOS="291"/><String STYLE="italics" WC="0.4250000119" CONTENT="aff«" HEIGHT="32" WIDTH="51" VPOS="1130" HPOS="297"/><SP WIDTH="9" VPOS="1127" HPOS="348"/><String WC="0.4322222173" CONTENT="diftefi»." HEIGHT="36" WIDTH="100" VPOS="1126" HPOS="357"/></TextLine>
</TextBlock>
<TextBlock ID="Page1_Block6" HEIGHT="45" WIDTH="74" VPOS="1051" HPOS="454" language="de" STYLEREFS="font0"><Shape><Polygon POINTS="462,1056 536,1056 536,1100 462,1100 462,1056"/></Shape>
<TextLine HEIGHT="34" WIDTH="66" VPOS="1054" HPOS="457"><String STYLE="italics" WC="0.5019999743" CONTENT="(bri," HEIGHT="34" WIDTH="66" VPOS="1054" HPOS="457"/></TextLine>
</TextBlock>
<TextBlock ID="Page1_Block7" HEIGHT="858" WIDTH="523" VPOS="309" HPOS="518" language="de" STYLEREFS="font0"><Shape><Polygon POINTS="782,318 1048,318 1048,1172 538,1172 538,1092 540,1092 540,970 576,970 576,870 538,870 538,818 536,818 536,618 534,618 534,532 532,532 532,400 782,400 782,318"/></Shape>
<TextLine HEIGHT="44" WIDTH="225" VPOS="313" HPOS="783" STYLEREFS="font1"><String WC="0.4416666627" CONTENT="£h^bit" HEIGHT="43" WIDTH="90" VPOS="314" HPOS="783"/><SP WIDTH="8" VPOS="316" HPOS="873"/><String WC="0.2599999905" CONTENT="de" HEIGHT="32" WIDTH="33" VPOS="316" HPOS="881"/><SP WIDTH="9" VPOS="315" HPOS="914"/><String WC="0.3516666591" CONTENT="dueil)" HEIGHT="36" WIDTH="85" VPOS="314" HPOS="923"/></TextLine>
<TextLine HEIGHT="39" WIDTH="269" VPOS="400" HPOS="521"><String WC="0.3249999881" CONTENT="vers" HEIGHT="20" WIDTH="55" VPOS="413" HPOS="521"/><SP WIDTH="5" VPOS="402" HPOS="577"/><String WC="0.3350000083" CONTENT="le" HEIGHT="30" WIDTH="24" VPOS="402" HPOS="583"/><SP WIDTH="8" VPOS="413" HPOS="608"/><String WC="0.4569999874" CONTENT="cimetiere," HEIGHT="37" WIDTH="142" VPOS="400" HPOS="617"/><SP WIDTH="7" VPOS="409" HPOS="760"/><String WC="0.3100000024" CONTENT="4" HEIGHT="28" WIDTH="23" VPOS="409" HPOS="767"/></TextLine>
<TextLine HEIGHT="32" WIDTH="38" VPOS="446" HPOS="523"><String WC="0.5799999833" CONTENT="Pd" HEIGHT="32" WIDTH="38" VPOS="446" HPOS="523"/></TextLine>
<TextLine HEIGHT="39" WIDTH="375" VPOS="482" HPOS="523" STYLEREFS="font1"><String WC="0.573333323" CONTENT="ils" HEIGHT="31" WIDTH="32" VPOS="487" HPOS="523"/><SP WIDTH="8" VPOS="485" HPOS="556"/><String WC="0.3149999976" CONTENT="font" HEIGHT="33" WIDTH="60" VPOS="484" HPOS="565"/><SP WIDTH="6" VPOS="493" HPOS="626"/><String WC="0.3433333337" CONTENT="enfeveüs," HEIGHT="37" WIDTH="136" VPOS="483" HPOS="633"/><SP WIDTH="10" VPOS="493" HPOS="770"/><String STYLE="italics" WC="0.3700000048" CONTENT="t" HEIGHT="18" WIDTH="10" VPOS="493" HPOS="781"/><SP WIDTH="1" VPOS="493" HPOS="792"/><String STYLE="italics" WC="0.1650000066" CONTENT="nt" HEIGHT="23" WIDTH="29" VPOS="488" HPOS="794"/><SP WIDTH="1" VPOS="488" HPOS="824"/><String STYLE="italics" WC="0.275000006" CONTENT="tritt," HEIGHT="21" WIDTH="72" VPOS="489" HPOS="826"/></TextLine>
<TextLine HEIGHT="47" WIDTH="386" VPOS="562" HPOS="527"><String WC="0.5" CONTENT="pjr" HEIGHT="30" WIDTH="46" VPOS="579" HPOS="527"/><SP WIDTH="6" VPOS="569" HPOS="574"/><String WC="0.5333333611" CONTENT="les" HEIGHT="28" WIDTH="37" VPOS="569" HPOS="581"/><SP WIDTH="7" VPOS="578" HPOS="619"/><String WC="0.521818161" CONTENT="enterreurs," HEIGHT="29" WIDTH="156" VPOS="574" HPOS="627"/><SP WIDTH="8" VPOS="576" HPOS="784"/><String STYLE="italics" WC="0.2162500024" CONTENT="corkcamt" HEIGHT="33" WIDTH="120" VPOS="562" HPOS="793"/></TextLine>
<TextLine HEIGHT="37" WIDTH="365" VPOS="606" HPOS="527"><String WC="0.6399999857" CONTENT="le" HEIGHT="27" WIDTH="22" VPOS="613" HPOS="527"/><SP WIDTH="7" VPOS="619" HPOS="550"/><String WC="0.462500006" CONTENT="tombeau," HEIGHT="35" WIDTH="140" VPOS="608" HPOS="558"/><SP WIDTH="11" VPOS="613" HPOS="699"/><String WC="0.3700000048" CONTENT="6" HEIGHT="26" WIDTH="14" VPOS="613" HPOS="711"/><SP WIDTH="10" VPOS="613" HPOS="726"/><String WC="0.7833333611" CONTENT="eft" HEIGHT="30" WIDTH="37" VPOS="609" HPOS="737"/><SP WIDTH="6" VPOS="609" HPOS="775"/><String WC="0.7185714245" CONTENT="cpuver«" HEIGHT="29" WIDTH="110" VPOS="610" HPOS="782"/></TextLine>
<TextLine HEIGHT="40" WIDTH="202" VPOS="650" HPOS="528"><String WC="1." CONTENT="d’" HEIGHT="27" WIDTH="24" VPOS="653" HPOS="528"/><SP WIDTH="8" VPOS="653" HPOS="552"/><String WC="0.4933333397" CONTENT="une" HEIGHT="18" WIDTH="53" VPOS="661" HPOS="560"/><SP WIDTH="8" VPOS="661" HPOS="613"/><String WC="0.3816666603" CONTENT="pierre" HEIGHT="38" WIDTH="83" VPOS="650" HPOS="621"/><SP WIDTH="7" VPOS="660" HPOS="704"/><String WC="0.5799999833" CONTENT="7" HEIGHT="28" WIDTH="19" VPOS="661" HPOS="711"/></TextLine>
<TextLine HEIGHT="49" WIDTH="485" VPOS="683" HPOS="528" STYLEREFS="font1"><String WC="0.2633333206" CONTENT="für" HEIGHT="29" WIDTH="39" VPOS="694" HPOS="528"/><SP WIDTH="13" VPOS="695" HPOS="568"/><String WC="0.4650000036" CONTENT="la" HEIGHT="26" WIDTH="24" VPOS="695" HPOS="582"/><SP WIDTH="14" VPOS="702" HPOS="607"/><String WC="0.7633333206" CONTENT="quelle" HEIGHT="41" WIDTH="86" VPOS="691" HPOS="622"/><SP WIDTH="43" VPOS="702" HPOS="709"/><String STYLE="smallcaps" WC="0.7350000143" CONTENT="oh" HEIGHT="20" WIDTH="37" VPOS="702" HPOS="753"/><SP WIDTH="16" VPOS="689" HPOS="791"/><String WC="0.2280000001" CONTENT="dr«ff" HEIGHT="38" WIDTH="70" VPOS="684" HPOS="808"/><String STYLE="superscript" WC="0.2399999946" CONTENT="e" HEIGHT="17" WIDTH="12" VPOS="694" HPOS="876"/><SP WIDTH="6" VPOS="694" HPOS="889"/><String WC="0.2800000012" CONTENT="&gt;" HEIGHT="15" WIDTH="9" VPOS="702" HPOS="896"/><SP WIDTH="75" VPOS="695" HPOS="906"/><String WC="1." CONTENT="»»" HEIGHT="17" WIDTH="31" VPOS="695" HPOS="982"/></TextLine>
<TextLine HEIGHT="40" WIDTH="126" VPOS="724" HPOS="888" STYLEREFS="font0"><String STYLE="italics" WC="0.2849999964" CONTENT="(tmbtüit" HEIGHT="40" WIDTH="126" VPOS="724" HPOS="888"/></TextLine>
<TextLine HEIGHT="38" WIDTH="242" VPOS="776" HPOS="530" STYLEREFS="font1"><String WC="0.4900000095" CONTENT="de" HEIGHT="28" WIDTH="32" VPOS="778" HPOS="530"/><SP WIDTH="9" VPOS="786" HPOS="562"/><String WC="0.3266666532" CONTENT="monumens," HEIGHT="30" WIDTH="178" VPOS="782" HPOS="571"/><SP WIDTH="9" VPOS="784" HPOS="749"/><String WC="0.2399999946" CONTENT="5" HEIGHT="28" WIDTH="14" VPOS="784" HPOS="758"/></TextLine>
<TextLine HEIGHT="44" WIDTH="266" VPOS="815" HPOS="532" STYLEREFS="font1"><String WC="0.75" CONTENT="&amp;" HEIGHT="27" WIDTH="26" VPOS="822" HPOS="532"/><SP WIDTH="9" VPOS="820" HPOS="559"/><String WC="0.75" CONTENT="der" HEIGHT="29" WIDTH="44" VPOS="820" HPOS="569"/><SP WIDTH="10" VPOS="827" HPOS="614"/><String WC="0.2741666734" CONTENT="epicaphes,«)" HEIGHT="44" WIDTH="173" VPOS="815" HPOS="625"/></TextLine>
<TextLine HEIGHT="46" WIDTH="450" VPOS="919" HPOS="570" STYLEREFS="font1"><String WC="0.2074999958" CONTENT="Lars" HEIGHT="27" WIDTH="67" VPOS="930" HPOS="570"/><SP WIDTH="8" VPOS="935" HPOS="638"/><String WC="0.7200000286" CONTENT="qu’" HEIGHT="39" WIDTH="47" VPOS="925" HPOS="647"/><SP WIDTH="14" VPOS="925" HPOS="695"/><String WC="0.2949999869" CONTENT="on" HEIGHT="21" WIDTH="38" VPOS="933" HPOS="710"/><SP WIDTH="15" VPOS="923" HPOS="749"/><String WC="0.6125000119" CONTENT="kalt" HEIGHT="30" WIDTH="46" VPOS="923" HPOS="765"/><SP WIDTH="7" VPOS="923" HPOS="812"/><String WC="0.2833333313" CONTENT="le?" HEIGHT="32" WIDTH="38" VPOS="923" HPOS="820"/><SP WIDTH="6" VPOS="920" HPOS="859"/><String WC="0.2990909219" CONTENT="funeraille«" HEIGHT="35" WIDTH="154" VPOS="919" HPOS="866"/></TextLine>
<TextLine HEIGHT="44" WIDTH="265" VPOS="967" HPOS="535" STYLEREFS="font1"><String STYLE="italics" STYLEREFS="font0" WC="0.2300000042" CONTENT="que" HEIGHT="28" WIDTH="46" VPOS="983" HPOS="535"/><SP WIDTH="9" VPOS="972" HPOS="582"/><String STYLE="italics" STYLEREFS="font0" WC="0.625" CONTENT="le" HEIGHT="28" WIDTH="22" VPOS="972" HPOS="592"/><SP WIDTH="7" VPOS="980" HPOS="615"/><String STYLE="italics" STYLEREFS="font0" WC="0.4228571355" CONTENT="(onvoy." HEIGHT="28" WIDTH="95" VPOS="979" HPOS="623"/><SP WIDTH="3" VPOS="977" HPOS="719"/><String STYLE="italics" STYLEREFS="font0" WC="0.4650000036" CONTENT="paffe," HEIGHT="41" WIDTH="77" VPOS="967" HPOS="723"/></TextLine>
<TextLine HEIGHT="46" WIDTH="487" VPOS="1002" HPOS="534" STYLEREFS="font1"><String WC="0.5950000286" CONTENT="l’an" HEIGHT="29" WIDTH="67" VPOS="1013" HPOS="534"/><SP WIDTH="16" VPOS="1021" HPOS="601"/><String WC="0.4966666698" CONTENT="chante" HEIGHT="31" WIDTH="98" VPOS="1011" HPOS="617"/><SP WIDTH="16" VPOS="1009" HPOS="715"/><String WC="0.7400000095" CONTENT="de?" HEIGHT="33" WIDTH="47" VPOS="1008" HPOS="731"/><SP WIDTH="16" VPOS="1018" HPOS="778"/><String WC="0.2522222102" CONTENT="cantique?" HEIGHT="40" WIDTH="136" VPOS="1006" HPOS="794"/><SP WIDTH="8" VPOS="1003" HPOS="930"/><String WC="0.2560000122" CONTENT="fune-" HEIGHT="32" WIDTH="83" VPOS="1002" HPOS="938"/></TextLine>
<TextLine HEIGHT="40" WIDTH="87" VPOS="1046" HPOS="937" STYLEREFS="font1"><String STYLEREFS="font0" WC="0.226666674" CONTENT="(bresj" HEIGHT="40" WIDTH="87" VPOS="1046" HPOS="937"/></TextLine>
<TextLine HEIGHT="45" WIDTH="172" VPOS="1084" HPOS="531"><String WC="0.7850000262" CONTENT="j&amp;" HEIGHT="44" WIDTH="33" VPOS="1085" HPOS="531"/><SP WIDTH="8" VPOS="1092" HPOS="565"/><String WC="0.3000000119" CONTENT="on" HEIGHT="16" WIDTH="36" VPOS="1099" HPOS="574"/><SP WIDTH="7" VPOS="1090" HPOS="611"/><String WC="0.4399999976" CONTENT="Tonne" HEIGHT="27" WIDTH="84" VPOS="1089" HPOS="619"/></TextLine>
<TextLine HEIGHT="41" WIDTH="352" VPOS="1121" HPOS="534" STYLEREFS="font0"><String WC="0.4866666794" CONTENT="Je?" HEIGHT="31" WIDTH="39" VPOS="1127" HPOS="534"/><SP WIDTH="9" VPOS="1135" HPOS="573"/><String WC="0.2742857039" CONTENT="clocbes" HEIGHT="29" WIDTH="109" VPOS="1125" HPOS="582"/><SP WIDTH="7" VPOS="1132" HPOS="691"/><String WC="0.628888905" CONTENT="enbrrylq." HEIGHT="39" WIDTH="143" VPOS="1122" HPOS="698"/><SP WIDTH="9" VPOS="1132" HPOS="841"/><String WC="0.2700000107" CONTENT="ry" HEIGHT="28" WIDTH="36" VPOS="1130" HPOS="850"/></TextLine>
</TextBlock>
<TextBlock ID="Page1_Block8" HEIGHT="71" WIDTH="149" VPOS="1799" HPOS="900" language="de" STYLEREFS="font2"><Shape><Polygon POINTS="902,1808 1050,1808 1050,1878 902,1878 902,1808"/></Shape>
<TextLine HEIGHT="56" WIDTH="131" VPOS="1810" HPOS="916"><String STYLE="bold italics" WC="0.2325000018" CONTENT="ItW;" HEIGHT="56" WIDTH="131" VPOS="1810" HPOS="916"/></TextLine>
</TextBlock><GraphicalElement ID="Page1_Block9" HEIGHT="1" WIDTH="34" VPOS="185" HPOS="122"/><GraphicalElement ID="Page1_Block10" HEIGHT="524" WIDTH="16" VPOS="315" HPOS="510"/><GraphicalElement ID="Page1_Block11" HEIGHT="231" WIDTH="10" VPOS="839" HPOS="522"/><GraphicalElement ID="Page1_Block12" HEIGHT="75" WIDTH="2" VPOS="686" HPOS="524"/>
</PrintSpace>
</Page>
</Layout>
</alto>