﻿<?xml version="1.0" encoding="UTF-8" standalone="yes"?>
<alto xmlns="http://www.loc.gov/standards/alto/ns-v2#" xmlns:xlink="http://www.w3.org/1999/xlink" xmlns:xsi="http://www.w3.org/2001/XMLSchema-instance" xsi:schemaLocation="http://www.loc.gov/standards/alto/ns-v2# http://www.loc.gov/standards/alto/alto-v2.0.xsd">
<Description>
<MeasurementUnit>pixel</MeasurementUnit>
<OCRProcessing ID="IdOcr"><ocrProcessingStep><processingDateTime>2017-03-20</processingDateTime><processingSoftware><softwareCreator>ABBYY</softwareCreator><softwareName>ABBYY FineReader Engine</softwareName><softwareVersion>11</softwareVersion></processingSoftware></ocrProcessingStep></OCRProcessing>
</Description>
<Styles><TextStyle ID="font0" FONTFAMILY="Times New Roman" FONTSIZE="7"/><TextStyle ID="font1" FONTFAMILY="Times New Roman" FONTSIZE="8"/><TextStyle ID="font2" FONTFAMILY="Times New Roman" FONTSIZE="9"/><TextStyle ID="font3" FONTFAMILY="Times New Roman" FONTSIZE="10"/><TextStyle ID="font4" FONTFAMILY="Times New Roman" FONTSIZE="11"/><TextStyle ID="font5" FONTFAMILY="Times New Roman" FONTSIZE="13"/><TextStyle ID="font6" FONTFAMILY="Times New Roman" FONTSIZE="15"/><TextStyle ID="font7" FONTFAMILY="Times New Roman" FONTSIZE="18"/><TextStyle ID="font8" FONTFAMILY="Times New Roman" FONTSIZE="39"/>
</Styles>
<Layout>
<Page ID="Page1" PHYSICAL_IMG_NR="1" HEIGHT="2044" WIDTH="1241">
<TopMargin HEIGHT="148" WIDTH="1241" VPOS="0" HPOS="0">
</TopMargin>
<RightMargin HEIGHT="1782" WIDTH="174" VPOS="148" HPOS="1067">
</RightMargin>
<BottomMargin HEIGHT="114" WIDTH="1241" VPOS="1930" HPOS="0">
</BottomMargin>
<PrintSpace HEIGHT="1782" WIDTH="1067" VPOS="148" HPOS="0">
<TextBlock ID="Page1_Block1" HEIGHT="930" WIDTH="1065" VPOS="148" HPOS="0" language="de" STYLEREFS="font5"><Shape><Polygon POINTS="1,163 804,163 804,361 1069,361 1069,1080 1,1080 1,163"/></Shape>
<TextLine HEIGHT="56" WIDTH="607" VPOS="154" HPOS="10"><String STYLE="bold underline" STYLEREFS="font7" WC="1." CONTENT="^" HEIGHT="13" WIDTH="73" VPOS="191" HPOS="10"/><SP WIDTH="265" VPOS="155" HPOS="84"/><String STYLE="italics underline" STYLEREFS="font7" WC="0.3650000095" CONTENT="mc" HEIGHT="51" WIDTH="119" VPOS="158" HPOS="350"/><SP WIDTH="27" VPOS="166" HPOS="470"/><String STYLE="bold underline" WC="0.3449999988" CONTENT="gor)" HEIGHT="43" WIDTH="119" VPOS="163" HPOS="498"/></TextLine>
<TextLine HEIGHT="58" WIDTH="229" VPOS="226" HPOS="420" STYLEREFS="font7"><String STYLE="bold" WC="0.6399999857" CONTENT="LXXIX." HEIGHT="58" WIDTH="229" VPOS="226" HPOS="420"/></TextLine>
<TextLine HEIGHT="58" WIDTH="525" VPOS="301" HPOS="269"><String STYLE="bold" WC="0.5649999976" CONTENT="Jac." HEIGHT="52" WIDTH="90" VPOS="301" HPOS="269"/><SP WIDTH="16" VPOS="305" HPOS="360"/><String STYLE="bold" WC="0.3325000107" CONTENT="Lap." HEIGHT="49" WIDTH="98" VPOS="305" HPOS="377"/><SP WIDTH="16" VPOS="308" HPOS="476"/><String STYLE="bold" WC="0.5749999881" CONTENT="I." HEIGHT="32" WIDTH="25" VPOS="308" HPOS="493"/><SP WIDTH="19" VPOS="305" HPOS="519"/><String STYLE="bold italics" WC="0.2824999988" CONTENT="Vetf" HEIGHT="52" WIDTH="109" VPOS="304" HPOS="539"/><SP WIDTH="9" VPOS="306" HPOS="649"/><String STYLE="bold italics" WC="0.7450000048" CONTENT="23/24." HEIGHT="44" WIDTH="135" VPOS="309" HPOS="659"/></TextLine>
<TextLine HEIGHT="69" WIDTH="1007" VPOS="351" HPOS="52"><String STYLE="bold" STYLEREFS="font7" WC="0.474999994" CONTENT="So" HEIGHT="48" WIDTH="68" VPOS="351" HPOS="52"/><SP WIDTH="8" VPOS="359" HPOS="120"/><String STYLE="bold" WC="0.3533333242" CONTENT="jemand" HEIGHT="51" WIDTH="132" VPOS="359" HPOS="128"/><SP WIDTH="9" VPOS="363" HPOS="260"/><String STYLE="bold" WC="0.75" CONTENT="ist" HEIGHT="45" WIDTH="36" VPOS="365" HPOS="269"/><SP WIDTH="12" VPOS="366" HPOS="305"/><String STYLE="bold" WC="0.5400000215" CONTENT="ein" HEIGHT="40" WIDTH="51" VPOS="364" HPOS="317"/><SP WIDTH="7" VPOS="363" HPOS="368"/><String STYLE="bold" WC="0.2759999931" CONTENT="Hörer" HEIGHT="54" WIDTH="116" VPOS="359" HPOS="375"/><SP WIDTH="10" VPOS="366" HPOS="491"/><String STYLE="bold" WC="0.5333333611" CONTENT="des" HEIGHT="39" WIDTH="59" VPOS="366" HPOS="501"/><SP WIDTH="7" VPOS="365" HPOS="560"/><String STYLE="bold" WC="0.5220000148" CONTENT="Worts" HEIGHT="42" WIDTH="138" VPOS="365" HPOS="567"/><SP WIDTH="8" VPOS="371" HPOS="705"/><String STYLE="bold" WC="1." CONTENT="/" HEIGHT="29" WIDTH="15" VPOS="376" HPOS="713"/><SP WIDTH="8" VPOS="376" HPOS="729"/><String STYLE="bold" WC="0.4399999976" CONTENT="und" HEIGHT="37" WIDTH="69" VPOS="368" HPOS="738"/><SP WIDTH="7" VPOS="369" HPOS="807"/><String STYLE="bold" WC="0.400000006" CONTENT="nicht" HEIGHT="47" WIDTH="85" VPOS="367" HPOS="814"/><SP WIDTH="6" VPOS="372" HPOS="899"/><String STYLE="bold" WC="0.276666671" CONTENT="ein" HEIGHT="40" WIDTH="49" VPOS="369" HPOS="905"/><SP WIDTH="10" VPOS="369" HPOS="954"/><String STYLE="bold" WC="0.237499997" CONTENT="Tha-" HEIGHT="47" WIDTH="95" VPOS="368" HPOS="964"/></TextLine>
<TextLine HEIGHT="81" WIDTH="1048" VPOS="401" HPOS="9"><String STYLE="bold" WC="1." CONTENT="^" HEIGHT="68" WIDTH="42" VPOS="401" HPOS="9"/><SP WIDTH="8" VPOS="401" HPOS="51"/><String STYLE="bold" WC="1." CONTENT="&gt;" HEIGHT="16" WIDTH="8" VPOS="426" HPOS="60"/><SP WIDTH="10" VPOS="405" HPOS="69"/><String STYLE="bold" WC="0.2700000107" CONTENT="der" HEIGHT="43" WIDTH="51" VPOS="405" HPOS="80"/><SP WIDTH="10" VPOS="409" HPOS="132"/><String STYLE="bold" WC="0.6166666746" CONTENT="ist" HEIGHT="48" WIDTH="35" VPOS="409" HPOS="142"/><SP WIDTH="7" VPOS="409" HPOS="177"/><String STYLE="bold" WC="0.5183333158" CONTENT="gleich" HEIGHT="48" WIDTH="95" VPOS="410" HPOS="184"/><SP WIDTH="8" VPOS="412" HPOS="279"/><String STYLE="bold" WC="0.4900000095" CONTENT="einem" HEIGHT="40" WIDTH="99" VPOS="413" HPOS="288"/><SP WIDTH="8" VPOS="413" HPOS="387"/><String STYLE="bold" WC="0.3574999869" CONTENT="Mann/der" HEIGHT="45" WIDTH="191" VPOS="413" HPOS="395"/><SP WIDTH="9" VPOS="414" HPOS="586"/><String STYLE="bold" WC="0.5674999952" CONTENT="sein" HEIGHT="48" WIDTH="62" VPOS="413" HPOS="595"/><SP WIDTH="8" VPOS="425" HPOS="658"/><String STYLE="bold" WC="0.6166666746" CONTENT="natürlich" HEIGHT="50" WIDTH="157" VPOS="409" HPOS="666"/><SP WIDTH="10" VPOS="416" HPOS="823"/><String STYLE="bold" WC="0.4844444394" CONTENT="Angesicht" HEIGHT="49" WIDTH="171" VPOS="416" HPOS="833"/><SP WIDTH="7" VPOS="418" HPOS="1005"/><String STYLE="bold" WC="0.3650000095" CONTENT="im" HEIGHT="39" WIDTH="44" VPOS="418" HPOS="1013"/></TextLine>
<TextLine HEIGHT="80" WIDTH="1046" VPOS="450" HPOS="10"><String STYLE="bold" WC="0.4614285827" CONTENT="Spiegel" HEIGHT="69" WIDTH="140" VPOS="450" HPOS="10"/><SP WIDTH="9" VPOS="458" HPOS="150"/><String STYLE="bold" WC="0.4639999866" CONTENT="beschauet:" HEIGHT="50" WIDTH="180" VPOS="458" HPOS="160"/><SP WIDTH="16" VPOS="461" HPOS="341"/><String STYLE="bold" WC="0.3700000048" CONTENT="Denn" HEIGHT="45" WIDTH="107" VPOS="461" HPOS="358"/><SP WIDTH="10" VPOS="473" HPOS="466"/><String STYLE="bold" WC="0.4114285707" CONTENT="nachdem" HEIGHT="47" WIDTH="152" VPOS="462" HPOS="477"/><SP WIDTH="9" VPOS="472" HPOS="630"/><String STYLE="bold" WC="0.3249999881" CONTENT="er" HEIGHT="28" WIDTH="29" VPOS="474" HPOS="640"/><SP WIDTH="8" VPOS="461" HPOS="670"/><String STYLE="bold" WC="0.4799999893" CONTENT="sich" HEIGHT="50" WIDTH="56" VPOS="461" HPOS="679"/><SP WIDTH="9" VPOS="463" HPOS="736"/><String STYLE="bold" WC="0.3111111224" CONTENT="beschauet" HEIGHT="49" WIDTH="161" VPOS="462" HPOS="746"/><SP WIDTH="8" VPOS="467" HPOS="908"/><String STYLE="bold" WC="0.603333354" CONTENT="hat" HEIGHT="46" WIDTH="56" VPOS="467" HPOS="917"/><SP WIDTH="7" VPOS="471" HPOS="974"/><String STYLE="bold" WC="1." CONTENT="/" HEIGHT="30" WIDTH="12" VPOS="477" HPOS="982"/><SP WIDTH="8" VPOS="476" HPOS="995"/><String STYLE="bold" WC="0.6133333445" CONTENT="ge-" HEIGHT="38" WIDTH="52" VPOS="475" HPOS="1004"/></TextLine>
<TextLine HEIGHT="74" WIDTH="1050" VPOS="498" HPOS="8"><String STYLE="bold" WC="0.625" CONTENT="^t" HEIGHT="61" WIDTH="49" VPOS="498" HPOS="8"/><SP WIDTH="8" VPOS="501" HPOS="57"/><String STYLE="bold" WC="0.25" CONTENT="er" HEIGHT="31" WIDTH="31" VPOS="510" HPOS="65"/><SP WIDTH="7" VPOS="513" HPOS="96"/><String STYLE="bold" WC="0.4050000012" CONTENT="vonStund" HEIGHT="46" WIDTH="200" VPOS="506" HPOS="103"/><SP WIDTH="11" VPOS="511" HPOS="303"/><String STYLE="bold" WC="0.2450000048" CONTENT="an" HEIGHT="29" WIDTH="44" VPOS="520" HPOS="314"/><SP WIDTH="9" VPOS="511" HPOS="358"/><String STYLE="bold" WC="0.5866666436" CONTENT="davon/" HEIGHT="40" WIDTH="125" VPOS="511" HPOS="367"/><SP WIDTH="10" VPOS="521" HPOS="492"/><String STYLE="bold" WC="0.3700000048" CONTENT="und" HEIGHT="41" WIDTH="72" VPOS="510" HPOS="502"/><SP WIDTH="9" VPOS="511" HPOS="574"/><String STYLE="bold" WC="0.4411111176" CONTENT="vergiffet" HEIGHT="51" WIDTH="144" VPOS="509" HPOS="583"/><SP WIDTH="17" VPOS="516" HPOS="727"/><String STYLE="bold" WC="0.4785714149" CONTENT="alsbald" HEIGHT="42" WIDTH="131" VPOS="510" HPOS="744"/><SP WIDTH="16" VPOS="513" HPOS="875"/><String STYLE="bold" WC="0.2533333302" CONTENT="wie" HEIGHT="40" WIDTH="63" VPOS="514" HPOS="891"/><SP WIDTH="8" VPOS="524" HPOS="954"/><String STYLE="bold" WC="0.2599999905" CONTENT="er" HEIGHT="29" WIDTH="32" VPOS="524" HPOS="962"/><SP WIDTH="8" VPOS="524" HPOS="994"/><String STYLE="bold" WC="0.3533333242" CONTENT="ge-" HEIGHT="37" WIDTH="56" VPOS="524" HPOS="1002"/></TextLine>
<TextLine HEIGHT="46" WIDTH="163" VPOS="546" HPOS="10"><String STYLE="bold" WC="0.8149999976" CONTENT="&gt;«&quot;t" HEIGHT="37" WIDTH="63" VPOS="546" HPOS="10"/><SP WIDTH="16" VPOS="550" HPOS="74"/><String STYLE="bold" WC="0.4449999928" CONTENT="war." HEIGHT="32" WIDTH="82" VPOS="560" HPOS="91"/></TextLine>
<TextLine HEIGHT="60" WIDTH="1050" VPOS="605" HPOS="6" STYLEREFS="font2"><String STYLE="subscript italics" WC="0.25" CONTENT="r" HEIGHT="16" WIDTH="12" VPOS="636" HPOS="6"/><SP WIDTH="137" VPOS="619" HPOS="19"/><String STYLE="italics" WC="0.3549999893" CONTENT="aiulitor" HEIGHT="28" WIDTH="107" VPOS="612" HPOS="157"/><SP WIDTH="10" VPOS="622" HPOS="264"/><String STYLE="italics" WC="1." CONTENT="eß" HEIGHT="40" WIDTH="33" VPOS="612" HPOS="275"/><SP WIDTH="13" VPOS="613" HPOS="308"/><String STYLE="italics" WC="0.5066666603" CONTENT="vtrbi," HEIGHT="35" WIDTH="85" VPOS="613" HPOS="321"/><SP WIDTH="10" VPOS="616" HPOS="406"/><String WC="1." CONTENT="U" HEIGHT="30" WIDTH="33" VPOS="616" HPOS="416"/><SP WIDTH="9" VPOS="616" HPOS="449"/><String STYLE="italics" WC="0.150000006" CONTENT="non" HEIGHT="19" WIDTH="49" VPOS="625" HPOS="458"/><SP WIDTH="11" VPOS="615" HPOS="508"/><String STYLE="italics" WC="0.5600000024" CONTENT="faflor," HEIGHT="40" WIDTH="94" VPOS="615" HPOS="519"/><SP WIDTH="10" VPOS="616" HPOS="613"/><String STYLE="italics" WC="0.5966666937" CONTENT="hic" HEIGHT="28" WIDTH="39" VPOS="617" HPOS="623"/><SP WIDTH="12" VPOS="625" HPOS="662"/><String STYLE="italics" WC="0.4983333349" CONTENT="ccmparabitur" HEIGHT="40" WIDTH="187" VPOS="615" HPOS="675"/><SP WIDTH="13" VPOS="627" HPOS="862"/><String STYLE="italics" WC="0.4575000107" CONTENT="riro" HEIGHT="27" WIDTH="56" VPOS="621" HPOS="876"/><SP WIDTH="13" VPOS="628" HPOS="933"/><String STYLE="italics" WC="0.4485714138" CONTENT="conßde-" HEIGHT="41" WIDTH="109" VPOS="617" HPOS="947"/></TextLine>
<TextLine HEIGHT="64" WIDTH="1046" VPOS="643" HPOS="8" STYLEREFS="font2"><String STYLE="italics" WC="0.3400000036" CONTENT="n" HEIGHT="14" WIDTH="13" VPOS="667" HPOS="8"/><SP WIDTH="10" VPOS="643" HPOS="22"/><String WC="0.6999999881" CONTENT="ch" HEIGHT="52" WIDTH="34" VPOS="643" HPOS="33"/><SP WIDTH="6" VPOS="644" HPOS="68"/><String STYLE="italics" WC="1." CONTENT="^" HEIGHT="17" WIDTH="14" VPOS="654" HPOS="75"/><SP WIDTH="1" VPOS="654" HPOS="90"/><String STYLE="italics" WC="0.5699999928" CONTENT="ul" HEIGHT="25" WIDTH="26" VPOS="649" HPOS="91"/><SP WIDTH="1" VPOS="649" HPOS="118"/><String STYLE="italics" WC="0.7466666698" CONTENT="tum" HEIGHT="25" WIDTH="54" VPOS="654" HPOS="119"/><SP WIDTH="13" VPOS="662" HPOS="174"/><String STYLE="italics" WC="0.5172727108" CONTENT="nativitatis" HEIGHT="29" WIDTH="148" VPOS="653" HPOS="188"/><SP WIDTH="8" VPOS="655" HPOS="337"/><String STYLE="italics" WC="0.4699999988" CONTENT="fu&lt;e" HEIGHT="39" WIDTH="50" VPOS="655" HPOS="346"/><SP WIDTH="9" VPOS="659" HPOS="397"/><String STYLE="italics" WC="0.8249999881" CONTENT="in" HEIGHT="23" WIDTH="27" VPOS="659" HPOS="407"/><SP WIDTH="6" VPOS="654" HPOS="435"/><String STYLE="italics" WC="0.5612499714" CONTENT="Jpeculo:" HEIGHT="42" WIDTH="115" VPOS="654" HPOS="442"/><SP WIDTH="19" VPOS="667" HPOS="558"/><String STYLE="italics" WC="0.3872727156" CONTENT="eonßdtravit" HEIGHT="40" WIDTH="168" VPOS="656" HPOS="578"/><SP WIDTH="13" VPOS="666" HPOS="747"/><String STYLE="italics" WC="0.3125" CONTENT="enim" HEIGHT="27" WIDTH="64" VPOS="661" HPOS="761"/><SP WIDTH="8" VPOS="657" HPOS="826"/><String STYLE="italics" WC="0.6066666842" CONTENT="fe," HEIGHT="40" WIDTH="36" VPOS="657" HPOS="835"/><SP WIDTH="20" VPOS="661" HPOS="872"/><String WC="1." CONTENT="U" HEIGHT="30" WIDTH="32" VPOS="661" HPOS="893"/><SP WIDTH="13" VPOS="661" HPOS="926"/><String STYLE="italics" WC="0.5833333135" CONTENT="abiit," HEIGHT="32" WIDTH="71" VPOS="659" HPOS="940"/><SP WIDTH="11" VPOS="660" HPOS="1012"/><String WC="0.8000000119" CONTENT="LA" HEIGHT="31" WIDTH="30" VPOS="659" HPOS="1024"/></TextLine>
<TextLine HEIGHT="50" WIDTH="413" VPOS="684" HPOS="21" STYLEREFS="font2"><String STYLE="italics" WC="1." CONTENT="“" HEIGHT="15" WIDTH="14" VPOS="684" HPOS="21"/><SP WIDTH="13" VPOS="684" HPOS="35"/><String STYLE="superscript italics" WC="0.5866666436" CONTENT="l,n" HEIGHT="21" WIDTH="32" VPOS="688" HPOS="48"/><SP WIDTH="14" VPOS="692" HPOS="80"/><String STYLE="italics" WC="0.574285686" CONTENT="cblitus" HEIGHT="31" WIDTH="89" VPOS="688" HPOS="94"/><SP WIDTH="15" VPOS="702" HPOS="183"/><String STYLE="italics" WC="0.5600000024" CONTENT="eß," HEIGHT="42" WIDTH="43" VPOS="690" HPOS="199"/><SP WIDTH="7" VPOS="704" HPOS="242"/><String STYLE="italics" WC="0.4233333468" CONTENT="qualis" HEIGHT="34" WIDTH="80" VPOS="697" HPOS="250"/><SP WIDTH="11" VPOS="696" HPOS="331"/><String STYLE="italics" WC="0.6000000238" CONTENT="fucrit." HEIGHT="38" WIDTH="92" VPOS="696" HPOS="342"/></TextLine>
<TextLine HEIGHT="67" WIDTH="1048" VPOS="730" HPOS="3" STYLEREFS="font2"><String STYLE="subscript" WC="0." CONTENT="h" HEIGHT="33" WIDTH="15" VPOS="751" HPOS="3"/><String WC="0.2399999946" CONTENT="*" HEIGHT="31" WIDTH="31" VPOS="730" HPOS="42"/><SP WIDTH="10" VPOS="731" HPOS="74"/><String WC="0.2842857242" CONTENT="alcürso" HEIGHT="33" WIDTH="104" VPOS="738" HPOS="85"/><SP WIDTH="6" VPOS="753" HPOS="190"/><String WC="0.2899999917" CONTENT="e" HEIGHT="18" WIDTH="15" VPOS="753" HPOS="197"/><SP WIDTH="6" VPOS="753" HPOS="213"/><String WC="0.3650000095" CONTENT="uditor" HEIGHT="31" WIDTH="98" VPOS="745" HPOS="220"/><SP WIDTH="10" VPOS="747" HPOS="319"/><String WC="0.5279999971" CONTENT="della" HEIGHT="30" WIDTH="73" VPOS="746" HPOS="330"/><SP WIDTH="10" VPOS="757" HPOS="403"/><String WC="0.5971428752" CONTENT="parola," HEIGHT="39" WIDTH="113" VPOS="747" HPOS="413"/><SP WIDTH="9" VPOS="755" HPOS="526"/><String WC="0.5174999833" CONTENT="cnon" HEIGHT="22" WIDTH="81" VPOS="755" HPOS="536"/><SP WIDTH="12" VPOS="746" HPOS="618"/><String WC="0.397777766" CONTENT="facitore," HEIGHT="32" WIDTH="137" VPOS="747" HPOS="631"/><SP WIDTH="15" VPOS="757" HPOS="769"/><String WC="0.4675000012" CONTENT="egli" HEIGHT="36" WIDTH="54" VPOS="750" HPOS="784"/><SP WIDTH="8" VPOS="750" HPOS="839"/><String WC="0.1700000018" CONTENT="e" HEIGHT="18" WIDTH="13" VPOS="757" HPOS="848"/><SP WIDTH="8" VPOS="747" HPOS="862"/><String WC="0.4187499881" CONTENT="fimilead" HEIGHT="30" WIDTH="131" VPOS="748" HPOS="871"/><SP WIDTH="9" VPOS="749" HPOS="1003"/><String WC="0.3300000131" CONTENT="un" HEIGHT="20" WIDTH="38" VPOS="758" HPOS="1013"/></TextLine>
<TextLine HEIGHT="63" WIDTH="1044" VPOS="776" HPOS="6" STYLEREFS="font2"><String WC="0.8085714579" CONTENT="clch^o»" HEIGHT="50" WIDTH="110" VPOS="777" HPOS="6"/><SP WIDTH="9" VPOS="792" HPOS="117"/><String WC="0.4791666567" CONTENT="checonfidera" HEIGHT="33" WIDTH="202" VPOS="782" HPOS="127"/><SP WIDTH="9" VPOS="788" HPOS="330"/><String WC="1." CONTENT="la" HEIGHT="27" WIDTH="25" VPOS="788" HPOS="340"/><SP WIDTH="8" VPOS="787" HPOS="366"/><String WC="0.2199999988" CONTENT="fua" HEIGHT="27" WIDTH="50" VPOS="787" HPOS="375"/><SP WIDTH="12" VPOS="787" HPOS="426"/><String WC="0.3950000107" CONTENT="fäccia" HEIGHT="29" WIDTH="87" VPOS="787" HPOS="439"/><SP WIDTH="8" VPOS="798" HPOS="527"/><String WC="0.4987500012" CONTENT="naturale" HEIGHT="28" WIDTH="129" VPOS="788" HPOS="536"/><SP WIDTH="10" VPOS="789" HPOS="666"/><String WC="0.6299999952" CONTENT="in" HEIGHT="26" WIDTH="28" VPOS="789" HPOS="677"/><SP WIDTH="9" VPOS="798" HPOS="706"/><String WC="0.2800000012" CONTENT="uno" HEIGHT="17" WIDTH="57" VPOS="796" HPOS="716"/><SP WIDTH="8" VPOS="788" HPOS="774"/><String WC="0.4043749869" CONTENT="fpecchio,Impero-" HEIGHT="42" WIDTH="267" VPOS="785" HPOS="783"/></TextLine>
<TextLine HEIGHT="58" WIDTH="1016" VPOS="813" HPOS="35" STYLEREFS="font2"><String STYLE="superscript" WC="0.25" CONTENT="c" HEIGHT="16" WIDTH="12" VPOS="815" HPOS="36"/><String WC="0.2800000012" CONTENT=")" HEIGHT="14" WIDTH="7" VPOS="827" HPOS="51"/><SP WIDTH="7" VPOS="814" HPOS="59"/><String WC="0.2833333313" CONTENT="dop" HEIGHT="40" WIDTH="56" VPOS="814" HPOS="67"/><String STYLE="subscript" WC="0.349999994" CONTENT="0" HEIGHT="19" WIDTH="19" VPOS="830" HPOS="126"/><SP WIDTH="10" VPOS="831" HPOS="146"/><String WC="0.3462499976" CONTENT="eil’egli" HEIGHT="41" WIDTH="110" VPOS="820" HPOS="156"/><SP WIDTH="9" VPOS="826" HPOS="267"/><String WC="0.4370000064" CONTENT="s’emirato," HEIGHT="34" WIDTH="171" VPOS="823" HPOS="277"/><SP WIDTH="7" VPOS="836" HPOS="449"/><String WC="0.4650000036" CONTENT="egli" HEIGHT="37" WIDTH="58" VPOS="827" HPOS="456"/><SP WIDTH="6" VPOS="827" HPOS="515"/><String WC="0.2700000107" CONTENT="fe" HEIGHT="28" WIDTH="26" VPOS="827" HPOS="522"/><SP WIDTH="6" VPOS="836" HPOS="549"/><String WC="0.3300000131" CONTENT="ne" HEIGHT="18" WIDTH="35" VPOS="836" HPOS="556"/><SP WIDTH="6" VPOS="836" HPOS="592"/><String WC="0.7166666389" CONTENT="vä," HEIGHT="34" WIDTH="49" VPOS="826" HPOS="599"/><SP WIDTH="8" VPOS="835" HPOS="649"/><String WC="0.3700000048" CONTENT="e" HEIGHT="19" WIDTH="15" VPOS="835" HPOS="658"/><SP WIDTH="7" VPOS="827" HPOS="674"/><String WC="0.2566666603" CONTENT="iubico" HEIGHT="30" WIDTH="97" VPOS="824" HPOS="682"/><SP WIDTH="8" VPOS="824" HPOS="780"/><String WC="0.1850000024" CONTENT="ha" HEIGHT="29" WIDTH="36" VPOS="825" HPOS="789"/><SP WIDTH="13" VPOS="826" HPOS="826"/><String WC="0.3563636243" CONTENT="dimencicato" HEIGHT="33" WIDTH="190" VPOS="826" HPOS="840"/><SP WIDTH="9" VPOS="839" HPOS="1030"/><String WC="0.7400000095" CONTENT="," HEIGHT="14" WIDTH="12" VPOS="850" HPOS="1039"/></TextLine>
<TextLine HEIGHT="53" WIDTH="997" VPOS="853" HPOS="29" STYLEREFS="font2"><String STYLE="superscript" WC="0.3149999976" CONTENT="la" HEIGHT="21" WIDTH="22" VPOS="853" HPOS="29"/><String WC="1." CONTENT="‘" HEIGHT="15" WIDTH="7" VPOS="861" HPOS="53"/><String STYLE="superscript" WC="0.2399999946" CONTENT="c" HEIGHT="18" WIDTH="13" VPOS="861" HPOS="65"/><SP WIDTH="15" VPOS="861" HPOS="79"/><String STYLE="superscript" WC="0.3199999928" CONTENT="e" HEIGHT="17" WIDTH="13" VPOS="866" HPOS="95"/><String WC="5.999999866e-002" CONTENT="gü" HEIGHT="35" WIDTH="39" VPOS="860" HPOS="111"/><SP WIDTH="14" VPOS="861" HPOS="151"/><String WC="0.3899999857" CONTENT="era." HEIGHT="20" WIDTH="57" VPOS="873" HPOS="166"/><SP WIDTH="794" VPOS="868" HPOS="224"/><String WC="0.25" CONTENT="&lt;" HEIGHT="16" WIDTH="7" VPOS="877" HPOS="1019"/></TextLine>
<TextLine HEIGHT="67" WIDTH="1045" VPOS="905" HPOS="5" STYLEREFS="font2"><String STYLE="bold italics" WC="0.2949999869" CONTENT=",ß" HEIGHT="31" WIDTH="22" VPOS="928" HPOS="5"/><SP WIDTH="50" VPOS="910" HPOS="27"/><String STYLE="italics" WC="0.1299999952" CONTENT="1" HEIGHT="24" WIDTH="13" VPOS="911" HPOS="78"/><String STYLE="superscript italics" WC="0.4399999976" CONTENT="l,e" HEIGHT="17" WIDTH="28" VPOS="912" HPOS="93"/><String STYLE="italics" WC="0.5425000191" CONTENT="lqu’" HEIGHT="35" WIDTH="49" VPOS="907" HPOS="123"/><SP WIDTH="9" VPOS="920" HPOS="173"/><String STYLE="italics" WC="0.3400000036" CONTENT="un" HEIGHT="17" WIDTH="34" VPOS="922" HPOS="182"/><SP WIDTH="16" VPOS="923" HPOS="216"/><String STYLE="italics" WC="0.4050000012" CONTENT="eß" HEIGHT="39" WIDTH="32" VPOS="911" HPOS="232"/><SP WIDTH="15" VPOS="911" HPOS="264"/><String STYLE="bold italics" WC="0.3588888943" CONTENT="ituditcuY" HEIGHT="30" WIDTH="122" VPOS="913" HPOS="279"/><SP WIDTH="15" VPOS="912" HPOS="401"/><String STYLE="italics" WC="0.3149999976" CONTENT="de" HEIGHT="29" WIDTH="31" VPOS="912" HPOS="416"/><SP WIDTH="22" VPOS="913" HPOS="447"/><String STYLE="italics" WC="0.5799999833" CONTENT="la" HEIGHT="27" WIDTH="27" VPOS="914" HPOS="469"/><SP WIDTH="13" VPOS="922" HPOS="496"/><String STYLE="italics" WC="0.4300000072" CONTENT="paro/e" HEIGHT="41" WIDTH="88" VPOS="913" HPOS="509"/><SP WIDTH="11" VPOS="916" HPOS="597"/><String STYLE="italics" WC="0.3174999952" CONTENT="[ans" HEIGHT="37" WIDTH="59" VPOS="916" HPOS="608"/><SP WIDTH="23" VPOS="925" HPOS="667"/><String STYLE="italics" WC="0.7749999762" CONTENT="cn" HEIGHT="19" WIDTH="29" VPOS="925" HPOS="690"/><SP WIDTH="22" VPOS="926" HPOS="719"/><String STYLE="italics" WC="0.4099999964" CONTENT="etre" HEIGHT="25" WIDTH="51" VPOS="919" HPOS="741"/><SP WIDTH="30" VPOS="927" HPOS="792"/><String STYLE="italics" WC="0.3890908957" CONTENT="objervateur" HEIGHT="39" WIDTH="166" VPOS="915" HPOS="822"/><SP WIDTH="15" VPOS="928" HPOS="988"/><String STYLE="bold" STYLEREFS="font1" WC="0.25" CONTENT=";" HEIGHT="18" WIDTH="8" VPOS="929" HPOS="1003"/><SP WIDTH="18" VPOS="919" HPOS="1011"/><String STYLE="italics" WC="0.6000000238" CONTENT="II" HEIGHT="27" WIDTH="21" VPOS="919" HPOS="1029"/></TextLine>
<TextLine HEIGHT="66" WIDTH="1044" VPOS="942" HPOS="4" STYLEREFS="font2"><String STYLE="italics" WC="0.1199999973" CONTENT="Un" HEIGHT="25" WIDTH="26" VPOS="970" HPOS="4"/><SP WIDTH="22" VPOS="946" HPOS="31"/><String STYLE="superscript italics" WC="0.400000006" CONTENT="Cm" HEIGHT="18" WIDTH="36" VPOS="946" HPOS="54"/><SP WIDTH="19" VPOS="948" HPOS="91"/><String STYLE="italics" WC="1." CONTENT="." HEIGHT="5" WIDTH="5" VPOS="982" HPOS="111"/><String WC="0.4608333409" CONTENT="&apos;(&apos;&apos;eftemble" HEIGHT="40" WIDTH="172" VPOS="944" HPOS="179"/><SP WIDTH="7" VPOS="956" HPOS="352"/><String WC="0.5899999738" CONTENT=")" HEIGHT="37" WIDTH="11" VPOS="956" HPOS="360"/><SP WIDTH="17" VPOS="956" HPOS="372"/><String STYLE="italics" WC="0.3833333254" CONTENT="nun" HEIGHT="18" WIDTH="61" VPOS="965" HPOS="390"/><SP WIDTH="13" VPOS="954" HPOS="452"/><String STYLE="italics" WC="0.4839999974" CONTENT="komme" HEIGHT="30" WIDTH="90" VPOS="955" HPOS="466"/><SP WIDTH="5" VPOS="966" HPOS="557"/><String STYLE="italics" WC="0.4824999869" CONTENT="tjui" HEIGHT="36" WIDTH="42" VPOS="960" HPOS="563"/><SP WIDTH="12" VPOS="960" HPOS="606"/><String STYLE="italics" WC="0.7799999714" CONTENT="mire" HEIGHT="28" WIDTH="62" VPOS="957" HPOS="619"/><SP WIDTH="7" VPOS="955" HPOS="682"/><String STYLE="italics" WC="0.323333323" CONTENT="Jon" HEIGHT="40" WIDTH="46" VPOS="955" HPOS="690"/><SP WIDTH="14" VPOS="967" HPOS="737"/><String STYLE="italics" WC="0.4912500083" CONTENT="’vifaee," HEIGHT="37" WIDTH="97" VPOS="957" HPOS="752"/><SP WIDTH="9" VPOS="966" HPOS="850"/><String STYLE="italics" WC="0.5112500191" CONTENT="ndturel," HEIGHT="33" WIDTH="113" VPOS="956" HPOS="860"/><SP WIDTH="8" VPOS="957" HPOS="974"/><String STYLE="italics" WC="0.324000001" CONTENT="daiis" HEIGHT="28" WIDTH="65" VPOS="957" HPOS="983"/></TextLine>
<TextLine HEIGHT="54" WIDTH="1004" VPOS="983" HPOS="44" STYLEREFS="font2"><String STYLE="italics" WC="0.4414285719" CONTENT="miroir," HEIGHT="32" WIDTH="104" VPOS="986" HPOS="45"/><SP WIDTH="23" VPOS="986" HPOS="150"/><String STYLE="bold" STYLEREFS="font3" WC="0.2700000107" CONTENT="£5" HEIGHT="29" WIDTH="29" VPOS="986" HPOS="174"/><SP WIDTH="91" VPOS="989" HPOS="203"/><String STYLE="italics" WC="0.6499999762" CONTENT="apres" HEIGHT="24" WIDTH="74" VPOS="1004" HPOS="294"/><SP WIDTH="24" VPOS="1005" HPOS="368"/><String STYLE="italics" WC="0.4833333194" CONTENT="s”y" HEIGHT="24" WIDTH="46" VPOS="1004" HPOS="392"/><SP WIDTH="19" VPOS="1005" HPOS="438"/><String STYLE="italics" WC="0.4675000012" CONTENT="etre" HEIGHT="20" WIDTH="53" VPOS="1004" HPOS="457"/><SP WIDTH="14" VPOS="1007" HPOS="510"/><String STYLE="italics" WC="0.6816666722" CONTENT="mire.." HEIGHT="24" WIDTH="80" VPOS="1001" HPOS="524"/><SP WIDTH="23" VPOS="1007" HPOS="604"/><String STYLE="italics" WC="0.2725000083" CONTENT="s&apos;cn" HEIGHT="24" WIDTH="64" VPOS="1001" HPOS="627"/><SP WIDTH="21" VPOS="1005" HPOS="691"/><String STYLE="italics" WC="0.3000000119" CONTENT="va" HEIGHT="19" WIDTH="39" VPOS="1006" HPOS="712"/><SP WIDTH="18" VPOS="997" HPOS="751"/><String STYLE="italics" WC="0." CONTENT="iS" HEIGHT="30" WIDTH="32" VPOS="997" HPOS="769"/><SP WIDTH="16" VPOS="1000" HPOS="801"/><String STYLE="italics" WC="0.5400000215" CONTENT="oublie" HEIGHT="28" WIDTH="81" VPOS="995" HPOS="818"/><SP WIDTH="14" VPOS="994" HPOS="900"/><String STYLE="italics" WC="0.3442857265" CONTENT="kPhcurt" HEIGHT="30" WIDTH="133" VPOS="994" HPOS="915"/></TextLine>
<TextLine HEIGHT="46" WIDTH="248" VPOS="1022" HPOS="7" STYLEREFS="font2"><String STYLE="italics" WC="0.3824999928" CONTENT="Jrne" HEIGHT="44" WIDTH="66" VPOS="1022" HPOS="7"/><SP WIDTH="12" VPOS="1029" HPOS="74"/><String STYLE="italics" WC="0.1700000018" CONTENT="q" HEIGHT="27" WIDTH="13" VPOS="1033" HPOS="87"/><String STYLE="subscript italics" WC="0.2800000012" CONTENT="Ue" HEIGHT="19" WIDTH="28" VPOS="1032" HPOS="103"/><String STYLE="italics" WC="0.2099999934" CONTENT="[" HEIGHT="28" WIDTH="9" VPOS="1023" HPOS="132"/><SP WIDTH="9" VPOS="1024" HPOS="142"/><String WC="0.5699999928" CONTENT="j/" HEIGHT="28" WIDTH="17" VPOS="1025" HPOS="152"/><SP WIDTH="14" VPOS="1025" HPOS="170"/><String STYLE="italics" WC="0.6116666794" CONTENT="etoit." HEIGHT="29" WIDTH="70" VPOS="1030" HPOS="185"/></TextLine>
</TextBlock>
<TextBlock ID="Page1_Block2" HEIGHT="351" WIDTH="453" VPOS="1089" HPOS="0" language="de" STYLEREFS="font1"><Shape><Polygon POINTS="10,1104 466,1104 466,1450 10,1450 10,1104"/></Shape>
<TextLine HEIGHT="58" WIDTH="398" VPOS="1099" HPOS="47" STYLEREFS="font4"><String STYLE="bold italics" WC="0.5466666818" CONTENT="Gli" HEIGHT="38" WIDTH="53" VPOS="1099" HPOS="47"/><SP WIDTH="9" VPOS="1103" HPOS="100"/><String STYLE="bold italics" WC="0.6862499714" CONTENT="Specchi," HEIGHT="54" WIDTH="148" VPOS="1101" HPOS="110"/><SP WIDTH="20" VPOS="1106" HPOS="259"/><String STYLE="bold italics" WC="0.6949999928" CONTENT="i’" HEIGHT="34" WIDTH="23" VPOS="1105" HPOS="280"/><SP WIDTH="8" VPOS="1106" HPOS="304"/><String STYLE="bold italics" WC="0.5857142806" CONTENT="Optica." HEIGHT="47" WIDTH="132" VPOS="1105" HPOS="313"/></TextLine>
<TextLine HEIGHT="46" WIDTH="170" VPOS="1155" HPOS="5" STYLEREFS="font0"><String STYLE="bold" WC="1." CONTENT="^" HEIGHT="27" WIDTH="12" VPOS="1172" HPOS="5"/><SP WIDTH="12" VPOS="1155" HPOS="17"/><String STYLE="bold" WC="0.5410000086" CONTENT="^Hhiiomini" HEIGHT="35" WIDTH="146" VPOS="1155" HPOS="29"/></TextLine>
<TextLine HEIGHT="40" WIDTH="301" VPOS="1187" HPOS="12"><String WC="0.4366666675" CONTENT="‘&gt;0" HEIGHT="37" WIDTH="55" VPOS="1187" HPOS="12"/><SP WIDTH="6" VPOS="1198" HPOS="68"/><String WC="0.5666666627" CONTENT="inventato" HEIGHT="24" WIDTH="121" VPOS="1198" HPOS="75"/><SP WIDTH="12" VPOS="1200" HPOS="197"/><String WC="0.4699999988" CONTENT="trovato," HEIGHT="25" WIDTH="103" VPOS="1199" HPOS="210"/></TextLine>
<TextLine HEIGHT="53" WIDTH="161" VPOS="1210" HPOS="6" STYLEREFS="font1"><String WC="0.2975000143" CONTENT="£fpBchii" HEIGHT="52" WIDTH="115" VPOS="1210" HPOS="6"/><SP WIDTH="41" VPOS="1229" HPOS="122"/><String WC="0.5699999928" CONTENT="■" HEIGHT="2" WIDTH="3" VPOS="1242" HPOS="164"/></TextLine>
<TextLine HEIGHT="43" WIDTH="410" VPOS="1255" HPOS="5"><String WC="0.5500000119" CONTENT="j,,." HEIGHT="19" WIDTH="24" VPOS="1274" HPOS="5"/><String STYLE="superscript" WC="0.4900000095" CONTENT="1" HEIGHT="14" WIDTH="5" VPOS="1255" HPOS="30"/><SP WIDTH="8" VPOS="1255" HPOS="35"/><String WC="0.5400000215" CONTENT="&quot;lirarvifi," HEIGHT="34" WIDTH="112" VPOS="1258" HPOS="43"/><SP WIDTH="8" VPOS="1261" HPOS="155"/><String STYLE="italics" STYLEREFS="font2" WC="0.4918181896" CONTENT="fpeccbarviß" HEIGHT="37" WIDTH="159" VPOS="1260" HPOS="163"/><SP WIDTH="9" VPOS="1263" HPOS="322"/><String WC="0.2333333343" CONTENT="dentro" HEIGHT="29" WIDTH="83" VPOS="1263" HPOS="331"/></TextLine>
<TextLine HEIGHT="55" WIDTH="213" VPOS="1278" HPOS="4"><String WC="0.2700000107" CONTENT="," HEIGHT="18" WIDTH="8" VPOS="1309" HPOS="4"/><String STYLE="superscript" WC="0.25" CONTENT="§" HEIGHT="25" WIDTH="12" VPOS="1278" HPOS="5"/><String WC="0.6016666889" CONTENT="&apos;°echiälipoi" HEIGHT="47" WIDTH="162" VPOS="1285" HPOS="25"/><SP WIDTH="15" VPOS="1299" HPOS="188"/><String STYLE="subscript" WC="0.2399999946" CONTENT="2" HEIGHT="18" WIDTH="13" VPOS="1306" HPOS="204"/></TextLine>
<TextLine HEIGHT="56" WIDTH="217" VPOS="1309" HPOS="3" STYLEREFS="font1"><String WC="0.40625" CONTENT="fehechik" HEIGHT="55" WIDTH="181" VPOS="1309" HPOS="3"/><SP WIDTH="30" VPOS="1321" HPOS="184"/><String WC="0.7300000191" CONTENT="&apos;" HEIGHT="7" WIDTH="5" VPOS="1328" HPOS="215"/></TextLine>
<TextLine HEIGHT="43" WIDTH="189" VPOS="1362" HPOS="71" STYLEREFS="font0"><String STYLE="bold" WC="0.6200000048" CONTENT="&apos;" HEIGHT="8" WIDTH="4" VPOS="1395" HPOS="71"/><SP WIDTH="23" VPOS="1368" HPOS="76"/><String STYLE="bold" WC="0.6883333325" CONTENT="E^ole," HEIGHT="31" WIDTH="74" VPOS="1362" HPOS="100"/><SP WIDTH="7" VPOS="1373" HPOS="175"/><String STYLE="bold italics" STYLEREFS="font1" WC="0.6100000143" CONTENT="corta" HEIGHT="23" WIDTH="69" VPOS="1368" HPOS="183"/><String STYLE="bold" WC="0.9900000095" CONTENT="," HEIGHT="10" WIDTH="5" VPOS="1384" HPOS="255"/></TextLine>
<TextLine HEIGHT="44" WIDTH="246" VPOS="1391" HPOS="62" STYLEREFS="font0"><String STYLE="superscript bold" WC="0.2300000042" CONTENT="v" HEIGHT="17" WIDTH="12" VPOS="1393" HPOS="63"/><String STYLE="bold" WC="0.2733333409" CONTENT="eda" HEIGHT="27" WIDTH="39" VPOS="1391" HPOS="77"/><SP WIDTH="5" VPOS="1402" HPOS="117"/><String STYLE="bold italics" STYLEREFS="font1" WC="0.3319999874" CONTENT="vegga" HEIGHT="30" WIDTH="85" VPOS="1403" HPOS="122"/><SP WIDTH="4" VPOS="1405" HPOS="208"/><String STYLE="bold" WC="0.4928571284" CONTENT="meglio," HEIGHT="38" WIDTH="96" VPOS="1397" HPOS="212"/></TextLine>
</TextBlock>
<TextBlock ID="Page1_Block3" HEIGHT="356" WIDTH="506" VPOS="1094" HPOS="500" language="de" STYLEREFS="font0"><Shape><Polygon POINTS="518,1103 1019,1103 1019,1453 518,1453 518,1103"/></Shape>
<TextLine HEIGHT="127" WIDTH="491" VPOS="1100" HPOS="508" STYLEREFS="font4"><String STYLE="bold italics" STYLEREFS="font8" WC="0.2599999905" CONTENT="S" HEIGHT="112" WIDTH="9" VPOS="1109" HPOS="508"/><String STYLE="bold italics" WC="0.5166666508" CONTENT="Les" HEIGHT="29" WIDTH="64" VPOS="1111" HPOS="546"/><SP WIDTH="15" VPOS="1109" HPOS="611"/><String STYLE="bold italics" WC="0.8466666937" CONTENT="Mir" HEIGHT="35" WIDTH="70" VPOS="1105" HPOS="627"/><SP WIDTH="1" VPOS="1115" HPOS="698"/><String STYLE="bold italics" WC="0.8866666555" CONTENT="oir" HEIGHT="36" WIDTH="52" VPOS="1104" HPOS="700"/><SP WIDTH="1" VPOS="1116" HPOS="753"/><String STYLE="bold italics" WC="0.5450000167" CONTENT="s," HEIGHT="30" WIDTH="24" VPOS="1116" HPOS="753"/><SP WIDTH="14" VPOS="1104" HPOS="778"/><String STYLE="bold" STYLEREFS="font2" WC="1." CONTENT="/&apos;" HEIGHT="38" WIDTH="22" VPOS="1104" HPOS="793"/><SP WIDTH="20" VPOS="1104" HPOS="816"/><String STYLE="bold italics" WC="0.4399999976" CONTENT="Optique," HEIGHT="55" WIDTH="162" VPOS="1106" HPOS="837"/></TextLine>
<TextLine HEIGHT="28" WIDTH="160" VPOS="1170" HPOS="552" STYLEREFS="font1"><String WC="0.2800000012" CONTENT="Les" HEIGHT="25" WIDTH="45" VPOS="1171" HPOS="552"/><SP WIDTH="8" VPOS="1170" HPOS="597"/><String WC="0.4850000143" CONTENT="hommes" HEIGHT="28" WIDTH="107" VPOS="1170" HPOS="605"/></TextLine>
<TextLine HEIGHT="38" WIDTH="265" VPOS="1201" HPOS="526" STYLEREFS="font1"><String WC="0.4066666663" CONTENT="ont" HEIGHT="19" WIDTH="42" VPOS="1212" HPOS="526"/><SP WIDTH="11" VPOS="1212" HPOS="569"/><String WC="0.5600000024" CONTENT="trouve," HEIGHT="25" WIDTH="95" VPOS="1212" HPOS="581"/><SP WIDTH="7" VPOS="1207" HPOS="677"/><String STYLE="italics" STYLEREFS="font2" WC="0.5685714483" CONTENT="inventb" HEIGHT="31" WIDTH="106" VPOS="1203" HPOS="685"/></TextLine>
<TextLine HEIGHT="50" WIDTH="171" VPOS="1231" HPOS="513" STYLEREFS="font1"><String WC="0.4300000072" CONTENT="j" HEIGHT="48" WIDTH="7" VPOS="1231" HPOS="513"/><SP WIDTH="6" VPOS="1231" HPOS="520"/><String WC="0.7233333588" CONTENT="les" HEIGHT="27" WIDTH="33" VPOS="1238" HPOS="526"/><SP WIDTH="6" VPOS="1249" HPOS="559"/><String WC="0.7042857409" CONTENT="miroirs" HEIGHT="28" WIDTH="92" VPOS="1239" HPOS="565"/><SP WIDTH="16" VPOS="1249" HPOS="657"/><String WC="1." CONTENT="1" HEIGHT="17" WIDTH="11" VPOS="1249" HPOS="673"/></TextLine>
<TextLine HEIGHT="42" WIDTH="373" VPOS="1271" HPOS="514"><String STYLE="bold" WC="0.3600000143" CONTENT="1" HEIGHT="13" WIDTH="5" VPOS="1286" HPOS="514"/><SP WIDTH="6" VPOS="1284" HPOS="520"/><String STYLE="bold" WC="0.4050000012" CONTENT="pour" HEIGHT="26" WIDTH="58" VPOS="1283" HPOS="527"/><SP WIDTH="6" VPOS="1285" HPOS="586"/><String STYLE="bold" WC="0.6549999714" CONTENT="s’" HEIGHT="21" WIDTH="16" VPOS="1279" HPOS="593"/><SP WIDTH="6" VPOS="1279" HPOS="610"/><String STYLE="bold" WC="0.8700000048" CONTENT="y" HEIGHT="25" WIDTH="14" VPOS="1284" HPOS="617"/><SP WIDTH="7" VPOS="1284" HPOS="632"/><String STYLE="bold" WC="0.6471428275" CONTENT="raiier," HEIGHT="26" WIDTH="77" VPOS="1276" HPOS="640"/><SP WIDTH="6" VPOS="1283" HPOS="718"/><String STYLE="bold italics" STYLEREFS="font1" WC="0.6125000119" CONTENT="voir" HEIGHT="27" WIDTH="61" VPOS="1275" HPOS="725"/><SP WIDTH="5" VPOS="1276" HPOS="787"/><String STYLE="bold" WC="0.437142849" CONTENT="dedans;" HEIGHT="27" WIDTH="94" VPOS="1275" HPOS="793"/></TextLine>
<TextLine HEIGHT="42" WIDTH="248" VPOS="1301" HPOS="511"><String STYLE="bold" WC="0.5099999905" CONTENT="j" HEIGHT="39" WIDTH="7" VPOS="1301" HPOS="511"/><SP WIDTH="5" VPOS="1301" HPOS="519"/><String STYLE="bold" WC="0.6399999857" CONTENT="mais" HEIGHT="24" WIDTH="57" VPOS="1309" HPOS="525"/><SP WIDTH="9" VPOS="1309" HPOS="583"/><String STYLE="bold" WC="0.4133333266" CONTENT="les" HEIGHT="24" WIDTH="30" VPOS="1309" HPOS="593"/><SP WIDTH="8" VPOS="1308" HPOS="624"/><String STYLE="bold" WC="0.6729999781" CONTENT="lunfcttes," HEIGHT="29" WIDTH="106" VPOS="1308" HPOS="633"/><SP WIDTH="5" VPOS="1315" HPOS="740"/><String STYLE="bold" WC="0.1899999976" CONTENT="2" HEIGHT="17" WIDTH="13" VPOS="1315" HPOS="746"/></TextLine>
<TextLine HEIGHT="36" WIDTH="188" VPOS="1339" HPOS="508"><String STYLE="bold" WC="0.5687500238" CONTENT="lafinqne" HEIGHT="35" WIDTH="109" VPOS="1339" HPOS="508"/><SP WIDTH="9" VPOS="1349" HPOS="617"/><String STYLE="bold" WC="0.5059999824" CONTENT="celuy" HEIGHT="33" WIDTH="69" VPOS="1341" HPOS="627"/></TextLine>
<TextLine HEIGHT="45" WIDTH="295" VPOS="1365" HPOS="508"><String STYLE="bold" WC="0.1899999976" CONTENT="|" HEIGHT="41" WIDTH="5" VPOS="1365" HPOS="508"/><SP WIDTH="7" VPOS="1365" HPOS="514"/><String STYLE="bold" WC="0.1833333373" CONTENT="qui" HEIGHT="33" WIDTH="37" VPOS="1372" HPOS="522"/><SP WIDTH="7" VPOS="1373" HPOS="560"/><String STYLE="bold" WC="0.1599999964" CONTENT="a" HEIGHT="15" WIDTH="11" VPOS="1382" HPOS="568"/><SP WIDTH="7" VPOS="1374" HPOS="580"/><String STYLE="bold" WC="0.6200000048" CONTENT="la" HEIGHT="24" WIDTH="18" VPOS="1374" HPOS="588"/><SP WIDTH="8" VPOS="1382" HPOS="607"/><String STYLE="bold" WC="0.3133333325" CONTENT="vue" HEIGHT="17" WIDTH="43" VPOS="1382" HPOS="616"/><SP WIDTH="6" VPOS="1382" HPOS="660"/><String STYLE="bold" WC="0.6485714316" CONTENT="courte," HEIGHT="21" WIDTH="88" VPOS="1380" HPOS="667"/><SP WIDTH="41" VPOS="1386" HPOS="756"/><String STYLE="bold" WC="0.5" CONTENT="j" HEIGHT="21" WIDTH="5" VPOS="1387" HPOS="798"/></TextLine>
<TextLine HEIGHT="47" WIDTH="264" VPOS="1400" HPOS="508"><String STYLE="bold" WC="0.5" CONTENT="jy" HEIGHT="44" WIDTH="27" VPOS="1400" HPOS="508"/><SP WIDTH="13" VPOS="1413" HPOS="535"/><String STYLE="bold" WC="0.3872727156" CONTENT="puiflemieux" HEIGHT="35" WIDTH="154" VPOS="1406" HPOS="548"/><SP WIDTH="10" VPOS="1415" HPOS="702"/><String STYLE="bold" WC="0.4219999909" CONTENT="voir." HEIGHT="24" WIDTH="60" VPOS="1408" HPOS="712"/></TextLine>
</TextBlock>
<TextBlock ID="Page1_Block4" HEIGHT="443" WIDTH="412" VPOS="1435" HPOS="0" language="de" STYLEREFS="font1"><Shape><Polygon POINTS="10,1450 430,1450 430,1888 10,1888 10,1450"/></Shape>
<TextLine HEIGHT="61" WIDTH="275" VPOS="1440" HPOS="27" STYLEREFS="font2"><String WC="0.5400000215" CONTENT="^«i\" HEIGHT="38" WIDTH="67" VPOS="1440" HPOS="27"/><SP WIDTH="4" VPOS="1452" HPOS="95"/><String WC="0.3633333445" CONTENT="cannocchiäle" HEIGHT="29" WIDTH="171" VPOS="1462" HPOS="100"/><SP WIDTH="14" VPOS="1473" HPOS="272"/><String WC="0." CONTENT="9" HEIGHT="26" WIDTH="15" VPOS="1475" HPOS="287"/></TextLine>
<TextLine HEIGHT="70" WIDTH="410" VPOS="1497" HPOS="2"><String WC="0.3091666698" CONTENT="^Hronovedere" HEIGHT="57" WIDTH="202" VPOS="1497" HPOS="2"/><SP WIDTH="7" VPOS="1537" HPOS="204"/><String WC="0.5500000119" CONTENT="." HEIGHT="11" WIDTH="7" VPOS="1547" HPOS="212"/><SP WIDTH="6" VPOS="1529" HPOS="220"/><String WC="0.3549999893" CONTENT="di" HEIGHT="28" WIDTH="27" VPOS="1529" HPOS="227"/><SP WIDTH="1" VPOS="1528" HPOS="255"/><String STYLE="italics" STYLEREFS="font2" WC="0.5099999905" CONTENT="fernere," HEIGHT="36" WIDTH="114" VPOS="1528" HPOS="256"/><SP WIDTH="1" VPOS="1528" HPOS="371"/><String STYLE="italics" STYLEREFS="font2" WC="0.6100000143" CONTENT="Ja" HEIGHT="39" WIDTH="39" VPOS="1528" HPOS="372"/></TextLine>
<TextLine HEIGHT="55" WIDTH="269" VPOS="1540" HPOS="11"><String STYLE="superscript" WC="0.25" CONTENT="6" HEIGHT="17" WIDTH="9" VPOS="1540" HPOS="12"/><SP WIDTH="3" VPOS="1540" HPOS="22"/><String STYLE="superscript" WC="0.5400000215" CONTENT="c" HEIGHT="17" WIDTH="11" VPOS="1546" HPOS="26"/><String WC="0.2833333313" CONTENT="ofe" HEIGHT="29" WIDTH="33" VPOS="1544" HPOS="38"/><SP WIDTH="3" VPOS="1552" HPOS="72"/><String WC="0.2462500036" CONTENT="diftanti,discq/f" HEIGHT="43" WIDTH="193" VPOS="1552" HPOS="75"/><SP WIDTH="2" VPOS="1564" HPOS="268"/><String WC="0.1299999952" CONTENT="e" HEIGHT="19" WIDTH="13" VPOS="1571" HPOS="267"/></TextLine>
<TextLine HEIGHT="36" WIDTH="81" VPOS="1585" HPOS="64"><String WC="0.3942857087" CONTENT="vicine," HEIGHT="36" WIDTH="81" VPOS="1585" HPOS="64"/></TextLine>
<TextLine HEIGHT="59" WIDTH="288" VPOS="1604" HPOS="10"><String WC="0.349999994" CONTENT="^Uno" HEIGHT="32" WIDTH="61" VPOS="1604" HPOS="10"/><SP WIDTH="12" VPOS="1617" HPOS="72"/><String WC="0.3555555642" CONTENT="fpeitchio" HEIGHT="35" WIDTH="108" VPOS="1617" HPOS="85"/><SP WIDTH="5" VPOS="1636" HPOS="194"/><String WC="0.3339999914" CONTENT="ovale" HEIGHT="29" WIDTH="69" VPOS="1627" HPOS="200"/><SP WIDTH="9" VPOS="1635" HPOS="270"/><String WC="0.3899999857" CONTENT="4" HEIGHT="28" WIDTH="18" VPOS="1635" HPOS="280"/></TextLine>
<TextLine HEIGHT="46" WIDTH="110" VPOS="1631" HPOS="2"><String WC="0.1466666609" CONTENT="Npnlce" HEIGHT="46" WIDTH="110" VPOS="1631" HPOS="2"/></TextLine>
<TextLine HEIGHT="32" WIDTH="175" VPOS="1692" HPOS="87"><String WC="0.2599999905" CONTENT="m\" HEIGHT="20" WIDTH="32" VPOS="1692" HPOS="87"/><SP WIDTH="4" VPOS="1696" HPOS="120"/><String WC="0.3610000014" CONTENT="porchetto." HEIGHT="29" WIDTH="137" VPOS="1695" HPOS="125"/></TextLine>
<TextLine HEIGHT="48" WIDTH="335" VPOS="1711" HPOS="5"><String WC="0.25" CONTENT="tim" HEIGHT="36" WIDTH="36" VPOS="1711" HPOS="6"/><SP WIDTH="202" VPOS="1725" HPOS="42"/><String WC="0.25" CONTENT="dclfob" HEIGHT="31" WIDTH="96" VPOS="1728" HPOS="244"/></TextLine>
<TextLine HEIGHT="61" WIDTH="389" VPOS="1735" HPOS="20"><String STYLE="superscript" WC="0.1350000054" CONTENT="me" HEIGHT="26" WIDTH="33" VPOS="1735" HPOS="20"/><String WC="0.2460000068" CONTENT="Uendo" HEIGHT="32" WIDTH="81" VPOS="1746" HPOS="52"/><SP WIDTH="9" VPOS="1756" HPOS="133"/><String WC="0.4900000095" CONTENT="fopraun" HEIGHT="38" WIDTH="105" VPOS="1756" HPOS="143"/><SP WIDTH="6" VPOS="1769" HPOS="249"/><String WC="0.2579999864" CONTENT="vetro" HEIGHT="23" WIDTH="68" VPOS="1770" HPOS="256"/><SP WIDTH="7" VPOS="1776" HPOS="325"/><String WC="0.2700000107" CONTENT="o" HEIGHT="17" WIDTH="16" VPOS="1777" HPOS="333"/><SP WIDTH="6" VPOS="1775" HPOS="350"/><String WC="0.2099999934" CONTENT="cn»" HEIGHT="20" WIDTH="51" VPOS="1775" HPOS="357"/></TextLine>
<TextLine HEIGHT="72" WIDTH="405" VPOS="1790" HPOS="5"><String WC="1." CONTENT="^" HEIGHT="18" WIDTH="11" VPOS="1790" HPOS="6"/><String STYLE="superscript" WC="0.2349999994" CONTENT="Cc" HEIGHT="22" WIDTH="20" VPOS="1798" HPOS="17"/><String WC="0.4466666579" CONTENT="^i\doiio," HEIGHT="46" WIDTH="100" VPOS="1800" HPOS="38"/><SP WIDTH="6" VPOS="1827" HPOS="138"/><String STYLE="italics" STYLEREFS="font2" WC="0.545555532" CONTENT="appicidno" HEIGHT="33" WIDTH="130" VPOS="1825" HPOS="144"/><SP WIDTH="3" VPOS="1837" HPOS="274"/><String WC="0.5249999762" CONTENT="anco" HEIGHT="19" WIDTH="60" VPOS="1839" HPOS="278"/><SP WIDTH="5" VPOS="1831" HPOS="339"/><String WC="0.1700000018" CONTENT="dal" HEIGHT="30" WIDTH="39" VPOS="1831" HPOS="345"/><SP WIDTH="2" VPOS="1835" HPOS="385"/><String WC="0.1199999973" CONTENT="H" HEIGHT="26" WIDTH="21" VPOS="1836" HPOS="388"/></TextLine>
</TextBlock>
<TextBlock ID="Page1_Block5" HEIGHT="472" WIDTH="550" VPOS="1458" HPOS="499" language="de" STYLEREFS="font0"><Shape><Polygon POINTS="523,1467 1067,1467 1067,1932 523,1932 523,1467"/></Shape>
<TextLine HEIGHT="47" WIDTH="489" VPOS="1464" HPOS="551"><String STYLE="bold" WC="0.3333333433" CONTENT="Par" HEIGHT="27" WIDTH="42" VPOS="1471" HPOS="551"/><SP WIDTH="5" VPOS="1481" HPOS="594"/><String STYLE="bold" WC="0.6399999857" CONTENT="une" HEIGHT="18" WIDTH="43" VPOS="1481" HPOS="600"/><SP WIDTH="6" VPOS="1473" HPOS="644"/><String STYLE="bold" WC="0.6471428275" CONTENT="lunette" HEIGHT="26" WIDTH="85" VPOS="1473" HPOS="651"/><SP WIDTH="9" VPOS="1473" HPOS="737"/><String STYLE="bold" WC="1." CONTENT="d’" HEIGHT="25" WIDTH="20" VPOS="1473" HPOS="747"/><SP WIDTH="6" VPOS="1476" HPOS="768"/><String STYLE="bold" WC="0.5109090805" CONTENT="approchejd’" HEIGHT="39" WIDTH="154" VPOS="1470" HPOS="775"/><SP WIDTH="5" VPOS="1469" HPOS="930"/><String STYLE="bold italics" STYLEREFS="font1" WC="0.4714285731" CONTENT="Hollan-" HEIGHT="32" WIDTH="104" VPOS="1468" HPOS="936"/></TextLine>
<TextLine HEIGHT="41" WIDTH="530" VPOS="1498" HPOS="506"><String STYLE="bold" WC="0.2899999917" CONTENT="*" HEIGHT="17" WIDTH="7" VPOS="1502" HPOS="506"/><SP WIDTH="446" VPOS="1499" HPOS="513"/><String STYLE="bold italics" STYLEREFS="font1" WC="0.3266666532" CONTENT="[de" HEIGHT="34" WIDTH="49" VPOS="1504" HPOS="959"/><SP WIDTH="14" VPOS="1512" HPOS="1008"/><String STYLE="bold" WC="0.1700000018" CONTENT="3" HEIGHT="24" WIDTH="12" VPOS="1514" HPOS="1023"/></TextLine>
<TextLine HEIGHT="44" WIDTH="127" VPOS="1531" HPOS="507"><String STYLE="bold" WC="0.5149999857" CONTENT="|P" HEIGHT="42" WIDTH="25" VPOS="1531" HPOS="507"/><SP WIDTH="6" VPOS="1536" HPOS="533"/><String STYLE="bold" WC="0.5199999809" CONTENT="onvoid" HEIGHT="28" WIDTH="94" VPOS="1536" HPOS="540"/></TextLine>
<TextLine HEIGHT="35" WIDTH="263" VPOS="1570" HPOS="507"><String STYLE="bold" WC="0.4970000088" CONTENT="llcschofes" HEIGHT="27" WIDTH="132" VPOS="1571" HPOS="507"/><SP WIDTH="14" VPOS="1581" HPOS="639"/><String STYLE="bold" WC="0.5066666603" CONTENT="eloignees" HEIGHT="33" WIDTH="117" VPOS="1572" HPOS="653"/></TextLine>
<TextLine HEIGHT="42" WIDTH="336" VPOS="1597" HPOS="508"><String STYLE="bold" WC="0.5373333097" CONTENT="Icommevoifines," HEIGHT="36" WIDTH="220" VPOS="1597" HPOS="508"/><SP WIDTH="6" VPOS="1603" HPOS="729"/><String STYLE="bold italics" STYLEREFS="font1" WC="0.5550000072" CONTENT="depres" HEIGHT="36" WIDTH="90" VPOS="1603" HPOS="736"/><String STYLE="bold" WC="0.3300000131" CONTENT=";" HEIGHT="22" WIDTH="9" VPOS="1614" HPOS="835"/></TextLine>
<TextLine HEIGHT="39" WIDTH="289" VPOS="1636" HPOS="509"><String STYLE="bold" WC="0.2599999905" CONTENT="!" HEIGHT="28" WIDTH="4" VPOS="1636" HPOS="510"/><SP WIDTH="6" VPOS="1636" HPOS="515"/><String STYLE="bold" WC="0.1650000066" CONTENT="dans" HEIGHT="27" WIDTH="56" VPOS="1641" HPOS="522"/><SP WIDTH="6" VPOS="1651" HPOS="579"/><String STYLE="bold" WC="0.4300000072" CONTENT="nn" HEIGHT="15" WIDTH="30" VPOS="1651" HPOS="586"/><SP WIDTH="6" VPOS="1651" HPOS="617"/><String STYLE="bold" WC="0.5350000262" CONTENT="miroir" HEIGHT="25" WIDTH="83" VPOS="1644" HPOS="624"/><SP WIDTH="6" VPOS="1653" HPOS="708"/><String STYLE="bold" WC="0.3449999988" CONTENT="cval" HEIGHT="26" WIDTH="54" VPOS="1642" HPOS="715"/><SP WIDTH="12" VPOS="1642" HPOS="769"/><String STYLE="bold" WC="0.4600000083" CONTENT="4" HEIGHT="24" WIDTH="17" VPOS="1651" HPOS="781"/></TextLine>
<TextLine HEIGHT="38" WIDTH="311" VPOS="1674" HPOS="516"><String STYLE="bold" WC="0.5024999976" CONTENT="vous" HEIGHT="19" WIDTH="56" VPOS="1682" HPOS="516"/><SP WIDTH="14" VPOS="1675" HPOS="573"/><String STYLE="bold" WC="0.4088888764" CONTENT="diriczqu*" HEIGHT="36" WIDTH="118" VPOS="1675" HPOS="588"/><SP WIDTH="6" VPOS="1681" HPOS="707"/><String STYLE="bold" WC="0.8766666651" CONTENT="une" HEIGHT="17" WIDTH="42" VPOS="1686" HPOS="714"/><SP WIDTH="11" VPOS="1684" HPOS="757"/><String STYLE="bold" WC="0.2574999928" CONTENT="puce" HEIGHT="29" WIDTH="58" VPOS="1682" HPOS="769"/></TextLine>
<TextLine HEIGHT="29" WIDTH="261" VPOS="1708" HPOS="518"><String WC="0.3633333445" CONTENT="eft" HEIGHT="25" WIDTH="30" VPOS="1709" HPOS="518"/><SP WIDTH="7" VPOS="1710" HPOS="549"/><String STYLE="bold" WC="0.6399999857" CONTENT="un" HEIGHT="16" WIDTH="30" VPOS="1717" HPOS="557"/><SP WIDTH="7" VPOS="1717" HPOS="588"/><String STYLE="bold" WC="0.9066666961" CONTENT="cochon" HEIGHT="26" WIDTH="94" VPOS="1709" HPOS="596"/><SP WIDTH="6" VPOS="1711" HPOS="691"/><String STYLE="bold" WC="0.6349999905" CONTENT="de" HEIGHT="25" WIDTH="29" VPOS="1711" HPOS="698"/><SP WIDTH="4" VPOS="1711" HPOS="728"/><String STYLE="bold" WC="0.3799999952" CONTENT="lait-" HEIGHT="26" WIDTH="46" VPOS="1711" HPOS="733"/></TextLine>
<TextLine HEIGHT="37" WIDTH="261" VPOS="1741" HPOS="548"><String STYLE="bold" WC="0.7966666818" CONTENT="Les" HEIGHT="24" WIDTH="46" VPOS="1742" HPOS="548"/><SP WIDTH="12" VPOS="1750" HPOS="594"/><String STYLE="bold" WC="0.3000000119" CONTENT="rayons" HEIGHT="26" WIDTH="84" VPOS="1750" HPOS="607"/><SP WIDTH="15" VPOS="1744" HPOS="692"/><String STYLE="bold" WC="0.2800000012" CONTENT="du" HEIGHT="24" WIDTH="31" VPOS="1745" HPOS="707"/><SP WIDTH="9" VPOS="1745" HPOS="738"/><String STYLE="bold" WC="0.4416666627" CONTENT="foleil" HEIGHT="27" WIDTH="62" VPOS="1743" HPOS="747"/></TextLine>
<TextLine HEIGHT="36" WIDTH="517" VPOS="1773" HPOS="519"><String STYLE="bold" WC="0.417368412" CONTENT="donnans,revcrberans" HEIGHT="33" WIDTH="261" VPOS="1773" HPOS="519"/><SP WIDTH="6" VPOS="1778" HPOS="781"/><String STYLE="bold" WC="0.2933333218" CONTENT="für" HEIGHT="24" WIDTH="36" VPOS="1778" HPOS="788"/><SP WIDTH="4" VPOS="1787" HPOS="825"/><String STYLE="bold" WC="0.1400000006" CONTENT="nn" HEIGHT="18" WIDTH="30" VPOS="1787" HPOS="830"/><SP WIDTH="6" VPOS="1789" HPOS="861"/><String STYLE="bold" WC="0.2528571486" CONTENT="crifta!" HEIGHT="26" WIDTH="73" VPOS="1779" HPOS="868"/><SP WIDTH="6" VPOS="1780" HPOS="942"/><String STYLE="bold" WC="0.2150000036" CONTENT="ou" HEIGHT="16" WIDTH="31" VPOS="1788" HPOS="949"/><SP WIDTH="6" VPOS="1789" HPOS="981"/><String STYLE="bold" WC="0.6399999857" CONTENT="ver-" HEIGHT="17" WIDTH="48" VPOS="1789" HPOS="988"/></TextLine>
<TextLine HEIGHT="37" WIDTH="188" VPOS="1811" HPOS="844"><String STYLE="bold" WC="0.2899999917" CONTENT="[" HEIGHT="33" WIDTH="14" VPOS="1812" HPOS="844"/><SP WIDTH="10" VPOS="1812" HPOS="858"/><String STYLE="bold" WC="0.3650000095" CONTENT="re" HEIGHT="17" WIDTH="24" VPOS="1820" HPOS="868"/><SP WIDTH="13" VPOS="1813" HPOS="892"/><String STYLE="bold" WC="0.3466666639" CONTENT="brillant," HEIGHT="29" WIDTH="100" VPOS="1812" HPOS="905"/><SP WIDTH="17" VPOS="1821" HPOS="1005"/><String STYLE="bold" WC="0.4300000072" CONTENT="5" HEIGHT="23" WIDTH="10" VPOS="1822" HPOS="1022"/></TextLine>
<TextLine HEIGHT="37" WIDTH="307" VPOS="1837" HPOS="518"><String STYLE="bold" WC="0.3616666794" CONTENT="allumentmeme" HEIGHT="32" WIDTH="191" VPOS="1837" HPOS="518"/><SP WIDTH="15" VPOS="1843" HPOS="710"/><String STYLE="bold" WC="0.645714283" CONTENT="dubois," HEIGHT="31" WIDTH="99" VPOS="1843" HPOS="726"/></TextLine>
<TextLine HEIGHT="51" WIDTH="493" VPOS="1873" HPOS="545" STYLEREFS="font6"><String WC="0." CONTENT="v" HEIGHT="33" WIDTH="29" VPOS="1874" HPOS="546"/><SP WIDTH="377" VPOS="1874" HPOS="575"/><String WC="0.4174999893" CONTENT="Ebr." HEIGHT="46" WIDTH="86" VPOS="1878" HPOS="952"/></TextLine>
</TextBlock><GraphicalElement ID="Page1_Block6" HEIGHT="23" WIDTH="383" VPOS="196" HPOS="10"/><GraphicalElement ID="Page1_Block7" HEIGHT="12" WIDTH="340" VPOS="210" HPOS="723"/><GraphicalElement ID="Page1_Block8" HEIGHT="6" WIDTH="239" VPOS="212" HPOS="392"/><GraphicalElement ID="Page1_Block9" HEIGHT="13" WIDTH="399" VPOS="1081" HPOS="644"/><GraphicalElement ID="Page1_Block10" HEIGHT="13" WIDTH="434" VPOS="1078" HPOS="129"/><GraphicalElement ID="Page1_Block11" HEIGHT="175" WIDTH="9" VPOS="1679" HPOS="505"/>
</PrintSpace>
</Page>
</Layout>
</alto>