﻿<?xml version="1.0" encoding="UTF-8" standalone="yes"?>
<alto xmlns="http://www.loc.gov/standards/alto/ns-v2#" xmlns:xlink="http://www.w3.org/1999/xlink" xmlns:xsi="http://www.w3.org/2001/XMLSchema-instance" xsi:schemaLocation="http://www.loc.gov/standards/alto/ns-v2# http://www.loc.gov/standards/alto/alto-v2.0.xsd">
<Description>
<MeasurementUnit>pixel</MeasurementUnit>
<OCRProcessing ID="IdOcr"><ocrProcessingStep><processingDateTime>2017-03-20</processingDateTime><processingSoftware><softwareCreator>ABBYY</softwareCreator><softwareName>ABBYY FineReader Engine</softwareName><softwareVersion>11</softwareVersion></processingSoftware></ocrProcessingStep></OCRProcessing>
</Description>
<Styles><TextStyle ID="font0" FONTFAMILY="Arial" FONTSIZE="9"/><TextStyle ID="font1" FONTFAMILY="Times New Roman" FONTSIZE="9"/><TextStyle ID="font2" FONTFAMILY="Times New Roman" FONTSIZE="10"/><TextStyle ID="font3" FONTFAMILY="Times New Roman" FONTSIZE="12"/><TextStyle ID="font4" FONTFAMILY="Times New Roman" FONTSIZE="13"/><TextStyle ID="font5" FONTFAMILY="Times New Roman" FONTSIZE="14"/><TextStyle ID="font6" FONTFAMILY="Times New Roman" FONTSIZE="20"/><TextStyle ID="font7" FONTFAMILY="Times New Roman" FONTSIZE="25"/>
</Styles>
<Layout>
<Page ID="Page1" PHYSICAL_IMG_NR="1" HEIGHT="2045" WIDTH="1240">
<TopMargin HEIGHT="106" WIDTH="1240" VPOS="0" HPOS="0">
</TopMargin>
<LeftMargin HEIGHT="1794" WIDTH="12" VPOS="106" HPOS="0">
</LeftMargin>
<RightMargin HEIGHT="1794" WIDTH="210" VPOS="106" HPOS="1030">
</RightMargin>
<BottomMargin HEIGHT="145" WIDTH="1240" VPOS="1900" HPOS="0">
</BottomMargin>
<PrintSpace HEIGHT="1794" WIDTH="1018" VPOS="106" HPOS="12">
<TextBlock ID="Page1_Block1" HEIGHT="1098" WIDTH="1018" VPOS="106" HPOS="12" language="de" STYLEREFS="font3">
<TextLine HEIGHT="64" WIDTH="758" VPOS="112" HPOS="30" STYLEREFS="font4"><String STYLE="bold underline" STYLEREFS="font3" WC="0.6600000262" CONTENT="-E:A:(" HEIGHT="44" WIDTH="201" VPOS="118" HPOS="256"/><SP WIDTH="30" VPOS="118" HPOS="458"/><String STYLE="bold underline" STYLEREFS="font3" WC="0.4099999964" CONTENT="fa" HEIGHT="31" WIDTH="43" VPOS="128" HPOS="489"/><String STYLE="subscript underline" STYLEREFS="font3" WC="0.4199999869" CONTENT="9" HEIGHT="32" WIDTH="20" VPOS="129" HPOS="537"/><SP WIDTH="26" VPOS="115" HPOS="558"/><String STYLE="bold underline" STYLEREFS="font3" WC="0.5799999833" CONTENT="):GrM" HEIGHT="47" WIDTH="203" VPOS="112" HPOS="585"/></TextLine>
<TextLine HEIGHT="53" WIDTH="261" VPOS="182" HPOS="399" STYLEREFS="font7"><String WC="0.6650000215" CONTENT="cxxxv." HEIGHT="53" WIDTH="261" VPOS="182" HPOS="399"/></TextLine>
<TextLine HEIGHT="52" WIDTH="565" VPOS="248" HPOS="229" STYLEREFS="font4"><String STYLE="bold" WC="0.625" CONTENT="l." HEIGHT="32" WIDTH="26" VPOS="256" HPOS="229"/><SP WIDTH="8" VPOS="252" HPOS="256"/><String STYLE="bold" WC="0.3937500119" CONTENT="Csrintd." HEIGHT="45" WIDTH="170" VPOS="252" HPOS="265"/><SP WIDTH="10" VPOS="252" HPOS="436"/><String STYLE="bold" WC="0.4449999928" CONTENT="Lap." HEIGHT="48" WIDTH="96" VPOS="252" HPOS="447"/><SP WIDTH="17" VPOS="254" HPOS="544"/><String STYLE="bold" WC="0.7400000095" CONTENT="IX." HEIGHT="35" WIDTH="56" VPOS="254" HPOS="562"/><SP WIDTH="13" VPOS="264" HPOS="619"/><String STYLE="bold" WC="0.4140000045" CONTENT="vers." HEIGHT="46" WIDTH="91" VPOS="248" HPOS="633"/><SP WIDTH="8" VPOS="262" HPOS="725"/><String STYLEREFS="font3" WC="0.6949999928" CONTENT="24" HEIGHT="33" WIDTH="46" VPOS="262" HPOS="734"/><String STYLE="bold" WC="0.7799999714" CONTENT="." HEIGHT="12" WIDTH="11" VPOS="277" HPOS="783"/></TextLine>
<TextLine HEIGHT="75" WIDTH="925" VPOS="297" HPOS="99" STYLEREFS="font6"><String STYLE="bold" WC="0.6116666794" CONTENT="Wisset" HEIGHT="66" WIDTH="170" VPOS="302" HPOS="99"/><SP WIDTH="21" VPOS="305" HPOS="270"/><String STYLE="bold" WC="0.6000000238" CONTENT="ihr" HEIGHT="65" WIDTH="72" VPOS="307" HPOS="292"/><SP WIDTH="18" VPOS="319" HPOS="365"/><String STYLE="bold" WC="0.3840000033" CONTENT="nicht" HEIGHT="61" WIDTH="120" VPOS="305" HPOS="384"/><SP WIDTH="13" VPOS="309" HPOS="505"/><String STYLE="bold" WC="1." CONTENT="/" HEIGHT="46" WIDTH="25" VPOS="313" HPOS="519"/><SP WIDTH="28" VPOS="305" HPOS="545"/><String STYLE="bold" WC="0.4833333194" CONTENT="daß" HEIGHT="65" WIDTH="94" VPOS="301" HPOS="574"/><SP WIDTH="23" VPOS="301" HPOS="669"/><String STYLE="bold" WC="0.3533333242" CONTENT="die" HEIGHT="56" WIDTH="66" VPOS="298" HPOS="693"/><SP WIDTH="9" VPOS="307" HPOS="760"/><String STYLE="bold" WC="1." CONTENT="/" HEIGHT="46" WIDTH="28" VPOS="307" HPOS="770"/><SP WIDTH="15" VPOS="297" HPOS="799"/><String STYLE="bold" WC="0.2849999964" CONTENT="so" HEIGHT="65" WIDTH="45" VPOS="297" HPOS="815"/><SP WIDTH="7" VPOS="302" HPOS="861"/><String STYLE="bold" WC="0.5299999714" CONTENT="in" HEIGHT="58" WIDTH="48" VPOS="302" HPOS="869"/><SP WIDTH="19" VPOS="311" HPOS="918"/><String STYLE="bold" WC="0.3333333433" CONTENT="den" HEIGHT="54" WIDTH="86" VPOS="311" HPOS="938"/></TextLine>
<TextLine HEIGHT="74" WIDTH="994" VPOS="365" HPOS="26" STYLEREFS="font6"><String STYLE="bold" WC="0.453333348" CONTENT="Schranckm" HEIGHT="64" WIDTH="305" VPOS="371" HPOS="26"/><SP WIDTH="14" VPOS="374" HPOS="332"/><String STYLE="bold" WC="0.7337499857" CONTENT="lauffen/" HEIGHT="66" WIDTH="201" VPOS="373" HPOS="347"/><SP WIDTH="9" VPOS="372" HPOS="549"/><String STYLE="bold" WC="0.573333323" CONTENT="die" HEIGHT="55" WIDTH="66" VPOS="371" HPOS="559"/><SP WIDTH="12" VPOS="373" HPOS="626"/><String STYLE="bold" WC="0.5614285469" CONTENT="lauffen" HEIGHT="68" WIDTH="165" VPOS="365" HPOS="639"/><SP WIDTH="11" VPOS="376" HPOS="805"/><String STYLE="bold" WC="0.462500006" CONTENT="zwar" HEIGHT="55" WIDTH="127" VPOS="376" HPOS="817"/><SP WIDTH="10" VPOS="389" HPOS="945"/><String STYLE="bold" WC="0.5350000262" CONTENT="al" HEIGHT="52" WIDTH="48" VPOS="381" HPOS="956" SUBS_TYPE="HypPart1" SUBS_CONTENT="alle"/><HYP CONTENT="­"/></TextLine>
<TextLine HEIGHT="75" WIDTH="992" VPOS="433" HPOS="28" STYLEREFS="font6"><String STYLE="bold" WC="0.6100000143" CONTENT="le" HEIGHT="53" WIDTH="39" VPOS="440" HPOS="28" SUBS_TYPE="HypPart2" SUBS_CONTENT="alle"/><SP WIDTH="30" VPOS="453" HPOS="68"/><String STYLE="bold" WC="1." CONTENT=";" HEIGHT="47" WIDTH="15" VPOS="456" HPOS="99"/><SP WIDTH="30" VPOS="455" HPOS="115"/><String STYLE="bold" WC="0.5249999762" CONTENT="aber" HEIGHT="58" WIDTH="107" VPOS="443" HPOS="146"/><SP WIDTH="30" VPOS="456" HPOS="254"/><String STYLE="bold" WC="0.5180000067" CONTENT="einer" HEIGHT="55" WIDTH="119" VPOS="447" HPOS="285"/><SP WIDTH="21" VPOS="455" HPOS="405"/><String STYLE="bold" WC="0.6399999857" CONTENT="erlanget" HEIGHT="64" WIDTH="212" VPOS="441" HPOS="427"/><SP WIDTH="18" VPOS="443" HPOS="640"/><String STYLE="bold" WC="0.7066666484" CONTENT="das" HEIGHT="52" WIDTH="93" VPOS="443" HPOS="659"/><SP WIDTH="20" VPOS="433" HPOS="753"/><String STYLE="bold" WC="0.4774999917" CONTENT="Kleinod?" HEIGHT="75" WIDTH="246" VPOS="433" HPOS="774"/></TextLine>
<TextLine HEIGHT="70" WIDTH="990" VPOS="509" HPOS="26" STYLEREFS="font6"><String STYLE="bold" WC="0.3885714412" CONTENT="Lauffet" HEIGHT="70" WIDTH="179" VPOS="509" HPOS="26"/><SP WIDTH="16" VPOS="517" HPOS="206"/><String STYLE="bold" WC="0.6333333254" CONTENT="nun" HEIGHT="45" WIDTH="95" VPOS="525" HPOS="223"/><SP WIDTH="20" VPOS="527" HPOS="319"/><String STYLE="bold" WC="0.8725000024" CONTENT="also" HEIGHT="66" WIDTH="95" VPOS="511" HPOS="340"/><SP WIDTH="11" VPOS="521" HPOS="436"/><String STYLE="bold" WC="1." CONTENT="/" HEIGHT="50" WIDTH="25" VPOS="521" HPOS="448"/><SP WIDTH="22" VPOS="514" HPOS="474"/><String STYLE="bold" WC="0.473333329" CONTENT="daß" HEIGHT="64" WIDTH="94" VPOS="510" HPOS="497"/><SP WIDTH="19" VPOS="510" HPOS="592"/><String STYLE="bold" WC="0.3566666543" CONTENT="ihr" HEIGHT="65" WIDTH="75" VPOS="510" HPOS="612"/><SP WIDTH="17" VPOS="524" HPOS="688"/><String STYLE="bold" WC="0.6499999762" CONTENT="es" HEIGHT="49" WIDTH="50" VPOS="515" HPOS="706"/><SP WIDTH="21" VPOS="515" HPOS="757"/><String STYLE="bold" WC="0.5963636637" CONTENT="ergreiffet." HEIGHT="64" WIDTH="237" VPOS="512" HPOS="779"/></TextLine>
<TextLine HEIGHT="60" WIDTH="934" VPOS="580" HPOS="82"><String STYLE="italics" WC="0.363846153" CONTENT="Nejcitis,qubd" HEIGHT="56" WIDTH="266" VPOS="583" HPOS="82"/><SP WIDTH="12" VPOS="582" HPOS="349"/><String STYLE="italics" WC="0.7149999738" CONTENT="hi" HEIGHT="41" WIDTH="41" VPOS="582" HPOS="362"/><String STYLE="subscript italics" WC="0.3000000119" CONTENT="t" HEIGHT="18" WIDTH="14" VPOS="616" HPOS="401"/><SP WIDTH="11" VPOS="598" HPOS="416"/><String STYLE="italics" WC="0.7766666412" CONTENT="qui" HEIGHT="56" WIDTH="66" VPOS="584" HPOS="428"/><SP WIDTH="16" VPOS="583" HPOS="495"/><String STYLE="italics" WC="0.5" CONTENT="in" HEIGHT="38" WIDTH="41" VPOS="583" HPOS="512"/><SP WIDTH="18" VPOS="581" HPOS="554"/><String STYLE="italics" WC="0.5849999785" CONTENT="flddio" HEIGHT="47" WIDTH="117" VPOS="580" HPOS="573"/><SP WIDTH="19" VPOS="595" HPOS="691"/><String STYLE="italics" WC="0.4875000119" CONTENT="currunt," HEIGHT="32" WIDTH="168" VPOS="586" HPOS="711"/><SP WIDTH="13" VPOS="592" HPOS="880"/><String STYLE="italics" WC="0.4939999878" CONTENT="omnes" HEIGHT="33" WIDTH="122" VPOS="592" HPOS="894"/></TextLine>
<TextLine HEIGHT="59" WIDTH="988" VPOS="633" HPOS="29"><String STYLE="italics" WC="0.2916666567" CONTENT="quidem" HEIGHT="48" WIDTH="145" VPOS="640" HPOS="29"/><SP WIDTH="16" VPOS="656" HPOS="175"/><String STYLE="italics" WC="0.5428571701" CONTENT="currunt" HEIGHT="28" WIDTH="160" VPOS="652" HPOS="192"/><String STYLE="bold" WC="0.4699999988" CONTENT=";" HEIGHT="37" WIDTH="12" VPOS="652" HPOS="369"/><SP WIDTH="24" VPOS="642" HPOS="382"/><String STYLE="italics" WC="0.75" CONTENT="fed" HEIGHT="52" WIDTH="65" VPOS="640" HPOS="407"/><SP WIDTH="15" VPOS="640" HPOS="473"/><String STYLE="italics" WC="0.3333333433" CONTENT="unm" HEIGHT="26" WIDTH="95" VPOS="651" HPOS="489"/><SP WIDTH="10" VPOS="651" HPOS="585"/><String STYLE="italics" WC="0.6700000167" CONTENT="accipit" HEIGHT="52" WIDTH="134" VPOS="638" HPOS="596"/><SP WIDTH="19" VPOS="634" HPOS="731"/><String STYLE="italics" WC="0.5242857337" CONTENT="brdbeum" HEIGHT="43" WIDTH="170" VPOS="633" HPOS="751"/><SP WIDTH="8" VPOS="639" HPOS="922"/><String STYLE="italics" WC="0.7300000191" CONTENT="?" HEIGHT="34" WIDTH="19" VPOS="639" HPOS="931"/><SP WIDTH="8" VPOS="639" HPOS="951"/><String STYLE="bold italics" WC="0.4699999988" CONTENT="sic" HEIGHT="38" WIDTH="57" VPOS="645" HPOS="960"/></TextLine>
<TextLine HEIGHT="58" WIDTH="550" VPOS="695" HPOS="32"><String STYLE="italics" WC="0.6812499762" CONTENT="currite," HEIGHT="43" WIDTH="150" VPOS="699" HPOS="32"/><SP WIDTH="11" VPOS="713" HPOS="183"/><String STYLE="italics" WC="0.4099999964" CONTENT="ut" HEIGHT="28" WIDTH="44" VPOS="709" HPOS="195"/><SP WIDTH="18" VPOS="709" HPOS="240"/><String STYLE="italics" WC="0.5521428585" CONTENT="comprebendatis" HEIGHT="58" WIDTH="309" VPOS="695" HPOS="259"/><String STYLE="bold" WC="0.25" CONTENT="." HEIGHT="12" WIDTH="11" VPOS="722" HPOS="571"/></TextLine>
<TextLine HEIGHT="63" WIDTH="933" VPOS="746" HPOS="79" STYLEREFS="font4"><String STYLE="bold" WC="0.7366666794" CONTENT="Nonfapete" HEIGHT="53" WIDTH="248" VPOS="756" HPOS="79"/><SP WIDTH="20" VPOS="767" HPOS="328"/><String STYLE="bold" WC="0.5966666937" CONTENT="voi" HEIGHT="40" WIDTH="72" VPOS="752" HPOS="349"/><SP WIDTH="12" VPOS="752" HPOS="422"/><String STYLE="bold" WC="0.6524999738" CONTENT=",che" HEIGHT="52" WIDTH="104" VPOS="747" HPOS="435"/><SP WIDTH="21" VPOS="759" HPOS="540"/><String STYLE="bold" WC="0.4955555499" CONTENT="colörothe" HEIGHT="45" WIDTH="243" VPOS="748" HPOS="562"/><SP WIDTH="18" VPOS="761" HPOS="806"/><String STYLE="bold" WC="0.3737500012" CONTENT="cörroiio" HEIGHT="48" WIDTH="187" VPOS="746" HPOS="825"/></TextLine>
<TextLine HEIGHT="60" WIDTH="987" VPOS="802" HPOS="27" STYLEREFS="font4"><String STYLE="bold" WC="0.1966666728" CONTENT="New" HEIGHT="45" WIDTH="97" VPOS="806" HPOS="27"/><SP WIDTH="16" VPOS="806" HPOS="125"/><String STYLE="bold" WC="0.6285714507" CONTENT="aringo," HEIGHT="50" WIDTH="176" VPOS="812" HPOS="142"/><SP WIDTH="17" VPOS="818" HPOS="319"/><String STYLE="bold" WC="0.5199999809" CONTENT="c6rrono" HEIGHT="40" WIDTH="184" VPOS="806" HPOS="337"/><SP WIDTH="10" VPOS="802" HPOS="522"/><String STYLE="bold" WC="0.25" CONTENT="den" HEIGHT="47" WIDTH="84" VPOS="802" HPOS="533"/><SP WIDTH="11" VPOS="819" HPOS="618"/><String STYLE="bold" WC="0.4333333373" CONTENT="tutti," HEIGHT="49" WIDTH="122" VPOS="810" HPOS="630"/><SP WIDTH="18" VPOS="826" HPOS="753"/><String STYLE="bold" WC="0.2150000036" CONTENT="mä" HEIGHT="45" WIDTH="68" VPOS="807" HPOS="772"/><SP WIDTH="14" VPOS="807" HPOS="841"/><String STYLE="bold" WC="0.2549999952" CONTENT="un" HEIGHT="30" WIDTH="58" VPOS="817" HPOS="856"/><SP WIDTH="11" VPOS="807" HPOS="915"/><String STYLE="bold" WC="0.4975000024" CONTENT="folo" HEIGHT="45" WIDTH="87" VPOS="807" HPOS="927"/></TextLine>
<TextLine HEIGHT="58" WIDTH="988" VPOS="862" HPOS="27" STYLEREFS="font4"><String STYLE="bold" WC="0.2450000048" CONTENT="ne" HEIGHT="32" WIDTH="51" VPOS="869" HPOS="27"/><SP WIDTH="20" VPOS="874" HPOS="79"/><String STYLE="bold" WC="0.5419999957" CONTENT="porta" HEIGHT="43" WIDTH="122" VPOS="877" HPOS="100"/><SP WIDTH="11" VPOS="867" HPOS="223"/><String STYLE="bold" WC="0.5149999857" CONTENT="il" HEIGHT="37" WIDTH="26" VPOS="866" HPOS="235"/><SP WIDTH="12" VPOS="866" HPOS="262"/><String STYLE="bold" WC="0.8080000281" CONTENT="pälio" HEIGHT="55" WIDTH="120" VPOS="862" HPOS="275"/><SP WIDTH="28" VPOS="865" HPOS="396"/><String STYLE="bold" WC="0.7200000286" CONTENT="?" HEIGHT="38" WIDTH="11" VPOS="865" HPOS="425"/><SP WIDTH="30" VPOS="865" HPOS="437"/><String STYLE="bold" WC="0.6942856908" CONTENT="correte" HEIGHT="32" WIDTH="163" VPOS="875" HPOS="468"/><SP WIDTH="11" VPOS="867" HPOS="632"/><String STYLE="bold" WC="0.4199999869" CONTENT="in" HEIGHT="40" WIDTH="45" VPOS="867" HPOS="644"/><SP WIDTH="11" VPOS="879" HPOS="690"/><String STYLE="bold" WC="0.4799999893" CONTENT="modo," HEIGHT="48" WIDTH="150" VPOS="867" HPOS="702"/><SP WIDTH="10" VPOS="875" HPOS="853"/><String STYLE="bold" WC="0.853333354" CONTENT="che" HEIGHT="44" WIDTH="77" VPOS="862" HPOS="864"/><SP WIDTH="17" VPOS="877" HPOS="942"/><String STYLE="bold" WC="0.6949999928" CONTENT="ne" HEIGHT="31" WIDTH="55" VPOS="877" HPOS="960"/></TextLine>
<TextLine HEIGHT="59" WIDTH="373" VPOS="915" HPOS="26" STYLEREFS="font4"><String STYLE="bold" WC="0.5631250143" CONTENT="portiäteilpälio." HEIGHT="59" WIDTH="373" VPOS="915" HPOS="26"/></TextLine>
<TextLine HEIGHT="63" WIDTH="947" VPOS="976" HPOS="70"><String STYLE="italics" WC="0.6000000238" CONTENT="Ne" HEIGHT="30" WIDTH="55" VPOS="985" HPOS="70"/><SP WIDTH="15" VPOS="980" HPOS="126"/><String STYLE="italics" WC="0.5254545212" CONTENT="fa&lt;ve&amp;-&apos;VQM" HEIGHT="48" WIDTH="238" VPOS="980" HPOS="142"/><SP WIDTH="13" VPOS="991" HPOS="381"/><String STYLE="italics" WC="0.7133333087" CONTENT="pas" HEIGHT="41" WIDTH="67" VPOS="991" HPOS="395"/><String STYLE="bold" WC="0.75" CONTENT="," HEIGHT="15" WIDTH="9" VPOS="1008" HPOS="472"/><SP WIDTH="20" VPOS="996" HPOS="482"/><String STYLE="italics" WC="7.00000003e-002" CONTENT="que" HEIGHT="41" WIDTH="68" VPOS="996" HPOS="503"/><SP WIDTH="19" VPOS="998" HPOS="572"/><String STYLE="italics" WC="0.3359999955" CONTENT="quand" HEIGHT="58" WIDTH="130" VPOS="981" HPOS="592"/><SP WIDTH="13" VPOS="981" HPOS="723"/><String STYLE="italics" WC="0.4149999917" CONTENT="on" HEIGHT="24" WIDTH="48" VPOS="997" HPOS="737"/><SP WIDTH="9" VPOS="997" HPOS="786"/><String STYLE="italics" WC="0.7316666842" CONTENT="court," HEIGHT="30" WIDTH="114" VPOS="990" HPOS="796"/><SP WIDTH="9" VPOS="976" HPOS="911"/><String STYLE="italics" WC="0.5350000262" CONTENT="dnns" HEIGHT="44" WIDTH="96" VPOS="976" HPOS="921"/></TextLine>
<TextLine HEIGHT="69" WIDTH="991" VPOS="1023" HPOS="23"><String STYLE="italics" WC="0.3249999881" CONTENT="ln" HEIGHT="38" WIDTH="39" VPOS="1023" HPOS="23"/><SP WIDTH="19" VPOS="1040" HPOS="63"/><String STYLE="italics" WC="0.7350000143" CONTENT="carriere" HEIGHT="34" WIDTH="160" VPOS="1037" HPOS="83"/><SP WIDTH="16" VPOS="1044" HPOS="244"/><String STYLE="italics" WC="0.4766666591" CONTENT="tom" HEIGHT="26" WIDTH="82" VPOS="1044" HPOS="261"/><String STYLE="subscript italics" WC="0.25" CONTENT="s" HEIGHT="17" WIDTH="12" VPOS="1064" HPOS="345"/><SP WIDTH="14" VPOS="1049" HPOS="358"/><String STYLE="italics" WC="0.6471428275" CONTENT="courent" HEIGHT="28" WIDTH="153" VPOS="1049" HPOS="373"/><String STYLE="bold" WC="0.6100000143" CONTENT="," HEIGHT="14" WIDTH="8" VPOS="1070" HPOS="537"/><SP WIDTH="22" VPOS="1059" HPOS="546"/><String STYLE="italics" WC="0.3933333457" CONTENT="mau" HEIGHT="25" WIDTH="93" VPOS="1056" HPOS="569"/><SP WIDTH="12" VPOS="1055" HPOS="663"/><String STYLE="italics" WC="0.3400000036" CONTENT="un" HEIGHT="24" WIDTH="52" VPOS="1054" HPOS="676"/><SP WIDTH="4" VPOS="1040" HPOS="729"/><String STYLE="italics" WC="0.4350000024" CONTENT="jeul" HEIGHT="54" WIDTH="90" VPOS="1038" HPOS="734"/><SP WIDTH="10" VPOS="1038" HPOS="825"/><String STYLE="italics" WC="0.4600000083" CONTENT="remporte" HEIGHT="42" WIDTH="178" VPOS="1045" HPOS="836"/></TextLine>
<TextLine HEIGHT="70" WIDTH="991" VPOS="1080" HPOS="23"><String STYLE="italics" WC="0.4799999893" CONTENT="le" HEIGHT="41" WIDTH="34" VPOS="1080" HPOS="23"/><SP WIDTH="9" VPOS="1094" HPOS="58"/><String STYLE="italics" WC="0.7799999714" CONTENT="prix" HEIGHT="51" WIDTH="90" VPOS="1088" HPOS="68"/><SP WIDTH="8" VPOS="1091" HPOS="159"/><String STYLE="italics" WC="0.6899999976" CONTENT="?" HEIGHT="32" WIDTH="16" VPOS="1091" HPOS="168"/><SP WIDTH="10" VPOS="1091" HPOS="185"/><String STYLE="italics" WC="0.5942857265" CONTENT="ccurez," HEIGHT="23" WIDTH="132" VPOS="1103" HPOS="196"/><SP WIDTH="10" VPOS="1089" HPOS="329"/><String STYLE="italics" WC="0.4149999917" CONTENT="donc" HEIGHT="43" WIDTH="91" VPOS="1089" HPOS="340"/><SP WIDTH="10" VPOS="1095" HPOS="432"/><String STYLE="italics" WC="0.1299999952" CONTENT="de" HEIGHT="41" WIDTH="45" VPOS="1095" HPOS="443"/><SP WIDTH="8" VPOS="1109" HPOS="489"/><String STYLE="italics" WC="0.5759999752" CONTENT="teile" HEIGHT="40" WIDTH="84" VPOS="1100" HPOS="498"/><SP WIDTH="20" VPOS="1096" HPOS="583"/><String STYLE="italics" WC="0.4819999933" CONTENT="forte" HEIGHT="54" WIDTH="96" VPOS="1096" HPOS="604"/><String STYLE="bold" WC="0.8299999833" CONTENT="," HEIGHT="14" WIDTH="9" VPOS="1124" HPOS="711"/><SP WIDTH="12" VPOS="1111" HPOS="721"/><String STYLE="italics" WC="3.333333507e-002" CONTENT="que" HEIGHT="42" WIDTH="67" VPOS="1108" HPOS="734"/><SP WIDTH="9" VPOS="1105" HPOS="802"/><String STYLE="italics" WC="0.3000000119" CONTENT="vous" HEIGHT="23" WIDTH="88" VPOS="1104" HPOS="812"/><SP WIDTH="14" VPOS="1105" HPOS="901"/><String STYLE="italics" WC="0.5366666913" CONTENT="rem" HEIGHT="29" WIDTH="77" VPOS="1107" HPOS="916" SUBS_TYPE="HypPart1" SUBS_CONTENT="rempor"/><HYP CONTENT="­"/></TextLine>
<TextLine HEIGHT="54" WIDTH="308" VPOS="1144" HPOS="21"><String STYLE="italics" WC="0.6133333445" CONTENT="por" HEIGHT="41" WIDTH="67" VPOS="1152" HPOS="21" SUBS_TYPE="HypPart2" SUBS_CONTENT="rempor"/><SP WIDTH="1" VPOS="1154" HPOS="89"/><String STYLE="italics" WC="0.3860000074" CONTENT="tiez," HEIGHT="39" WIDTH="80" VPOS="1145" HPOS="90"/><SP WIDTH="13" VPOS="1144" HPOS="171"/><String STYLE="italics" WC="0.3149999976" CONTENT="le" HEIGHT="37" WIDTH="32" VPOS="1144" HPOS="185"/><SP WIDTH="8" VPOS="1155" HPOS="218"/><String STYLE="italics" WC="0.4040000141" CONTENT="prix." HEIGHT="52" WIDTH="102" VPOS="1146" HPOS="227"/></TextLine>
</TextBlock>
<TextBlock ID="Page1_Block2" HEIGHT="624" WIDTH="1000" VPOS="1276" HPOS="18" language="de" STYLEREFS="font1">
<TextLine HEIGHT="65" WIDTH="963" VPOS="1282" HPOS="53" STYLEREFS="font5"><String STYLE="italics" WC="0.3700000048" CONTENT="I" HEIGHT="42" WIDTH="25" VPOS="1282" HPOS="53"/><SP WIDTH="6" VPOS="1282" HPOS="79"/><String STYLE="italics" WC="0.6274999976" CONTENT="Giudcbi," HEIGHT="55" WIDTH="194" VPOS="1285" HPOS="86"/><SP WIDTH="25" VPOS="1303" HPOS="281"/><String STYLE="bold" STYLEREFS="font4" WC="0.4269999862" CONTENT="effercitii" HEIGHT="48" WIDTH="188" VPOS="1289" HPOS="307"/><SP WIDTH="34" VPOS="1295" HPOS="496"/><String STYLE="italics" WC="0.4566666782" CONTENT="Les" HEIGHT="41" WIDTH="71" VPOS="1296" HPOS="531"/><String STYLE="bold" STYLEREFS="font4" WC="0.2649999857" CONTENT="jta," HEIGHT="56" WIDTH="132" VPOS="1291" HPOS="603"/><SP WIDTH="11" VPOS="1294" HPOS="736"/><String STYLE="bold" STYLEREFS="font4" WC="0.6411111355" CONTENT="exercices" HEIGHT="48" WIDTH="208" VPOS="1292" HPOS="748"/><SP WIDTH="10" VPOS="1300" HPOS="957"/><String STYLE="italics" WC="0.4350000024" CONTENT="de" HEIGHT="44" WIDTH="48" VPOS="1300" HPOS="968"/></TextLine>
<TextLine HEIGHT="63" WIDTH="701" VPOS="1342" HPOS="169" STYLEREFS="font5"><String STYLE="italics" WC="0.3199999928" CONTENT="a" HEIGHT="28" WIDTH="22" VPOS="1364" HPOS="169"/><SP WIDTH="12" VPOS="1347" HPOS="192"/><String STYLE="italics" WC="0.3874999881" CONTENT="Correre." HEIGHT="48" WIDTH="179" VPOS="1347" HPOS="205"/><SP WIDTH="270" VPOS="1346" HPOS="385"/><String STYLE="italics" WC="0.1199999973" CONTENT="h" HEIGHT="52" WIDTH="45" VPOS="1346" HPOS="656"/><SP WIDTH="15" VPOS="1342" HPOS="702"/><String STYLE="italics" WC="0.2942857146" CONTENT="Courfe." HEIGHT="63" WIDTH="152" VPOS="1342" HPOS="718"/></TextLine>
<TextLine HEIGHT="45" WIDTH="694" VPOS="1399" HPOS="43"><String WC="0.7099999785" CONTENT="," HEIGHT="10" WIDTH="6" VPOS="1432" HPOS="43"/><SP WIDTH="17" VPOS="1399" HPOS="50"/><String WC="1." CONTENT="^" HEIGHT="27" WIDTH="11" VPOS="1399" HPOS="68"/><SP WIDTH="7" VPOS="1399" HPOS="80"/><String STYLE="superscript" WC="0.25" CONTENT="r" HEIGHT="18" WIDTH="12" VPOS="1411" HPOS="88"/><String WC="0.3642857075" CONTENT="*gazzi," HEIGHT="35" WIDTH="105" VPOS="1409" HPOS="102"/><SP WIDTH="11" VPOS="1410" HPOS="208"/><String STYLE="italics" WC="0.5416666865" CONTENT="fanuMl" HEIGHT="34" WIDTH="121" VPOS="1410" HPOS="220"/><SP WIDTH="223" VPOS="1406" HPOS="342"/><String WC="0.1466666609" CONTENT="Les" HEIGHT="28" WIDTH="50" VPOS="1406" HPOS="566"/><SP WIDTH="14" VPOS="1412" HPOS="617"/><String WC="0.7749999762" CONTENT="en" HEIGHT="19" WIDTH="33" VPOS="1410" HPOS="632"/><String STYLEREFS="font2" WC="0.6899999976" CONTENT="5" HEIGHT="28" WIDTH="14" VPOS="1399" HPOS="668"/><String WC="0.9825000167" CONTENT="an«." HEIGHT="18" WIDTH="56" VPOS="1409" HPOS="681"/></TextLine>
<TextLine HEIGHT="47" WIDTH="936" VPOS="1442" HPOS="32"><String STYLE="superscript" WC="0.2599999905" CONTENT="s" HEIGHT="17" WIDTH="10" VPOS="1442" HPOS="32"/><SP WIDTH="14" VPOS="1442" HPOS="43"/><String STYLE="superscript" WC="0.2599999905" CONTENT="e" HEIGHT="17" WIDTH="12" VPOS="1449" HPOS="58"/><String WC="0.4199999869" CONTENT="flercicano" HEIGHT="36" WIDTH="138" VPOS="1443" HPOS="73"/><SP WIDTH="6" VPOS="1460" HPOS="212"/><String WC="0.4099999964" CONTENT="«\" HEIGHT="28" WIDTH="16" VPOS="1451" HPOS="219"/><SP WIDTH="7" VPOS="1451" HPOS="236"/><String WC="0.3100000024" CONTENT="cnrrcre," HEIGHT="24" WIDTH="116" VPOS="1462" HPOS="244"/><SP WIDTH="164" VPOS="1459" HPOS="361"/><String WC="0.6349999905" CONTENT="*’" HEIGHT="26" WIDTH="20" VPOS="1449" HPOS="526"/><SP WIDTH="7" VPOS="1449" HPOS="547"/><String WC="0.3087500036" CONTENT="exercent" HEIGHT="24" WIDTH="126" VPOS="1449" HPOS="555"/><SP WIDTH="8" VPOS="1442" HPOS="682"/><String WC="0.25" CONTENT="ä" HEIGHT="29" WIDTH="13" VPOS="1442" HPOS="691"/><SP WIDTH="8" VPOS="1442" HPOS="705"/><String WC="0.6314285994" CONTENT="courir," HEIGHT="36" WIDTH="100" VPOS="1449" HPOS="714"/><SP WIDTH="9" VPOS="1463" HPOS="815"/><String STYLE="italics" WC="0.3799999952" CONTENT="a" HEIGHT="15" WIDTH="16" VPOS="1463" HPOS="825"/><SP WIDTH="9" VPOS="1453" HPOS="842"/><String STYLE="italics" WC="0.4550000131" CONTENT="la" HEIGHT="27" WIDTH="24" VPOS="1453" HPOS="852"/><SP WIDTH="8" VPOS="1463" HPOS="877"/><String STYLE="italics" WC="0.3950000107" CONTENT="cturft" HEIGHT="32" WIDTH="82" VPOS="1457" HPOS="886"/></TextLine>
<TextLine HEIGHT="51" WIDTH="983" VPOS="1483" HPOS="33"><String STYLE="superscript" WC="0.2399999946" CONTENT="0" HEIGHT="18" WIDTH="16" VPOS="1483" HPOS="33"/><SP WIDTH="6" VPOS="1483" HPOS="50"/><String WC="0.5299999714" CONTENT="*’*" HEIGHT="23" WIDTH="36" VPOS="1489" HPOS="57"/><SP WIDTH="8" VPOS="1493" HPOS="94"/><String STYLE="superscript" WC="0.5400000215" CONTENT="c" HEIGHT="18" WIDTH="13" VPOS="1497" HPOS="103"/><String WC="0.5350000262" CONTENT="on" HEIGHT="21" WIDTH="37" VPOS="1499" HPOS="119"/><SP WIDTH="12" VPOS="1501" HPOS="157"/><String STYLE="italics" WC="0.3207142949" CONTENT="loccaYiptitini" HEIGHT="41" WIDTH="202" VPOS="1493" HPOS="170"/><SP WIDTH="8" VPOS="1491" HPOS="373"/><String WC="0.3100000024" CONTENT="da" HEIGHT="30" WIDTH="33" VPOS="1491" HPOS="382"/><SP WIDTH="7" VPOS="1502" HPOS="416"/><String WC="0.3779999912" CONTENT="ghiac-/oit" HEIGHT="40" WIDTH="149" VPOS="1487" HPOS="424"/><SP WIDTH="9" VPOS="1494" HPOS="574"/><String WC="0.3930769265" CONTENT="avecdegpatins" HEIGHT="46" WIDTH="212" VPOS="1483" HPOS="584"/><SP WIDTH="7" VPOS="1492" HPOS="797"/><String WC="0.9800000191" CONTENT="de" HEIGHT="29" WIDTH="32" VPOS="1492" HPOS="805"/><SP WIDTH="8" VPOS="1495" HPOS="838"/><String WC="0.3759999871" CONTENT="Hollands,*" HEIGHT="35" WIDTH="169" VPOS="1495" HPOS="847"/></TextLine>
<TextLine HEIGHT="47" WIDTH="95" VPOS="1521" HPOS="426"><String WC="0.2949999869" CONTENT="[cio" HEIGHT="42" WIDTH="59" VPOS="1526" HPOS="426"/><SP WIDTH="13" VPOS="1538" HPOS="486"/><String STYLE="italics" WC="0.3300000131" CONTENT="2" HEIGHT="17" WIDTH="14" VPOS="1539" HPOS="500"/><String WC="0.200000003" CONTENT="!" HEIGHT="39" WIDTH="2" VPOS="1521" HPOS="519"/></TextLine>
<TextLine HEIGHT="65" WIDTH="694" VPOS="1556" HPOS="35" STYLEREFS="font1"><String WC="0.7099999785" CONTENT="^°P" HEIGHT="65" WIDTH="42" VPOS="1556" HPOS="35"/><String STYLE="superscript" WC="0.349999994" CONTENT="ra" HEIGHT="21" WIDTH="26" VPOS="1573" HPOS="80"/><SP WIDTH="9" VPOS="1571" HPOS="107"/><String WC="0.2300000042" CONTENT="ü" HEIGHT="28" WIDTH="17" VPOS="1571" HPOS="117"/><SP WIDTH="14" VPOS="1571" HPOS="135"/><String WC="0.5299999714" CONTENT="ghiaccio," HEIGHT="39" WIDTH="132" VPOS="1575" HPOS="150"/><SP WIDTH="14" VPOS="1583" HPOS="283"/><String WC="1." CONTENT="1" HEIGHT="21" WIDTH="11" VPOS="1583" HPOS="298"/><SP WIDTH="26" VPOS="1583" HPOS="310"/><String WC="0.5799999833" CONTENT="." HEIGHT="6" WIDTH="4" VPOS="1601" HPOS="337"/><SP WIDTH="59" VPOS="1601" HPOS="342"/><String WC="0.5500000119" CONTENT="_" HEIGHT="8" WIDTH="5" VPOS="1612" HPOS="402"/><SP WIDTH="109" VPOS="1557" HPOS="408"/><String WC="0.2475000024" CONTENT="jfur" HEIGHT="64" WIDTH="47" VPOS="1557" HPOS="518"/><SP WIDTH="11" VPOS="1566" HPOS="566"/><String WC="0.3000000119" CONTENT="la" HEIGHT="30" WIDTH="23" VPOS="1566" HPOS="578"/><SP WIDTH="14" VPOS="1578" HPOS="602"/><String WC="0.4799999893" CONTENT="glase," HEIGHT="40" WIDTH="85" VPOS="1568" HPOS="617"/><SP WIDTH="12" VPOS="1583" HPOS="703"/><String WC="0.3400000036" CONTENT="1" HEIGHT="20" WIDTH="13" VPOS="1583" HPOS="716"/></TextLine>
<TextLine HEIGHT="51" WIDTH="903" VPOS="1610" HPOS="61" STYLEREFS="font1"><String WC="1." CONTENT="&apos;" HEIGHT="10" WIDTH="5" VPOS="1615" HPOS="61"/><String STYLE="superscript" WC="0.5249999762" CONTENT="Ve" HEIGHT="21" WIDTH="28" VPOS="1612" HPOS="70"/><SP WIDTH="11" VPOS="1616" HPOS="99"/><String WC="0.4584615529" CONTENT="sdrücciolano," HEIGHT="36" WIDTH="205" VPOS="1613" HPOS="111"/><SP WIDTH="7" VPOS="1614" HPOS="317"/><String STYLE="italics" WC="0.75" CONTENT="(i" HEIGHT="34" WIDTH="23" VPOS="1614" HPOS="325"/><SP WIDTH="4" VPOS="1614" HPOS="349"/><String STYLE="italics" WC="0.5600000024" CONTENT="lifciano" HEIGHT="40" WIDTH="102" VPOS="1612" HPOS="354"/><SP WIDTH="10" VPOS="1619" HPOS="457"/><String WC="0.4283333421" CONTENT="an-jdü" HEIGHT="51" WIDTH="94" VPOS="1610" HPOS="468"/><SP WIDTH="8" VPOS="1610" HPOS="563"/><String WC="0.5199999809" CONTENT="ils" HEIGHT="29" WIDTH="29" VPOS="1611" HPOS="572"/><SP WIDTH="10" VPOS="1611" HPOS="602"/><String WC="0.2399999946" CONTENT="fe" HEIGHT="31" WIDTH="24" VPOS="1611" HPOS="613"/><SP WIDTH="9" VPOS="1624" HPOS="638"/><String WC="0.5955555439" CONTENT="glifTent," HEIGHT="41" WIDTH="113" VPOS="1615" HPOS="648"/><SP WIDTH="9" VPOS="1624" HPOS="762"/><String STYLE="italics" WC="0.4575000107" CONTENT="trainent" HEIGHT="28" WIDTH="115" VPOS="1619" HPOS="772"/><SP WIDTH="8" VPOS="1626" HPOS="888"/><String WC="0.3100000024" CONTENT="aufli" HEIGHT="29" WIDTH="67" VPOS="1618" HPOS="897"/></TextLine>
<TextLine HEIGHT="37" WIDTH="712" VPOS="1661" HPOS="41" STYLEREFS="font1"><String WC="0.2599999905" CONTENT="c" HEIGHT="17" WIDTH="11" VPOS="1681" HPOS="41"/><SP WIDTH="361" VPOS="1662" HPOS="53"/><String WC="0.3849999905" CONTENT="cora.;" HEIGHT="29" WIDTH="99" VPOS="1661" HPOS="415"/><SP WIDTH="163" VPOS="1661" HPOS="515"/><String WC="0.5699999928" CONTENT="." HEIGHT="2" WIDTH="1" VPOS="1683" HPOS="679"/><SP WIDTH="67" VPOS="1683" HPOS="681"/><String WC="0.5600000024" CONTENT="_" HEIGHT="2" WIDTH="4" VPOS="1690" HPOS="749"/></TextLine>
<TextLine HEIGHT="63" WIDTH="933" VPOS="1688" HPOS="41"><String STYLE="italics" WC="0.5899999738" CONTENT="&apos;" HEIGHT="8" WIDTH="6" VPOS="1711" HPOS="43"/><String STYLE="subscript italics" WC="0.25" CONTENT="0" HEIGHT="18" WIDTH="16" VPOS="1721" HPOS="41"/><SP WIDTH="13" VPOS="1688" HPOS="58"/><String WC="1." CONTENT="^" HEIGHT="63" WIDTH="17" VPOS="1688" HPOS="72"/><SP WIDTH="7" VPOS="1688" HPOS="90"/><String STYLE="superscript" WC="0.3566666543" CONTENT="trc" HEIGHT="25" WIDTH="35" VPOS="1694" HPOS="98"/><String WC="0.462500006" CONTENT="z?.uoJe," HEIGHT="36" WIDTH="101" VPOS="1700" HPOS="136"/><SP WIDTH="6" VPOS="1700" HPOS="238"/><String STYLE="italics" WC="0.6433333158" CONTENT="llfeit" HEIGHT="40" WIDTH="68" VPOS="1697" HPOS="245"/><String WC="0.6700000167" CONTENT=":" HEIGHT="20" WIDTH="7" VPOS="1704" HPOS="322"/><SP WIDTH="196" VPOS="1692" HPOS="330"/><String WC="0.3212499917" CONTENT="dans,/«r" HEIGHT="46" WIDTH="126" VPOS="1692" HPOS="527"/><SP WIDTH="8" VPOS="1698" HPOS="654"/><String WC="0.25" CONTENT="de" HEIGHT="30" WIDTH="32" VPOS="1698" HPOS="663"/><SP WIDTH="10" VPOS="1709" HPOS="696"/><String WC="0.4883333445" CONTENT="petitt" HEIGHT="38" WIDTH="79" VPOS="1700" HPOS="707"/><SP WIDTH="5" VPOS="1708" HPOS="787"/><String WC="0.423999995" CONTENT="traineaux:" HEIGHT="28" WIDTH="154" VPOS="1702" HPOS="793"/><SP WIDTH="10" VPOS="1710" HPOS="948"/><String WC="0.2800000012" CONTENT=";" HEIGHT="27" WIDTH="15" VPOS="1711" HPOS="959"/></TextLine>
<TextLine HEIGHT="54" WIDTH="930" VPOS="1735" HPOS="39"><String WC="0.275000006" CONTENT="tj" HEIGHT="27" WIDTH="18" VPOS="1754" HPOS="39"/><String STYLE="subscript" WC="0.7400000095" CONTENT="r" HEIGHT="16" WIDTH="10" VPOS="1765" HPOS="60"/><String WC="0.5" CONTENT="L^" HEIGHT="54" WIDTH="46" VPOS="1735" HPOS="72"/><String STYLE="superscript" WC="0.3600000143" CONTENT="e" HEIGHT="18" WIDTH="12" VPOS="1741" HPOS="118"/><SP WIDTH="9" VPOS="1741" HPOS="131"/><String WC="0.6100000143" CONTENT="*" HEIGHT="17" WIDTH="7" VPOS="1746" HPOS="141"/><String STYLE="superscript" WC="0.3899999857" CONTENT="n" HEIGHT="19" WIDTH="19" VPOS="1748" HPOS="150"/><SP WIDTH="8" VPOS="1748" HPOS="170"/><String STYLE="superscript" STYLEREFS="font2" WC="0.6066666842" CONTENT="cam" HEIGHT="19" WIDTH="59" VPOS="1751" HPOS="179"/><String STYLEREFS="font2" WC="0.2700000107" CONTENT="P" HEIGHT="29" WIDTH="17" VPOS="1753" HPOS="239"/><String STYLE="superscript" STYLEREFS="font2" WC="0.2399999946" CONTENT="a" HEIGHT="20" WIDTH="14" VPOS="1751" HPOS="259"/><String STYLEREFS="font2" WC="0.2099999934" CONTENT="8" HEIGHT="29" WIDTH="17" VPOS="1751" HPOS="276"/><String STYLE="superscript" STYLEREFS="font2" WC="0.275000006" CONTENT="na" HEIGHT="21" WIDTH="35" VPOS="1748" HPOS="295"/><SP WIDTH="6" VPOS="1747" HPOS="331"/><String STYLE="superscript" WC="0.2800000012" CONTENT="a" HEIGHT="21" WIDTH="14" VPOS="1747" HPOS="338"/><String WC="0.1899999976" CONTENT="P" HEIGHT="32" WIDTH="17" VPOS="1747" HPOS="354"/><String STYLE="superscript" WC="0.2624999881" CONTENT="erta" HEIGHT="24" WIDTH="53" VPOS="1743" HPOS="374"/><String WC="0.1700000018" CONTENT="J" HEIGHT="20" WIDTH="9" VPOS="1754" HPOS="429"/><SP WIDTH="80" VPOS="1753" HPOS="439"/><String WC="0.2700000107" CONTENT="j" HEIGHT="34" WIDTH="3" VPOS="1753" HPOS="520"/><String STYLE="superscript" WC="0.25" CONTENT="cn" HEIGHT="20" WIDTH="33" VPOS="1749" HPOS="529"/><SP WIDTH="11" VPOS="1749" HPOS="563"/><String WC="0.4987500012" CONTENT="p,leine," HEIGHT="37" WIDTH="105" VPOS="1743" HPOS="575"/><SP WIDTH="9" VPOS="1753" HPOS="681"/><String STYLE="italics" WC="0.4774999917" CONTENT="rafe" HEIGHT="36" WIDTH="51" VPOS="1744" HPOS="691"/><SP WIDTH="9" VPOS="1752" HPOS="743"/><String WC="0.3877777755" CONTENT="Campagne," HEIGHT="31" WIDTH="157" VPOS="1752" HPOS="753"/><SP WIDTH="7" VPOS="1741" HPOS="911"/><String WC="0.337500006" CONTENT="foit" HEIGHT="30" WIDTH="50" VPOS="1741" HPOS="919"/></TextLine>
<TextLine HEIGHT="41" WIDTH="273" VPOS="1782" HPOS="530"><String WC="0.5858823657" CONTENT="endsfignanttirant" HEIGHT="41" WIDTH="273" VPOS="1782" HPOS="530"/></TextLine>
<TextLine HEIGHT="41" WIDTH="620" VPOS="1824" HPOS="182"><String STYLE="italics" WC="0.5249999762" CONTENT="un" HEIGHT="20" WIDTH="34" VPOS="1833" HPOS="182"/><SP WIDTH="4" VPOS="1824" HPOS="217"/><String STYLE="italics" WC="0.3774999976" CONTENT="ftgn" HEIGHT="41" WIDTH="57" VPOS="1824" HPOS="222"/><String STYLE="bold" STYLEREFS="font0" WC="0.3549999893" CONTENT="»4" HEIGHT="29" WIDTH="41" VPOS="1835" HPOS="280"/><SP WIDTH="200" VPOS="1829" HPOS="322"/><String WC="0.4120000005" CONTENT="iuneligne,«»t«f" HEIGHT="37" WIDTH="249" VPOS="1826" HPOS="523"/><SP WIDTH="9" VPOS="1834" HPOS="773"/><String WC="0." CONTENT="4" HEIGHT="27" WIDTH="19" VPOS="1837" HPOS="783"/></TextLine>
<TextLine HEIGHT="31" WIDTH="403" VPOS="1867" HPOS="615" STYLEREFS="font2"><String STYLE="bold" WC="0.3449999988" CONTENT="LI" HEIGHT="30" WIDTH="39" VPOS="1867" HPOS="615"/><SP WIDTH="355" VPOS="1867" HPOS="655"/><String STYLE="bold" WC="0.2300000042" CONTENT=";" HEIGHT="17" WIDTH="7" VPOS="1881" HPOS="1011"/></TextLine>
</TextBlock><GraphicalElement ID="Page1_Block3" HEIGHT="8" WIDTH="220" VPOS="161" HPOS="691"/><GraphicalElement ID="Page1_Block4" HEIGHT="14" WIDTH="661" VPOS="162" HPOS="30"/><GraphicalElement ID="Page1_Block5" HEIGHT="17" WIDTH="464" VPOS="1237" HPOS="424"/><GraphicalElement ID="Page1_Block6" HEIGHT="6" WIDTH="101" VPOS="1238" HPOS="55"/><GraphicalElement ID="Page1_Block7" HEIGHT="4" WIDTH="99" VPOS="1243" HPOS="263"/><GraphicalElement ID="Page1_Block8" HEIGHT="190" WIDTH="6" VPOS="1310" HPOS="519"/>
</PrintSpace>
</Page>
</Layout>
</alto>