﻿<?xml version="1.0" encoding="UTF-8" standalone="yes"?>
<alto xmlns="http://www.loc.gov/standards/alto/ns-v2#" xmlns:xlink="http://www.w3.org/1999/xlink" xmlns:xsi="http://www.w3.org/2001/XMLSchema-instance" xsi:schemaLocation="http://www.loc.gov/standards/alto/ns-v2# http://www.loc.gov/standards/alto/alto-v2.0.xsd">
<Description>
<MeasurementUnit>pixel</MeasurementUnit>
<OCRProcessing ID="IdOcr"><ocrProcessingStep><processingDateTime>2017-03-20</processingDateTime><processingSoftware><softwareCreator>ABBYY</softwareCreator><softwareName>ABBYY FineReader Engine</softwareName><softwareVersion>11</softwareVersion></processingSoftware></ocrProcessingStep></OCRProcessing>
</Description>
<Styles><TextStyle ID="font0" FONTFAMILY="Times New Roman" FONTSIZE="7"/><TextStyle ID="font1" FONTFAMILY="Times New Roman" FONTSIZE="8"/><TextStyle ID="font2" FONTFAMILY="Times New Roman" FONTSIZE="9"/><TextStyle ID="font3" FONTFAMILY="Times New Roman" FONTSIZE="11"/><TextStyle ID="font4" FONTFAMILY="Times New Roman" FONTSIZE="12"/><TextStyle ID="font5" FONTFAMILY="Times New Roman" FONTSIZE="17"/>
</Styles>
<Layout>
<Page ID="Page1" PHYSICAL_IMG_NR="1" HEIGHT="2053" WIDTH="1246">
<TopMargin HEIGHT="117" WIDTH="1246" VPOS="0" HPOS="0">
</TopMargin>
<LeftMargin HEIGHT="1771" WIDTH="161" VPOS="117" HPOS="0">
</LeftMargin>
<BottomMargin HEIGHT="165" WIDTH="1246" VPOS="1888" HPOS="0">
</BottomMargin>
<PrintSpace HEIGHT="1771" WIDTH="1085" VPOS="117" HPOS="161">
<TextBlock ID="Page1_Block1" HEIGHT="67" WIDTH="157" VPOS="124" HPOS="606" language="de" STYLEREFS="font3"><Shape><Polygon POINTS="642,138 798,138 798,202 642,202 642,138"/></Shape>
<TextLine HEIGHT="51" WIDTH="140" VPOS="136" HPOS="606"><String STYLE="bold" WC="0.2549999952" CONTENT=":C" HEIGHT="44" WIDTH="34" VPOS="140" HPOS="607"/><SP WIDTH="6" VPOS="140" HPOS="642"/><String WC="0.2899999917" CONTENT="47" HEIGHT="37" WIDTH="47" VPOS="149" HPOS="649"/><String STYLE="bold" WC="0.6050000191" CONTENT="^)" HEIGHT="47" WIDTH="48" VPOS="136" HPOS="698"/></TextLine>
</TextBlock>
<ComposedBlock ID="Page1_Block2" HEIGHT="953" WIDTH="1085" VPOS="427" HPOS="161" TYPE="container"><Shape><Polygon POINTS="191,450 1268,450 1268,1383 191,1383 191,450"/></Shape>
<Illustration ID="Page1_Block3" HEIGHT="953" WIDTH="1085" VPOS="427" HPOS="161"><Shape><Polygon POINTS="191,450 1268,450 1268,1383 191,1383 191,450"/></Shape></Illustration>
<TextBlock ID="Page1_Block4" HEIGHT="103" WIDTH="849" VPOS="431" HPOS="270" language="de"><Shape><Polygon POINTS="300,452 1147,452 1147,539 300,539 300,452"/></Shape>
<TextLine HEIGHT="91" WIDTH="843" VPOS="438" HPOS="276"><String STYLEREFS="font5" WC="0.150000006" CONTENT="Die" HEIGHT="71" WIDTH="106" VPOS="456" HPOS="276"/><SP WIDTH="12" VPOS="454" HPOS="381"/><String STYLEREFS="font5" WC="0.5114285946" CONTENT="HmschW»" HEIGHT="81" WIDTH="301" VPOS="446" HPOS="392"/><SP WIDTH="38" VPOS="445" HPOS="692"/><String STYLEREFS="font5" WC="0.2355555594" CONTENT="S-oeiecas" HEIGHT="58" WIDTH="208" VPOS="442" HPOS="730"/><SP WIDTH="15" VPOS="441" HPOS="938"/><String STYLEREFS="font5" WC="0.5812500119" CONTENT="herilis." HEIGHT="58" WIDTH="165" VPOS="438" HPOS="953"/></TextLine>
</TextBlock>
<TextBlock ID="Page1_Block5" HEIGHT="38" WIDTH="99" VPOS="1003" HPOS="446" language="de"><Shape><Polygon POINTS="465,1013 564,1013 564,1049 465,1049 465,1013"/></Shape>
<TextLine HEIGHT="35" WIDTH="97" VPOS="1003" HPOS="447"><String STYLEREFS="font0" WC="0.3690909147" CONTENT="lilwüjti&apos;ii" HEIGHT="35" WIDTH="97" VPOS="1003" HPOS="447"/></TextLine>
</TextBlock></ComposedBlock>
<ComposedBlock ID="Page1_Block6" HEIGHT="393" WIDTH="1028" VPOS="1495" HPOS="218" TYPE="container"><Shape><Polygon POINTS="228,1518 1250,1518 1250,1906 228,1906 228,1518"/></Shape>
<TextBlock ID="Page1_Block7" HEIGHT="371" WIDTH="371" VPOS="1507" HPOS="218" language="de" STYLEREFS="font3"><Shape><Polygon POINTS="228,1518 586,1518 586,1584 594,1584 594,1614 592,1614 592,1882 228,1882 228,1518"/></Shape>
<TextLine HEIGHT="53" WIDTH="209" VPOS="1520" HPOS="363" STYLEREFS="font4"><String STYLE="bold" WC="0.4900000095" CONTENT="^rr" HEIGHT="45" WIDTH="78" VPOS="1522" HPOS="363"/><SP WIDTH="17" VPOS="1523" HPOS="441"/><String STYLE="bold" WC="0.5440000296" CONTENT="(^avs" HEIGHT="51" WIDTH="114" VPOS="1521" HPOS="458"/></TextLine>
<TextLine HEIGHT="41" WIDTH="49" VPOS="1612" HPOS="246" STYLEREFS="font3"><String STYLE="bold" WC="0.2566666603" CONTENT="hak" HEIGHT="41" WIDTH="49" VPOS="1612" HPOS="246"/></TextLine>
<TextLine HEIGHT="44" WIDTH="181" VPOS="1654" HPOS="244"><String STYLE="bold" WC="0.3242857158" CONTENT="Knechte" HEIGHT="43" WIDTH="137" VPOS="1655" HPOS="244"/><SP WIDTH="5" VPOS="1661" HPOS="382"/><String STYLE="bold" WC="0.2399999946" CONTENT="zr" HEIGHT="35" WIDTH="37" VPOS="1660" HPOS="388"/></TextLine>
<TextLine HEIGHT="55" WIDTH="340" VPOS="1729" HPOS="241"><String STYLE="bold" WC="0.4633333385" CONTENT="d?cLrgu(-y«tzs-Mat" HEIGHT="55" WIDTH="340" VPOS="1729" HPOS="241"/></TextLine>
<TextLine HEIGHT="42" WIDTH="94" VPOS="1775" HPOS="492"><String STYLE="bold" WC="0.5350000262" CONTENT="lrer)z" HEIGHT="42" WIDTH="94" VPOS="1775" HPOS="492"/></TextLine>
<TextLine HEIGHT="51" WIDTH="165" VPOS="1820" HPOS="243" STYLEREFS="font3"><String STYLE="bold" WC="0.6225000024" CONTENT="M^de" HEIGHT="51" WIDTH="125" VPOS="1820" HPOS="243"/><String WC="0.5299999714" CONTENT=".4" HEIGHT="28" WIDTH="39" VPOS="1833" HPOS="368"/></TextLine>
</TextBlock>
<TextBlock ID="Page1_Block8" HEIGHT="357" WIDTH="307" VPOS="1506" HPOS="590" language="de" STYLEREFS="font2"><Shape><Polygon POINTS="628,1522 898,1522 898,1624 862,1624 862,1726 902,1726 902,1786 896,1786 896,1874 598,1874 598,1820 640,1820 640,1786 598,1786 598,1654 600,1654 600,1612 628,1612 628,1522"/></Shape>
<TextLine HEIGHT="43" WIDTH="251" VPOS="1520" HPOS="625"><String STYLE="italics" WC="0.4366666675" CONTENT="Htritt" HEIGHT="31" WIDTH="84" VPOS="1523" HPOS="625"/><SP WIDTH="11" VPOS="1533" HPOS="709"/><String STYLE="italics" WC="0.3810000122" CONTENT="m.i.(pattr" HEIGHT="41" WIDTH="156" VPOS="1520" HPOS="720"/></TextLine>
<TextLine HEIGHT="42" WIDTH="245" VPOS="1563" HPOS="643"><String STYLE="italics" WC="0.4233333468" CONTENT="[familias" HEIGHT="39" WIDTH="137" VPOS="1566" HPOS="643"/><SP WIDTH="9" VPOS="1574" HPOS="780"/><String WC="0.4699999988" CONTENT="rji," HEIGHT="22" WIDTH="37" VPOS="1573" HPOS="789"/><SP WIDTH="7" VPOS="1574" HPOS="826"/><String WC="0.5299999714" CONTENT="3.)" HEIGHT="37" WIDTH="37" VPOS="1563" HPOS="833"/><SP WIDTH="7" VPOS="1563" HPOS="870"/><String WC="0.2199999988" CONTENT="1" HEIGHT="19" WIDTH="10" VPOS="1569" HPOS="877"/></TextLine>
<TextLine HEIGHT="32" WIDTH="80" VPOS="1608" HPOS="597"><String STYLEREFS="font0" WC="0.3019999862" CONTENT="habet" HEIGHT="32" WIDTH="80" VPOS="1608" HPOS="597"/></TextLine>
<TextLine HEIGHT="45" WIDTH="254" VPOS="1645" HPOS="598" STYLEREFS="font1"><String STYLE="italics" STYLEREFS="font2" WC="0.354285717" CONTENT="fgmuUs(" HEIGHT="39" WIDTH="121" VPOS="1651" HPOS="598"/><SP WIDTH="9" VPOS="1651" HPOS="720"/><String STYLE="bold" WC="0.1777777821" CONTENT="(rra&gt;w;)i" HEIGHT="42" WIDTH="122" VPOS="1645" HPOS="730"/></TextLine>
<TextLine HEIGHT="45" WIDTH="293" VPOS="1725" HPOS="599"><String STYLE="italics" WC="0.4050000012" CONTENT="htrg" HEIGHT="38" WIDTH="60" VPOS="1729" HPOS="599"/><SP WIDTH="13" VPOS="1731" HPOS="659"/><String STYLE="italics" WC="0.6850000024" CONTENT="f." HEIGHT="30" WIDTH="21" VPOS="1730" HPOS="672"/><SP WIDTH="20" VPOS="1742" HPOS="693"/><String STYLE="italics" WC="0.4427272677" CONTENT="1,(materfa-" HEIGHT="41" WIDTH="179" VPOS="1727" HPOS="713"/></TextLine>
<TextLine HEIGHT="44" WIDTH="198" VPOS="1768" HPOS="691"><String STYLE="italics" WC="0.3742857277" CONTENT="(milids" HEIGHT="36" WIDTH="100" VPOS="1769" HPOS="691"/><SP WIDTH="13" VPOS="1770" HPOS="792"/><String STYLE="bold" STYLEREFS="font1" WC="0.2300000042" CONTENT="f," HEIGHT="31" WIDTH="18" VPOS="1770" HPOS="806"/><SP WIDTH="7" VPOS="1781" HPOS="825"/><String STYLE="bold" STYLEREFS="font1" WC="0.150000006" CONTENT="3" HEIGHT="28" WIDTH="11" VPOS="1781" HPOS="832"/><SP WIDTH="17" VPOS="1768" HPOS="843"/><String STYLE="bold" STYLEREFS="font1" WC="0.3199999928" CONTENT=")j" HEIGHT="41" WIDTH="29" VPOS="1768" HPOS="860"/></TextLine>
<TextLine HEIGHT="44" WIDTH="142" VPOS="1814" HPOS="600"><String STYLE="italics" WC="0.4824999869" CONTENT="WcillßS," HEIGHT="40" WIDTH="111" VPOS="1815" HPOS="600"/><SP WIDTH="9" VPOS="1825" HPOS="712"/><String WC="0.3199999928" CONTENT="4" HEIGHT="32" WIDTH="20" VPOS="1824" HPOS="722"/></TextLine>
</TextBlock>
<TextBlock ID="Page1_Block9" HEIGHT="273" WIDTH="358" VPOS="1615" HPOS="888" language="de" STYLEREFS="font3"><Shape><Polygon POINTS="896,1638 1250,1638 1250,1906 976,1906 976,1862 904,1862 904,1806 942,1806 942,1694 896,1694 896,1638"/></Shape>
<TextLine HEIGHT="43" WIDTH="327" VPOS="1631" HPOS="901" STYLEREFS="font2"><String WC="0.3569230735" CONTENT="Famul«S)tn,2." HEIGHT="39" WIDTH="199" VPOS="1635" HPOS="901"/><SP WIDTH="7" VPOS="1634" HPOS="1100"/><String WC="0.4824999869" CONTENT="(Servu»," HEIGHT="40" WIDTH="121" VPOS="1631" HPOS="1107"/></TextLine>
<TextLine HEIGHT="47" WIDTH="270" VPOS="1673" HPOS="941"><String STYLE="bold" WC="0.4979999959" CONTENT="m.s.)" HEIGHT="41" WIDTH="85" VPOS="1679" HPOS="941"/><SP WIDTH="11" VPOS="1678" HPOS="1026"/><String STYLE="bold" WC="0.3166666627" CONTENT="der" HEIGHT="33" WIDTH="49" VPOS="1677" HPOS="1037"/><SP WIDTH="9" VPOS="1675" HPOS="1086"/><String STYLE="bold" WC="0.395714283" CONTENT="Knecht." HEIGHT="44" WIDTH="116" VPOS="1673" HPOS="1095"/></TextLine>
<TextLine HEIGHT="47" WIDTH="328" VPOS="1796" HPOS="904"><String STYLE="bold" WC="0.421875" CONTENT="Ancilla,f.i.t&gt;ie" HEIGHT="44" WIDTH="209" VPOS="1799" HPOS="905"/><SP WIDTH="8" VPOS="1799" HPOS="1114"/><String STYLE="bold" WC="0.4499999881" CONTENT="Magd." HEIGHT="41" WIDTH="110" VPOS="1796" HPOS="1122"/></TextLine>
<TextLine HEIGHT="45" WIDTH="96" VPOS="1837" HPOS="1136"><String STYLE="bold" WC="0.5640000105" CONTENT="Jene/" HEIGHT="45" WIDTH="96" VPOS="1837" HPOS="1136"/></TextLine>
</TextBlock></ComposedBlock>
<ComposedBlock ID="Page1_Block10" HEIGHT="658" WIDTH="860" VPOS="691" HPOS="289" TYPE="separatorsBox"><GraphicalElement ID="Page1_Block11" HEIGHT="28" WIDTH="842" VPOS="695" HPOS="289"/><GraphicalElement ID="Page1_Block12" HEIGHT="19" WIDTH="339" VPOS="1315" HPOS="808"/><GraphicalElement ID="Page1_Block13" HEIGHT="18" WIDTH="293" VPOS="1329" HPOS="307"/><GraphicalElement ID="Page1_Block14" HEIGHT="13" WIDTH="142" VPOS="1325" HPOS="635"/><GraphicalElement ID="Page1_Block15" HEIGHT="638" WIDTH="30" VPOS="710" HPOS="289"/><GraphicalElement ID="Page1_Block16" HEIGHT="629" WIDTH="30" VPOS="696" HPOS="1119"/></ComposedBlock><GraphicalElement ID="Page1_Block17" HEIGHT="32" WIDTH="881" VPOS="177" HPOS="288"/><GraphicalElement ID="Page1_Block18" HEIGHT="8" WIDTH="282" VPOS="737" HPOS="850"/><GraphicalElement ID="Page1_Block19" HEIGHT="7" WIDTH="154" VPOS="764" HPOS="958"/><GraphicalElement ID="Page1_Block20" HEIGHT="7" WIDTH="132" VPOS="784" HPOS="522"/><GraphicalElement ID="Page1_Block21" HEIGHT="8" WIDTH="168" VPOS="816" HPOS="857"/><GraphicalElement ID="Page1_Block22" HEIGHT="9" WIDTH="124" VPOS="844" HPOS="712"/><GraphicalElement ID="Page1_Block23" HEIGHT="5" WIDTH="86" VPOS="887" HPOS="946"/><GraphicalElement ID="Page1_Block24" HEIGHT="14" WIDTH="394" VPOS="901" HPOS="296"/><GraphicalElement ID="Page1_Block25" HEIGHT="11" WIDTH="189" VPOS="895" HPOS="842"/><GraphicalElement ID="Page1_Block26" HEIGHT="7" WIDTH="155" VPOS="906" HPOS="861"/><GraphicalElement ID="Page1_Block27" HEIGHT="4" WIDTH="100" VPOS="929" HPOS="435"/><GraphicalElement ID="Page1_Block28" HEIGHT="7" WIDTH="130" VPOS="924" HPOS="710"/><GraphicalElement ID="Page1_Block29" HEIGHT="7" WIDTH="139" VPOS="925" HPOS="875"/><GraphicalElement ID="Page1_Block30" HEIGHT="4" WIDTH="214" VPOS="939" HPOS="339"/><GraphicalElement ID="Page1_Block31" HEIGHT="7" WIDTH="122" VPOS="933" HPOS="710"/><GraphicalElement ID="Page1_Block32" HEIGHT="6" WIDTH="125" VPOS="933" HPOS="891"/><GraphicalElement ID="Page1_Block33" HEIGHT="7" WIDTH="102" VPOS="952" HPOS="723"/><GraphicalElement ID="Page1_Block34" HEIGHT="7" WIDTH="82" VPOS="963" HPOS="890"/><GraphicalElement ID="Page1_Block35" HEIGHT="6" WIDTH="101" VPOS="1183" HPOS="874"/><GraphicalElement ID="Page1_Block36" HEIGHT="13" WIDTH="392" VPOS="1276" HPOS="305"/><GraphicalElement ID="Page1_Block37" HEIGHT="12" WIDTH="163" VPOS="1280" HPOS="984"/><GraphicalElement ID="Page1_Block38" HEIGHT="5" WIDTH="144" VPOS="1301" HPOS="547"/><GraphicalElement ID="Page1_Block39" HEIGHT="5" WIDTH="93" VPOS="1308" HPOS="598"/><GraphicalElement ID="Page1_Block40" HEIGHT="8" WIDTH="177" VPOS="719" HPOS="515"/><GraphicalElement ID="Page1_Block41" HEIGHT="8" WIDTH="169" VPOS="756" HPOS="520"/><GraphicalElement ID="Page1_Block42" HEIGHT="6" WIDTH="99" VPOS="771" HPOS="290"/><GraphicalElement ID="Page1_Block43" HEIGHT="8" WIDTH="165" VPOS="765" HPOS="522"/><GraphicalElement ID="Page1_Block44" HEIGHT="11" WIDTH="276" VPOS="802" HPOS="412"/><GraphicalElement ID="Page1_Block45" HEIGHT="5" WIDTH="169" VPOS="813" HPOS="523"/><GraphicalElement ID="Page1_Block46" HEIGHT="4" WIDTH="53" VPOS="981" HPOS="626"/><GraphicalElement ID="Page1_Block47" HEIGHT="5" WIDTH="69" VPOS="1032" HPOS="622"/><GraphicalElement ID="Page1_Block48" HEIGHT="5" WIDTH="67" VPOS="1042" HPOS="623"/><GraphicalElement ID="Page1_Block49" HEIGHT="4" WIDTH="72" VPOS="1074" HPOS="621"/><GraphicalElement ID="Page1_Block50" HEIGHT="4" WIDTH="65" VPOS="1101" HPOS="627"/><GraphicalElement ID="Page1_Block51" HEIGHT="182" WIDTH="12" VPOS="709" HPOS="520"/><GraphicalElement ID="Page1_Block52" HEIGHT="95" WIDTH="5" VPOS="1141" HPOS="547"/><GraphicalElement ID="Page1_Block53" HEIGHT="183" WIDTH="7" VPOS="1078" HPOS="561"/><GraphicalElement ID="Page1_Block54" HEIGHT="319" WIDTH="10" VPOS="1523" HPOS="587"/><GraphicalElement ID="Page1_Block55" HEIGHT="141" WIDTH="13" VPOS="1121" HPOS="585"/><GraphicalElement ID="Page1_Block56" HEIGHT="92" WIDTH="6" VPOS="973" HPOS="613"/><GraphicalElement ID="Page1_Block57" HEIGHT="100" WIDTH="7" VPOS="986" HPOS="621"/><GraphicalElement ID="Page1_Block58" HEIGHT="607" WIDTH="19" VPOS="705" HPOS="679"/><GraphicalElement ID="Page1_Block59" HEIGHT="602" WIDTH="19" VPOS="704" HPOS="707"/><GraphicalElement ID="Page1_Block60" HEIGHT="327" WIDTH="9" VPOS="1513" HPOS="892"/><GraphicalElement ID="Page1_Block61" HEIGHT="410" WIDTH="17" VPOS="697" HPOS="916"/><GraphicalElement ID="Page1_Block62" HEIGHT="55" WIDTH="6" VPOS="709" HPOS="396"/><GraphicalElement ID="Page1_Block63" HEIGHT="79" WIDTH="9" VPOS="709" HPOS="409"/><GraphicalElement ID="Page1_Block64" HEIGHT="82" WIDTH="6" VPOS="810" HPOS="412"/><GraphicalElement ID="Page1_Block65" HEIGHT="84" WIDTH="8" VPOS="709" HPOS="450"/><GraphicalElement ID="Page1_Block66" HEIGHT="79" WIDTH="7" VPOS="810" HPOS="453"/><GraphicalElement ID="Page1_Block67" HEIGHT="83" WIDTH="5" VPOS="809" HPOS="470"/><GraphicalElement ID="Page1_Block68" HEIGHT="53" WIDTH="10" VPOS="1081" HPOS="869"/>
</PrintSpace>
</Page>
</Layout>
</alto>