﻿<?xml version="1.0" encoding="UTF-8" standalone="yes"?>
<alto xmlns="http://www.loc.gov/standards/alto/ns-v2#" xmlns:xlink="http://www.w3.org/1999/xlink" xmlns:xsi="http://www.w3.org/2001/XMLSchema-instance" xsi:schemaLocation="http://www.loc.gov/standards/alto/ns-v2# http://www.loc.gov/standards/alto/alto-v2.0.xsd">
<Description>
<MeasurementUnit>pixel</MeasurementUnit>
<OCRProcessing ID="IdOcr"><ocrProcessingStep><processingDateTime>2017-03-20</processingDateTime><processingSoftware><softwareCreator>ABBYY</softwareCreator><softwareName>ABBYY FineReader Engine</softwareName><softwareVersion>11</softwareVersion></processingSoftware></ocrProcessingStep></OCRProcessing>
</Description>
<Styles><TextStyle ID="font0" FONTFAMILY="Times New Roman" FONTSIZE="10"/><TextStyle ID="font1" FONTFAMILY="Times New Roman" FONTSIZE="11"/><TextStyle ID="font2" FONTFAMILY="Times New Roman" FONTSIZE="12"/><TextStyle ID="font3" FONTFAMILY="Times New Roman" FONTSIZE="13"/><TextStyle ID="font4" FONTFAMILY="Times New Roman" FONTSIZE="14"/><TextStyle ID="font5" FONTFAMILY="Times New Roman" FONTSIZE="18"/><TextStyle ID="font6" FONTFAMILY="Times New Roman" FONTSIZE="19"/><TextStyle ID="font7" FONTFAMILY="Times New Roman" FONTSIZE="23"/>
</Styles>
<Layout>
<Page ID="Page1" PHYSICAL_IMG_NR="1" HEIGHT="2041" WIDTH="1235">
<TopMargin HEIGHT="122" WIDTH="1235" VPOS="0" HPOS="0">
</TopMargin>
<LeftMargin HEIGHT="1765" WIDTH="13" VPOS="122" HPOS="0">
</LeftMargin>
<RightMargin HEIGHT="1765" WIDTH="187" VPOS="122" HPOS="1048">
</RightMargin>
<BottomMargin HEIGHT="154" WIDTH="1235" VPOS="1887" HPOS="0">
</BottomMargin>
<PrintSpace HEIGHT="1765" WIDTH="1035" VPOS="122" HPOS="13">
<TextBlock ID="Page1_Block1" HEIGHT="1765" WIDTH="1035" VPOS="122" HPOS="13" language="de" STYLEREFS="font3">
<TextLine HEIGHT="78" WIDTH="330" VPOS="129" HPOS="350" STYLEREFS="font7"><String STYLE="italics" WC="0." CONTENT="mc" HEIGHT="49" WIDTH="94" VPOS="132" HPOS="393"/><SP WIDTH="28" VPOS="135" HPOS="488"/><String STYLE="italics" WC="0.4449999928" CONTENT="i?" HEIGHT="38" WIDTH="44" VPOS="145" HPOS="517"/><String STYLE="bold" STYLEREFS="font5" WC="0.1700000018" CONTENT=")" HEIGHT="47" WIDTH="18" VPOS="134" HPOS="585"/><String STYLE="bold underline" STYLEREFS="font5" WC="1." CONTENT="U" HEIGHT="52" WIDTH="52" VPOS="129" HPOS="628"/></TextLine>
<TextLine HEIGHT="62" WIDTH="941" VPOS="227" HPOS="103"><String WC="0.3449999988" CONTENT="Eceö" HEIGHT="41" WIDTH="112" VPOS="234" HPOS="103"/><SP WIDTH="19" VPOS="240" HPOS="216"/><String WC="0.6885714531" CONTENT="adunque" HEIGHT="62" WIDTH="198" VPOS="227" HPOS="236"/><SP WIDTH="20" VPOS="246" HPOS="435"/><String WC="0.6650000215" CONTENT="im" HEIGHT="29" WIDTH="59" VPOS="246" HPOS="456"/><SP WIDTH="24" VPOS="246" HPOS="516"/><String WC="0.375" CONTENT="ntiovo" HEIGHT="31" WIDTH="150" VPOS="243" HPOS="541"/><SP WIDTH="24" VPOS="234" HPOS="692"/><String WC="0.4600000083" CONTENT="Aiuto*" HEIGHT="50" WIDTH="157" VPOS="231" HPOS="717"/><SP WIDTH="15" VPOS="242" HPOS="875"/><String WC="0.5950000286" CONTENT="ed" HEIGHT="41" WIDTH="49" VPOS="232" HPOS="891"/><SP WIDTH="14" VPOS="232" HPOS="941"/><String WC="0.2666666806" CONTENT="tma" HEIGHT="35" WIDTH="88" VPOS="239" HPOS="956"/></TextLine>
<TextLine HEIGHT="61" WIDTH="1001" VPOS="284" HPOS="44"><String WC="0.4600000083" CONTENT="Jiuova" HEIGHT="39" WIDTH="147" VPOS="299" HPOS="44"/><SP WIDTH="14" VPOS="295" HPOS="192"/><String WC="0.5699999928" CONTENT="Induftria" HEIGHT="42" WIDTH="196" VPOS="290" HPOS="207"/><SP WIDTH="20" VPOS="303" HPOS="404"/><String WC="0.3566666543" CONTENT="per" HEIGHT="42" WIDTH="77" VPOS="303" HPOS="425"/><SP WIDTH="22" VPOS="290" HPOS="503"/><String WC="0.5749999881" CONTENT="le" HEIGHT="41" WIDTH="37" VPOS="290" HPOS="526"/><SP WIDTH="19" VPOS="288" HPOS="564"/><String WC="0.3871428668" CONTENT="fcuole," HEIGHT="50" WIDTH="161" VPOS="287" HPOS="584"/><SP WIDTH="15" VPOS="299" HPOS="746"/><String WC="0.6274999976" CONTENT="cioö" HEIGHT="45" WIDTH="91" VPOS="284" HPOS="762"/><SP WIDTH="14" VPOS="284" HPOS="854"/><String WC="0.226666674" CONTENT="1,1" HEIGHT="42" WIDTH="35" VPOS="289" HPOS="869"/><SP WIDTH="18" VPOS="291" HPOS="905"/><String STYLE="italics" STYLEREFS="font2" WC="0.2116666734" CONTENT="Pittu*" HEIGHT="40" WIDTH="121" VPOS="289" HPOS="924"/></TextLine>
<TextLine HEIGHT="52" WIDTH="999" VPOS="345" HPOS="45"><String STYLE="bold italics" STYLEREFS="font1" WC="0.2199999988" CONTENT="ra" HEIGHT="24" WIDTH="47" VPOS="362" HPOS="45"/><SP WIDTH="33" VPOS="358" HPOS="93"/><String WC="0.4600000083" CONTENT="e" HEIGHT="28" WIDTH="23" VPOS="358" HPOS="127"/><SP WIDTH="31" VPOS="348" HPOS="151"/><String WC="0.3799999952" CONTENT="!a" HEIGHT="41" WIDTH="39" VPOS="348" HPOS="183"/><SP WIDTH="17" VPOS="355" HPOS="223"/><String STYLE="bold italics" STYLEREFS="font1" WC="0.4991666675" CONTENT="Nomenclatura" HEIGHT="39" WIDTH="296" VPOS="348" HPOS="241"/><SP WIDTH="21" VPOS="352" HPOS="538"/><String STYLEREFS="font1" WC="0.2599999905" CONTENT="(" HEIGHT="45" WIDTH="19" VPOS="352" HPOS="560"/><SP WIDTH="17" VPOS="347" HPOS="580"/><String WC="0.3000000119" CONTENT="denominatiöne" HEIGHT="42" WIDTH="351" VPOS="345" HPOS="598"/><SP WIDTH="11" VPOS="354" HPOS="950"/><String STYLEREFS="font1" WC="0.2599999905" CONTENT=")" HEIGHT="40" WIDTH="17" VPOS="354" HPOS="962"/><SP WIDTH="21" VPOS="347" HPOS="980"/><String STYLE="bold italics" STYLEREFS="font1" WC="1." CONTENT="di" HEIGHT="38" WIDTH="42" VPOS="347" HPOS="1002"/></TextLine>
<TextLine HEIGHT="57" WIDTH="1002" VPOS="401" HPOS="41"><String STYLE="bold italics" STYLEREFS="font1" WC="0.6100000143" CONTENT="tMtte" HEIGHT="27" WIDTH="106" VPOS="415" HPOS="41"/><SP WIDTH="17" VPOS="406" HPOS="148"/><String STYLE="bold italics" STYLEREFS="font1" WC="0.9399999976" CONTENT="le" HEIGHT="36" WIDTH="34" VPOS="406" HPOS="166"/><SP WIDTH="21" VPOS="419" HPOS="201"/><String STYLE="bold italics" STYLEREFS="font1" WC="0.4449999928" CONTENT="cose" HEIGHT="23" WIDTH="72" VPOS="420" HPOS="223"/><String STYLEREFS="font1" WC="0.6800000072" CONTENT="," HEIGHT="15" WIDTH="8" VPOS="432" HPOS="306"/><SP WIDTH="19" VPOS="405" HPOS="315"/><String STYLE="bold italics" STYLEREFS="font1" WC="0.7966666818" CONTENT="fed" HEIGHT="50" WIDTH="66" VPOS="404" HPOS="335"/><SP WIDTH="16" VPOS="404" HPOS="402"/><String STYLE="bold italics" STYLEREFS="font1" WC="0.5814285874" CONTENT="Attioni" HEIGHT="36" WIDTH="150" VPOS="407" HPOS="419"/><SP WIDTH="16" VPOS="407" HPOS="570"/><String STYLE="bold italics" STYLEREFS="font1" WC="0.3470000029" CONTENT="principali" HEIGHT="56" WIDTH="202" VPOS="402" HPOS="587"/><SP WIDTH="19" VPOS="401" HPOS="790"/><String STYLE="bold italics" STYLEREFS="font1" WC="0.5699999928" CONTENT="del" HEIGHT="39" WIDTH="64" VPOS="401" HPOS="810"/><SP WIDTH="17" VPOS="403" HPOS="875"/><String STYLE="bold italics" STYLEREFS="font1" WC="0.3916666806" CONTENT="mo&apos;näo" HEIGHT="38" WIDTH="136" VPOS="404" HPOS="893"/><String STYLEREFS="font1" WC="0." CONTENT="*" HEIGHT="15" WIDTH="13" VPOS="431" HPOS="1030"/></TextLine>
<TextLine HEIGHT="60" WIDTH="1001" VPOS="456" HPOS="42"><String WC="0.2899999917" CONTENT="ed" HEIGHT="43" WIDTH="54" VPOS="459" HPOS="42"/><SP WIDTH="20" VPOS="459" HPOS="97"/><String WC="0.2899999917" CONTENT="a" HEIGHT="28" WIDTH="22" VPOS="474" HPOS="118"/><SP WIDTH="13" VPOS="461" HPOS="141"/><String WC="0.4199999869" CONTENT="fin" HEIGHT="45" WIDTH="55" VPOS="457" HPOS="155"/><SP WIDTH="15" VPOS="472" HPOS="211"/><String WC="0.6000000238" CONTENT="che" HEIGHT="44" WIDTH="78" VPOS="458" HPOS="227"/><SP WIDTH="18" VPOS="472" HPOS="306"/><String WC="0.8333333135" CONTENT="non" HEIGHT="29" WIDTH="87" VPOS="473" HPOS="325"/><SP WIDTH="13" VPOS="473" HPOS="413"/><String WC="0.4350000024" CONTENT="vi" HEIGHT="27" WIDTH="42" VPOS="474" HPOS="427"/><SP WIDTH="13" VPOS="473" HPOS="470"/><String WC="0.1825000048" CONTENT="paia" HEIGHT="60" WIDTH="93" VPOS="456" HPOS="484"/><SP WIDTH="25" VPOS="468" HPOS="578"/><String WC="0.823333323" CONTENT="grave," HEIGHT="47" WIDTH="140" VPOS="468" HPOS="604"/><SP WIDTH="13" VPOS="466" HPOS="745"/><String WC="0.2700000107" CONTENT="ö" HEIGHT="34" WIDTH="27" VPOS="466" HPOS="759"/><SP WIDTH="12" VPOS="466" HPOS="787"/><String WC="0.2425000072" CONTENT="cari" HEIGHT="41" WIDTH="81" VPOS="458" HPOS="800"/><SP WIDTH="20" VPOS="458" HPOS="882"/><String WC="0.571428597" CONTENT="tna&apos;es-" HEIGHT="33" WIDTH="140" VPOS="467" HPOS="903"/></TextLine>
<TextLine HEIGHT="60" WIDTH="1000" VPOS="513" HPOS="39"><String WC="0.3566666543" CONTENT="tri" HEIGHT="40" WIDTH="54" VPOS="518" HPOS="39"/><SP WIDTH="22" VPOS="518" HPOS="94"/><String WC="0.6058333516" CONTENT="ePrecettofi," HEIGHT="48" WIDTH="274" VPOS="518" HPOS="117"/><SP WIDTH="20" VPOS="517" HPOS="392"/><String WC="0.2700000107" CONTENT="dipaflariaeditrattarla" HEIGHT="60" WIDTH="518" VPOS="513" HPOS="413"/><SP WIDTH="21" VPOS="530" HPOS="932"/><String WC="0.1700000018" CONTENT="con" HEIGHT="32" WIDTH="85" VPOS="528" HPOS="954"/></TextLine>
<TextLine HEIGHT="59" WIDTH="1004" VPOS="569" HPOS="36"><String WC="0.4199999869" CONTENT="i" HEIGHT="41" WIDTH="17" VPOS="572" HPOS="36"/><SP WIDTH="23" VPOS="572" HPOS="54"/><String WC="0.401666671" CONTENT="voftri" HEIGHT="40" WIDTH="126" VPOS="575" HPOS="78"/><SP WIDTH="21" VPOS="575" HPOS="205"/><String WC="0.3639999926" CONTENT="Difcepoli;" HEIGHT="59" WIDTH="233" VPOS="569" HPOS="227"/><SP WIDTH="32" VPOS="573" HPOS="461"/><String WC="0.4225000143" CONTENT="fono" HEIGHT="42" WIDTH="105" VPOS="573" HPOS="494"/><SP WIDTH="21" VPOS="581" HPOS="600"/><String WC="0.4199999869" CONTENT="per" HEIGHT="47" WIDTH="76" VPOS="581" HPOS="622"/><SP WIDTH="20" VPOS="572" HPOS="699"/><String WC="0.4966666698" CONTENT="ispiegate" HEIGHT="55" WIDTH="211" VPOS="572" HPOS="720"/><SP WIDTH="21" VPOS="574" HPOS="932"/><String WC="0.200000003" CONTENT="bri-" HEIGHT="40" WIDTH="86" VPOS="574" HPOS="954"/></TextLine>
<TextLine HEIGHT="59" WIDTH="1001" VPOS="626" HPOS="37"><String WC="0.5350000262" CONTENT="evemente" HEIGHT="33" WIDTH="230" VPOS="639" HPOS="37"/><SP WIDTH="16" VPOS="632" HPOS="268"/><String WC="0.4950000048" CONTENT="il" HEIGHT="40" WIDTH="28" VPOS="631" HPOS="285"/><SP WIDTH="18" VPOS="631" HPOS="314"/><String WC="0.7549999952" CONTENT="di" HEIGHT="41" WIDTH="40" VPOS="631" HPOS="333"/><SP WIDTH="17" VPOS="629" HPOS="374"/><String WC="0.3733333349" CONTENT="lui" HEIGHT="44" WIDTH="59" VPOS="629" HPOS="392"/><SP WIDTH="19" VPOS="633" HPOS="452"/><String WC="0.4300000072" CONTENT="ufo" HEIGHT="39" WIDTH="77" VPOS="632" HPOS="472"/><SP WIDTH="18" VPOS="642" HPOS="550"/><String WC="0.8799999952" CONTENT="," HEIGHT="17" WIDTH="11" VPOS="662" HPOS="569"/><SP WIDTH="20" VPOS="643" HPOS="581"/><String WC="0.4160000086" CONTENT="comfe" HEIGHT="35" WIDTH="122" VPOS="636" HPOS="602"/><SP WIDTH="18" VPOS="636" HPOS="725"/><String WC="0.3707692325" CONTENT="altreslilgran" HEIGHT="59" WIDTH="294" VPOS="626" HPOS="744"/></TextLine>
<TextLine HEIGHT="58" WIDTH="646" VPOS="686" HPOS="35"><String STYLE="bold italics" STYLEREFS="font1" WC="0.4987500012" CONTENT="Trofitto" HEIGHT="50" WIDTH="159" VPOS="689" HPOS="35"/><SP WIDTH="26" VPOS="702" HPOS="195"/><String WC="0.7566666603" CONTENT="che" HEIGHT="43" WIDTH="78" VPOS="686" HPOS="222"/><SP WIDTH="10" VPOS="700" HPOS="301"/><String WC="0.5" CONTENT="cavarne" HEIGHT="29" WIDTH="176" VPOS="700" HPOS="312"/><SP WIDTH="12" VPOS="700" HPOS="489"/><String WC="0.4787499905" CONTENT="potrete." HEIGHT="47" WIDTH="179" VPOS="697" HPOS="502"/></TextLine>
<TextLine HEIGHT="63" WIDTH="945" VPOS="738" HPOS="90"><String WC="0.4900000095" CONTENT="II" HEIGHT="37" WIDTH="31" VPOS="747" HPOS="90"/><SP WIDTH="15" VPOS="747" HPOS="122"/><String WC="0.4966666698" CONTENT="Libro," HEIGHT="51" WIDTH="149" VPOS="743" HPOS="138"/><SP WIDTH="16" VPOS="744" HPOS="288"/><String WC="0.8100000024" CONTENT="da" HEIGHT="41" WIDTH="51" VPOS="744" HPOS="305"/><SP WIDTH="11" VPOS="757" HPOS="357"/><String WC="0.4199999869" CONTENT="per" HEIGHT="42" WIDTH="76" VPOS="757" HPOS="369"/><SP WIDTH="16" VPOS="745" HPOS="446"/><String WC="0.5350000262" CONTENT="fe" HEIGHT="40" WIDTH="38" VPOS="745" HPOS="463"/><SP WIDTH="18" VPOS="758" HPOS="502"/><String WC="0.3799999952" CONTENT="," HEIGHT="19" WIDTH="12" VPOS="776" HPOS="521"/><SP WIDTH="27" VPOS="757" HPOS="534"/><String WC="0.5166666508" CONTENT="non" HEIGHT="30" WIDTH="88" VPOS="755" HPOS="562"/><SP WIDTH="17" VPOS="738" HPOS="651"/><String STYLE="italics" STYLEREFS="font2" WC="0.25" CONTENT="b" HEIGHT="45" WIDTH="21" VPOS="738" HPOS="669"/><SP WIDTH="18" VPOS="738" HPOS="691"/><String WC="0.4325000048" CONTENT="giä»" HEIGHT="58" WIDTH="94" VPOS="743" HPOS="710"/><SP WIDTH="17" VPOS="749" HPOS="805"/><String WC="0.2166666687" CONTENT="Cörtie" HEIGHT="35" WIDTH="124" VPOS="749" HPOS="823"/><SP WIDTH="13" VPOS="751" HPOS="948"/><String WC="0.4666666687" CONTENT="ve-" HEIGHT="32" WIDTH="73" VPOS="752" HPOS="962"/></TextLine>
<TextLine HEIGHT="59" WIDTH="998" VPOS="798" HPOS="34"><String WC="0.5600000024" CONTENT="dete&gt;" HEIGHT="52" WIDTH="122" VPOS="799" HPOS="34"/><SP WIDTH="24" VPOS="814" HPOS="157"/><String WC="0.6800000072" CONTENT="un" HEIGHT="30" WIDTH="59" VPOS="813" HPOS="182"/><SP WIDTH="21" VPOS="813" HPOS="242"/><String WC="0.6633333564" CONTENT="groflo" HEIGHT="55" WIDTH="138" VPOS="802" HPOS="264"/><SP WIDTH="29" VPOS="810" HPOS="403"/><String WC="0.3216666579" CONTENT="Volume" HEIGHT="43" WIDTH="178" VPOS="802" HPOS="433"/><SP WIDTH="34" VPOS="810" HPOS="612"/><String WC="1." CONTENT=";" HEIGHT="42" WIDTH="12" VPOS="810" HPOS="647"/><SP WIDTH="26" VPOS="809" HPOS="660"/><String WC="0.2300000042" CONTENT="egli" HEIGHT="58" WIDTH="80" VPOS="798" HPOS="687"/><SP WIDTH="13" VPOS="798" HPOS="768"/><String WC="0.6399999857" CONTENT="e" HEIGHT="27" WIDTH="21" VPOS="814" HPOS="782"/><SP WIDTH="12" VPOS="813" HPOS="804"/><String WC="0.3466666639" CONTENT="con" HEIGHT="28" WIDTH="81" VPOS="813" HPOS="817"/><SP WIDTH="12" VPOS="811" HPOS="899"/><String WC="0.3319999874" CONTENT="tuccö" HEIGHT="36" WIDTH="120" VPOS="807" HPOS="912"/></TextLine>
<TextLine HEIGHT="60" WIDTH="998" VPOS="853" HPOS="33"><String WC="0.2399999946" CONTENT="ciö" HEIGHT="44" WIDTH="72" VPOS="855" HPOS="33"/><SP WIDTH="21" VPOS="855" HPOS="106"/><String WC="0.6899999976" CONTENT="un" HEIGHT="30" WIDTH="58" VPOS="869" HPOS="128"/><SP WIDTH="30" VPOS="863" HPOS="187"/><String WC="0.3888888955" CONTENT="Compendio" HEIGHT="55" WIDTH="271" VPOS="858" HPOS="218"/><SP WIDTH="26" VPOS="853" HPOS="490"/><String WC="0.224999994" CONTENT="di" HEIGHT="46" WIDTH="41" VPOS="853" HPOS="517"/><SP WIDTH="20" VPOS="860" HPOS="559"/><String WC="0.5139999986" CONTENT="tutto" HEIGHT="33" WIDTH="115" VPOS="865" HPOS="580"/><SP WIDTH="17" VPOS="871" HPOS="696"/><String WC="0.1299999952" CONTENT="r" HEIGHT="27" WIDTH="26" VPOS="871" HPOS="714"/><SP WIDTH="28" VPOS="864" HPOS="741"/><String WC="0.4580000043" CONTENT="üniverfö.e" HEIGHT="47" WIDTH="261" VPOS="858" HPOS="770"/></TextLine>
<TextLine HEIGHT="55" WIDTH="1000" VPOS="911" HPOS="31"><String WC="0.3199999928" CONTENT="di" HEIGHT="41" WIDTH="42" VPOS="912" HPOS="31"/><SP WIDTH="21" VPOS="913" HPOS="74"/><String WC="0.328333348" CONTENT="ttttta" HEIGHT="34" WIDTH="108" VPOS="923" HPOS="96"/><SP WIDTH="20" VPOS="916" HPOS="205"/><String WC="0.4399999976" CONTENT="la" HEIGHT="39" WIDTH="33" VPOS="916" HPOS="226"/><SP WIDTH="21" VPOS="916" HPOS="260"/><String WC="0.4983333349" CONTENT="Lingua" HEIGHT="50" WIDTH="162" VPOS="916" HPOS="282"/><SP WIDTH="16" VPOS="927" HPOS="445"/><String WC="0.4399999976" CONTENT=";" HEIGHT="36" WIDTH="13" VPOS="927" HPOS="462"/><SP WIDTH="21" VPOS="926" HPOS="476"/><String WC="0.5588889122" CONTENT="abbellitö" HEIGHT="42" WIDTH="205" VPOS="911" HPOS="498"/><SP WIDTH="23" VPOS="914" HPOS="704"/><String WC="0.6499999762" CONTENT="di" HEIGHT="39" WIDTH="40" VPOS="914" HPOS="728"/><SP WIDTH="19" VPOS="915" HPOS="769"/><String STYLE="bold italics" STYLEREFS="font1" WC="0.3885714412" CONTENT="Pitture" HEIGHT="36" WIDTH="145" VPOS="916" HPOS="789"/><String STYLE="italics" WC="0.2800000012" CONTENT="," HEIGHT="17" WIDTH="11" VPOS="942" HPOS="945"/><SP WIDTH="27" VPOS="914" HPOS="957"/><String WC="0.2450000048" CONTENT="dt" HEIGHT="43" WIDTH="46" VPOS="914" HPOS="985"/></TextLine>
<TextLine HEIGHT="62" WIDTH="1001" VPOS="960" HPOS="29"><String STYLE="bold italics" STYLEREFS="font1" WC="0.3876923025" CONTENT="Denomination}" HEIGHT="37" WIDTH="313" VPOS="972" HPOS="29"/><SP WIDTH="17" VPOS="983" HPOS="343"/><String WC="0.5500000119" CONTENT="," HEIGHT="22" WIDTH="15" VPOS="1000" HPOS="361"/><SP WIDTH="28" VPOS="982" HPOS="377"/><String WC="0.4499999881" CONTENT="e" HEIGHT="30" WIDTH="22" VPOS="982" HPOS="406"/><SP WIDTH="27" VPOS="960" HPOS="429"/><String WC="0.5" CONTENT="di" HEIGHT="53" WIDTH="40" VPOS="960" HPOS="457"/><SP WIDTH="25" VPOS="971" HPOS="498"/><String STYLE="bold italics" STYLEREFS="font1" WC="0.5958333611" CONTENT="Defcrittioni" HEIGHT="51" WIDTH="240" VPOS="971" HPOS="524"/><SP WIDTH="27" VPOS="968" HPOS="765"/><String WC="0.6240000129" CONTENT="deile" HEIGHT="42" WIDTH="106" VPOS="968" HPOS="793"/><SP WIDTH="25" VPOS="975" HPOS="900"/><String WC="0.2949999869" CONTENT="Gofo" HEIGHT="41" WIDTH="104" VPOS="971" HPOS="926"/></TextLine>
<TextLine HEIGHT="45" WIDTH="156" VPOS="1024" HPOS="28"><String WC="0.3149999976" CONTENT="di" HEIGHT="43" WIDTH="41" VPOS="1025" HPOS="28"/><SP WIDTH="19" VPOS="1028" HPOS="70"/><String WC="0.4600000083" CONTENT="elfo." HEIGHT="45" WIDTH="94" VPOS="1024" HPOS="90"/></TextLine>
<TextLine HEIGHT="56" WIDTH="945" VPOS="1077" HPOS="82" STYLEREFS="font1"><String STYLEREFS="font4" WC="0." CONTENT="L" HEIGHT="44" WIDTH="29" VPOS="1085" HPOS="82"/><SP WIDTH="32" VPOS="1085" HPOS="112"/><String STYLEREFS="font4" WC="1." CONTENT="Le" HEIGHT="36" WIDTH="59" VPOS="1090" HPOS="145"/><SP WIDTH="27" VPOS="1089" HPOS="205"/><String STYLE="bold italics" STYLEREFS="font0" WC="0.5642856956" CONTENT="Pitturc" HEIGHT="34" WIDTH="146" VPOS="1089" HPOS="233"/><SP WIDTH="23" VPOS="1077" HPOS="380"/><String STYLE="bold italics" STYLEREFS="font0" WC="0.1199999973" CONTENT="b" HEIGHT="42" WIDTH="27" VPOS="1077" HPOS="404"/><SP WIDTH="22" VPOS="1077" HPOS="432"/><String STYLEREFS="font4" WC="0.5450000167" CONTENT="Figüre" HEIGHT="53" WIDTH="151" VPOS="1080" HPOS="455"/><SP WIDTH="25" VPOS="1083" HPOS="607"/><String STYLEREFS="font4" WC="0.2549999952" CONTENT="fonö" HEIGHT="38" WIDTH="103" VPOS="1083" HPOS="633"/><SP WIDTH="20" VPOS="1088" HPOS="737"/><String STYLEREFS="font4" WC="0.2160000056" CONTENT="tahte" HEIGHT="33" WIDTH="116" VPOS="1088" HPOS="758"/><SP WIDTH="17" VPOS="1082" HPOS="875"/><String STYLEREFS="font4" WC="0.3899999857" CONTENT="Idee" HEIGHT="40" WIDTH="94" VPOS="1082" HPOS="893"/><SP WIDTH="12" VPOS="1090" HPOS="988"/><String STYLEREFS="font4" WC="0.2399999946" CONTENT="ö" HEIGHT="34" WIDTH="26" VPOS="1090" HPOS="1001"/></TextLine>
<TextLine HEIGHT="60" WIDTH="1000" VPOS="1129" HPOS="23" STYLEREFS="font1"><String STYLEREFS="font4" WC="0.4242857099" CONTENT="Ricratd" HEIGHT="43" WIDTH="170" VPOS="1135" HPOS="23"/><SP WIDTH="24" VPOS="1136" HPOS="194"/><String STYLEREFS="font4" WC="0.3249999881" CONTENT="di" HEIGHT="40" WIDTH="41" VPOS="1136" HPOS="219"/><SP WIDTH="14" VPOS="1137" HPOS="261"/><String STYLEREFS="font4" WC="0.3916666806" CONTENT="quanto" HEIGHT="47" WIDTH="162" VPOS="1142" HPOS="276"/><SP WIDTH="21" VPOS="1146" HPOS="439"/><String STYLEREFS="font4" WC="0.4799999893" CONTENT="vi" HEIGHT="46" WIDTH="41" VPOS="1129" HPOS="461"/><SP WIDTH="19" VPOS="1129" HPOS="503"/><String STYLEREFS="font4" WC="0.4499999881" CONTENT="hä" HEIGHT="45" WIDTH="53" VPOS="1132" HPOS="523"/><SP WIDTH="22" VPOS="1132" HPOS="577"/><String STYLEREFS="font4" WC="0.8000000119" CONTENT="di" HEIGHT="42" WIDTH="41" VPOS="1134" HPOS="600"/><SP WIDTH="21" VPOS="1135" HPOS="642"/><String STYLEREFS="font4" WC="0.212500006" CONTENT="vifibile" HEIGHT="44" WIDTH="158" VPOS="1134" HPOS="664"/><SP WIDTH="16" VPOS="1144" HPOS="823"/><String STYLEREFS="font4" WC="0.1700000018" CONTENT="ö" HEIGHT="34" WIDTH="27" VPOS="1144" HPOS="840"/><SP WIDTH="12" VPOS="1135" HPOS="868"/><String STYLEREFS="font4" WC="0.2349999994" CONTENT="di" HEIGHT="44" WIDTH="42" VPOS="1135" HPOS="881"/><SP WIDTH="12" VPOS="1137" HPOS="924"/><String STYLEREFS="font4" WC="0.2179999948" CONTENT="fen-*" HEIGHT="43" WIDTH="86" VPOS="1139" HPOS="937"/></TextLine>
<TextLine HEIGHT="60" WIDTH="1000" VPOS="1188" HPOS="23" STYLEREFS="font1"><String STYLEREFS="font4" WC="0.5416666865" CONTENT="fibile" HEIGHT="44" WIDTH="118" VPOS="1190" HPOS="23"/><SP WIDTH="28" VPOS="1203" HPOS="142"/><String STYLEREFS="font4" WC="0.4399999976" CONTENT="ai" HEIGHT="45" WIDTH="40" VPOS="1192" HPOS="171"/><SP WIDTH="25" VPOS="1192" HPOS="212"/><String STYLEREFS="font4" WC="0.2259999961" CONTENT="mondo" HEIGHT="50" WIDTH="162" VPOS="1188" HPOS="238"/><SP WIDTH="21" VPOS="1197" HPOS="401"/><String STYLEREFS="font4" WC="0.349999994" CONTENT="(" HEIGHT="47" WIDTH="16" VPOS="1197" HPOS="423"/><SP WIDTH="17" VPOS="1197" HPOS="440"/><String STYLEREFS="font4" WC="0.8100000024" CONTENT="a" HEIGHT="29" WIDTH="24" VPOS="1207" HPOS="458"/><SP WIDTH="17" VPOS="1207" HPOS="483"/><String STYLEREFS="font4" WC="0.7433333397" CONTENT="che" HEIGHT="46" WIDTH="79" VPOS="1192" HPOS="501"/><SP WIDTH="21" VPOS="1196" HPOS="581"/><String STYLEREFS="font4" WC="0.4550000131" CONTENT="le" HEIGHT="41" WIDTH="34" VPOS="1196" HPOS="603"/><SP WIDTH="18" VPOS="1199" HPOS="638"/><String STYLE="bold italics" WC="0.4377777874" CONTENT="invißhile" HEIGHT="59" WIDTH="186" VPOS="1189" HPOS="657"/><SP WIDTH="12" VPOS="1196" HPOS="844"/><String WC="0.7200000286" CONTENT="fi" HEIGHT="39" WIDTH="26" VPOS="1196" HPOS="857"/><SP WIDTH="18" VPOS="1196" HPOS="884"/><String STYLEREFS="font4" WC="0.3249999881" CONTENT="ridii-" HEIGHT="41" WIDTH="120" VPOS="1197" HPOS="903"/></TextLine>
<TextLine HEIGHT="59" WIDTH="999" VPOS="1248" HPOS="23" STYLEREFS="font1"><String STYLEREFS="font4" WC="0.4650000036" CONTENT="cono" HEIGHT="34" WIDTH="110" VPOS="1259" HPOS="23"/><SP WIDTH="23" VPOS="1254" HPOS="134"/><String STYLEREFS="font4" WC="0.349999994" CONTENT="in" HEIGHT="40" WIDTH="44" VPOS="1254" HPOS="158"/><SP WIDTH="25" VPOS="1265" HPOS="203"/><String STYLEREFS="font4" WC="0.675999999" CONTENT="certa" HEIGHT="34" WIDTH="116" VPOS="1261" HPOS="229"/><SP WIDTH="19" VPOS="1266" HPOS="346"/><String STYLEREFS="font4" WC="0.4985714257" CONTENT="maniera" HEIGHT="46" WIDTH="190" VPOS="1248" HPOS="366"/><SP WIDTH="19" VPOS="1257" HPOS="557"/><String STYLEREFS="font4" WC="0.5699999928" CONTENT=")" HEIGHT="45" WIDTH="16" VPOS="1257" HPOS="577"/><SP WIDTH="24" VPOS="1253" HPOS="594"/><String STYLEREFS="font4" WC="0.3100000024" CONTENT="in" HEIGHT="42" WIDTH="45" VPOS="1253" HPOS="619"/><SP WIDTH="20" VPOS="1265" HPOS="665"/><String STYLEREFS="font4" WC="0.3540000021" CONTENT="quelP" HEIGHT="57" WIDTH="125" VPOS="1250" HPOS="686"/><SP WIDTH="21" VPOS="1250" HPOS="812"/><String STYLEREFS="font4" WC="0.301666677" CONTENT="ordine" HEIGHT="44" WIDTH="149" VPOS="1251" HPOS="834"/><SP WIDTH="12" VPOS="1264" HPOS="984"/><String STYLEREFS="font4" WC="0.2399999946" CONTENT="e" HEIGHT="30" WIDTH="25" VPOS="1265" HPOS="997"/></TextLine>
<TextLine HEIGHT="60" WIDTH="998" VPOS="1304" HPOS="22" STYLEREFS="font1"><String STYLEREFS="font4" WC="0.4799999893" CONTENT="ferie," HEIGHT="56" WIDTH="127" VPOS="1304" HPOS="22"/><SP WIDTH="28" VPOS="1311" HPOS="150"/><String STYLEREFS="font4" WC="0.4757142961" CONTENT="fecondo" HEIGHT="43" WIDTH="181" VPOS="1309" HPOS="179"/><SP WIDTH="21" VPOS="1309" HPOS="361"/><String STYLEREFS="font4" WC="0.5649999976" CONTENT="il" HEIGHT="40" WIDTH="26" VPOS="1309" HPOS="383"/><SP WIDTH="26" VPOS="1310" HPOS="410"/><String STYLEREFS="font4" WC="0.5040000081" CONTENT="quäle" HEIGHT="56" WIDTH="126" VPOS="1308" HPOS="437"/><SP WIDTH="20" VPOS="1321" HPOS="564"/><String STYLEREFS="font4" WC="0.8500000238" CONTENT="ehe" HEIGHT="40" WIDTH="78" VPOS="1310" HPOS="585"/><SP WIDTH="21" VPOS="1310" HPOS="664"/><String STYLEREFS="font4" WC="0.9399999976" CONTENT="fi" HEIGHT="38" WIDTH="26" VPOS="1310" HPOS="686"/><SP WIDTH="23" VPOS="1309" HPOS="713"/><String STYLEREFS="font4" WC="0.2975000143" CONTENT="ftärtftö" HEIGHT="42" WIDTH="144" VPOS="1309" HPOS="737"/><SP WIDTH="22" VPOS="1318" HPOS="882"/><String STYLEREFS="font4" WC="0.4550000131" CONTENT="Ordi" HEIGHT="41" WIDTH="93" VPOS="1312" HPOS="905" SUBS_TYPE="HypPart1" SUBS_CONTENT="Ordinate"/><HYP CONTENT="­"/></TextLine>
<TextLine HEIGHT="58" WIDTH="994" VPOS="1363" HPOS="23" STYLEREFS="font1"><String STYLEREFS="font4" WC="0.2949999869" CONTENT="nate" HEIGHT="37" WIDTH="97" VPOS="1368" HPOS="23" SUBS_TYPE="HypPart2" SUBS_CONTENT="Ordinate"/><SP WIDTH="21" VPOS="1378" HPOS="121"/><String STYLEREFS="font4" WC="1." CONTENT="e" HEIGHT="26" WIDTH="23" VPOS="1381" HPOS="143"/><SP WIDTH="15" VPOS="1366" HPOS="167"/><String STYLEREFS="font4" WC="0.5699999928" CONTENT="defcritte" HEIGHT="43" WIDTH="190" VPOS="1366" HPOS="183"/><SP WIDTH="22" VPOS="1374" HPOS="374"/><String STYLEREFS="font4" WC="0.2660000026" CONTENT="nelüa" HEIGHT="40" WIDTH="107" VPOS="1367" HPOS="397"/><SP WIDTH="24" VPOS="1372" HPOS="505"/><String STYLE="bold italics" WC="0.2199999988" CONTENT="Porta" HEIGHT="33" WIDTH="110" VPOS="1372" HPOS="530"/><SP WIDTH="30" VPOS="1366" HPOS="641"/><String STYLE="bold italics" WC="0.5139999986" CONTENT="deile" HEIGHT="42" WIDTH="92" VPOS="1363" HPOS="672"/><SP WIDTH="27" VPOS="1372" HPOS="765"/><String STYLE="bold italics" WC="0.6524999738" CONTENT="Li&apos;ngu&apos;e" HEIGHT="52" WIDTH="140" VPOS="1369" HPOS="793"/><SP WIDTH="23" VPOS="1380" HPOS="934"/><String STYLE="bold italics" WC="0.5" CONTENT="*" HEIGHT="14" WIDTH="13" VPOS="1380" HPOS="958"/><SP WIDTH="20" VPOS="1380" HPOS="972"/><String STYLE="bold italics" WC="1." CONTENT="&amp;" HEIGHT="30" WIDTH="24" VPOS="1380" HPOS="993"/></TextLine>
<TextLine HEIGHT="61" WIDTH="993" VPOS="1419" HPOS="23" STYLEREFS="font1"><String STYLEREFS="font4" WC="0.25" CONTENT="ciö" HEIGHT="42" WIDTH="66" VPOS="1419" HPOS="23"/><SP WIDTH="16" VPOS="1419" HPOS="90"/><String STYLEREFS="font4" WC="0.4666666687" CONTENT="con" HEIGHT="33" WIDTH="82" VPOS="1433" HPOS="107"/><SP WIDTH="20" VPOS="1433" HPOS="190"/><String STYLEREFS="font4" WC="0.5249999762" CONTENT="perfettiorie" HEIGHT="56" WIDTH="259" VPOS="1424" HPOS="211"/><SP WIDTH="18" VPOS="1430" HPOS="471"/><String STYLEREFS="font4" WC="0.4950000048" CONTENT="tale" HEIGHT="44" WIDTH="78" VPOS="1420" HPOS="490"/><SP WIDTH="15" VPOS="1432" HPOS="569"/><String STYLEREFS="font4" WC="0.2399999946" CONTENT="*" HEIGHT="23" WIDTH="12" VPOS="1448" HPOS="585"/><SP WIDTH="23" VPOS="1436" HPOS="598"/><String STYLEREFS="font4" WC="0.603333354" CONTENT="che" HEIGHT="44" WIDTH="76" VPOS="1420" HPOS="622"/><SP WIDTH="17" VPOS="1434" HPOS="699"/><String STYLEREFS="font4" WC="0.2833333313" CONTENT="nön" HEIGHT="33" WIDTH="89" VPOS="1431" HPOS="717"/><SP WIDTH="21" VPOS="1432" HPOS="807"/><String STYLEREFS="font4" WC="0.337500006" CONTENT="vifi" HEIGHT="40" WIDTH="71" VPOS="1425" HPOS="829"/><SP WIDTH="23" VPOS="1434" HPOS="901"/><String STYLEREFS="font4" WC="0.2349999994" CONTENT="trö*" HEIGHT="34" WIDTH="91" VPOS="1434" HPOS="925"/></TextLine>
<TextLine HEIGHT="47" WIDTH="827" VPOS="1476" HPOS="23" STYLEREFS="font1"><String STYLEREFS="font4" WC="0.2949999869" CONTENT="*erä" HEIGHT="44" WIDTH="98" VPOS="1476" HPOS="23"/><SP WIDTH="20" VPOS="1476" HPOS="122"/><String STYLEREFS="font4" WC="0.6050000191" CONTENT="omeflb" HEIGHT="40" WIDTH="160" VPOS="1482" HPOS="143"/><SP WIDTH="18" VPOS="1482" HPOS="304"/><String STYLEREFS="font4" WC="0.2820000052" CONTENT="nulla" HEIGHT="45" WIDTH="115" VPOS="1476" HPOS="323"/><SP WIDTH="24" VPOS="1479" HPOS="439"/><String STYLEREFS="font4" WC="0.6650000215" CONTENT="di" HEIGHT="42" WIDTH="39" VPOS="1479" HPOS="464"/><SP WIDTH="26" VPOS="1480" HPOS="504"/><String STYLEREFS="font4" WC="0.312142849" CONTENT="confiderabile." HEIGHT="44" WIDTH="319" VPOS="1479" HPOS="531"/></TextLine>
<TextLine HEIGHT="47" WIDTH="967" VPOS="1533" HPOS="46"><String WC="0.3759999871" CONTENT="II.Le" HEIGHT="46" WIDTH="111" VPOS="1533" HPOS="46"/><SP WIDTH="11" VPOS="1545" HPOS="158"/><String STYLE="bold italics" STYLEREFS="font1" WC="0.4287500083" CONTENT="NomencUture^otio" HEIGHT="44" WIDTH="402" VPOS="1533" HPOS="170"/><SP WIDTH="18" VPOS="1538" HPOS="573"/><String WC="0.4399999976" CONTENT="i" HEIGHT="38" WIDTH="12" VPOS="1538" HPOS="592"/><SP WIDTH="10" VPOS="1538" HPOS="605"/><String WC="0.3716666698" CONTENT="Titoli" HEIGHT="40" WIDTH="128" VPOS="1537" HPOS="616"/><SP WIDTH="12" VPOS="1538" HPOS="745"/><String WC="0.4600000083" CONTENT="e" HEIGHT="27" WIDTH="22" VPOS="1549" HPOS="758"/><SP WIDTH="19" VPOS="1534" HPOS="781"/><String WC="0.1650000066" CONTENT="!e" HEIGHT="46" WIDTH="36" VPOS="1534" HPOS="801"/><SP WIDTH="9" VPOS="1541" HPOS="838"/><String WC="0.2462500036" CONTENT="Infcrit-" HEIGHT="42" WIDTH="165" VPOS="1537" HPOS="848"/></TextLine>
<TextLine HEIGHT="64" WIDTH="991" VPOS="1586" HPOS="21"><String WC="0.3459999859" CONTENT="tioni" HEIGHT="49" WIDTH="105" VPOS="1586" HPOS="21"/><SP WIDTH="20" VPOS="1596" HPOS="127"/><String WC="0.5342857242" CONTENT="appofte" HEIGHT="54" WIDTH="175" VPOS="1596" HPOS="148"/><SP WIDTH="24" VPOS="1594" HPOS="324"/><String WC="0.2800000012" CONTENT="ä" HEIGHT="42" WIDTH="24" VPOS="1594" HPOS="349"/><SP WIDTH="29" VPOS="1594" HPOS="374"/><String WC="0.4581818283" CONTENT="ciascheduna" HEIGHT="44" WIDTH="282" VPOS="1591" HPOS="404"/><SP WIDTH="26" VPOS="1591" HPOS="687"/><String WC="0.3379999995" CONTENT="deile" HEIGHT="48" WIDTH="105" VPOS="1588" HPOS="714"/><SP WIDTH="34" VPOS="1595" HPOS="820"/><String WC="0.1614285707" CONTENT="Pitturi" HEIGHT="40" WIDTH="157" VPOS="1595" HPOS="855"/></TextLine>
<TextLine HEIGHT="63" WIDTH="991" VPOS="1644" HPOS="19"><String WC="0.7889999747" CONTENT="Etpriment!" HEIGHT="55" WIDTH="244" VPOS="1644" HPOS="19"/><SP WIDTH="18" VPOS="1653" HPOS="264"/><String WC="0.4799999893" CONTENT="con" HEIGHT="30" WIDTH="80" VPOS="1663" HPOS="283"/><SP WIDTH="20" VPOS="1658" HPOS="364"/><String WC="0.4300000072" CONTENT="un" HEIGHT="34" WIDTH="59" VPOS="1658" HPOS="385"/><SP WIDTH="19" VPOS="1657" HPOS="445"/><String STYLE="bold italics" STYLEREFS="font1" WC="0.2700000107" CONTENT="Focabolo" HEIGHT="42" WIDTH="168" VPOS="1649" HPOS="465"/><SP WIDTH="16" VPOS="1656" HPOS="634"/><String WC="0.2800000012" CONTENT="generale" HEIGHT="63" WIDTH="197" VPOS="1644" HPOS="651"/><SP WIDTH="9" VPOS="1652" HPOS="849"/><String WC="0.2016666681" CONTENT="ilCon*" HEIGHT="49" WIDTH="151" VPOS="1647" HPOS="859"/></TextLine>
<TextLine HEIGHT="60" WIDTH="558" VPOS="1704" HPOS="21"><String WC="0.2516666651" CONTENT="tenuto" HEIGHT="46" WIDTH="150" VPOS="1704" HPOS="21"/><SP WIDTH="18" VPOS="1709" HPOS="172"/><String WC="0.4433333278" CONTENT="del" HEIGHT="43" WIDTH="68" VPOS="1709" HPOS="191"/><SP WIDTH="17" VPOS="1708" HPOS="260"/><String WC="0.5099999905" CONTENT="füö" HEIGHT="42" WIDTH="76" VPOS="1708" HPOS="278"/><SP WIDTH="20" VPOS="1706" HPOS="355"/><String WC="0.2444444448" CONTENT="föggettöi" HEIGHT="58" WIDTH="203" VPOS="1706" HPOS="376"/></TextLine>
<TextLine HEIGHT="69" WIDTH="934" VPOS="1757" HPOS="75" STYLEREFS="font1"><String STYLEREFS="font4" WC="0.2800000012" CONTENT="IXL" HEIGHT="47" WIDTH="68" VPOS="1762" HPOS="75"/><SP WIDTH="23" VPOS="1764" HPOS="144"/><String STYLEREFS="font4" WC="0.1899999976" CONTENT="Le" HEIGHT="49" WIDTH="58" VPOS="1765" HPOS="168"/><SP WIDTH="18" VPOS="1768" HPOS="227"/><String STYLE="bold italics" STYLEREFS="font4" WC="0.3729999959" CONTENT="Öeferittmi" HEIGHT="63" WIDTH="245" VPOS="1761" HPOS="246"/><SP WIDTH="16" VPOS="1764" HPOS="492"/><String STYLEREFS="font4" WC="0.4424999952" CONTENT="lönö" HEIGHT="46" WIDTH="103" VPOS="1764" HPOS="509"/><SP WIDTH="15" VPOS="1771" HPOS="613"/><String STYLEREFS="font4" WC="0.150000006" CONTENT="gif" HEIGHT="69" WIDTH="59" VPOS="1757" HPOS="629"/><SP WIDTH="11" VPOS="1757" HPOS="689"/><String STYLEREFS="font4" WC="0.1876923144" CONTENT="Spiegafnentf^" HEIGHT="65" WIDTH="308" VPOS="1760" HPOS="701"/></TextLine>
<TextLine HEIGHT="56" WIDTH="453" VPOS="1817" HPOS="554" STYLEREFS="font3"><String STYLE="italics" STYLEREFS="font6" WC="5.000000075e-002" CONTENT="k" HEIGHT="56" WIDTH="28" VPOS="1817" HPOS="554"/><SP WIDTH="323" VPOS="1817" HPOS="583"/><String STYLE="bold" WC="0.6150000095" CONTENT="dvs«" HEIGHT="37" WIDTH="100" VPOS="1832" HPOS="907"/></TextLine>
</TextBlock><GraphicalElement ID="Page1_Block2" HEIGHT="10" WIDTH="310" VPOS="197" HPOS="63"/><GraphicalElement ID="Page1_Block3" HEIGHT="7" WIDTH="494" VPOS="199" HPOS="540"/><GraphicalElement ID="Page1_Block4" HEIGHT="6" WIDTH="96" VPOS="204" HPOS="392"/>
</PrintSpace>
</Page>
</Layout>
</alto>