﻿<?xml version="1.0" encoding="UTF-8" standalone="yes"?>
<alto xmlns="http://www.loc.gov/standards/alto/ns-v2#" xmlns:xlink="http://www.w3.org/1999/xlink" xmlns:xsi="http://www.w3.org/2001/XMLSchema-instance" xsi:schemaLocation="http://www.loc.gov/standards/alto/ns-v2# http://www.loc.gov/standards/alto/alto-v2.0.xsd">
<Description>
<MeasurementUnit>pixel</MeasurementUnit>
<OCRProcessing ID="IdOcr"><ocrProcessingStep><processingDateTime>2017-03-20</processingDateTime><processingSoftware><softwareCreator>ABBYY</softwareCreator><softwareName>ABBYY FineReader Engine</softwareName><softwareVersion>11</softwareVersion></processingSoftware></ocrProcessingStep></OCRProcessing>
</Description>
<Styles><TextStyle ID="font0" FONTFAMILY="Times New Roman" FONTSIZE="7"/><TextStyle ID="font1" FONTFAMILY="Times New Roman" FONTSIZE="9"/><TextStyle ID="font2" FONTFAMILY="Times New Roman" FONTSIZE="10"/><TextStyle ID="font3" FONTFAMILY="Times New Roman" FONTSIZE="12"/>
</Styles>
<Layout>
<Page ID="Page1" PHYSICAL_IMG_NR="1" HEIGHT="2059" WIDTH="1212">
<TopMargin HEIGHT="115" WIDTH="1212" VPOS="0" HPOS="0">
</TopMargin>
<LeftMargin HEIGHT="1732" WIDTH="147" VPOS="115" HPOS="0">
</LeftMargin>
<RightMargin HEIGHT="1732" WIDTH="16" VPOS="115" HPOS="1196">
</RightMargin>
<BottomMargin HEIGHT="212" WIDTH="1212" VPOS="1847" HPOS="0">
</BottomMargin>
<PrintSpace HEIGHT="1732" WIDTH="1049" VPOS="115" HPOS="147">
<TextBlock ID="Page1_Block1" HEIGHT="69" WIDTH="443" VPOS="115" HPOS="440" language="de" STYLEREFS="font3"><Shape><Polygon POINTS="456,122 898,122 898,188 456,188 456,122"/></Shape>
<TextLine HEIGHT="51" WIDTH="412" VPOS="127" HPOS="455"><String WC="0.275000006" CONTENT="er" HEIGHT="27" WIDTH="37" VPOS="138" HPOS="455"/><SP WIDTH="49" VPOS="137" HPOS="492"/><String WC="0.3700000048" CONTENT="eu" HEIGHT="25" WIDTH="46" VPOS="141" HPOS="541"/><SP WIDTH="51" VPOS="141" HPOS="587"/><String WC="0.4499999881" CONTENT="eo" HEIGHT="25" WIDTH="46" VPOS="140" HPOS="638"/><SP WIDTH="51" VPOS="140" HPOS="684"/><String WC="0.5749999881" CONTENT="ey" HEIGHT="36" WIDTH="47" VPOS="140" HPOS="735"/><SP WIDTH="46" VPOS="127" HPOS="782"/><String WC="0.4950000048" CONTENT="£»" HEIGHT="42" WIDTH="39" VPOS="127" HPOS="828"/></TextLine>
</TextBlock>
<ComposedBlock ID="Page1_Block2" HEIGHT="1191" WIDTH="1031" VPOS="187" HPOS="164" TYPE="table">
<TextBlock ID="Page1_Block3" HEIGHT="47" WIDTH="357" VPOS="193" HPOS="164" language="de"><Shape><Polygon POINTS="179,197 536,197 536,241 179,241 179,197"/></Shape>
<TextLine HEIGHT="39" WIDTH="161" VPOS="194" HPOS="187"><String STYLEREFS="font1" WC="0.3300000131" CONTENT="etouppe." HEIGHT="32" WIDTH="131" VPOS="201" HPOS="187"/><SP WIDTH="7" VPOS="194" HPOS="319"/><String STYLEREFS="font2" WC="0.8799999952" CONTENT="5" HEIGHT="27" WIDTH="14" VPOS="194" HPOS="327"/><String STYLEREFS="font1" WC="0.6200000048" CONTENT="." HEIGHT="6" WIDTH="6" VPOS="218" HPOS="342"/></TextLine>
</TextBlock>
<TextBlock ID="Page1_Block4" HEIGHT="46" WIDTH="156" VPOS="191" HPOS="521" language="de"><Shape><Polygon POINTS="536,197 692,197 692,241 536,241 536,197"/></Shape>
<TextLine HEIGHT="31" WIDTH="54" VPOS="206" HPOS="617"><String STYLEREFS="font1" WC="0.1400000006" CONTENT="3" HEIGHT="28" WIDTH="13" VPOS="209" HPOS="617"/><SP WIDTH="9" VPOS="208" HPOS="631"/><String STYLEREFS="font1" WC="0.2599999905" CONTENT="11" HEIGHT="18" WIDTH="30" VPOS="206" HPOS="641"/></TextLine>
</TextBlock>
<TextBlock ID="Page1_Block5" HEIGHT="46" WIDTH="342" VPOS="189" HPOS="677" language="de"><Shape><Polygon POINTS="692,197 1034,197 1034,241 692,241 692,197"/></Shape>
<TextLine HEIGHT="30" WIDTH="218" VPOS="205" HPOS="690"><String STYLEREFS="font1" WC="0.3050000072" CONTENT="excremcnt*" HEIGHT="27" WIDTH="166" VPOS="205" HPOS="690"/><SP WIDTH="9" VPOS="210" HPOS="857"/><String STYLEREFS="font1" WC="0.2333333343" CONTENT="rn." HEIGHT="24" WIDTH="41" VPOS="210" HPOS="867"/></TextLine>
</TextBlock>
<TextBlock ID="Page1_Block6" HEIGHT="46" WIDTH="167" VPOS="187" HPOS="1019" language="de"><Shape><Polygon POINTS="1034,197 1201,197 1201,241 1034,241 1034,197"/></Shape>
<TextLine HEIGHT="36" WIDTH="60" VPOS="195" HPOS="1116"><String STYLEREFS="font1" WC="0.200000003" CONTENT="161" HEIGHT="36" WIDTH="60" VPOS="195" HPOS="1116"/></TextLine>
</TextBlock>
<TextBlock ID="Page1_Block7" HEIGHT="46" WIDTH="357" VPOS="237" HPOS="164" language="de"><Shape><Polygon POINTS="179,241 536,241 536,284 179,284 179,241"/></Shape>
<TextLine HEIGHT="32" WIDTH="213" VPOS="243" HPOS="183"><String STYLEREFS="font1" WC="0.3379999995" CONTENT="etourgeon." HEIGHT="32" WIDTH="163" VPOS="243" HPOS="183"/><SP WIDTH="7" VPOS="247" HPOS="347"/><String STYLEREFS="font1" WC="0.2800000012" CONTENT="m»" HEIGHT="25" WIDTH="41" VPOS="247" HPOS="355"/></TextLine>
</TextBlock>
<TextBlock ID="Page1_Block8" HEIGHT="45" WIDTH="156" VPOS="235" HPOS="521" language="de"><Shape><Polygon POINTS="536,241 692,241 692,284 536,284 536,241"/></Shape>
<TextLine HEIGHT="27" WIDTH="55" VPOS="249" HPOS="621"><String STYLEREFS="font1" WC="0.2133333385" CONTENT="135" HEIGHT="27" WIDTH="55" VPOS="249" HPOS="621"/></TextLine>
</TextBlock>
<TextBlock ID="Page1_Block9" HEIGHT="45" WIDTH="342" VPOS="233" HPOS="677" language="de"><Shape><Polygon POINTS="692,241 1034,241 1034,284 692,284 692,241"/></Shape>
<TextLine HEIGHT="30" WIDTH="116" VPOS="238" HPOS="690"><String STYLEREFS="font1" WC="0.3412500024" CONTENT="excufer." HEIGHT="30" WIDTH="116" VPOS="238" HPOS="690"/></TextLine>
</TextBlock>
<TextBlock ID="Page1_Block10" HEIGHT="45" WIDTH="167" VPOS="231" HPOS="1019" language="de"><Shape><Polygon POINTS="1034,241 1201,241 1201,284 1034,284 1034,241"/></Shape>
<TextLine HEIGHT="39" WIDTH="65" VPOS="239" HPOS="1115"><String STYLEREFS="font2" WC="0.4933333397" CONTENT="487" HEIGHT="39" WIDTH="65" VPOS="239" HPOS="1115"/></TextLine>
</TextBlock>
<TextBlock ID="Page1_Block11" HEIGHT="47" WIDTH="358" VPOS="280" HPOS="164" language="de"><Shape><Polygon POINTS="179,284 536,284 536,328 179,328 179,284"/></Shape>
<TextLine HEIGHT="25" WIDTH="208" VPOS="286" HPOS="184"><String STYLEREFS="font1" WC="0.3819999993" CONTENT="etourneau." HEIGHT="23" WIDTH="159" VPOS="286" HPOS="184"/><SP WIDTH="9" VPOS="289" HPOS="344"/><String STYLEREFS="font1" WC="0.4600000083" CONTENT="m." HEIGHT="21" WIDTH="38" VPOS="289" HPOS="354"/></TextLine>
</TextBlock>
<TextBlock ID="Page1_Block12" HEIGHT="46" WIDTH="157" VPOS="278" HPOS="521" language="de"><Shape><Polygon POINTS="536,284 692,284 692,328 536,328 536,284"/></Shape>
<TextLine HEIGHT="31" WIDTH="33" VPOS="288" HPOS="640"><String STYLEREFS="font2" WC="0.3100000024" CONTENT="«3" HEIGHT="31" WIDTH="33" VPOS="288" HPOS="640"/></TextLine>
</TextBlock>
<TextBlock ID="Page1_Block13" HEIGHT="46" WIDTH="343" VPOS="276" HPOS="677" language="de"><Shape><Polygon POINTS="692,284 1034,284 1034,328 692,328 692,284"/></Shape>
<TextLine HEIGHT="21" WIDTH="132" VPOS="289" HPOS="691"><String STYLEREFS="font1" WC="0.4633333385" CONTENT="executer." HEIGHT="21" WIDTH="132" VPOS="289" HPOS="691"/></TextLine>
</TextBlock>
<TextBlock ID="Page1_Block14" HEIGHT="46" WIDTH="168" VPOS="274" HPOS="1019" language="de"><Shape><Polygon POINTS="1034,284 1201,284 1201,328 1034,328 1034,284"/></Shape>
<TextLine HEIGHT="40" WIDTH="67" VPOS="280" HPOS="1112"><String STYLEREFS="font2" WC="0.3549999893" CONTENT="47" HEIGHT="34" WIDTH="43" VPOS="286" HPOS="1113"/><String STYLEREFS="font1" WC="0." CONTENT="?" HEIGHT="35" WIDTH="19" VPOS="280" HPOS="1160"/></TextLine>
</TextBlock>
<TextBlock ID="Page1_Block15" HEIGHT="44" WIDTH="357" VPOS="324" HPOS="165" language="de"><Shape><Polygon POINTS="179,328 536,328 536,369 179,369 179,328"/></Shape>
<TextLine HEIGHT="32" WIDTH="151" VPOS="320" HPOS="183"><String STYLEREFS="font1" WC="0.6114285588" CONTENT="ctraim." HEIGHT="29" WIDTH="104" VPOS="321" HPOS="183"/><SP WIDTH="8" VPOS="332" HPOS="288"/><String STYLEREFS="font1" WC="0.5400000215" CONTENT="m." HEIGHT="19" WIDTH="37" VPOS="332" HPOS="297"/></TextLine>
</TextBlock>
<TextBlock ID="Page1_Block16" HEIGHT="43" WIDTH="156" VPOS="322" HPOS="522" language="de"><Shape><Polygon POINTS="536,328 692,328 692,369 536,369 536,328"/></Shape>
<TextLine HEIGHT="30" WIDTH="122" VPOS="330" HPOS="551"><String STYLEREFS="font2" WC="0.5757142901" CONTENT="»»&apos;-553" HEIGHT="30" WIDTH="122" VPOS="330" HPOS="551"/></TextLine>
</TextBlock>
<TextBlock ID="Page1_Block17" HEIGHT="43" WIDTH="342" VPOS="320" HPOS="678" language="de"><Shape><Polygon POINTS="692,328 1034,328 1034,369 692,369 692,328"/></Shape>
<TextLine HEIGHT="34" WIDTH="292" VPOS="324" HPOS="690"><String STYLEREFS="font1" WC="0.9499999881" CONTENT="-" HEIGHT="6" WIDTH="13" VPOS="339" HPOS="690"/><SP WIDTH="41" VPOS="339" HPOS="704"/><String STYLEREFS="font1" WC="0.3100000024" CONTENT="-" HEIGHT="7" WIDTH="13" VPOS="339" HPOS="746"/><SP WIDTH="44" VPOS="333" HPOS="760"/><String STYLEREFS="font1" WC="0.3199999928" CONTENT="un" HEIGHT="18" WIDTH="36" VPOS="333" HPOS="805"/><SP WIDTH="9" VPOS="333" HPOS="842"/><String STYLEREFS="font1" WC="0.3199999928" CONTENT="crimincl." HEIGHT="33" WIDTH="130" VPOS="324" HPOS="852"/></TextLine>
</TextBlock>
<TextBlock ID="Page1_Block18" HEIGHT="43" WIDTH="167" VPOS="318" HPOS="1020" language="de"><Shape><Polygon POINTS="1034,328 1201,328 1201,369 1034,369 1034,328"/></Shape>
<TextLine HEIGHT="36" WIDTH="62" VPOS="324" HPOS="1114"><String STYLEREFS="font2" WC="0.2849999964" CONTENT="49" HEIGHT="29" WIDTH="41" VPOS="331" HPOS="1114"/><String STYLE="superscript" STYLEREFS="font1" WC="0.3100000024" CONTENT="1" HEIGHT="24" WIDTH="15" VPOS="324" HPOS="1161"/></TextLine>
</TextBlock>
<TextBlock ID="Page1_Block19" HEIGHT="44" WIDTH="357" VPOS="365" HPOS="165" language="de"><Shape><Polygon POINTS="179,369 536,369 536,410 179,410 179,369"/></Shape>
<TextLine HEIGHT="35" WIDTH="157" VPOS="369" HPOS="185"><String STYLEREFS="font1" WC="0.5450000167" CONTENT="erränge," HEIGHT="35" WIDTH="123" VPOS="369" HPOS="185"/><SP WIDTH="8" VPOS="373" HPOS="309"/><String STYLEREFS="font1" WC="0.7850000262" CONTENT="c." HEIGHT="19" WIDTH="24" VPOS="373" HPOS="318"/></TextLine>
</TextBlock>
<TextBlock ID="Page1_Block20" HEIGHT="43" WIDTH="156" VPOS="363" HPOS="522" language="de"><Shape><Polygon POINTS="536,369 692,369 692,410 536,410 536,369"/></Shape>
<TextLine HEIGHT="31" WIDTH="126" VPOS="373" HPOS="547"><String STYLEREFS="font1" WC="0.2399999946" CONTENT="I" HEIGHT="20" WIDTH="13" VPOS="374" HPOS="547"/><String STYLEREFS="font2" WC="0.5099999905" CONTENT="7" HEIGHT="27" WIDTH="16" VPOS="374" HPOS="567"/><String STYLEREFS="font1" WC="0.3799999952" CONTENT="I." HEIGHT="21" WIDTH="24" VPOS="375" HPOS="590"/><String STYLEREFS="font2" WC="0.349999994" CONTENT="45" HEIGHT="30" WIDTH="36" VPOS="374" HPOS="619"/><String STYLE="superscript" STYLEREFS="font1" WC="0.2599999905" CONTENT="1" HEIGHT="18" WIDTH="9" VPOS="374" HPOS="664"/></TextLine>
</TextBlock>
<TextBlock ID="Page1_Block21" HEIGHT="45" WIDTH="509" VPOS="359" HPOS="678" language="de"><Shape><Polygon POINTS="692,369 1201,369 1201,410 692,410 692,369"/></Shape>
<TextLine HEIGHT="43" WIDTH="489" VPOS="361" HPOS="691"><String STYLEREFS="font1" WC="1." CONTENT="-" HEIGHT="4" WIDTH="12" VPOS="382" HPOS="691"/><SP WIDTH="41" VPOS="382" HPOS="704"/><String STYLEREFS="font1" WC="1." CONTENT="-" HEIGHT="7" WIDTH="14" VPOS="382" HPOS="746"/><SP WIDTH="41" VPOS="365" HPOS="761"/><String STYLEREFS="font1" WC="0.4900000095" CONTENT="fidellement," HEIGHT="39" WIDTH="174" VPOS="364" HPOS="803"/><SP WIDTH="8" VPOS="371" HPOS="978"/><String STYLEREFS="font1" WC="0.5699999928" CONTENT="&amp;c." HEIGHT="30" WIDTH="54" VPOS="370" HPOS="987"/><SP WIDTH="70" VPOS="373" HPOS="1042"/><String STYLEREFS="font2" WC="0.3350000083" CONTENT="47" HEIGHT="33" WIDTH="42" VPOS="368" HPOS="1113"/><String STYLEREFS="font1" WC="0.5400000215" CONTENT="?" HEIGHT="35" WIDTH="19" VPOS="361" HPOS="1161"/></TextLine>
</TextBlock>
<TextBlock ID="Page1_Block22" HEIGHT="44" WIDTH="358" VPOS="406" HPOS="165" language="de"><Shape><Polygon POINTS="179,410 536,410 536,451 179,451 179,410"/></Shape>
<TextLine HEIGHT="43" WIDTH="293" VPOS="402" HPOS="184"><String STYLEREFS="font1" WC="0.3333333433" CONTENT="etranger," HEIGHT="34" WIDTH="135" VPOS="411" HPOS="185"/><SP WIDTH="11" VPOS="417" HPOS="321"/><String STYLE="italics" STYLEREFS="font1" WC="0.4799999893" CONTENT="adjeSt," HEIGHT="41" WIDTH="93" VPOS="402" HPOS="332"/><SP WIDTH="9" VPOS="417" HPOS="426"/><String STYLEREFS="font1" WC="0.2049999982" CONTENT="m*" HEIGHT="21" WIDTH="41" VPOS="417" HPOS="436"/></TextLine>
</TextBlock>
<TextBlock ID="Page1_Block23" HEIGHT="43" WIDTH="157" VPOS="404" HPOS="522" language="de"><Shape><Polygon POINTS="536,410 692,410 692,451 536,451 536,410"/></Shape>
<TextLine HEIGHT="29" WIDTH="141" VPOS="416" HPOS="537"><String STYLEREFS="font2" WC="0.4914285839" CONTENT="493.541" HEIGHT="29" WIDTH="141" VPOS="416" HPOS="537"/></TextLine>
</TextBlock>
<TextBlock ID="Page1_Block24" HEIGHT="43" WIDTH="343" VPOS="402" HPOS="678" language="de"><Shape><Polygon POINTS="692,410 1034,410 1034,451 692,451 692,410"/></Shape>
<TextLine HEIGHT="33" WIDTH="205" VPOS="408" HPOS="692"><String STYLEREFS="font1" WC="0.6420000196" CONTENT="Executeur." HEIGHT="29" WIDTH="156" VPOS="408" HPOS="692"/><SP WIDTH="9" VPOS="419" HPOS="849"/><String STYLEREFS="font1" WC="0.2399999946" CONTENT="rn." HEIGHT="21" WIDTH="38" VPOS="419" HPOS="859"/></TextLine>
</TextBlock>
<TextBlock ID="Page1_Block25" HEIGHT="43" WIDTH="168" VPOS="400" HPOS="1020" language="de"><Shape><Polygon POINTS="1034,410 1201,410 1201,451 1034,451 1034,410"/></Shape>
<TextLine HEIGHT="39" WIDTH="61" VPOS="404" HPOS="1117"><String STYLEREFS="font2" WC="0.3433333337" CONTENT="489" HEIGHT="39" WIDTH="61" VPOS="404" HPOS="1117"/></TextLine>
</TextBlock>
<TextBlock ID="Page1_Block26" HEIGHT="46" WIDTH="357" VPOS="447" HPOS="166" language="de"><Shape><Polygon POINTS="179,451 536,451 536,494 179,494 179,451"/></Shape>
<TextLine HEIGHT="40" WIDTH="141" VPOS="448" HPOS="186"><String STYLEREFS="font1" WC="0.4055555463" CONTENT="«rangier." HEIGHT="40" WIDTH="141" VPOS="448" HPOS="186"/></TextLine>
</TextBlock>
<TextBlock ID="Page1_Block27" HEIGHT="45" WIDTH="156" VPOS="445" HPOS="523" language="de"><Shape><Polygon POINTS="536,451 692,451 692,494 536,494 536,451"/></Shape>
<TextLine HEIGHT="30" WIDTH="52" VPOS="453" HPOS="622"><String STYLEREFS="font1" WC="0.3433333337" CONTENT="263" HEIGHT="30" WIDTH="52" VPOS="453" HPOS="622"/></TextLine>
</TextBlock>
<TextBlock ID="Page1_Block28" HEIGHT="45" WIDTH="342" VPOS="443" HPOS="679" language="de"><Shape><Polygon POINTS="692,451 1034,451 1034,494 692,494 692,451"/></Shape>
<TextLine HEIGHT="39" WIDTH="181" VPOS="449" HPOS="691"><String STYLEREFS="font1" WC="0.5462499857" CONTENT="exemple," HEIGHT="39" WIDTH="132" VPOS="449" HPOS="691"/><SP WIDTH="10" VPOS="460" HPOS="824"/><String STYLEREFS="font1" WC="0.6000000238" CONTENT="rn." HEIGHT="19" WIDTH="37" VPOS="460" HPOS="835"/></TextLine>
</TextBlock>
<TextBlock ID="Page1_Block29" HEIGHT="45" WIDTH="167" VPOS="441" HPOS="1021" language="de"><Shape><Polygon POINTS="1034,451 1201,451 1201,494 1034,494 1034,451"/></Shape>
<TextLine HEIGHT="40" WIDTH="66" VPOS="444" HPOS="1113"><String STYLEREFS="font1" WC="0.200000003" CONTENT="42?" HEIGHT="40" WIDTH="66" VPOS="444" HPOS="1113"/></TextLine>
</TextBlock>
<TextBlock ID="Page1_Block30" HEIGHT="47" WIDTH="513" VPOS="488" HPOS="166" language="de"><Shape><Polygon POINTS="179,494 692,494 692,536 179,536 179,494"/></Shape>
<TextLine HEIGHT="41" WIDTH="489" VPOS="489" HPOS="185"><String STYLEREFS="font1" WC="0.3740000129" CONTENT="«tre." HEIGHT="25" WIDTH="69" VPOS="495" HPOS="185"/><SP WIDTH="134" VPOS="497" HPOS="255"/><String STYLEREFS="font1" WC="0.6631249785" CONTENT="11.35.85.461,46;" HEIGHT="40" WIDTH="284" VPOS="489" HPOS="390"/></TextLine>
</TextBlock>
<TextBlock ID="Page1_Block31" HEIGHT="44" WIDTH="342" VPOS="486" HPOS="679" language="de"><Shape><Polygon POINTS="692,494 1034,494 1034,536 692,536 692,494"/></Shape>
<TextLine HEIGHT="31" WIDTH="167" VPOS="499" HPOS="692"><String STYLEREFS="font1" WC="0.2922222316" CONTENT="exempt.m." HEIGHT="31" WIDTH="167" VPOS="499" HPOS="692"/></TextLine>
</TextBlock>
<TextBlock ID="Page1_Block32" HEIGHT="44" WIDTH="167" VPOS="484" HPOS="1021" language="de"><Shape><Polygon POINTS="1034,494 1201,494 1201,536 1034,536 1034,494"/></Shape>
<TextLine HEIGHT="40" WIDTH="62" VPOS="486" HPOS="1115"><String STYLEREFS="font1" WC="0.4633333385" CONTENT="58?" HEIGHT="40" WIDTH="62" VPOS="486" HPOS="1115"/></TextLine>
</TextBlock>
<TextBlock ID="Page1_Block33" HEIGHT="41" WIDTH="357" VPOS="532" HPOS="167" language="de"><Shape><Polygon POINTS="179,536 536,536 536,574 179,574 179,536"/></Shape>
<TextLine HEIGHT="37" WIDTH="210" VPOS="533" HPOS="186"><String STYLEREFS="font1" WC="0.2779999971" CONTENT="etre." HEIGHT="23" WIDTH="69" VPOS="538" HPOS="187"/><SP WIDTH="11" VPOS="534" HPOS="256"/><String STYLE="italics" STYLEREFS="font1" WC="0.6700000167" CONTENT="fubft." HEIGHT="37" WIDTH="76" VPOS="533" HPOS="267"/><SP WIDTH="10" VPOS="540" HPOS="344"/><String STYLEREFS="font1" WC="0.2300000042" CONTENT="m." HEIGHT="21" WIDTH="41" VPOS="540" HPOS="355"/></TextLine>
</TextBlock>
<TextBlock ID="Page1_Block34" HEIGHT="40" WIDTH="157" VPOS="530" HPOS="523" language="de"><Shape><Polygon POINTS="536,536 692,536 692,574 536,574 536,536"/></Shape>
<TextLine HEIGHT="22" WIDTH="28" VPOS="537" HPOS="645"><String STYLEREFS="font1" WC="0.3549999893" CONTENT="11" HEIGHT="22" WIDTH="28" VPOS="537" HPOS="645"/></TextLine>
</TextBlock>
<TextBlock ID="Page1_Block35" HEIGHT="40" WIDTH="343" VPOS="528" HPOS="679" language="de"><Shape><Polygon POINTS="692,536 1034,536 1034,574 692,574 692,536"/></Shape>
<TextLine HEIGHT="25" WIDTH="118" VPOS="540" HPOS="690"><String STYLEREFS="font1" WC="0.3762499988" CONTENT="exercer*" HEIGHT="25" WIDTH="118" VPOS="540" HPOS="690"/></TextLine>
</TextBlock>
<TextBlock ID="Page1_Block36" HEIGHT="40" WIDTH="168" VPOS="526" HPOS="1021" language="de"><Shape><Polygon POINTS="1034,536 1201,536 1201,574 1034,574 1034,536"/></Shape>
<TextLine HEIGHT="32" WIDTH="64" VPOS="530" HPOS="1115"><String STYLEREFS="font1" WC="0.4766666591" CONTENT="429" HEIGHT="32" WIDTH="64" VPOS="530" HPOS="1115"/></TextLine>
</TextBlock>
<TextBlock ID="Page1_Block37" HEIGHT="50" WIDTH="513" VPOS="568" HPOS="167" language="de"><Shape><Polygon POINTS="179,574 692,574 692,619 179,619 179,574"/></Shape>
<TextLine HEIGHT="48" WIDTH="489" VPOS="569" HPOS="187"><String STYLEREFS="font1" WC="0.2300000042" CONTENT="•" HEIGHT="7" WIDTH="12" VPOS="585" HPOS="187"/><SP WIDTH="42" VPOS="585" HPOS="200"/><String STYLEREFS="font1" WC="1." CONTENT="-" HEIGHT="7" WIDTH="13" VPOS="589" HPOS="243"/><SP WIDTH="20" VPOS="581" HPOS="257"/><String STYLEREFS="font1" WC="0.4511538446" CONTENT="tres-parfait(nompareil)&amp;c." HEIGHT="48" WIDTH="398" VPOS="569" HPOS="278"/></TextLine>
</TextBlock>
<TextBlock ID="Page1_Block38" HEIGHT="47" WIDTH="342" VPOS="566" HPOS="680" language="de"><Shape><Polygon POINTS="692,574 1034,574 1034,619 692,619 692,574"/></Shape>
<TextLine HEIGHT="30" WIDTH="176" VPOS="574" HPOS="691"><String STYLEREFS="font1" WC="0.5" CONTENT="exercica," HEIGHT="29" WIDTH="126" VPOS="574" HPOS="691"/><SP WIDTH="10" VPOS="584" HPOS="818"/><String STYLEREFS="font1" WC="0.6449999809" CONTENT="m." HEIGHT="19" WIDTH="38" VPOS="584" HPOS="829"/></TextLine>
</TextBlock>
<TextBlock ID="Page1_Block39" HEIGHT="47" WIDTH="167" VPOS="564" HPOS="1022" language="de"><Shape><Polygon POINTS="1034,574 1201,574 1201,619 1034,619 1034,574"/></Shape>
<TextLine HEIGHT="37" WIDTH="64" VPOS="572" HPOS="1115"><String STYLEREFS="font1" WC="0.3633333445" CONTENT="529" HEIGHT="37" WIDTH="64" VPOS="572" HPOS="1115"/></TextLine>
</TextBlock>
<TextBlock ID="Page1_Block40" HEIGHT="45" WIDTH="357" VPOS="615" HPOS="167" language="de"><Shape><Polygon POINTS="179,619 536,619 536,661 179,661 179,619"/></Shape>
<TextLine HEIGHT="40" WIDTH="330" VPOS="619" HPOS="188"><String STYLEREFS="font1" WC="0.3300000131" CONTENT="devoir" HEIGHT="23" WIDTH="94" VPOS="621" HPOS="188"/><SP WIDTH="8" VPOS="626" HPOS="283"/><String STYLEREFS="font1" WC="0.6119999886" CONTENT="etre." HEIGHT="21" WIDTH="62" VPOS="625" HPOS="292"/><SP WIDTH="125" VPOS="629" HPOS="355"/><String STYLEREFS="font1" WC="0.1199999973" CONTENT="46" HEIGHT="37" WIDTH="37" VPOS="620" HPOS="481"/></TextLine>
</TextBlock>
<TextBlock ID="Page1_Block41" HEIGHT="44" WIDTH="156" VPOS="613" HPOS="524" language="de"><Shape><Polygon POINTS="536,619 692,619 692,661 536,661 536,619"/></Shape>
<TextLine HEIGHT="40" WIDTH="147" VPOS="613" HPOS="528"><String STYLEREFS="font1" WC="1." CONTENT="1" HEIGHT="18" WIDTH="10" VPOS="629" HPOS="528"/><SP WIDTH="61" VPOS="621" HPOS="539"/><String STYLEREFS="font1" WC="0.4316666722" CONTENT="(ibid," HEIGHT="39" WIDTH="74" VPOS="613" HPOS="601"/></TextLine>
</TextBlock>
<TextBlock ID="Page1_Block42" HEIGHT="44" WIDTH="342" VPOS="611" HPOS="680" language="de"><Shape><Polygon POINTS="692,619 1034,619 1034,661 692,661 692,619"/></Shape>
<TextLine HEIGHT="43" WIDTH="253" VPOS="614" HPOS="691"><String STYLEREFS="font1" WC="1." CONTENT="-" HEIGHT="6" WIDTH="11" VPOS="632" HPOS="691"/><SP WIDTH="41" VPOS="631" HPOS="703"/><String STYLEREFS="font1" WC="1." CONTENT="-" HEIGHT="7" WIDTH="13" VPOS="631" HPOS="745"/><SP WIDTH="38" VPOS="615" HPOS="759"/><String STYLEREFS="font1" WC="0.6999999881" CONTENT="du" HEIGHT="29" WIDTH="34" VPOS="615" HPOS="798"/><SP WIDTH="11" VPOS="626" HPOS="833"/><String STYLEREFS="font1" WC="0.2899999917" CONTENT="corpsE" HEIGHT="38" WIDTH="99" VPOS="618" HPOS="845"/></TextLine>
</TextBlock>
<TextBlock ID="Page1_Block43" HEIGHT="44" WIDTH="167" VPOS="609" HPOS="1022" language="de"><Shape><Polygon POINTS="1034,619 1201,619 1201,661 1034,661 1034,619"/></Shape>
<TextLine HEIGHT="35" WIDTH="65" VPOS="609" HPOS="1114"><String STYLEREFS="font2" WC="0.4566666782" CONTENT="423" HEIGHT="35" WIDTH="65" VPOS="609" HPOS="1114"/></TextLine>
</TextBlock>
<TextBlock ID="Page1_Block44" HEIGHT="43" WIDTH="357" VPOS="657" HPOS="168" language="de"><Shape><Polygon POINTS="179,661 536,661 536,701 179,701 179,661"/></Shape>
<TextLine HEIGHT="40" WIDTH="264" VPOS="657" HPOS="186"><String STYLEREFS="font1" WC="0.3100000024" CONTENT="en" HEIGHT="19" WIDTH="35" VPOS="668" HPOS="186"/><SP WIDTH="8" VPOS="668" HPOS="222"/><String STYLEREFS="font1" WC="0.4975000024" CONTENT="etre" HEIGHT="20" WIDTH="54" VPOS="667" HPOS="231"/><SP WIDTH="8" VPOS="659" HPOS="286"/><String STYLEREFS="font1" WC="0.1899999976" CONTENT="Ie" HEIGHT="28" WIDTH="24" VPOS="658" HPOS="295"/><SP WIDTH="9" VPOS="664" HPOS="320"/><String STYLEREFS="font1" WC="0.453333348" CONTENT="(la)plus." HEIGHT="39" WIDTH="121" VPOS="657" HPOS="329"/></TextLine>
</TextBlock>
<TextBlock ID="Page1_Block45" HEIGHT="42" WIDTH="157" VPOS="655" HPOS="524" language="de"><Shape><Polygon POINTS="536,661 692,661 692,701 536,701 536,661"/></Shape>
<TextLine HEIGHT="37" WIDTH="106" VPOS="660" HPOS="567"><String STYLEREFS="font1" WC="0.5283333063" CONTENT="85-463" HEIGHT="37" WIDTH="106" VPOS="660" HPOS="567"/></TextLine>
</TextBlock>
<TextBlock ID="Page1_Block46" HEIGHT="42" WIDTH="343" VPOS="653" HPOS="680" language="de"><Shape><Polygon POINTS="692,661 1034,661 1034,701 692,701 692,661"/></Shape>
<TextLine HEIGHT="34" WIDTH="248" VPOS="655" HPOS="689"><String STYLEREFS="font1" WC="0.6600000262" CONTENT="-" HEIGHT="5" WIDTH="13" VPOS="675" HPOS="689"/><SP WIDTH="40" VPOS="675" HPOS="703"/><String STYLEREFS="font1" WC="0.9100000262" CONTENT="-" HEIGHT="5" WIDTH="12" VPOS="675" HPOS="744"/><SP WIDTH="40" VPOS="656" HPOS="757"/><String STYLEREFS="font1" WC="0.1350000054" CONTENT="de" HEIGHT="29" WIDTH="32" VPOS="656" HPOS="798"/><SP WIDTH="8" VPOS="668" HPOS="831"/><String STYLEREFS="font1" WC="0.5614285469" CONTENT="conrir." HEIGHT="28" WIDTH="97" VPOS="660" HPOS="840"/></TextLine>
</TextBlock>
<TextBlock ID="Page1_Block47" HEIGHT="42" WIDTH="168" VPOS="651" HPOS="1022" language="de"><Shape><Polygon POINTS="1034,661 1201,661 1201,701 1034,701 1034,661"/></Shape>
<TextLine HEIGHT="40" WIDTH="64" VPOS="651" HPOS="1116"><String STYLEREFS="font1" WC="0.400000006" CONTENT="5" HEIGHT="31" WIDTH="18" VPOS="660" HPOS="1117"/><String STYLEREFS="font2" WC="0.25" CONTENT="29" HEIGHT="31" WIDTH="46" VPOS="651" HPOS="1134"/></TextLine>
</TextBlock>
<TextBlock ID="Page1_Block48" HEIGHT="45" WIDTH="357" VPOS="697" HPOS="168" language="de"><Shape><Polygon POINTS="179,701 536,701 536,743 179,743 179,701"/></Shape>
<TextLine HEIGHT="40" WIDTH="207" VPOS="699" HPOS="186"><String STYLEREFS="font1" WC="0.7799999714" CONTENT="fi" HEIGHT="28" WIDTH="19" VPOS="700" HPOS="186"/><SP WIDTH="8" VPOS="700" HPOS="206"/><String STYLEREFS="font1" WC="0.474999994" CONTENT="ce" HEIGHT="18" WIDTH="30" VPOS="710" HPOS="215"/><SP WIDTH="11" VPOS="710" HPOS="246"/><String STYLEREFS="font1" WC="0.3025000095" CONTENT="peut" HEIGHT="31" WIDTH="64" VPOS="708" HPOS="258"/><SP WIDTH="6" VPOS="708" HPOS="323"/><String STYLEREFS="font1" WC="0.326000005" CONTENT="etre." HEIGHT="20" WIDTH="63" VPOS="709" HPOS="330"/></TextLine>
</TextBlock>
<TextBlock ID="Page1_Block49" HEIGHT="44" WIDTH="156" VPOS="695" HPOS="525" language="de"><Shape><Polygon POINTS="536,701 692,701 692,743 536,743 536,701"/></Shape>
<TextLine HEIGHT="28" WIDTH="55" VPOS="709" HPOS="617"><String STYLEREFS="font2" WC="0.4600000083" CONTENT="43" HEIGHT="27" WIDTH="34" VPOS="710" HPOS="617"/><String STYLEREFS="font1" WC="0.25" CONTENT="1" HEIGHT="19" WIDTH="8" VPOS="709" HPOS="664"/></TextLine>
</TextBlock>
<TextBlock ID="Page1_Block50" HEIGHT="44" WIDTH="342" VPOS="693" HPOS="681" language="de"><Shape><Polygon POINTS="692,701 1034,701 1034,743 692,743 692,701"/></Shape>
<TextLine HEIGHT="34" WIDTH="195" VPOS="697" HPOS="689"><String STYLEREFS="font1" WC="0.5045454502" CONTENT="exbaiaifon." HEIGHT="33" WIDTH="161" VPOS="698" HPOS="689"/><SP WIDTH="12" VPOS="697" HPOS="851"/><String STYLEREFS="font1" WC="0.5099999905" CONTENT="f." HEIGHT="31" WIDTH="20" VPOS="697" HPOS="864"/></TextLine>
</TextBlock>
<TextBlock ID="Page1_Block51" HEIGHT="44" WIDTH="167" VPOS="691" HPOS="1023" language="de"><Shape><Polygon POINTS="1034,701 1201,701 1201,743 1034,743 1034,701"/></Shape>
<TextLine HEIGHT="38" WIDTH="38" VPOS="688" HPOS="1139"><String STYLEREFS="font2" WC="0.25" CONTENT="3" HEIGHT="29" WIDTH="15" VPOS="697" HPOS="1139"/><String STYLEREFS="font1" WC="0.2399999946" CONTENT="?" HEIGHT="36" WIDTH="15" VPOS="688" HPOS="1162"/></TextLine>
</TextBlock>
<TextBlock ID="Page1_Block52" HEIGHT="45" WIDTH="357" VPOS="739" HPOS="168" language="de"><Shape><Polygon POINTS="179,743 536,743 536,785 179,785 179,743"/></Shape>
<TextLine HEIGHT="25" WIDTH="132" VPOS="749" HPOS="185"><String STYLEREFS="font1" WC="0.5283333063" CONTENT="ctrer." HEIGHT="24" WIDTH="82" VPOS="750" HPOS="185"/><SP WIDTH="10" VPOS="753" HPOS="268"/><String STYLEREFS="font1" WC="0.4600000083" CONTENT="m." HEIGHT="20" WIDTH="38" VPOS="752" HPOS="279"/></TextLine>
</TextBlock>
<TextBlock ID="Page1_Block53" HEIGHT="44" WIDTH="156" VPOS="737" HPOS="525" language="de"><Shape><Polygon POINTS="536,743 692,743 692,785 536,785 536,743"/></Shape>
<TextLine HEIGHT="28" WIDTH="53" VPOS="750" HPOS="618"><String STYLEREFS="font1" WC="0.223333329" CONTENT="321" HEIGHT="28" WIDTH="53" VPOS="750" HPOS="618"/></TextLine>
</TextBlock>
<TextBlock ID="Page1_Block54" HEIGHT="44" WIDTH="342" VPOS="735" HPOS="681" language="de"><Shape><Polygon POINTS="692,743 1034,743 1034,785 692,785 692,743"/></Shape>
<TextLine HEIGHT="42" WIDTH="208" VPOS="740" HPOS="689"><String STYLEREFS="font1" WC="0.348181814" CONTENT="Expedition," HEIGHT="40" WIDTH="169" VPOS="742" HPOS="689"/><SP WIDTH="15" VPOS="740" HPOS="858"/><String STYLEREFS="font1" WC="0.2399999946" CONTENT="f." HEIGHT="31" WIDTH="22" VPOS="740" HPOS="874"/></TextLine>
</TextBlock>
<TextBlock ID="Page1_Block55" HEIGHT="44" WIDTH="167" VPOS="733" HPOS="1023" language="de"><Shape><Polygon POINTS="1034,743 1201,743 1201,785 1034,785 1034,743"/></Shape>
<TextLine HEIGHT="39" WIDTH="63" VPOS="732" HPOS="1116"><String STYLEREFS="font2" WC="0.4050000012" CONTENT="45" HEIGHT="33" WIDTH="40" VPOS="738" HPOS="1116"/><String STYLEREFS="font1" WC="0.1400000006" CONTENT="?" HEIGHT="28" WIDTH="16" VPOS="732" HPOS="1163"/></TextLine>
</TextBlock>
<TextBlock ID="Page1_Block56" HEIGHT="45" WIDTH="357" VPOS="781" HPOS="169" language="de"><Shape><Polygon POINTS="179,785 536,785 536,827 179,827 179,785"/></Shape>
<TextLine HEIGHT="35" WIDTH="129" VPOS="783" HPOS="184"><String STYLEREFS="font1" WC="0.3412500024" CONTENT="etrille." HEIGHT="32" WIDTH="94" VPOS="784" HPOS="184"/><SP WIDTH="11" VPOS="785" HPOS="279"/><String STYLEREFS="font1" WC="0.3199999928" CONTENT="f." HEIGHT="34" WIDTH="22" VPOS="784" HPOS="291"/></TextLine>
</TextBlock>
<TextBlock ID="Page1_Block57" HEIGHT="44" WIDTH="157" VPOS="779" HPOS="525" language="de"><Shape><Polygon POINTS="536,785 692,785 692,827 536,827 536,785"/></Shape>
<TextLine HEIGHT="27" WIDTH="56" VPOS="792" HPOS="620"><String STYLEREFS="font2" WC="0.349999994" CONTENT="295" HEIGHT="27" WIDTH="56" VPOS="792" HPOS="620"/></TextLine>
</TextBlock>
<TextBlock ID="Page1_Block58" HEIGHT="44" WIDTH="343" VPOS="777" HPOS="681" language="de"><Shape><Polygon POINTS="692,785 1034,785 1034,827 692,827 692,785"/></Shape>
<TextLine HEIGHT="41" WIDTH="256" VPOS="784" HPOS="692"><String STYLEREFS="font1" WC="1." CONTENT="-" HEIGHT="6" WIDTH="8" VPOS="800" HPOS="692"/><SP WIDTH="41" VPOS="800" HPOS="701"/><String STYLEREFS="font1" WC="1." CONTENT="-" HEIGHT="5" WIDTH="14" VPOS="802" HPOS="743"/><SP WIDTH="40" VPOS="785" HPOS="758"/><String STYLEREFS="font1" WC="0.1099999994" CONTENT="de" HEIGHT="29" WIDTH="32" VPOS="785" HPOS="799"/><SP WIDTH="9" VPOS="795" HPOS="832"/><String STYLEREFS="font1" WC="0.4799999893" CONTENT="guerre." HEIGHT="33" WIDTH="106" VPOS="791" HPOS="842"/></TextLine>
</TextBlock>
<TextBlock ID="Page1_Block59" HEIGHT="44" WIDTH="168" VPOS="775" HPOS="1023" language="de"><Shape><Polygon POINTS="1034,785 1201,785 1201,827 1034,827 1034,785"/></Shape>
<TextLine HEIGHT="39" WIDTH="65" VPOS="766" HPOS="1114"><String STYLEREFS="font1" WC="0.3860000074" CONTENT="ibid*" HEIGHT="39" WIDTH="65" VPOS="766" HPOS="1114"/></TextLine>
</TextBlock>
<TextBlock ID="Page1_Block60" HEIGHT="45" WIDTH="357" VPOS="823" HPOS="169" language="de"><Shape><Polygon POINTS="179,827 536,827 536,869 179,869 179,827"/></Shape>
<TextLine HEIGHT="30" WIDTH="112" VPOS="826" HPOS="184"><String STYLEREFS="font1" WC="0.4177777767" CONTENT="ctrillcr." HEIGHT="30" WIDTH="112" VPOS="826" HPOS="184"/></TextLine>
</TextBlock>
<TextBlock ID="Page1_Block61" HEIGHT="44" WIDTH="156" VPOS="821" HPOS="526" language="de"><Shape><Polygon POINTS="536,827 692,827 692,869 536,869 536,827"/></Shape>
<TextLine HEIGHT="30" WIDTH="63" VPOS="822" HPOS="614"><String STYLEREFS="font1" WC="0.4519999921" CONTENT="ibid." HEIGHT="30" WIDTH="63" VPOS="822" HPOS="614"/></TextLine>
</TextBlock>
<TextBlock ID="Page1_Block62" HEIGHT="44" WIDTH="342" VPOS="819" HPOS="682" language="de"><Shape><Polygon POINTS="692,827 1034,827 1034,869 692,869 692,827"/></Shape>
<TextLine HEIGHT="30" WIDTH="103" VPOS="835" HPOS="689"><String STYLEREFS="font1" WC="0.2357142866" CONTENT="exprcs*" HEIGHT="30" WIDTH="103" VPOS="835" HPOS="689"/></TextLine>
</TextBlock>
<TextBlock ID="Page1_Block63" HEIGHT="44" WIDTH="167" VPOS="817" HPOS="1024" language="de"><Shape><Polygon POINTS="1034,827 1201,827 1201,869 1034,869 1034,827"/></Shape>
<TextLine HEIGHT="44" WIDTH="89" VPOS="814" HPOS="1088"><String STYLEREFS="font1" WC="1." CONTENT="," HEIGHT="7" WIDTH="3" VPOS="851" HPOS="1088"/><SP WIDTH="24" VPOS="826" HPOS="1092"/><String STYLEREFS="font2" WC="0.5633333325" CONTENT="177" HEIGHT="39" WIDTH="60" VPOS="814" HPOS="1117"/></TextLine>
</TextBlock>
<TextBlock ID="Page1_Block64" HEIGHT="44" WIDTH="357" VPOS="865" HPOS="169" language="de"><Shape><Polygon POINTS="179,869 536,869 536,910 179,910 179,869"/></Shape>
<TextLine HEIGHT="34" WIDTH="166" VPOS="866" HPOS="184"><String STYLEREFS="font1" WC="0.4830000103" CONTENT="etriviere," HEIGHT="32" WIDTH="131" VPOS="868" HPOS="184"/><SP WIDTH="13" VPOS="866" HPOS="316"/><String STYLEREFS="font1" WC="0.3600000143" CONTENT="f." HEIGHT="30" WIDTH="20" VPOS="866" HPOS="330"/></TextLine>
</TextBlock>
<TextBlock ID="Page1_Block65" HEIGHT="43" WIDTH="156" VPOS="863" HPOS="526" language="de"><Shape><Polygon POINTS="536,869 692,869 692,910 536,910 536,869"/></Shape>
<TextLine HEIGHT="28" WIDTH="55" VPOS="877" HPOS="620"><String STYLEREFS="font1" WC="0.1299999952" CONTENT="?r?" HEIGHT="28" WIDTH="55" VPOS="877" HPOS="620"/></TextLine>
</TextBlock>
<TextBlock ID="Page1_Block66" HEIGHT="43" WIDTH="342" VPOS="861" HPOS="682" language="de"><Shape><Polygon POINTS="692,869 1034,869 1034,910 692,910 692,869"/></Shape>
<TextLine HEIGHT="35" WIDTH="148" VPOS="869" HPOS="689"><String STYLEREFS="font1" WC="0.3144444525" CONTENT="Exprimer." HEIGHT="35" WIDTH="148" VPOS="869" HPOS="689"/></TextLine>
</TextBlock>
<TextBlock ID="Page1_Block67" HEIGHT="45" WIDTH="357" VPOS="906" HPOS="170" language="de"><Shape><Polygon POINTS="179,910 536,910 536,952 179,952 179,910"/></Shape>
<TextLine HEIGHT="31" WIDTH="136" VPOS="910" HPOS="183"><String STYLEREFS="font1" WC="0.2585714161" CONTENT="etroit," HEIGHT="30" WIDTH="91" VPOS="911" HPOS="183"/><SP WIDTH="6" VPOS="920" HPOS="275"/><String STYLEREFS="font1" WC="0.3000000119" CONTENT="m." HEIGHT="21" WIDTH="37" VPOS="919" HPOS="282"/></TextLine>
</TextBlock>
<TextBlock ID="Page1_Block68" HEIGHT="46" WIDTH="498" VPOS="902" HPOS="527" language="de"><Shape><Polygon POINTS="536,910 1034,910 1034,952 536,952 536,910"/></Shape>
<TextLine HEIGHT="35" WIDTH="263" VPOS="910" HPOS="617"><String STYLEREFS="font1" WC="0.3866666555" CONTENT="425-extericiir," HEIGHT="35" WIDTH="212" VPOS="910" HPOS="617"/><SP WIDTH="11" VPOS="917" HPOS="830"/><String STYLEREFS="font1" WC="0.4866666794" CONTENT="rn." HEIGHT="17" WIDTH="38" VPOS="917" HPOS="842"/></TextLine>
</TextBlock>
<TextBlock ID="Page1_Block69" HEIGHT="44" WIDTH="168" VPOS="900" HPOS="1024" language="de"><Shape><Polygon POINTS="1034,910 1201,910 1201,952 1034,952 1034,910"/></Shape>
<TextLine HEIGHT="44" WIDTH="144" VPOS="894" HPOS="1034"><String STYLEREFS="font1" WC="0.3100000024" CONTENT="147,367" HEIGHT="44" WIDTH="144" VPOS="894" HPOS="1034"/></TextLine>
</TextBlock>
<TextBlock ID="Page1_Block70" HEIGHT="42" WIDTH="357" VPOS="948" HPOS="170" language="de"><Shape><Polygon POINTS="179,952 536,952 536,991 179,991 179,952"/></Shape>
<TextLine HEIGHT="29" WIDTH="187" VPOS="952" HPOS="184"><String STYLEREFS="font1" WC="0.3216666579" CONTENT="ctroitcment." HEIGHT="29" WIDTH="187" VPOS="952" HPOS="184"/></TextLine>
</TextBlock>
<TextBlock ID="Page1_Block71" HEIGHT="43" WIDTH="498" VPOS="944" HPOS="527" language="de"><Shape><Polygon POINTS="536,952 1034,952 1034,991 536,991 536,952"/></Shape>
<TextLine HEIGHT="39" WIDTH="297" VPOS="948" HPOS="562"><String STYLEREFS="font1" WC="1." CONTENT="&gt;" HEIGHT="11" WIDTH="3" VPOS="962" HPOS="562"/><SP WIDTH="52" VPOS="960" HPOS="566"/><String STYLE="bold" STYLEREFS="font1" WC="0.4600000083" CONTENT="29;" HEIGHT="30" WIDTH="54" VPOS="957" HPOS="619"/><String STYLEREFS="font1" WC="0.574000001" CONTENT="(extre&apos;me," HEIGHT="36" WIDTH="140" VPOS="948" HPOS="676"/><SP WIDTH="15" VPOS="959" HPOS="817"/><String STYLE="bold" STYLEREFS="font1" WC="0.8399999738" CONTENT="c." HEIGHT="20" WIDTH="26" VPOS="959" HPOS="833"/></TextLine>
</TextBlock>
<TextBlock ID="Page1_Block72" HEIGHT="41" WIDTH="167" VPOS="942" HPOS="1025" language="de"><Shape><Polygon POINTS="1034,952 1201,952 1201,991 1034,991 1034,952"/></Shape>
<TextLine HEIGHT="40" WIDTH="60" VPOS="939" HPOS="1114"><String STYLE="subscript" STYLEREFS="font1" WC="0.3000000119" CONTENT="5" HEIGHT="28" WIDTH="16" VPOS="951" HPOS="1114"/><String STYLEREFS="font1" WC="0.150000006" CONTENT="S" HEIGHT="28" WIDTH="15" VPOS="942" HPOS="1137"/><String STYLEREFS="font2" WC="0." CONTENT="3" HEIGHT="30" WIDTH="15" VPOS="939" HPOS="1159"/></TextLine>
</TextBlock>
<TextBlock ID="Page1_Block73" HEIGHT="46" WIDTH="357" VPOS="987" HPOS="170" language="de"><Shape><Polygon POINTS="179,991 536,991 536,1034 179,1034 179,991"/></Shape>
<TextLine HEIGHT="31" WIDTH="142" VPOS="993" HPOS="182"><String STYLEREFS="font1" WC="0.2680000067" CONTENT="etude" HEIGHT="30" WIDTH="79" VPOS="994" HPOS="182"/><SP WIDTH="23" VPOS="1004" HPOS="262"/><String STYLEREFS="font1" WC="0.4099999964" CONTENT="m." HEIGHT="19" WIDTH="38" VPOS="1003" HPOS="286"/></TextLine>
</TextBlock>
<TextBlock ID="Page1_Block74" HEIGHT="47" WIDTH="498" VPOS="983" HPOS="527" language="de"><Shape><Polygon POINTS="536,991 1034,991 1034,1034 536,1034 536,991"/></Shape>
<TextLine HEIGHT="38" WIDTH="247" VPOS="990" HPOS="621"><String STYLEREFS="font1" WC="0.4907142818" CONTENT="375-extremite." HEIGHT="34" WIDTH="216" VPOS="994" HPOS="621"/><SP WIDTH="7" VPOS="990" HPOS="838"/><String STYLEREFS="font1" WC="0.6449999809" CONTENT="f." HEIGHT="31" WIDTH="22" VPOS="990" HPOS="846"/></TextLine>
</TextBlock>
<TextBlock ID="Page1_Block75" HEIGHT="45" WIDTH="167" VPOS="981" HPOS="1025" language="de"><Shape><Polygon POINTS="1034,991 1201,991 1201,1034 1034,1034 1034,991"/></Shape>
<TextLine HEIGHT="38" WIDTH="61" VPOS="979" HPOS="1113"><String STYLEREFS="font2" WC="0.2150000036" CONTENT="15" HEIGHT="31" WIDTH="38" VPOS="986" HPOS="1113"/><SP WIDTH="6" VPOS="980" HPOS="1152"/><String STYLEREFS="font1" WC="0.5600000024" CONTENT="?" HEIGHT="33" WIDTH="15" VPOS="979" HPOS="1159"/></TextLine>
</TextBlock>
<TextBlock ID="Page1_Block76" HEIGHT="42" WIDTH="357" VPOS="1030" HPOS="171" language="de"><Shape><Polygon POINTS="179,1034 536,1034 536,1073 179,1073 179,1034"/></Shape>
<TextLine HEIGHT="32" WIDTH="175" VPOS="1034" HPOS="182"><String STYLEREFS="font1" WC="0.3533333242" CONTENT="etudiant." HEIGHT="32" WIDTH="127" VPOS="1034" HPOS="182"/><SP WIDTH="8" VPOS="1046" HPOS="310"/><String STYLEREFS="font1" WC="0.6449999809" CONTENT="m." HEIGHT="19" WIDTH="38" VPOS="1046" HPOS="319"/></TextLine>
</TextBlock>
<TextBlock ID="Page1_Block77" HEIGHT="41" WIDTH="156" VPOS="1028" HPOS="528" language="de"><Shape><Polygon POINTS="536,1034 692,1034 692,1073 536,1073 536,1034"/></Shape>
<TextLine HEIGHT="30" WIDTH="68" VPOS="1034" HPOS="606"><String STYLEREFS="font1" WC="0.2099999934" CONTENT="ibid." HEIGHT="30" WIDTH="68" VPOS="1034" HPOS="606"/></TextLine>
</TextBlock>
<TextBlock ID="Page1_Block78" HEIGHT="41" WIDTH="343" VPOS="1026" HPOS="683" language="de"><Shape><Polygon POINTS="692,1034 1034,1034 1034,1073 692,1073 692,1034"/></Shape>
<TextLine HEIGHT="29" WIDTH="43" VPOS="1033" HPOS="906"><String STYLEREFS="font1" WC="0.3400000036" CONTENT="Fa." HEIGHT="29" WIDTH="43" VPOS="1033" HPOS="906"/></TextLine>
</TextBlock>
<TextBlock ID="Page1_Block79" HEIGHT="48" WIDTH="357" VPOS="1069" HPOS="171" language="de"><Shape><Polygon POINTS="179,1073 536,1073 536,1119 179,1119 179,1073"/></Shape>
<TextLine HEIGHT="31" WIDTH="113" VPOS="1078" HPOS="182"><String STYLEREFS="font1" WC="0.3274999857" CONTENT="ctudier." HEIGHT="31" WIDTH="113" VPOS="1078" HPOS="182"/></TextLine>
</TextBlock>
<TextBlock ID="Page1_Block80" HEIGHT="48" WIDTH="156" VPOS="1067" HPOS="528" language="de"><Shape><Polygon POINTS="536,1073 692,1073 692,1119 536,1119 536,1073"/></Shape>
<TextLine HEIGHT="29" WIDTH="58" VPOS="1084" HPOS="613"><String STYLE="italics" STYLEREFS="font1" WC="0.6666666865" CONTENT="377" HEIGHT="29" WIDTH="58" VPOS="1084" HPOS="613"/></TextLine>
</TextBlock>
<TextBlock ID="Page1_Block81" HEIGHT="48" WIDTH="342" VPOS="1065" HPOS="684" language="de"><Shape><Polygon POINTS="692,1073 1034,1073 1034,1119 692,1119 692,1073"/></Shape>
<TextLine HEIGHT="31" WIDTH="106" VPOS="1077" HPOS="689"><String STYLEREFS="font1" WC="0.425999999" CONTENT="Face." HEIGHT="29" WIDTH="77" VPOS="1079" HPOS="689"/><SP WIDTH="8" VPOS="1078" HPOS="767"/><String STYLEREFS="font1" WC="0.3899999857" CONTENT="f." HEIGHT="30" WIDTH="19" VPOS="1077" HPOS="776"/></TextLine>
</TextBlock>
<TextBlock ID="Page1_Block82" HEIGHT="48" WIDTH="167" VPOS="1063" HPOS="1026" language="de"><Shape><Polygon POINTS="1034,1073 1201,1073 1201,1119 1034,1119 1034,1073"/></Shape>
<TextLine HEIGHT="46" WIDTH="140" VPOS="1062" HPOS="1036"><String STYLEREFS="font1" WC="0.3342857063" CONTENT="151.349" HEIGHT="46" WIDTH="140" VPOS="1062" HPOS="1036"/></TextLine>
</TextBlock>
<TextBlock ID="Page1_Block83" HEIGHT="44" WIDTH="358" VPOS="1115" HPOS="171" language="de"><Shape><Polygon POINTS="179,1119 536,1119 536,1160 179,1160 179,1119"/></Shape>
<TextLine HEIGHT="37" WIDTH="218" VPOS="1118" HPOS="180"><String STYLEREFS="font1" WC="1." CONTENT="*’" HEIGHT="18" WIDTH="21" VPOS="1127" HPOS="180"/><SP WIDTH="37" VPOS="1127" HPOS="202"/><String STYLE="bold" STYLEREFS="font1" WC="0.4600000083" CONTENT="*" HEIGHT="10" WIDTH="13" VPOS="1135" HPOS="240"/><SP WIDTH="39" VPOS="1135" HPOS="254"/><String STYLEREFS="font1" WC="1." CONTENT="-" HEIGHT="7" WIDTH="15" VPOS="1138" HPOS="294"/><SP WIDTH="41" VPOS="1118" HPOS="310"/><String STYLE="bold" STYLEREFS="font1" WC="0.3533333242" CONTENT="de." HEIGHT="36" WIDTH="46" VPOS="1118" HPOS="352"/></TextLine>
</TextBlock>
<TextBlock ID="Page1_Block84" HEIGHT="43" WIDTH="157" VPOS="1113" HPOS="528" language="de"><Shape><Polygon POINTS="536,1119 692,1119 692,1160 536,1160 536,1119"/></Shape>
<TextLine HEIGHT="29" WIDTH="32" VPOS="1127" HPOS="637"><String STYLEREFS="font2" WC="0.2649999857" CONTENT="83" HEIGHT="29" WIDTH="32" VPOS="1127" HPOS="637"/></TextLine>
</TextBlock>
<TextBlock ID="Page1_Block85" HEIGHT="43" WIDTH="342" VPOS="1111" HPOS="684" language="de"><Shape><Polygon POINTS="692,1119 1034,1119 1034,1160 692,1160 692,1119"/></Shape>
<TextLine HEIGHT="30" WIDTH="93" VPOS="1119" HPOS="689"><String STYLE="superscript" STYLEREFS="font1" WC="0.2399999946" CONTENT=":" HEIGHT="15" WIDTH="7" VPOS="1119" HPOS="689"/><String STYLEREFS="font1" WC="0.5450000167" CONTENT="acher." HEIGHT="28" WIDTH="88" VPOS="1121" HPOS="694"/></TextLine>
</TextBlock>
<TextBlock ID="Page1_Block86" HEIGHT="43" WIDTH="167" VPOS="1109" HPOS="1026" language="de"><Shape><Polygon POINTS="1034,1119 1201,1119 1201,1160 1034,1160 1034,1119"/></Shape>
<TextLine HEIGHT="48" WIDTH="127" VPOS="1101" HPOS="1047"><String STYLE="bold" STYLEREFS="font1" WC="0.5133333206" CONTENT="99." HEIGHT="31" WIDTH="52" VPOS="1118" HPOS="1047"/><String STYLEREFS="font1" WC="0.3666666746" CONTENT="169" HEIGHT="35" WIDTH="59" VPOS="1101" HPOS="1115"/></TextLine>
</TextBlock>
<TextBlock ID="Page1_Block87" HEIGHT="47" WIDTH="357" VPOS="1156" HPOS="172" language="de"><Shape><Polygon POINTS="179,1160 536,1160 536,1204 179,1204 179,1160"/></Shape>
<TextLine HEIGHT="36" WIDTH="120" VPOS="1161" HPOS="184"><String STYLEREFS="font1" WC="0.5699999928" CONTENT="etuve." HEIGHT="23" WIDTH="86" VPOS="1170" HPOS="184"/><SP WIDTH="10" VPOS="1162" HPOS="271"/><String STYLEREFS="font1" WC="0.2450000048" CONTENT="f." HEIGHT="36" WIDTH="22" VPOS="1161" HPOS="282"/></TextLine>
</TextBlock>
<TextBlock ID="Page1_Block88" HEIGHT="46" WIDTH="156" VPOS="1154" HPOS="529" language="de"><Shape><Polygon POINTS="536,1160 692,1160 692,1204 536,1204 536,1160"/></Shape>
<TextLine HEIGHT="33" WIDTH="134" VPOS="1164" HPOS="538"><String STYLEREFS="font1" WC="0.4300000072" CONTENT="*" HEIGHT="23" WIDTH="17" VPOS="1168" HPOS="538"/><String STYLEREFS="font2" WC="0.3383333385" CONTENT="77-285" HEIGHT="32" WIDTH="111" VPOS="1164" HPOS="561"/></TextLine>
</TextBlock>
<TextBlock ID="Page1_Block89" HEIGHT="46" WIDTH="342" VPOS="1152" HPOS="685" language="de"><Shape><Polygon POINTS="692,1160 1034,1160 1034,1204 692,1204 692,1160"/></Shape>
<TextLine HEIGHT="37" WIDTH="331" VPOS="1158" HPOS="696"><String STYLEREFS="font1" WC="0.4180000126" CONTENT="acon." HEIGHT="21" WIDTH="80" VPOS="1172" HPOS="696"/><SP WIDTH="13" VPOS="1163" HPOS="777"/><String STYLEREFS="font1" WC="0.6100000143" CONTENT="f." HEIGHT="30" WIDTH="21" VPOS="1162" HPOS="791"/><SP WIDTH="54" VPOS="1167" HPOS="813"/><String STYLEREFS="font2" WC="0.150000006" CONTENT="2" HEIGHT="23" WIDTH="20" VPOS="1167" HPOS="868"/><String STYLEREFS="font1" WC="0.224999994" CONTENT="f&gt;" HEIGHT="28" WIDTH="18" VPOS="1159" HPOS="895"/><String STYLEREFS="font2" WC="0.2899999917" CONTENT="7" HEIGHT="30" WIDTH="19" VPOS="1164" HPOS="917"/><String STYLEREFS="font1" WC="0.400000006" CONTENT="»" HEIGHT="11" WIDTH="7" VPOS="1177" HPOS="940"/><String STYLEREFS="font2" WC="7.999999821e-002" CONTENT="34" HEIGHT="31" WIDTH="41" VPOS="1161" HPOS="953"/><String STYLEREFS="font1" WC="0.1700000018" CONTENT="?*" HEIGHT="30" WIDTH="27" VPOS="1161" HPOS="1000"/></TextLine>
</TextBlock>
<TextBlock ID="Page1_Block90" HEIGHT="46" WIDTH="168" VPOS="1150" HPOS="1026" language="de"><Shape><Polygon POINTS="1034,1160 1201,1160 1201,1204 1034,1204 1034,1160"/></Shape>
<TextLine HEIGHT="47" WIDTH="141" VPOS="1142" HPOS="1033"><String STYLE="bold" STYLEREFS="font1" WC="0.3628571332" CONTENT="381.4°?" HEIGHT="47" WIDTH="141" VPOS="1142" HPOS="1033"/></TextLine>
</TextBlock>
<TextBlock ID="Page1_Block91" HEIGHT="46" WIDTH="357" VPOS="1200" HPOS="172" language="de"><Shape><Polygon POINTS="179,1204 536,1204 536,1248 179,1248 179,1204"/></Shape>
<TextLine HEIGHT="36" WIDTH="111" VPOS="1201" HPOS="181"><String STYLEREFS="font1" WC="0.3619999886" CONTENT="£tui," HEIGHT="36" WIDTH="64" VPOS="1201" HPOS="181"/><SP WIDTH="6" VPOS="1215" HPOS="246"/><String STYLEREFS="font1" WC="0.3600000143" CONTENT="m." HEIGHT="20" WIDTH="39" VPOS="1215" HPOS="253"/></TextLine>
</TextBlock>
<TextBlock ID="Page1_Block92" HEIGHT="46" WIDTH="156" VPOS="1198" HPOS="529" language="de"><Shape><Polygon POINTS="536,1204 692,1204 692,1248 536,1248 536,1204"/></Shape>
<TextLine HEIGHT="28" WIDTH="122" VPOS="1211" HPOS="546"><String STYLEREFS="font1" WC="0.5671428442" CONTENT="»91-503" HEIGHT="28" WIDTH="122" VPOS="1211" HPOS="546"/></TextLine>
</TextBlock>
<TextBlock ID="Page1_Block93" HEIGHT="48" WIDTH="509" VPOS="1194" HPOS="685" language="de"><Shape><Polygon POINTS="692,1204 1201,1204 1201,1248 692,1248 692,1204"/></Shape>
<TextLine HEIGHT="44" WIDTH="460" VPOS="1195" HPOS="685"><String STYLEREFS="font1" WC="0.3444444537" CONTENT="raecnner." HEIGHT="21" WIDTH="139" VPOS="1213" HPOS="685"/><SP WIDTH="45" VPOS="1210" HPOS="825"/><String STYLEREFS="font1" WC="0.4174999893" CONTENT="I7I*397*" HEIGHT="37" WIDTH="148" VPOS="1201" HPOS="871"/><String STYLE="superscript" STYLEREFS="font1" WC="0.25" CONTENT="2" HEIGHT="21" WIDTH="18" VPOS="1203" HPOS="1023"/><String STYLEREFS="font1" WC="0.324000001" CONTENT="73*37" HEIGHT="35" WIDTH="99" VPOS="1195" HPOS="1046"/></TextLine>
</TextBlock>
<TextBlock ID="Page1_Block94" HEIGHT="42" WIDTH="358" VPOS="1244" HPOS="172" language="de"><Shape><Polygon POINTS="179,1248 536,1248 536,1288 179,1288 179,1248"/></Shape>
<TextLine HEIGHT="43" WIDTH="311" VPOS="1243" HPOS="179"><String STYLEREFS="font1" WC="1." CONTENT="-" HEIGHT="6" WIDTH="14" VPOS="1259" HPOS="179"/><SP WIDTH="41" VPOS="1259" HPOS="194"/><String STYLEREFS="font1" WC="1." CONTENT="-" HEIGHT="5" WIDTH="14" VPOS="1264" HPOS="236"/><SP WIDTH="41" VPOS="1258" HPOS="251"/><String STYLEREFS="font1" WC="0.3199999928" CONTENT="a" HEIGHT="19" WIDTH="14" VPOS="1257" HPOS="293"/><SP WIDTH="10" VPOS="1257" HPOS="308"/><String STYLEREFS="font1" WC="0.3833333254" CONTENT="plumes" HEIGHT="40" WIDTH="106" VPOS="1245" HPOS="318"/><SP WIDTH="7" VPOS="1243" HPOS="424"/><String STYLEREFS="font1" WC="0.5666666627" CONTENT="&amp;c." HEIGHT="34" WIDTH="57" VPOS="1243" HPOS="432"/></TextLine>
</TextBlock>
<TextBlock ID="Page1_Block95" HEIGHT="42" WIDTH="157" VPOS="1242" HPOS="529" language="de"><Shape><Polygon POINTS="536,1248 692,1248 692,1288 536,1288 536,1248"/></Shape>
<TextLine HEIGHT="30" WIDTH="54" VPOS="1251" HPOS="615"><String STYLEREFS="font2" WC="0.3899999857" CONTENT="353" HEIGHT="30" WIDTH="54" VPOS="1251" HPOS="615"/></TextLine>
</TextBlock>
<TextBlock ID="Page1_Block96" HEIGHT="42" WIDTH="343" VPOS="1240" HPOS="685" language="de"><Shape><Polygon POINTS="692,1248 1034,1248 1034,1288 692,1288 692,1248"/></Shape>
<TextLine HEIGHT="36" WIDTH="335" VPOS="1242" HPOS="690"><String STYLE="superscript" STYLEREFS="font1" WC="0.2399999946" CONTENT=":" HEIGHT="15" WIDTH="7" VPOS="1246" HPOS="690"/><String STYLEREFS="font1" WC="0.3728571534" CONTENT="aconne," HEIGHT="22" WIDTH="120" VPOS="1256" HPOS="695"/><SP WIDTH="146" VPOS="1246" HPOS="815"/><String STYLEREFS="font1" WC="0.5199999809" CONTENT="5*8" HEIGHT="33" WIDTH="63" VPOS="1242" HPOS="962"/></TextLine>
</TextBlock>
<TextBlock ID="Page1_Block97" HEIGHT="42" WIDTH="168" VPOS="1238" HPOS="1027" language="de"><Shape><Polygon POINTS="1034,1248 1201,1248 1201,1288 1034,1288 1034,1248"/></Shape>
<TextLine HEIGHT="31" WIDTH="55" VPOS="1239" HPOS="1094"><String STYLEREFS="font2" WC="0.3050000072" CONTENT="(.47" HEIGHT="31" WIDTH="55" VPOS="1239" HPOS="1094"/></TextLine>
</TextBlock>
<TextBlock ID="Page1_Block98" HEIGHT="40" WIDTH="357" VPOS="1284" HPOS="173" language="de"><Shape><Polygon POINTS="179,1288 536,1288 536,1326 179,1326 179,1288"/></Shape>
<TextLine HEIGHT="34" WIDTH="105" VPOS="1288" HPOS="366"><String STYLEREFS="font1" WC="0.5299999714" CONTENT="Ev." HEIGHT="31" WIDTH="45" VPOS="1291" HPOS="366"/><SP WIDTH="8" VPOS="1289" HPOS="412"/><String STYLEREFS="font1" WC="0.5166666508" CONTENT="Eu." HEIGHT="32" WIDTH="50" VPOS="1288" HPOS="421"/></TextLine>
</TextBlock>
<TextBlock ID="Page1_Block99" HEIGHT="42" WIDTH="509" VPOS="1278" HPOS="686" language="de"><Shape><Polygon POINTS="692,1288 1201,1288 1201,1326 692,1326 692,1288"/></Shape>
<TextLine HEIGHT="40" WIDTH="478" VPOS="1280" HPOS="695"><String STYLEREFS="font1" WC="0.3980000019" CONTENT="aire," HEIGHT="30" WIDTH="64" VPOS="1290" HPOS="695"/><SP WIDTH="12" VPOS="1298" HPOS="760"/><String STYLEREFS="font2" WC="0.2199999988" CONTENT="2" HEIGHT="19" WIDTH="13" VPOS="1298" HPOS="773"/><String STYLEREFS="font1" WC="0.3959999979" CONTENT=",oci," HEIGHT="24" WIDTH="66" VPOS="1296" HPOS="791"/><String STYLEREFS="font2" WC="0.4566666782" CONTENT="127" HEIGHT="32" WIDTH="64" VPOS="1287" HPOS="865"/><String STYLEREFS="font1" WC="0.9800000191" CONTENT="*" HEIGHT="10" WIDTH="8" VPOS="1301" HPOS="931"/><String STYLE="superscript" STYLEREFS="font2" WC="0.3899999857" CONTENT="2" HEIGHT="21" WIDTH="18" VPOS="1288" HPOS="943"/><String STYLEREFS="font1" WC="1." CONTENT="^" HEIGHT="20" WIDTH="19" VPOS="1286" HPOS="966"/><String STYLEREFS="font2" WC="0.2199999988" CONTENT="7" HEIGHT="29" WIDTH="19" VPOS="1286" HPOS="989"/><String STYLEREFS="font1" WC="0.5199999809" CONTENT="°" HEIGHT="7" WIDTH="7" VPOS="1296" HPOS="1010"/><String STYLE="superscript" STYLEREFS="font2" WC="0.6000000238" CONTENT="2" HEIGHT="19" WIDTH="16" VPOS="1286" HPOS="1023"/><String STYLEREFS="font2" WC="0.1299999952" CONTENT="47" HEIGHT="34" WIDTH="42" VPOS="1281" HPOS="1044"/><String STYLEREFS="font1" WC="0.6299999952" CONTENT="&apos;" HEIGHT="7" WIDTH="7" VPOS="1295" HPOS="1090"/><String STYLE="superscript" STYLEREFS="font1" WC="0.5600000024" CONTENT="2" HEIGHT="22" WIDTH="19" VPOS="1281" HPOS="1101"/><String STYLEREFS="font1" WC="1." CONTENT="^" HEIGHT="18" WIDTH="12" VPOS="1288" HPOS="1127"/><SP WIDTH="8" VPOS="1287" HPOS="1140"/><String STYLEREFS="font1" WC="0.6349999905" CONTENT="E." HEIGHT="31" WIDTH="24" VPOS="1286" HPOS="1149"/></TextLine>
</TextBlock>
<TextBlock ID="Page1_Block100" HEIGHT="56" WIDTH="357" VPOS="1322" HPOS="173" language="de"><Shape><Polygon POINTS="179,1326 536,1326 536,1380 179,1380 179,1326"/></Shape>
<TextLine HEIGHT="33" WIDTH="146" VPOS="1326" HPOS="179"><String STYLEREFS="font1" WC="0.2588889003" CONTENT="Evaneuir." HEIGHT="33" WIDTH="146" VPOS="1326" HPOS="179"/></TextLine>
</TextBlock>
<TextBlock ID="Page1_Block101" HEIGHT="56" WIDTH="156" VPOS="1320" HPOS="530" language="de"><Shape><Polygon POINTS="536,1326 692,1326 692,1380 536,1380 536,1326"/></Shape>
<TextLine HEIGHT="34" WIDTH="56" VPOS="1335" HPOS="615"><String STYLEREFS="font2" WC="0.323333323" CONTENT="587" HEIGHT="34" WIDTH="56" VPOS="1335" HPOS="615"/></TextLine>
</TextBlock>
<TextBlock ID="Page1_Block102" HEIGHT="56" WIDTH="167" VPOS="1316" HPOS="1028" language="de"><Shape><Polygon POINTS="1034,1326 1201,1326 1201,1380 1034,1380 1034,1326"/></Shape>
<TextLine HEIGHT="28" WIDTH="72" VPOS="1316" HPOS="1103"><String STYLEREFS="font2" WC="0.4074999988" CONTENT="■279" HEIGHT="28" WIDTH="72" VPOS="1316" HPOS="1103"/></TextLine>
</TextBlock></ComposedBlock>
<TextBlock ID="Page1_Block103" HEIGHT="414" WIDTH="230" VPOS="1411" HPOS="147" language="de" STYLEREFS="font1"><Shape><Polygon POINTS="152,1414 350,1414 350,1660 380,1660 380,1706 342,1706 342,1826 152,1826 152,1414"/></Shape>
<TextLine HEIGHT="30" WIDTH="139" VPOS="1417" HPOS="179" STYLEREFS="font2"><String WC="0.3411111236" CONTENT="eventrer*" HEIGHT="30" WIDTH="139" VPOS="1417" HPOS="179"/></TextLine>
<TextLine HEIGHT="29" WIDTH="126" VPOS="1453" HPOS="179"><String WC="0.4085714221" CONTENT="«•vier." HEIGHT="28" WIDTH="78" VPOS="1454" HPOS="179"/><SP WIDTH="6" VPOS="1463" HPOS="258"/><String WC="0.3549999893" CONTENT="m." HEIGHT="18" WIDTH="40" VPOS="1462" HPOS="265"/></TextLine>
<TextLine HEIGHT="34" WIDTH="124" VPOS="1492" HPOS="178"><String WC="0.4474999905" CONTENT="(■viere," HEIGHT="29" WIDTH="93" VPOS="1497" HPOS="178"/><SP WIDTH="9" VPOS="1493" HPOS="272"/><String WC="0.349999994" CONTENT="f." HEIGHT="32" WIDTH="20" VPOS="1492" HPOS="282"/></TextLine>
<TextLine HEIGHT="43" WIDTH="150" VPOS="1533" HPOS="178"><String WC="0.3899999857" CONTENT="Europe." HEIGHT="37" WIDTH="118" VPOS="1539" HPOS="178"/><SP WIDTH="10" VPOS="1533" HPOS="297"/><String WC="0.3050000072" CONTENT="f." HEIGHT="30" WIDTH="20" VPOS="1533" HPOS="308"/></TextLine>
<TextLine HEIGHT="19" WIDTH="107" VPOS="1590" HPOS="175"><String WC="0.6733333468" CONTENT="eux" HEIGHT="19" WIDTH="52" VPOS="1590" HPOS="175"/><SP WIDTH="15" VPOS="1591" HPOS="228"/><String WC="0.5400000215" CONTENT="m." HEIGHT="18" WIDTH="38" VPOS="1591" HPOS="244"/></TextLine>
<TextLine HEIGHT="39" WIDTH="189" VPOS="1662" HPOS="172" STYLEREFS="font1"><String WC="0.5344444513" CONTENT="Exai^eur." HEIGHT="39" WIDTH="140" VPOS="1662" HPOS="172"/><SP WIDTH="8" VPOS="1673" HPOS="313"/><String WC="0.4550000131" CONTENT="m." HEIGHT="21" WIDTH="39" VPOS="1673" HPOS="322"/></TextLine>
<TextLine HEIGHT="35" WIDTH="149" VPOS="1705" HPOS="173" STYLEREFS="font1"><String WC="0.3855555654" CONTENT="examiner," HEIGHT="35" WIDTH="149" VPOS="1705" HPOS="173"/></TextLine>
<TextLine HEIGHT="23" WIDTH="146" VPOS="1756" HPOS="166" STYLEREFS="font1"><String WC="0.3249999881" CONTENT="exces." HEIGHT="22" WIDTH="90" VPOS="1757" HPOS="166"/><SP WIDTH="14" VPOS="1758" HPOS="256"/><String WC="0.400000006" CONTENT="m." HEIGHT="20" WIDTH="42" VPOS="1757" HPOS="270"/></TextLine>
<TextLine HEIGHT="30" WIDTH="107" VPOS="1791" HPOS="165" STYLEREFS="font1"><String STYLE="bold" STYLEREFS="font2" WC="0.2049999982" CONTENT="»xcitcr." HEIGHT="30" WIDTH="107" VPOS="1791" HPOS="165"/></TextLine>
</TextBlock>
<TextBlock ID="Page1_Block104" HEIGHT="47" WIDTH="89" VPOS="1612" HPOS="366" language="de" STYLEREFS="font2"><Shape><Polygon POINTS="370,1616 458,1616 458,1662 370,1662 370,1616"/></Shape>
<TextLine HEIGHT="35" WIDTH="57" VPOS="1619" HPOS="381"><String WC="0.4300000072" CONTENT="Ex," HEIGHT="35" WIDTH="57" VPOS="1619" HPOS="381"/></TextLine>
</TextBlock>
<TextBlock ID="Page1_Block105" HEIGHT="373" WIDTH="158" VPOS="1376" HPOS="516" language="de" STYLEREFS="font1"><Shape><Polygon POINTS="522,1382 678,1382 678,1540 676,1540 676,1586 674,1586 674,1630 672,1630 672,1754 594,1754 594,1672 522,1672 522,1382"/></Shape>
<TextLine HEIGHT="26" WIDTH="53" VPOS="1382" HPOS="616" STYLEREFS="font1"><String WC="0.2099999934" CONTENT="143" HEIGHT="26" WIDTH="53" VPOS="1382" HPOS="616"/></TextLine>
<TextLine HEIGHT="28" WIDTH="55" VPOS="1423" HPOS="613" STYLEREFS="font0"><String WC="0.2133333385" CONTENT="213" HEIGHT="28" WIDTH="55" VPOS="1423" HPOS="613"/></TextLine>
<TextLine HEIGHT="26" WIDTH="46" VPOS="1467" HPOS="623"><String WC="0.7333333492" CONTENT="2&gt;5" HEIGHT="26" WIDTH="46" VPOS="1467" HPOS="623"/></TextLine>
<TextLine HEIGHT="28" WIDTH="55" VPOS="1508" HPOS="613"><String WC="0.3466666639" CONTENT="227" HEIGHT="28" WIDTH="55" VPOS="1508" HPOS="613"/></TextLine>
<TextLine HEIGHT="28" WIDTH="56" VPOS="1549" HPOS="611"><String WC="0.2566666603" CONTENT="421" HEIGHT="28" WIDTH="56" VPOS="1549" HPOS="611"/></TextLine>
<TextLine HEIGHT="35" WIDTH="129" VPOS="1586" HPOS="533"><String STYLE="italics" WC="0.4099999964" CONTENT="313" HEIGHT="34" WIDTH="52" VPOS="1586" HPOS="533"/><SP WIDTH="6" VPOS="1586" HPOS="586"/><String STYLE="italics" WC="1." CONTENT="•" HEIGHT="9" WIDTH="5" VPOS="1602" HPOS="593"/><String WC="0.5133333206" CONTENT="48)" HEIGHT="32" WIDTH="52" VPOS="1588" HPOS="610"/></TextLine>
<TextLine HEIGHT="29" WIDTH="58" VPOS="1675" HPOS="607" STYLEREFS="font1"><String WC="0.8600000143" CONTENT="54" HEIGHT="29" WIDTH="40" VPOS="1675" HPOS="607"/><String STYLE="bold" WC="0.2399999946" CONTENT="s" HEIGHT="28" WIDTH="14" VPOS="1676" HPOS="651"/></TextLine>
<TextLine HEIGHT="34" WIDTH="62" VPOS="1711" HPOS="607" STYLEREFS="font1"><String STYLE="bold" WC="0.3050000072" CONTENT="387," HEIGHT="34" WIDTH="62" VPOS="1711" HPOS="607"/></TextLine>
</TextBlock>
<TextBlock ID="Page1_Block106" HEIGHT="481" WIDTH="520" VPOS="1366" HPOS="676" language="de" STYLEREFS="font2"><Shape><Polygon POINTS="686,1376 1198,1376 1198,1855 942,1855 942,1704 734,1704 734,1660 680,1660 680,1624 682,1624 682,1582 684,1582 684,1548 740,1548 740,1410 686,1410 686,1376"/></Shape>
<TextLine HEIGHT="36" WIDTH="488" VPOS="1366" HPOS="684"><String WC="0.3600000143" CONTENT="feit." HEIGHT="30" WIDTH="54" VPOS="1370" HPOS="684"/><SP WIDTH="280" VPOS="1372" HPOS="739"/><String WC="0.1800000072" CONTENT="2" HEIGHT="23" WIDTH="20" VPOS="1372" HPOS="1020"/><SP WIDTH="7" VPOS="1370" HPOS="1041"/><String WC="0.3199999928" CONTENT="35-3*)/" HEIGHT="33" WIDTH="123" VPOS="1366" HPOS="1049"/></TextLine>
<TextLine HEIGHT="58" WIDTH="441" VPOS="1390" HPOS="737" STYLEREFS="font1"><String STYLEREFS="font2" WC="1." CONTENT="-" HEIGHT="7" WIDTH="15" VPOS="1427" HPOS="738"/><SP WIDTH="47" VPOS="1409" HPOS="754"/><String STYLEREFS="font2" WC="0.6600000262" CONTENT="(ou" HEIGHT="38" WIDTH="53" VPOS="1409" HPOS="802"/><SP WIDTH="6" VPOS="1410" HPOS="856"/><String STYLEREFS="font2" WC="0.2150000036" CONTENT="Prifer" HEIGHT="31" WIDTH="82" VPOS="1405" HPOS="863"/><SP WIDTH="10" VPOS="1406" HPOS="946"/><String WC="0.3600000143" CONTENT="la" HEIGHT="29" WIDTH="26" VPOS="1406" HPOS="957"/><SP WIDTH="5" VPOS="1407" HPOS="984"/><String WC="0.2990909219" CONTENT="Marcbandife" HEIGHT="47" WIDTH="189" VPOS="1390" HPOS="989"/></TextLine>
<TextLine HEIGHT="54" WIDTH="322" VPOS="1436" HPOS="853" STYLEREFS="font1"><String WC="0.2099999934" CONTENT="ce" HEIGHT="18" WIDTH="29" VPOS="1460" HPOS="853"/><SP WIDTH="10" VPOS="1461" HPOS="883"/><String WC="0.4199999869" CONTENT="qu&apos;" HEIGHT="35" WIDTH="44" VPOS="1455" HPOS="894"/><SP WIDTH="10" VPOS="1455" HPOS="939"/><String WC="0.495714277" CONTENT="elle-v»" HEIGHT="30" WIDTH="98" VPOS="1449" HPOS="950"/><String STYLE="superscript" WC="0.3899999857" CONTENT="ut" HEIGHT="21" WIDTH="30" VPOS="1446" HPOS="1049"/><String WC="0.3300000131" CONTENT="*" HEIGHT="8" WIDTH="7" VPOS="1458" HPOS="1081"/><SP WIDTH="19" VPOS="1446" HPOS="1089"/><String WC="0.4166666567" CONTENT="49?" HEIGHT="39" WIDTH="66" VPOS="1436" HPOS="1109"/></TextLine>
<TextLine HEIGHT="58" WIDTH="434" VPOS="1478" HPOS="739"><String WC="1." CONTENT="-" HEIGHT="6" WIDTH="14" VPOS="1512" HPOS="739"/><SP WIDTH="39" VPOS="1504" HPOS="754"/><String WC="0.6000000238" CONTENT="ce" HEIGHT="20" WIDTH="30" VPOS="1503" HPOS="794"/><SP WIDTH="10" VPOS="1503" HPOS="825"/><String WC="0.3899999857" CONTENT="qui" HEIGHT="39" WIDTH="47" VPOS="1494" HPOS="835"/><SP WIDTH="8" VPOS="1494" HPOS="882"/><String WC="0.6700000167" CONTENT="refte" HEIGHT="32" WIDTH="65" VPOS="1492" HPOS="891"/><SP WIDTH="8" VPOS="1496" HPOS="957"/><String WC="0.349999994" CONTENT="(eft)" HEIGHT="44" WIDTH="68" VPOS="1490" HPOS="965"/><SP WIDTH="6" VPOS="1481" HPOS="1033"/><String WC="0.2366666645" CONTENT="de," HEIGHT="34" WIDTH="44" VPOS="1480" HPOS="1040"/><SP WIDTH="19" VPOS="1488" HPOS="1085"/><String WC="0.2399999946" CONTENT="42" HEIGHT="33" WIDTH="43" VPOS="1485" HPOS="1105"/><SP WIDTH="5" VPOS="1479" HPOS="1149"/><String STYLE="superscript" WC="0.2399999946" CONTENT="E" HEIGHT="24" WIDTH="17" VPOS="1478" HPOS="1155"/></TextLine>
<TextLine HEIGHT="42" WIDTH="492" VPOS="1530" HPOS="682" STYLEREFS="font1"><String WC="1." CONTENT="&apos;" HEIGHT="16" WIDTH="7" VPOS="1548" HPOS="682"/><String STYLE="superscript" WC="0.4350000024" CONTENT="ie" HEIGHT="19" WIDTH="27" VPOS="1546" HPOS="689"/><SP WIDTH="40" VPOS="1546" HPOS="717"/><String WC="0.5500000119" CONTENT="&apos;" HEIGHT="8" WIDTH="13" VPOS="1552" HPOS="758"/><SP WIDTH="40" VPOS="1551" HPOS="772"/><String WC="0.7400000095" CONTENT="&apos;" HEIGHT="6" WIDTH="14" VPOS="1552" HPOS="813"/><SP WIDTH="196" VPOS="1539" HPOS="828"/><String STYLEREFS="font2" WC="0.2700000107" CONTENT="373" HEIGHT="33" WIDTH="66" VPOS="1537" HPOS="1025"/><SP WIDTH="12" VPOS="1538" HPOS="1092"/><String STYLEREFS="font2" WC="0.2549999952" CONTENT="43" HEIGHT="32" WIDTH="42" VPOS="1536" HPOS="1105"/><String WC="0.8199999928" CONTENT="?" HEIGHT="35" WIDTH="21" VPOS="1530" HPOS="1153"/></TextLine>
<TextLine HEIGHT="42" WIDTH="486" VPOS="1573" HPOS="682" STYLEREFS="font1"><String WC="0.6650000215" CONTENT="1«" HEIGHT="24" WIDTH="22" VPOS="1583" HPOS="682"/><SP WIDTH="39" VPOS="1589" HPOS="705"/><String WC="0.6100000143" CONTENT="-" HEIGHT="5" WIDTH="15" VPOS="1594" HPOS="745"/><SP WIDTH="37" VPOS="1593" HPOS="761"/><String WC="0.5099999905" CONTENT="-" HEIGHT="7" WIDTH="14" VPOS="1593" HPOS="799"/><SP WIDTH="222" VPOS="1580" HPOS="814"/><String WC="0.3566666543" CONTENT="33.571" HEIGHT="40" WIDTH="131" VPOS="1573" HPOS="1037"/></TextLine>
<TextLine HEIGHT="45" WIDTH="491" VPOS="1611" HPOS="680" STYLEREFS="font1"><String STYLE="bold" WC="0.4275000095" CONTENT="i’en" HEIGHT="26" WIDTH="60" VPOS="1623" HPOS="680"/><SP WIDTH="33" VPOS="1627" HPOS="741"/><String STYLE="bold" WC="0.5699999928" CONTENT="-" HEIGHT="6" WIDTH="13" VPOS="1635" HPOS="775"/><SP WIDTH="40" VPOS="1634" HPOS="789"/><String STYLE="bold" WC="1." CONTENT="-" HEIGHT="9" WIDTH="14" VPOS="1637" HPOS="830"/><SP WIDTH="42" VPOS="1621" HPOS="845"/><String STYLE="bold" WC="0.6299999952" CONTENT="du" HEIGHT="30" WIDTH="39" VPOS="1620" HPOS="887"/><SP WIDTH="11" VPOS="1616" HPOS="926"/><String STYLE="bold" WC="0.1000000015" CONTENT="(delaj" HEIGHT="41" WIDTH="91" VPOS="1613" HPOS="937"/><SP WIDTH="8" VPOS="1617" HPOS="1028"/><String STYLE="bold" WC="0.6866666675" CONTENT="&amp;c." HEIGHT="30" WIDTH="52" VPOS="1616" HPOS="1036"/><SP WIDTH="38" VPOS="1618" HPOS="1089"/><String WC="0.1099999994" CONTENT="35" HEIGHT="35" WIDTH="42" VPOS="1611" HPOS="1128"/></TextLine>
<TextLine HEIGHT="43" WIDTH="436" VPOS="1651" HPOS="735" STYLEREFS="font1"><String WC="0.2300000042" CONTENT="•" HEIGHT="7" WIDTH="13" VPOS="1677" HPOS="735"/><SP WIDTH="38" VPOS="1662" HPOS="749"/><String WC="0.349999994" CONTENT="des." HEIGHT="33" WIDTH="55" VPOS="1661" HPOS="788"/><SP WIDTH="260" VPOS="1663" HPOS="844"/><String WC="0.2399999946" CONTENT="115" HEIGHT="36" WIDTH="66" VPOS="1651" HPOS="1105"/></TextLine>
<TextLine HEIGHT="34" WIDTH="44" VPOS="1691" HPOS="1127"><String WC="0.4300000072" CONTENT="87" HEIGHT="34" WIDTH="44" VPOS="1691" HPOS="1127"/></TextLine>
<TextLine HEIGHT="43" WIDTH="68" VPOS="1732" HPOS="1101"><String STYLE="bold" STYLEREFS="font1" WC="0.2866666615" CONTENT="46;" HEIGHT="43" WIDTH="68" VPOS="1732" HPOS="1101"/></TextLine>
<TextLine HEIGHT="42" WIDTH="67" VPOS="1774" HPOS="1103"><String STYLE="bold" WC="0.2633333206" CONTENT="509" HEIGHT="42" WIDTH="67" VPOS="1774" HPOS="1103"/></TextLine>
<TextLine HEIGHT="32" WIDTH="57" VPOS="1813" HPOS="1110"><String WC="0.4920000136" CONTENT="fair*" HEIGHT="32" WIDTH="57" VPOS="1813" HPOS="1110"/></TextLine>
</TextBlock>
<TextBlock ID="Page1_Block107" HEIGHT="136" WIDTH="318" VPOS="1699" HPOS="548" language="de" STYLEREFS="font1"><Shape><Polygon POINTS="666,1706 868,1706 868,1840 550,1840 550,1782 588,1782 588,1748 666,1748 666,1706"/></Shape>
<TextLine HEIGHT="37" WIDTH="147" VPOS="1702" HPOS="678"><String WC="0.2822222114" CONTENT="Faifan.m." HEIGHT="37" WIDTH="147" VPOS="1702" HPOS="678"/></TextLine>
<TextLine HEIGHT="39" WIDTH="230" VPOS="1747" HPOS="600" STYLEREFS="font1"><String WC="0.226666674" CONTENT="43p" HEIGHT="26" WIDTH="62" VPOS="1760" HPOS="600"/><SP WIDTH="12" VPOS="1749" HPOS="662"/><String WC="0.2325000018" CONTENT="feifeur." HEIGHT="30" WIDTH="106" VPOS="1748" HPOS="674"/><SP WIDTH="10" VPOS="1759" HPOS="780"/><String WC="0.5749999881" CONTENT="m." HEIGHT="19" WIDTH="40" VPOS="1758" HPOS="790"/></TextLine>
<TextLine HEIGHT="43" WIDTH="297" VPOS="1788" HPOS="564"><String WC="0.4966666698" CONTENT="rs," HEIGHT="30" WIDTH="45" VPOS="1797" HPOS="564"/><SP WIDTH="11" VPOS="1800" HPOS="610"/><String WC="0.3866666555" CONTENT="3&apos;;" HEIGHT="40" WIDTH="35" VPOS="1791" HPOS="622"/><SP WIDTH="12" VPOS="1792" HPOS="658"/><String WC="0.7379999757" CONTENT="feit," HEIGHT="34" WIDTH="56" VPOS="1791" HPOS="671"/><SP WIDTH="6" VPOS="1793" HPOS="728"/><String STYLE="italics" WC="0.4616666734" CONTENT="[uhfl." HEIGHT="42" WIDTH="79" VPOS="1788" HPOS="735"/><SP WIDTH="7" VPOS="1794" HPOS="815"/><String WC="0.3600000143" CONTENT="m." HEIGHT="21" WIDTH="38" VPOS="1794" HPOS="823"/></TextLine>
</TextBlock><GraphicalElement ID="Page1_Block108" HEIGHT="11" WIDTH="332" VPOS="179" HPOS="180"/><GraphicalElement ID="Page1_Block109" HEIGHT="5" WIDTH="95" VPOS="184" HPOS="549"/><GraphicalElement ID="Page1_Block110" HEIGHT="6" WIDTH="164" VPOS="184" HPOS="684"/><GraphicalElement ID="Page1_Block111" HEIGHT="12" WIDTH="313" VPOS="184" HPOS="857"/><GraphicalElement ID="Page1_Block112" HEIGHT="642" WIDTH="13" VPOS="1084" HPOS="669"/><GraphicalElement ID="Page1_Block113" HEIGHT="113" WIDTH="4" VPOS="727" HPOS="681"/><GraphicalElement ID="Page1_Block114" HEIGHT="504" WIDTH="8" VPOS="208" HPOS="681"/>
</PrintSpace>
</Page>
</Layout>
</alto>