﻿<?xml version="1.0" encoding="UTF-8" standalone="yes"?>
<alto xmlns="http://www.loc.gov/standards/alto/ns-v2#" xmlns:xlink="http://www.w3.org/1999/xlink" xmlns:xsi="http://www.w3.org/2001/XMLSchema-instance" xsi:schemaLocation="http://www.loc.gov/standards/alto/ns-v2# http://www.loc.gov/standards/alto/alto-v2.0.xsd">
<Description>
<MeasurementUnit>pixel</MeasurementUnit>
<OCRProcessing ID="IdOcr"><ocrProcessingStep><processingDateTime>2017-03-20</processingDateTime><processingSoftware><softwareCreator>ABBYY</softwareCreator><softwareName>ABBYY FineReader Engine</softwareName><softwareVersion>11</softwareVersion></processingSoftware></ocrProcessingStep></OCRProcessing>
</Description>
<Styles>
</Styles>
<Layout>
<Page ID="Page1" PHYSICAL_IMG_NR="1" HEIGHT="2047" WIDTH="1262">
<PrintSpace HEIGHT="2047" WIDTH="1262" VPOS="0" HPOS="0">
<Illustration ID="Page1_Block1" HEIGHT="2047" WIDTH="1262" VPOS="0" HPOS="0"><Shape><Polygon POINTS="0,2 1274,2 1274,2054 0,2054 0,2"/></Shape></Illustration><GraphicalElement ID="Page1_Block2" HEIGHT="7" WIDTH="226" VPOS="54" HPOS="299"/><GraphicalElement ID="Page1_Block3" HEIGHT="20" WIDTH="928" VPOS="183" HPOS="265"/><GraphicalElement ID="Page1_Block4" HEIGHT="17" WIDTH="540" VPOS="598" HPOS="281"/><GraphicalElement ID="Page1_Block5" HEIGHT="7" WIDTH="271" VPOS="613" HPOS="389"/><GraphicalElement ID="Page1_Block6" HEIGHT="10" WIDTH="255" VPOS="690" HPOS="625"/><GraphicalElement ID="Page1_Block7" HEIGHT="4" WIDTH="182" VPOS="738" HPOS="775"/><GraphicalElement ID="Page1_Block8" HEIGHT="5" WIDTH="115" VPOS="743" HPOS="635"/><GraphicalElement ID="Page1_Block9" HEIGHT="9" WIDTH="230" VPOS="746" HPOS="692"/><GraphicalElement ID="Page1_Block10" HEIGHT="8" WIDTH="113" VPOS="757" HPOS="439"/><GraphicalElement ID="Page1_Block11" HEIGHT="6" WIDTH="115" VPOS="802" HPOS="335"/><GraphicalElement ID="Page1_Block12" HEIGHT="8" WIDTH="134" VPOS="799" HPOS="690"/><GraphicalElement ID="Page1_Block13" HEIGHT="6" WIDTH="123" VPOS="807" HPOS="692"/><GraphicalElement ID="Page1_Block14" HEIGHT="9" WIDTH="164" VPOS="819" HPOS="612"/><GraphicalElement ID="Page1_Block15" HEIGHT="8" WIDTH="255" VPOS="827" HPOS="351"/><GraphicalElement ID="Page1_Block16" HEIGHT="5" WIDTH="90" VPOS="835" HPOS="560"/><GraphicalElement ID="Page1_Block17" HEIGHT="5" WIDTH="78" VPOS="1165" HPOS="777"/><GraphicalElement ID="Page1_Block18" HEIGHT="9" WIDTH="146" VPOS="1223" HPOS="953"/><GraphicalElement ID="Page1_Block19" HEIGHT="4" WIDTH="76" VPOS="1232" HPOS="994"/><GraphicalElement ID="Page1_Block20" HEIGHT="7" WIDTH="119" VPOS="1239" HPOS="853"/><GraphicalElement ID="Page1_Block21" HEIGHT="13" WIDTH="372" VPOS="1245" HPOS="747"/><GraphicalElement ID="Page1_Block22" HEIGHT="10" WIDTH="231" VPOS="1252" HPOS="526"/><GraphicalElement ID="Page1_Block23" HEIGHT="8" WIDTH="221" VPOS="1255" HPOS="286"/><GraphicalElement ID="Page1_Block24" HEIGHT="354" WIDTH="11" VPOS="1417" HPOS="56"/><GraphicalElement ID="Page1_Block25" HEIGHT="99" WIDTH="3" VPOS="1826" HPOS="57"/><GraphicalElement ID="Page1_Block26" HEIGHT="147" WIDTH="4" VPOS="1626" HPOS="73"/><GraphicalElement ID="Page1_Block27" HEIGHT="253" WIDTH="6" VPOS="1339" HPOS="75"/><GraphicalElement ID="Page1_Block28" HEIGHT="128" WIDTH="5" VPOS="283" HPOS="71"/><GraphicalElement ID="Page1_Block29" HEIGHT="76" WIDTH="2" VPOS="1117" HPOS="78"/><GraphicalElement ID="Page1_Block30" HEIGHT="346" WIDTH="9" VPOS="64" HPOS="91"/><GraphicalElement ID="Page1_Block31" HEIGHT="584" WIDTH="14" VPOS="604" HPOS="280"/><GraphicalElement ID="Page1_Block32" HEIGHT="236" WIDTH="7" VPOS="1382" HPOS="600"/><GraphicalElement ID="Page1_Block33" HEIGHT="378" WIDTH="9" VPOS="1394" HPOS="904"/><GraphicalElement ID="Page1_Block34" HEIGHT="658" WIDTH="17" VPOS="595" HPOS="1120"/>
</PrintSpace>
</Page>
</Layout>
</alto>