﻿<?xml version="1.0" encoding="UTF-8" standalone="yes"?>
<alto xmlns="http://www.loc.gov/standards/alto/ns-v2#" xmlns:xlink="http://www.w3.org/1999/xlink" xmlns:xsi="http://www.w3.org/2001/XMLSchema-instance" xsi:schemaLocation="http://www.loc.gov/standards/alto/ns-v2# http://www.loc.gov/standards/alto/alto-v2.0.xsd">
<Description>
<MeasurementUnit>pixel</MeasurementUnit>
<OCRProcessing ID="IdOcr"><ocrProcessingStep><processingDateTime>2017-03-20</processingDateTime><processingSoftware><softwareCreator>ABBYY</softwareCreator><softwareName>ABBYY FineReader Engine</softwareName><softwareVersion>11</softwareVersion></processingSoftware></ocrProcessingStep></OCRProcessing>
</Description>
<Styles><TextStyle ID="font0" FONTFAMILY="Times New Roman" FONTSIZE="9"/><TextStyle ID="font1" FONTFAMILY="Times New Roman" FONTSIZE="11"/><TextStyle ID="font2" FONTFAMILY="Times New Roman" FONTSIZE="12"/><TextStyle ID="font3" FONTFAMILY="Times New Roman" FONTSIZE="13"/><TextStyle ID="font4" FONTFAMILY="Times New Roman" FONTSIZE="16"/>
</Styles>
<Layout>
<Page ID="Page1" PHYSICAL_IMG_NR="1" HEIGHT="2049" WIDTH="1268">
<TopMargin HEIGHT="262" WIDTH="1268" VPOS="0" HPOS="0">
</TopMargin>
<LeftMargin HEIGHT="1636" WIDTH="10" VPOS="262" HPOS="0">
</LeftMargin>
<RightMargin HEIGHT="1636" WIDTH="234" VPOS="262" HPOS="1034">
</RightMargin>
<BottomMargin HEIGHT="151" WIDTH="1268" VPOS="1898" HPOS="0">
</BottomMargin>
<PrintSpace HEIGHT="1636" WIDTH="1024" VPOS="262" HPOS="10">
<TextBlock ID="Page1_Block1" HEIGHT="838" WIDTH="1012" VPOS="262" HPOS="19" language="de" STYLEREFS="font3">
<TextLine HEIGHT="52" WIDTH="552" VPOS="265" HPOS="252"><String WC="0.2321428508" CONTENT="ColöffCap.III." HEIGHT="52" WIDTH="309" VPOS="265" HPOS="252"/><SP WIDTH="12" VPOS="280" HPOS="562"/><String WC="0.3079999983" CONTENT="t&gt;etf" HEIGHT="47" WIDTH="85" VPOS="265" HPOS="575"/><SP WIDTH="17" VPOS="265" HPOS="661"/><String STYLE="bold italics" STYLEREFS="font2" WC="0.2566666603" CONTENT="xiixj." HEIGHT="42" WIDTH="125" VPOS="266" HPOS="679"/></TextLine>
<TextLine HEIGHT="65" WIDTH="936" VPOS="307" HPOS="87" STYLEREFS="font4"><String STYLE="bold" WC="0.551666677" CONTENT="Ziehet" HEIGHT="64" WIDTH="145" VPOS="308" HPOS="87"/><SP WIDTH="11" VPOS="313" HPOS="233"/><String STYLE="bold" WC="0.3883333206" CONTENT="an/arö" HEIGHT="56" WIDTH="156" VPOS="307" HPOS="245"/><SP WIDTH="10" VPOS="307" HPOS="402"/><String STYLE="bold" WC="0.2533333302" CONTENT="die" HEIGHT="41" WIDTH="55" VPOS="319" HPOS="413"/><SP WIDTH="10" VPOS="311" HPOS="469"/><String STYLE="bold" WC="0.3683333397" CONTENT="Äuöerwahtten" HEIGHT="52" WIDTH="322" VPOS="311" HPOS="480"/><SP WIDTH="12" VPOS="315" HPOS="803"/><String STYLE="bold" WC="0.6014285684" CONTENT="GOttes/" HEIGHT="53" WIDTH="207" VPOS="315" HPOS="816"/></TextLine>
<TextLine HEIGHT="60" WIDTH="991" VPOS="370" HPOS="35" STYLEREFS="font4"><String STYLE="bold" WC="0.4250000119" CONTENT="Heiligen" HEIGHT="58" WIDTH="181" VPOS="370" HPOS="35"/><SP WIDTH="16" VPOS="378" HPOS="217"/><String STYLE="bold" WC="0.3899999857" CONTENT="Und" HEIGHT="41" WIDTH="79" VPOS="377" HPOS="234"/><SP WIDTH="19" VPOS="372" HPOS="314"/><String STYLE="bold" WC="0.3855555654" CONTENT="Geliebten" HEIGHT="48" WIDTH="214" VPOS="372" HPOS="334"/><SP WIDTH="30" VPOS="377" HPOS="549"/><String STYLE="bold" WC="0.1700000018" CONTENT="/" HEIGHT="43" WIDTH="16" VPOS="377" HPOS="580"/><SP WIDTH="27" VPOS="370" HPOS="597"/><String STYLE="bold" WC="0.4842857122" CONTENT="herhlWS" HEIGHT="60" WIDTH="222" VPOS="370" HPOS="625"/><SP WIDTH="21" VPOS="374" HPOS="848"/><String STYLE="bold" WC="0.401666671" CONTENT="Edbür-" HEIGHT="48" WIDTH="156" VPOS="375" HPOS="870"/></TextLine>
<TextLine HEIGHT="63" WIDTH="987" VPOS="422" HPOS="35" STYLEREFS="font4"><String STYLE="bold" WC="0.5649999976" CONTENT="Men/" HEIGHT="44" WIDTH="113" VPOS="436" HPOS="35"/><SP WIDTH="22" VPOS="428" HPOS="149"/><String STYLE="bold" WC="0.4253333211" CONTENT="FreNndtickkelt/" HEIGHT="63" WIDTH="344" VPOS="422" HPOS="172"/><SP WIDTH="19" VPOS="430" HPOS="517"/><String STYLE="bold" WC="0.5366666913" CONTENT="Demut/" HEIGHT="48" WIDTH="185" VPOS="430" HPOS="537"/><SP WIDTH="26" VPOS="429" HPOS="723"/><String STYLE="bold" WC="0.3899999857" CONTENT="Sanffrmut/" HEIGHT="56" WIDTH="272" VPOS="426" HPOS="750"/></TextLine>
<TextLine HEIGHT="54" WIDTH="851" VPOS="486" HPOS="34" STYLEREFS="font4"><String STYLE="bold" WC="0.4600000083" CONTENT="Gedult;" HEIGHT="51" WIDTH="184" VPOS="486" HPOS="34"/><SP WIDTH="9" VPOS="498" HPOS="219"/><String STYLE="bold" WC="0.5133333206" CONTENT="und" HEIGHT="40" WIDTH="81" VPOS="492" HPOS="229"/><SP WIDTH="10" VPOS="492" HPOS="311"/><String STYLE="bold" WC="0.3712500036" CONTENT="vertrage" HEIGHT="47" WIDTH="185" VPOS="493" HPOS="322"/><SP WIDTH="11" VPOS="497" HPOS="508"/><String STYLE="bold" WC="0.4120000005" CONTENT="einer" HEIGHT="44" WIDTH="103" VPOS="487" HPOS="520"/><SP WIDTH="11" VPOS="487" HPOS="624"/><String STYLE="bold" WC="0.3199999928" CONTENT="den" HEIGHT="44" WIDTH="71" VPOS="487" HPOS="636"/><SP WIDTH="12" VPOS="497" HPOS="708"/><String STYLE="bold" WC="0.4914285839" CONTENT="andern." HEIGHT="38" WIDTH="164" VPOS="491" HPOS="721"/></TextLine>
<TextLine HEIGHT="58" WIDTH="935" VPOS="536" HPOS="84" STYLEREFS="font2"><String STYLE="italics" WC="0.645714283" CONTENT="Induite" HEIGHT="37" WIDTH="151" VPOS="545" HPOS="84"/><SP WIDTH="11" VPOS="558" HPOS="236"/><String STYLE="italics" WC="0.5911111236" CONTENT="vos,ficut" HEIGHT="51" WIDTH="180" VPOS="543" HPOS="248"/><SP WIDTH="9" VPOS="554" HPOS="429"/><String STYLE="italics" WC="0.5388888717" CONTENT="e&apos;lecHBei" HEIGHT="45" WIDTH="189" VPOS="536" HPOS="439"/><String WC="1." CONTENT="," HEIGHT="14" WIDTH="8" VPOS="572" HPOS="638"/><SP WIDTH="12" VPOS="557" HPOS="647"/><String STYLE="italics" WC="0.5128571391" CONTENT="vifeerk" HEIGHT="50" WIDTH="142" VPOS="543" HPOS="660"/><SP WIDTH="11" VPOS="546" HPOS="803"/><String STYLE="italics" WC="0.5609999895" CONTENT="mi[ericor~" HEIGHT="51" WIDTH="204" VPOS="541" HPOS="815"/></TextLine>
<TextLine HEIGHT="55" WIDTH="985" VPOS="597" HPOS="33" STYLEREFS="font2"><String STYLE="italics" WC="0.2399999946" CONTENT="di*" HEIGHT="42" WIDTH="62" VPOS="597" HPOS="33"/><SP WIDTH="16" VPOS="616" HPOS="96"/><String WC="0.5899999738" CONTENT="j" HEIGHT="27" WIDTH="12" VPOS="623" HPOS="113"/><SP WIDTH="28" VPOS="600" HPOS="126"/><String STYLE="italics" WC="0.6233333349" CONTENT="benigniiatem" HEIGHT="52" WIDTH="268" VPOS="600" HPOS="155"/><SP WIDTH="19" VPOS="614" HPOS="424"/><String WC="0.7900000215" CONTENT="," HEIGHT="14" WIDTH="9" VPOS="626" HPOS="444"/><SP WIDTH="19" VPOS="598" HPOS="454"/><String STYLE="italics" WC="0.6150000095" CONTENT="huniiliiatem" HEIGHT="40" WIDTH="257" VPOS="598" HPOS="474"/><SP WIDTH="17" VPOS="613" HPOS="732"/><String WC="0.8999999762" CONTENT="," HEIGHT="14" WIDTH="9" VPOS="627" HPOS="750"/><SP WIDTH="29" VPOS="613" HPOS="760"/><String STYLE="italics" WC="0.6575000286" CONTENT="modeßtüm" HEIGHT="51" WIDTH="212" VPOS="597" HPOS="790"/><String STYLE="subscript italics" WC="0.5699999928" CONTENT="t" HEIGHT="18" WIDTH="15" VPOS="630" HPOS="1003"/></TextLine>
<TextLine HEIGHT="55" WIDTH="733" VPOS="656" HPOS="27" STYLEREFS="font2"><String STYLE="italics" WC="0.59799999" CONTENT="fatientidm" HEIGHT="47" WIDTH="228" VPOS="660" HPOS="27"/><SP WIDTH="25" VPOS="660" HPOS="256"/><String STYLE="italics" WC="0." CONTENT="j" HEIGHT="43" WIDTH="17" VPOS="660" HPOS="282"/><SP WIDTH="14" VPOS="656" HPOS="300"/><String STYLE="italics" WC="0.3023076952" CONTENT="fupporiani.es" HEIGHT="55" WIDTH="262" VPOS="656" HPOS="315"/><SP WIDTH="7" VPOS="658" HPOS="578"/><String STYLE="italics" WC="0.368750006" CONTENT="inviesm." HEIGHT="37" WIDTH="174" VPOS="657" HPOS="586"/></TextLine>
<TextLine HEIGHT="61" WIDTH="932" VPOS="700" HPOS="89"><String WC="0.451000005" CONTENT="Vetfftevi," HEIGHT="47" WIDTH="217" VPOS="713" HPOS="89"/><SP WIDTH="14" VPOS="723" HPOS="307"/><String WC="0.4950000048" CONTENT="coriie" HEIGHT="36" WIDTH="124" VPOS="718" HPOS="322"/><SP WIDTH="18" VPOS="721" HPOS="447"/><String WC="0.368750006" CONTENT="elecridi" HEIGHT="41" WIDTH="170" VPOS="710" HPOS="466"/><SP WIDTH="14" VPOS="703" HPOS="637"/><String WC="0.4766666591" CONTENT="Öio" HEIGHT="47" WIDTH="84" VPOS="703" HPOS="652"/><String STYLE="subscript" WC="0.2399999946" CONTENT="s" HEIGHT="18" WIDTH="14" VPOS="743" HPOS="746"/><SP WIDTH="21" VPOS="700" HPOS="761"/><String WC="0.2860000134" CONTENT="fand," HEIGHT="61" WIDTH="127" VPOS="700" HPOS="783"/><SP WIDTH="18" VPOS="723" HPOS="911"/><String WC="0.5440000296" CONTENT="e.di-" HEIGHT="56" WIDTH="91" VPOS="701" HPOS="930"/></TextLine>
<TextLine HEIGHT="61" WIDTH="992" VPOS="761" HPOS="30"><String WC="0.3939999938" CONTENT="letti" HEIGHT="50" WIDTH="88" VPOS="761" HPOS="30"/><SP WIDTH="14" VPOS="770" HPOS="119"/><String WC="0.2800000012" CONTENT="di" HEIGHT="40" WIDTH="39" VPOS="770" HPOS="134"/><SP WIDTH="17" VPOS="773" HPOS="174"/><String WC="0.5928571224" CONTENT="vffeere" HEIGHT="42" WIDTH="157" VPOS="768" HPOS="192"/><SP WIDTH="17" VPOS="768" HPOS="350"/><String WC="0.3650000095" CONTENT="di" HEIGHT="40" WIDTH="41" VPOS="768" HPOS="368"/><SP WIDTH="22" VPOS="769" HPOS="410"/><String WC="0.3964285851" CONTENT="iniferiedrdiä," HEIGHT="50" WIDTH="309" VPOS="766" HPOS="433"/><SP WIDTH="13" VPOS="769" HPOS="743"/><String WC="0.4799999893" CONTENT="dibenignir-" HEIGHT="55" WIDTH="265" VPOS="767" HPOS="757"/></TextLine>
<TextLine HEIGHT="58" WIDTH="981" VPOS="820" HPOS="31"><String WC="0.4959999919" CONTENT="ta,d’" HEIGHT="46" WIDTH="103" VPOS="827" HPOS="31"/><SP WIDTH="11" VPOS="826" HPOS="135"/><String WC="0.3700000048" CONTENT="humiltä," HEIGHT="49" WIDTH="203" VPOS="826" HPOS="147"/><SP WIDTH="16" VPOS="823" HPOS="351"/><String WC="0.5199999809" CONTENT="di" HEIGHT="41" WIDTH="39" VPOS="823" HPOS="368"/><SP WIDTH="19" VPOS="825" HPOS="408"/><String WC="0.3841666579" CONTENT="mänfüetüdine" HEIGHT="45" WIDTH="320" VPOS="820" HPOS="428"/><String STYLE="bold italics" STYLEREFS="font2" WC="0.6000000238" CONTENT="," HEIGHT="17" WIDTH="12" VPOS="854" HPOS="763"/><SP WIDTH="14" VPOS="824" HPOS="776"/><String WC="0.25" CONTENT="di" HEIGHT="37" WIDTH="41" VPOS="824" HPOS="791"/><SP WIDTH="13" VPOS="824" HPOS="833"/><String WC="0.4557142854" CONTENT="patien-" HEIGHT="51" WIDTH="165" VPOS="827" HPOS="847"/></TextLine>
<TextLine HEIGHT="61" WIDTH="849" VPOS="878" HPOS="30"><String WC="0.2949999869" CONTENT="2a" HEIGHT="32" WIDTH="51" VPOS="889" HPOS="30"/><SP WIDTH="17" VPOS="893" HPOS="82"/><String WC="1." CONTENT=":" HEIGHT="25" WIDTH="11" VPOS="896" HPOS="100"/><SP WIDTH="23" VPOS="888" HPOS="112"/><String WC="0.4714285731" CONTENT="Cömpörtaridövi" HEIGHT="58" WIDTH="373" VPOS="881" HPOS="136"/><SP WIDTH="16" VPOS="881" HPOS="510"/><String WC="0.5433333516" CONTENT="gli" HEIGHT="55" WIDTH="57" VPOS="880" HPOS="527"/><SP WIDTH="20" VPOS="882" HPOS="585"/><String WC="0.4225000143" CONTENT="urii" HEIGHT="40" WIDTH="72" VPOS="881" HPOS="606"/><SP WIDTH="16" VPOS="881" HPOS="679"/><String WC="0.4199999869" CONTENT="gli" HEIGHT="56" WIDTH="53" VPOS="879" HPOS="696"/><SP WIDTH="23" VPOS="881" HPOS="750"/><String WC="0.5616666675" CONTENT="ältri." HEIGHT="47" WIDTH="105" VPOS="878" HPOS="774"/></TextLine>
<TextLine HEIGHT="53" WIDTH="966" VPOS="936" HPOS="54" STYLEREFS="font1"><String STYLE="italics" WC="0.5264285803" CONTENT="Re’viicz^’vbüs" HEIGHT="41" WIDTH="274" VPOS="938" HPOS="54"/><SP WIDTH="15" VPOS="951" HPOS="329"/><String STYLE="italics" WC="0.6883333325" CONTENT="’cimme" HEIGHT="36" WIDTH="134" VPOS="944" HPOS="341"/><SP WIDTH="7" VPOS="954" HPOS="476"/><String STYLE="italics" WC="0.5475000143" CONTENT="elüs" HEIGHT="42" WIDTH="77" VPOS="936" HPOS="484"/><SP WIDTH="9" VPOS="939" HPOS="562"/><String STYLE="italics" WC="0.5199999809" CONTENT="deDieu" HEIGHT="39" WIDTH="142" VPOS="939" HPOS="572"/><SP WIDTH="7" VPOS="943" HPOS="715"/><String STYLE="italics" WC="0.6274999976" CONTENT="(aihtsgß" HEIGHT="49" WIDTH="176" VPOS="940" HPOS="723"/><SP WIDTH="11" VPOS="938" HPOS="900"/><String STYLE="italics" WC="0.3425000012" CONTENT="bien" HEIGHT="41" WIDTH="84" VPOS="938" HPOS="912"/><String STYLE="bold" STYLEREFS="font2" WC="0.5500000119" CONTENT="-" HEIGHT="10" WIDTH="20" VPOS="962" HPOS="1000"/></TextLine>
<TextLine HEIGHT="55" WIDTH="991" VPOS="991" HPOS="27" STYLEREFS="font1"><String STYLE="italics" WC="0.2099999934" CONTENT="mmep" HEIGHT="48" WIDTH="128" VPOS="996" HPOS="27"/><SP WIDTH="10" VPOS="991" HPOS="156"/><String STYLE="italics" WC="0.2649999857" CONTENT="de" HEIGHT="33" WIDTH="43" VPOS="991" HPOS="167"/><SP WIDTH="9" VPOS="1003" HPOS="211"/><String STYLE="italics" WC="0.5162500143" CONTENT="tendreße" HEIGHT="47" WIDTH="174" VPOS="996" HPOS="221"/><SP WIDTH="11" VPOS="996" HPOS="396"/><String STYLE="italics" WC="0.2599999905" CONTENT="&amp;" HEIGHT="43" WIDTH="45" VPOS="996" HPOS="408"/><SP WIDTH="10" VPOS="996" HPOS="454"/><String STYLE="italics" WC="1." CONTENT="d" HEIGHT="35" WIDTH="24" VPOS="996" HPOS="465"/><String STYLE="superscript italics" WC="1." CONTENT="7" HEIGHT="16" WIDTH="11" VPOS="997" HPOS="491"/><SP WIDTH="10" VPOS="997" HPOS="503"/><String STYLE="italics" WC="0.5066666603" CONTENT="ent" HEIGHT="26" WIDTH="64" VPOS="1007" HPOS="514"/><SP WIDTH="1" VPOS="1007" HPOS="579"/><String STYLE="italics" WC="0.3400000036" CONTENT="rdi" HEIGHT="34" WIDTH="60" VPOS="1000" HPOS="581"/><SP WIDTH="1" VPOS="999" HPOS="642"/><String STYLE="italics" WC="0.8575000167" CONTENT="lies" HEIGHT="35" WIDTH="60" VPOS="999" HPOS="642"/><SP WIDTH="11" VPOS="995" HPOS="703"/><String STYLE="italics" WC="0.7049999833" CONTENT="de" HEIGHT="39" WIDTH="45" VPOS="995" HPOS="715"/><SP WIDTH="9" VPOS="1011" HPOS="761"/><String STYLE="italics" WC="0.5558333397" CONTENT="mijericorde^" HEIGHT="50" WIDTH="247" VPOS="996" HPOS="771"/></TextLine>
<TextLine HEIGHT="57" WIDTH="990" VPOS="1042" HPOS="27" STYLEREFS="font1"><String STYLE="italics" WC="0.4300000072" CONTENT="de" HEIGHT="38" WIDTH="44" VPOS="1047" HPOS="27"/><SP WIDTH="9" VPOS="1042" HPOS="72"/><String STYLE="italics" WC="0.2933333218" CONTENT="honte," HEIGHT="41" WIDTH="123" VPOS="1042" HPOS="82"/><SP WIDTH="18" VPOS="1045" HPOS="206"/><String STYLE="italics" WC="0.6399999857" CONTENT="d" HEIGHT="34" WIDTH="24" VPOS="1045" HPOS="225"/><String STYLE="superscript italics" WC="1." CONTENT="7" HEIGHT="16" WIDTH="12" VPOS="1045" HPOS="251"/><SP WIDTH="11" VPOS="1045" HPOS="264"/><String STYLE="italics" WC="0.368750006" CONTENT="humiüte," HEIGHT="40" WIDTH="189" VPOS="1046" HPOS="276"/><SP WIDTH="25" VPOS="1050" HPOS="466"/><String STYLE="italics" WC="0.7699999809" CONTENT="de" HEIGHT="34" WIDTH="44" VPOS="1050" HPOS="492"/><SP WIDTH="16" VPOS="1064" HPOS="537"/><String STYLE="italics" WC="0.4920000136" CONTENT="modeß" HEIGHT="48" WIDTH="131" VPOS="1051" HPOS="554"/><String STYLE="bold" STYLEREFS="font2" WC="0.4581818283" CONTENT="/&gt;,(douccur" HEIGHT="44" WIDTH="259" VPOS="1051" HPOS="688"/><String STYLE="italics" WC="0.2099999934" CONTENT=")de" HEIGHT="44" WIDTH="69" VPOS="1053" HPOS="948"/></TextLine>
</TextBlock>
<ComposedBlock ID="Page1_Block2" HEIGHT="798" WIDTH="1024" VPOS="1100" HPOS="10" TYPE="container">
<TextBlock ID="Page1_Block3" HEIGHT="114" WIDTH="920" VPOS="1100" HPOS="10" language="de" STYLEREFS="font1"><Shape><Polygon POINTS="10,1100 930,1100 930,1168 778,1168 778,1214 518,1214 518,1160 10,1160 10,1100"/></Shape>
<TextLine HEIGHT="56" WIDTH="905" VPOS="1100" HPOS="21"><String STYLE="italics" WC="0.4799999893" CONTENT="patience" HEIGHT="52" WIDTH="170" VPOS="1104" HPOS="21"/><SP WIDTH="10" VPOS="1113" HPOS="192"/><String STYLE="bold" STYLEREFS="font2" WC="0.5799999833" CONTENT="j" HEIGHT="29" WIDTH="12" VPOS="1118" HPOS="203"/><SP WIDTH="14" VPOS="1112" HPOS="216"/><String STYLE="italics smallcaps" WC="0.3066666722" CONTENT="dom" HEIGHT="24" WIDTH="91" VPOS="1112" HPOS="231"/><SP WIDTH="4" VPOS="1100" HPOS="323"/><String STYLE="italics" WC="0.3089999855" CONTENT="fupportant" HEIGHT="50" WIDTH="220" VPOS="1100" HPOS="328"/><SP WIDTH="16" VPOS="1100" HPOS="549"/><String STYLE="italics" WC="0.3899999857" CONTENT="les" HEIGHT="35" WIDTH="50" VPOS="1100" HPOS="566"/><SP WIDTH="20" VPOS="1114" HPOS="617"/><String STYLE="italics" WC="0.1766666621" CONTENT="uns" HEIGHT="20" WIDTH="69" VPOS="1115" HPOS="638"/><SP WIDTH="12" VPOS="1104" HPOS="708"/><String STYLE="italics" WC="0.7300000191" CONTENT="les" HEIGHT="33" WIDTH="50" VPOS="1104" HPOS="721"/><SP WIDTH="11" VPOS="1116" HPOS="772"/><String STYLE="italics" WC="0.3000000119" CONTENT="untres„" HEIGHT="31" WIDTH="142" VPOS="1112" HPOS="784"/></TextLine>
<TextLine HEIGHT="38" WIDTH="246" VPOS="1172" HPOS="528"><String STYLE="italics" WC="0.2099999934" CONTENT="Jd" HEIGHT="36" WIDTH="35" VPOS="1173" HPOS="528"/><SP WIDTH="8" VPOS="1173" HPOS="564"/><String STYLE="italics" WC="0.3199999928" CONTENT="Humantü" HEIGHT="38" WIDTH="201" VPOS="1172" HPOS="573"/></TextLine>
</TextBlock>
<TextBlock ID="Page1_Block4" HEIGHT="450" WIDTH="508" VPOS="1164" HPOS="12" language="de" STYLEREFS="font0"><Shape><Polygon POINTS="12,1164 518,1164 518,1222 478,1222 478,1314 518,1314 518,1360 516,1360 516,1566 520,1566 520,1614 320,1614 320,1566 12,1566 12,1164"/></Shape>
<TextLine HEIGHT="46" WIDTH="489" VPOS="1172" HPOS="26" STYLEREFS="font2"><String STYLE="bold italics" WC="4.999999888e-003" CONTENT="La" HEIGHT="34" WIDTH="53" VPOS="1184" HPOS="26"/><SP WIDTH="12" VPOS="1187" HPOS="80"/><String STYLE="bold italics" WC="0.8259999752" CONTENT="Corte" HEIGHT="31" WIDTH="106" VPOS="1187" HPOS="93"/><SP WIDTH="1" VPOS="1191" HPOS="200"/><String STYLE="bold italics" WC="0.8166666627" CONTENT="sin" HEIGHT="40" WIDTH="57" VPOS="1176" HPOS="199"/><String STYLEREFS="font3" WC="0.3700000048" CONTENT="," HEIGHT="14" WIDTH="8" VPOS="1203" HPOS="269"/><SP WIDTH="15" VPOS="1178" HPOS="278"/><String STYLE="bold italics" WC="0.2988888919" CONTENT="Hümdniin," HEIGHT="41" WIDTH="221" VPOS="1172" HPOS="294"/></TextLine>
<TextLine HEIGHT="46" WIDTH="377" VPOS="1230" HPOS="80"><String STYLE="italics" WC="0.621999979" CONTENT="Ajfabtlitd" HEIGHT="45" WIDTH="147" VPOS="1231" HPOS="80"/><SP WIDTH="9" VPOS="1234" HPOS="228"/><String STYLE="italics" WC="0.2354545444" CONTENT="AmorevoUX&amp;i" HEIGHT="37" WIDTH="219" VPOS="1230" HPOS="238"/></TextLine>
<TextLine HEIGHT="36" WIDTH="408" VPOS="1272" HPOS="66"><String WC="0.6133333445" CONTENT="Gli" HEIGHT="27" WIDTH="44" VPOS="1279" HPOS="66"/><SP WIDTH="9" VPOS="1280" HPOS="111"/><String WC="0.4650000036" CONTENT="Hiiomini" HEIGHT="29" WIDTH="133" VPOS="1278" HPOS="121"/><SP WIDTH="6" VPOS="1277" HPOS="255"/><String WC="0.3700000048" CONTENT="fono" HEIGHT="29" WIDTH="67" VPOS="1277" HPOS="262"/><SP WIDTH="8" VPOS="1274" HPOS="330"/><String WC="0.3716666698" CONTENT="fatti," HEIGHT="34" WIDTH="67" VPOS="1274" HPOS="339"/><SP WIDTH="8" VPOS="1285" HPOS="407"/><String STYLE="italics" WC="0.3100000024" CONTENT="nati" HEIGHT="30" WIDTH="58" VPOS="1272" HPOS="416"/></TextLine>
<TextLine HEIGHT="41" WIDTH="488" VPOS="1315" HPOS="25"><String WC="0.323333323" CONTENT="per" HEIGHT="30" WIDTH="46" VPOS="1326" HPOS="25"/><SP WIDTH="9" VPOS="1330" HPOS="72"/><String WC="0.6188889146" CONTENT="aiutärfi," HEIGHT="35" WIDTH="112" VPOS="1320" HPOS="82"/><SP WIDTH="8" VPOS="1321" HPOS="195"/><String STYLE="italics" WC="0.6140000224" CONTENT="ddr/i" HEIGHT="33" WIDTH="66" VPOS="1321" HPOS="204"/><SP WIDTH="8" VPOS="1320" HPOS="271"/><String STYLE="italics" WC="0.275000006" CONTENT="la" HEIGHT="29" WIDTH="24" VPOS="1320" HPOS="280"/><SP WIDTH="11" VPOS="1332" HPOS="305"/><String STYLE="italics" WC="0.4280000031" CONTENT="mailt" HEIGHT="19" WIDTH="73" VPOS="1329" HPOS="317"/><SP WIDTH="8" VPOS="1329" HPOS="391"/><String WC="0.2466666698" CONTENT="gli" HEIGHT="40" WIDTH="36" VPOS="1316" HPOS="400"/><SP WIDTH="9" VPOS="1316" HPOS="437"/><String WC="0.2566666603" CONTENT="uni" HEIGHT="29" WIDTH="45" VPOS="1315" HPOS="447"/><SP WIDTH="7" VPOS="1315" HPOS="493"/><String WC="0.6800000072" CONTENT="d" HEIGHT="33" WIDTH="12" VPOS="1315" HPOS="501"/></TextLine>
<TextLine HEIGHT="43" WIDTH="393" VPOS="1359" HPOS="119"><String WC="0.4444444478" CONTENT="(glialtri" HEIGHT="39" WIDTH="116" VPOS="1363" HPOS="119"/><SP WIDTH="7" VPOS="1365" HPOS="236"/><String WC="0.5440000296" CONTENT="nelle" HEIGHT="28" WIDTH="68" VPOS="1364" HPOS="244"/><SP WIDTH="9" VPOS="1364" HPOS="313"/><String WC="0.3574999869" CONTENT="lorö" HEIGHT="26" WIDTH="61" VPOS="1364" HPOS="323"/><SP WIDTH="8" VPOS="1361" HPOS="385"/><String WC="0.4462499917" CONTENT="bilögna:" HEIGHT="39" WIDTH="118" VPOS="1359" HPOS="394"/></TextLine>
<TextLine HEIGHT="42" WIDTH="485" VPOS="1400" HPOS="27"><String WC="0.4699999988" CONTENT="cgli" HEIGHT="38" WIDTH="50" VPOS="1402" HPOS="27"/><SP WIDTH="15" VPOS="1404" HPOS="78"/><String WC="0.2899999917" CONTENT="e" HEIGHT="18" WIDTH="13" VPOS="1415" HPOS="94"/><SP WIDTH="17" VPOS="1415" HPOS="108"/><String WC="0.4550000131" CONTENT="aduhqiie" HEIGHT="37" WIDTH="126" VPOS="1405" HPOS="126"/><SP WIDTH="23" VPOS="1404" HPOS="253"/><String WC="0.3600000143" CONTENT="Forza" HEIGHT="31" WIDTH="75" VPOS="1404" HPOS="277"/><SP WIDTH="17" VPOS="1414" HPOS="353"/><String WC="0.2433333397" CONTENT="che" HEIGHT="32" WIDTH="49" VPOS="1400" HPOS="371"/><SP WIDTH="23" VPOS="1413" HPOS="421"/><String WC="0.25" CONTENT="siinö" HEIGHT="27" WIDTH="67" VPOS="1402" HPOS="445"/></TextLine>
<TextLine HEIGHT="43" WIDTH="118" VPOS="1441" HPOS="393"><String WC="0.425555557" CONTENT="(corteii." HEIGHT="43" WIDTH="118" VPOS="1441" HPOS="393"/></TextLine>
<TextLine HEIGHT="41" WIDTH="323" VPOS="1486" HPOS="65"><String WC="0.276666671" CONTENT="Sii" HEIGHT="29" WIDTH="38" VPOS="1488" HPOS="65"/><SP WIDTH="8" VPOS="1489" HPOS="104"/><String WC="0.4480000138" CONTENT="piacevole," HEIGHT="41" WIDTH="148" VPOS="1486" HPOS="113"/><String STYLE="italics" WC="0.6444444656" CONTENT="gratiofij" HEIGHT="37" WIDTH="120" VPOS="1488" HPOS="268"/></TextLine>
<TextLine HEIGHT="39" WIDTH="486" VPOS="1524" HPOS="26"><String WC="0.5" CONTENT="«ö" HEIGHT="31" WIDTH="31" VPOS="1524" HPOS="26"/><SP WIDTH="7" VPOS="1524" HPOS="58"/><String WC="0.6600000262" CONTENT="äffabile" HEIGHT="29" WIDTH="106" VPOS="1531" HPOS="66"/><SP WIDTH="7" VPOS="1541" HPOS="173"/><String WC="0.3666666746" CONTENT="nel" HEIGHT="29" WIDTH="46" VPOS="1529" HPOS="181"/><SP WIDTH="6" VPOS="1527" HPOS="228"/><String WC="0.3630000055" CONTENT="fembiince," HEIGHT="32" WIDTH="156" VPOS="1527" HPOS="235"/><SP WIDTH="10" VPOS="1540" HPOS="392"/><String STYLE="italics" WC="0.6175000072" CONTENT="vififie-" HEIGHT="38" WIDTH="109" VPOS="1525" HPOS="403"/></TextLine>
<TextLine HEIGHT="34" WIDTH="176" VPOS="1570" HPOS="331"><String STYLE="italics" STYLEREFS="font1" WC="0.6000000238" CONTENT="(r“&gt;" HEIGHT="34" WIDTH="55" VPOS="1570" HPOS="331"/><SP WIDTH="11" VPOS="1582" HPOS="387"/><String STYLE="italics" STYLEREFS="font1" WC="0.40200001" CONTENT="mintt" HEIGHT="24" WIDTH="68" VPOS="1572" HPOS="399"/><SP WIDTH="8" VPOS="1574" HPOS="468"/><String STYLE="bold" STYLEREFS="font2" WC="0.7799999714" CONTENT="1" HEIGHT="24" WIDTH="8" VPOS="1574" HPOS="477"/><SP WIDTH="13" VPOS="1574" HPOS="486"/><String STYLE="bold" STYLEREFS="font2" WC="1." CONTENT="&gt;" HEIGHT="16" WIDTH="7" VPOS="1575" HPOS="500"/></TextLine>
</TextBlock>
<TextBlock ID="Page1_Block5" HEIGHT="438" WIDTH="514" VPOS="1176" HPOS="520" language="de" STYLEREFS="font0"><Shape><Polygon POINTS="798,1176 1034,1176 1034,1582 1026,1582 1026,1602 998,1602 998,1614 826,1614 826,1582 520,1582 520,1516 552,1516 552,1358 522,1358 522,1312 560,1312 560,1222 798,1222 798,1176"/></Shape>
<TextLine HEIGHT="46" WIDTH="165" VPOS="1180" HPOS="851" STYLEREFS="font1"><String STYLE="italics" WC="0.5844444633" CONTENT="Cmilite-," HEIGHT="46" WIDTH="165" VPOS="1180" HPOS="851"/></TextLine>
<TextLine HEIGHT="39" WIDTH="271" VPOS="1229" HPOS="636" STYLEREFS="font0"><String STYLE="italics" WC="0.4410000145" CONTENT="Honnetetl," HEIGHT="39" WIDTH="149" VPOS="1229" HPOS="636"/><SP WIDTH="11" VPOS="1238" HPOS="786"/><String STYLE="italics" WC="0.5833333135" CONTENT="Amnie:" HEIGHT="28" WIDTH="109" VPOS="1238" HPOS="798"/></TextLine>
<TextLine HEIGHT="41" WIDTH="403" VPOS="1272" HPOS="563"><String WC="0.4166666567" CONTENT="Les" HEIGHT="27" WIDTH="49" VPOS="1273" HPOS="563"/><SP WIDTH="8" VPOS="1272" HPOS="613"/><String WC="0.3428571522" CONTENT="hofnmes" HEIGHT="30" WIDTH="124" VPOS="1272" HPOS="622"/><SP WIDTH="9" VPOS="1273" HPOS="747"/><String WC="0.4225000143" CONTENT="Tone" HEIGHT="32" WIDTH="60" VPOS="1273" HPOS="757"/><SP WIDTH="8" VPOS="1277" HPOS="818"/><String WC="0.2683333457" CONTENT="faits," HEIGHT="36" WIDTH="76" VPOS="1277" HPOS="827"/><SP WIDTH="11" VPOS="1290" HPOS="904"/><String WC="0.296666652" CONTENT="nez" HEIGHT="18" WIDTH="50" VPOS="1290" HPOS="916"/></TextLine>
<TextLine HEIGHT="40" WIDTH="493" VPOS="1314" HPOS="525"><String WC="0.3274999857" CONTENT="pour" HEIGHT="30" WIDTH="68" VPOS="1324" HPOS="525"/><SP WIDTH="9" VPOS="1324" HPOS="594"/><String WC="0.2599999905" CONTENT="s" HEIGHT="18" WIDTH="10" VPOS="1327" HPOS="604"/><SP WIDTH="14" VPOS="1327" HPOS="615"/><String WC="0.5210000277" CONTENT="entr’aider" HEIGHT="33" WIDTH="142" VPOS="1314" HPOS="630"/><SP WIDTH="6" VPOS="1320" HPOS="773"/><String WC="0.5833333135" CONTENT="les" HEIGHT="29" WIDTH="37" VPOS="1320" HPOS="780"/><SP WIDTH="7" VPOS="1332" HPOS="818"/><String WC="0.453333348" CONTENT="uns" HEIGHT="18" WIDTH="50" VPOS="1331" HPOS="826"/><SP WIDTH="8" VPOS="1321" HPOS="877"/><String WC="0.3644444346" CONTENT="lesäucres" HEIGHT="28" WIDTH="132" VPOS="1321" HPOS="886"/></TextLine>
<TextLine HEIGHT="39" WIDTH="281" VPOS="1358" HPOS="735"><String WC="0.2560000122" CONTENT="(dahsleursbeifeiiisi" HEIGHT="39" WIDTH="281" VPOS="1358" HPOS="735"/></TextLine>
<TextLine HEIGHT="44" WIDTH="341" VPOS="1396" HPOS="556"><String WC="0.3300000131" CONTENT="faut" HEIGHT="28" WIDTH="58" VPOS="1399" HPOS="556"/><SP WIDTH="13" VPOS="1396" HPOS="615"/><String WC="0.6000000238" CONTENT="donc" HEIGHT="31" WIDTH="73" VPOS="1396" HPOS="629"/><SP WIDTH="9" VPOS="1409" HPOS="703"/><String WC="0.6000000238" CONTENT="qu" HEIGHT="29" WIDTH="35" VPOS="1411" HPOS="713"/><String STYLE="superscript" WC="0.2800000012" CONTENT="1" HEIGHT="8" WIDTH="5" VPOS="1411" HPOS="751"/><String WC="0.5966666937" CONTENT=",1z" HEIGHT="28" WIDTH="30" VPOS="1404" HPOS="765"/><SP WIDTH="15" VPOS="1402" HPOS="796"/><String WC="0.3633333445" CONTENT="foient" HEIGHT="31" WIDTH="85" VPOS="1402" HPOS="812"/></TextLine>
<TextLine HEIGHT="40" WIDTH="319" VPOS="1445" HPOS="709"><String WC="0.3572727144" CONTENT="(honrietes;" HEIGHT="35" WIDTH="156" VPOS="1445" HPOS="709"/><SP WIDTH="11" VPOS="1456" HPOS="866"/><String STYLE="italics" WC="0.3055555522" CONTENT="obllgeans" HEIGHT="39" WIDTH="127" VPOS="1446" HPOS="878"/><String WC="0.8000000119" CONTENT=",." HEIGHT="12" WIDTH="20" VPOS="1467" HPOS="1008"/></TextLine>
<TextLine HEIGHT="44" WIDTH="388" VPOS="1480" HPOS="545"><String WC="0.4300000072" CONTENT="^Soiez" HEIGHT="44" WIDTH="93" VPOS="1480" HPOS="545"/><SP WIDTH="14" VPOS="1482" HPOS="639"/><String WC="0.4939999878" CONTENT="doiix" HEIGHT="32" WIDTH="75" VPOS="1482" HPOS="654"/><SP WIDTH="10" VPOS="1491" HPOS="730"/><String WC="0.2399999946" CONTENT="de" HEIGHT="24" WIDTH="29" VPOS="1491" HPOS="741"/><SP WIDTH="12" VPOS="1488" HPOS="771"/><String STYLE="italics" WC="0.276666671" CONTENT="loa" HEIGHT="30" WIDTH="45" VPOS="1488" HPOS="784"/><SP WIDTH="8" VPOS="1500" HPOS="830"/><String STYLE="italics" WC="0.493750006" CONTENT="actteil," HEIGHT="32" WIDTH="94" VPOS="1489" HPOS="839"/></TextLine>
<TextLine HEIGHT="50" WIDTH="495" VPOS="1519" HPOS="523"><String WC="0.3471428454" CONTENT="affable" HEIGHT="31" WIDTH="94" VPOS="1519" HPOS="523"/><SP WIDTH="11" VPOS="1532" HPOS="618"/><String WC="0.7099999785" CONTENT="," HEIGHT="15" WIDTH="7" VPOS="1542" HPOS="630"/><SP WIDTH="2" VPOS="1528" HPOS="638"/><String STYLE="italics" WC="0.571428597" CONTENT="jovial," HEIGHT="36" WIDTH="100" VPOS="1528" HPOS="641"/><SP WIDTH="5" VPOS="1540" HPOS="742"/><String STYLE="italics" WC="0.25" CONTENT="gai" HEIGHT="37" WIDTH="48" VPOS="1532" HPOS="748"/><SP WIDTH="9" VPOS="1531" HPOS="797"/><String WC="1." CONTENT="&amp;" HEIGHT="26" WIDTH="26" VPOS="1531" HPOS="807"/><SP WIDTH="10" VPOS="1530" HPOS="834"/><String WC="0.5849999785" CONTENT="d’" HEIGHT="28" WIDTH="24" VPOS="1529" HPOS="845"/><SP WIDTH="7" VPOS="1529" HPOS="870"/><String WC="0.3400000036" CONTENT="urie" HEIGHT="23" WIDTH="52" VPOS="1533" HPOS="878"/><SP WIDTH="9" VPOS="1537" HPOS="931"/><String WC="0.2319999933" CONTENT="min«;" HEIGHT="33" WIDTH="77" VPOS="1528" HPOS="941"/></TextLine>
<TextLine HEIGHT="39" WIDTH="196" VPOS="1570" HPOS="830"><String WC="0.4600000083" CONTENT="(enjoiiee" HEIGHT="39" WIDTH="130" VPOS="1570" HPOS="830"/><SP WIDTH="12" VPOS="1577" HPOS="961"/><String WC="0.2599999905" CONTENT=";" HEIGHT="25" WIDTH="8" VPOS="1577" HPOS="974"/><SP WIDTH="16" VPOS="1573" HPOS="983"/><String WC="0.4399999976" CONTENT="t" HEIGHT="25" WIDTH="11" VPOS="1573" HPOS="1000"/><String STYLE="superscript" WC="0.2399999946" CONTENT=":" HEIGHT="13" WIDTH="2" VPOS="1577" HPOS="1024"/></TextLine>
</TextBlock>
<TextBlock ID="Page1_Block6" HEIGHT="72" WIDTH="998" VPOS="1598" HPOS="20" language="de" STYLEREFS="font0">
<TextLine HEIGHT="46" WIDTH="798" VPOS="1604" HPOS="215"><String WC="0.3799999952" CONTENT="e" HEIGHT="18" WIDTH="13" VPOS="1622" HPOS="215"/><SP WIDTH="7" VPOS="1611" HPOS="229"/><String WC="0.5575000048" CONTENT="beri" HEIGHT="33" WIDTH="55" VPOS="1607" HPOS="237"/><SP WIDTH="11" VPOS="1607" HPOS="293"/><String WC="0.3057142794" CONTENT="creato," HEIGHT="27" WIDTH="107" VPOS="1619" HPOS="305"/><SP WIDTH="7" VPOS="1610" HPOS="413"/><String STYLE="italics" WC="0.4449999928" CONTENT="di" HEIGHT="29" WIDTH="26" VPOS="1610" HPOS="421"/><SP WIDTH="11" VPOS="1609" HPOS="448"/><String STYLE="italics" WC="0.6225000024" CONTENT="bei-" HEIGHT="27" WIDTH="51" VPOS="1609" HPOS="460"/><SP WIDTH="7" VPOS="1615" HPOS="512"/><String WC="0.4292307794" CONTENT="civil,hönnete" HEIGHT="38" WIDTH="194" VPOS="1604" HPOS="520"/><SP WIDTH="13" VPOS="1622" HPOS="715"/><String WC="0.3100000024" CONTENT="," HEIGHT="16" WIDTH="7" VPOS="1631" HPOS="729"/><SP WIDTH="9" VPOS="1613" HPOS="737"/><String WC="1." CONTENT="&amp;" HEIGHT="28" WIDTH="25" VPOS="1613" HPOS="747"/><SP WIDTH="8" VPOS="1605" HPOS="773"/><String WC="0.5666666627" CONTENT="feien-" HEIGHT="36" WIDTH="74" VPOS="1605" HPOS="782"/><SP WIDTH="12" VPOS="1622" HPOS="857"/><String WC="0.400000006" CONTENT="appris," HEIGHT="37" WIDTH="101" VPOS="1613" HPOS="870"/><SP WIDTH="9" VPOS="1612" HPOS="972"/><String WC="0.2450000048" CONTENT="de" HEIGHT="26" WIDTH="31" VPOS="1612" HPOS="982"/></TextLine>
</TextBlock>
<TextBlock ID="Page1_Block7" HEIGHT="166" WIDTH="514" VPOS="1650" HPOS="516" language="de" STYLEREFS="font0"><Shape><Polygon POINTS="824,1650 1030,1650 1030,1816 918,1816 918,1780 814,1780 814,1778 516,1778 516,1740 518,1740 518,1684 824,1684 824,1650"/></Shape>
<TextLine HEIGHT="40" WIDTH="186" VPOS="1654" HPOS="828" STYLEREFS="font0"><String STYLE="italics" WC="0.2646153867" CONTENT="(bciufcgratii" HEIGHT="40" WIDTH="186" VPOS="1654" HPOS="828"/></TextLine>
<TextLine HEIGHT="39" WIDTH="279" VPOS="1690" HPOS="521"><String WC="0.3325000107" CONTENT="dans" HEIGHT="28" WIDTH="64" VPOS="1690" HPOS="521"/><SP WIDTH="8" VPOS="1701" HPOS="586"/><String WC="0.3633333445" CONTENT="vos" HEIGHT="20" WIDTH="49" VPOS="1703" HPOS="595"/><SP WIDTH="10" VPOS="1704" HPOS="645"/><String WC="0.223333329" CONTENT="manieses*" HEIGHT="33" WIDTH="144" VPOS="1696" HPOS="656"/></TextLine>
<TextLine HEIGHT="41" WIDTH="493" VPOS="1733" HPOS="521"><String WC="0.2899999917" CONTENT="cn" HEIGHT="18" WIDTH="34" VPOS="1743" HPOS="521"/><SP WIDTH="7" VPOS="1744" HPOS="556"/><String WC="0.323333323" CONTENT="vds" HEIGHT="28" WIDTH="50" VPOS="1736" HPOS="564"/><SP WIDTH="9" VPOS="1746" HPOS="615"/><String WC="0.2337500006" CONTENT="rnöeurs;" HEIGHT="35" WIDTH="119" VPOS="1738" HPOS="625"/><SP WIDTH="10" VPOS="1746" HPOS="745"/><String STYLE="italics" WC="1.999999955e-002" CONTENT="%" HEIGHT="19" WIDTH="16" VPOS="1750" HPOS="756"/><SP WIDTH="7" VPOS="1739" HPOS="773"/><String STYLE="italics" WC="0.174999997" CONTENT="tk" HEIGHT="27" WIDTH="26" VPOS="1739" HPOS="781"/><SP WIDTH="8" VPOS="1739" HPOS="808"/><String WC="0.4833333194" CONTENT="u-i" HEIGHT="33" WIDTH="35" VPOS="1733" HPOS="817"/><SP WIDTH="7" VPOS="1733" HPOS="853"/><String WC="0.2759999931" CONTENT="votre" HEIGHT="22" WIDTH="76" VPOS="1743" HPOS="861"/><SP WIDTH="9" VPOS="1743" HPOS="938"/><String WC="0.5975000262" CONTENT="pro-" HEIGHT="31" WIDTH="66" VPOS="1743" HPOS="948"/></TextLine>
<TextLine HEIGHT="42" WIDTH="79" VPOS="1770" HPOS="935"><String WC="0.324000001" CONTENT="(cedc" HEIGHT="42" WIDTH="79" VPOS="1770" HPOS="935"/></TextLine>
</TextBlock>
<TextBlock ID="Page1_Block8" HEIGHT="246" WIDTH="1022" VPOS="1652" HPOS="12" language="de" STYLEREFS="font0"><Shape><Polygon POINTS="218,1652 514,1652 514,1772 516,1772 516,1800 952,1800 952,1848 1034,1848 1034,1898 12,1898 12,1690 218,1690 218,1652"/></Shape>
<TextLine HEIGHT="38" WIDTH="283" VPOS="1654" HPOS="227" STYLEREFS="font0"><String STYLE="italics" WC="0.4333333373" CONTENT="[la" HEIGHT="37" WIDTH="38" VPOS="1655" HPOS="227"/><SP WIDTH="5" VPOS="1663" HPOS="266"/><String STYLE="italics" WC="0.4600000083" CONTENT="grate" HEIGHT="31" WIDTH="75" VPOS="1661" HPOS="272"/><SP WIDTH="1" VPOS="1654" HPOS="348"/><String STYLE="italics" WC="0.6349999905" CONTENT="dl" HEIGHT="33" WIDTH="26" VPOS="1654" HPOS="350"/><SP WIDTH="9" VPOS="1660" HPOS="377"/><String STYLE="italics" WC="0.4269999862" CONTENT="aiieieentt" HEIGHT="28" WIDTH="123" VPOS="1654" HPOS="387"/></TextLine>
<TextLine HEIGHT="42" WIDTH="364" VPOS="1693" HPOS="24"><String WC="0.4933333397" CONTENT="ne’" HEIGHT="22" WIDTH="42" VPOS="1695" HPOS="24"/><SP WIDTH="9" VPOS="1698" HPOS="67"/><String WC="0.4524999857" CONTENT="tuoi" HEIGHT="27" WIDTH="58" VPOS="1697" HPOS="77"/><SP WIDTH="8" VPOS="1697" HPOS="136"/><String STYLE="italics" WC="0.4385714233" CONTENT="ponamenti,g&apos;ßi" HEIGHT="42" WIDTH="243" VPOS="1693" HPOS="145"/></TextLine>
<TextLine HEIGHT="50" WIDTH="446" VPOS="1727" HPOS="22"><String STYLE="bold" STYLEREFS="font2" WC="0.4174999893" CONTENT="^Cöftumi,»«/" HEIGHT="49" WIDTH="209" VPOS="1727" HPOS="22"/><SP WIDTH="9" VPOS="1740" HPOS="232"/><String STYLE="italics" STYLEREFS="font1" WC="0.2442857176" CONTENT="teioprocedevei" HEIGHT="45" WIDTH="226" VPOS="1732" HPOS="242"/></TextLine>
<TextLine HEIGHT="39" WIDTH="618" VPOS="1775" HPOS="335" STYLEREFS="font0"><String WC="0.4242857099" CONTENT="(de&apos;lla" HEIGHT="39" WIDTH="82" VPOS="1775" HPOS="335"/><SP WIDTH="12" VPOS="1785" HPOS="418"/><String WC="0.5" CONTENT="veritä" HEIGHT="30" WIDTH="80" VPOS="1775" HPOS="431"/><SP WIDTH="24" VPOS="1775" HPOS="512"/><String WC="0.5500000119" CONTENT="." HEIGHT="2" WIDTH="2" VPOS="1805" HPOS="537"/><SP WIDTH="103" VPOS="1803" HPOS="540"/><String WC="0.875" CONTENT=",," HEIGHT="9" WIDTH="9" VPOS="1802" HPOS="644"/><SP WIDTH="130" VPOS="1802" HPOS="654"/><String WC="1." CONTENT="," HEIGHT="10" WIDTH="4" VPOS="1804" HPOS="785"/><SP WIDTH="144" VPOS="1800" HPOS="790"/><String STYLE="subscript" WC="0." CONTENT="v" HEIGHT="13" WIDTH="12" VPOS="1800" HPOS="935"/><String WC="0.5899999738" CONTENT="." HEIGHT="5" WIDTH="4" VPOS="1800" HPOS="949"/></TextLine>
<TextLine HEIGHT="53" WIDTH="926" VPOS="1806" HPOS="20" STYLEREFS="font0"><String WC="0.625" CONTENT="*’" HEIGHT="21" WIDTH="20" VPOS="1817" HPOS="20"/><SP WIDTH="6" VPOS="1819" HPOS="41"/><String WC="0.2383333296" CONTENT="*&amp;&amp;cej" HEIGHT="44" WIDTH="101" VPOS="1812" HPOS="48"/><String STYLE="italics" WC="0.5966666937" CONTENT="•vtntienyvtridifbj" HEIGHT="41" WIDTH="262" VPOS="1817" HPOS="156"/><SP WIDTH="6" VPOS="1821" HPOS="419"/><String WC="0.2762500048" CONTENT="Schicopc" HEIGHT="36" WIDTH="126" VPOS="1820" HPOS="426"/><SP WIDTH="5" VPOS="1826" HPOS="553"/><String WC="0.3659999967" CONTENT="verisabiej" HEIGHT="53" WIDTH="138" VPOS="1806" HPOS="559"/><SP WIDTH="6" VPOS="1826" HPOS="698"/><String STYLE="italics" WC="0.6899999976" CONTENT="dm" HEIGHT="25" WIDTH="52" VPOS="1826" HPOS="705"/><SP WIDTH="11" VPOS="1819" HPOS="758"/><String STYLE="italics" WC="0.224999994" CONTENT="di" HEIGHT="33" WIDTH="33" VPOS="1818" HPOS="770"/><SP WIDTH="9" VPOS="1818" HPOS="804"/><String STYLE="italics" WC="0.25" CONTENT="U" HEIGHT="31" WIDTH="26" VPOS="1819" HPOS="814"/><SP WIDTH="8" VPOS="1819" HPOS="841"/><String STYLE="italics" WC="0.375" CONTENT="-vtiilej" HEIGHT="40" WIDTH="96" VPOS="1816" HPOS="850"/></TextLine>
<TextLine HEIGHT="42" WIDTH="717" VPOS="1851" HPOS="300" STYLEREFS="font0"><String WC="0.1949999928" CONTENT="Ff" HEIGHT="38" WIDTH="44" VPOS="1855" HPOS="572"/><SP WIDTH="351" VPOS="1851" HPOS="617"/><String WC="1." CONTENT="M" HEIGHT="39" WIDTH="48" VPOS="1851" HPOS="969"/></TextLine>
</TextBlock></ComposedBlock><GraphicalElement ID="Page1_Block9" HEIGHT="8" WIDTH="149" VPOS="1157" HPOS="195"/><GraphicalElement ID="Page1_Block10" HEIGHT="4" WIDTH="141" VPOS="1158" HPOS="544"/><GraphicalElement ID="Page1_Block11" HEIGHT="7" WIDTH="153" VPOS="1163" HPOS="25"/><GraphicalElement ID="Page1_Block12" HEIGHT="8" WIDTH="150" VPOS="1163" HPOS="855"/><GraphicalElement ID="Page1_Block13" HEIGHT="116" WIDTH="3" VPOS="1633" HPOS="514"/><GraphicalElement ID="Page1_Block14" HEIGHT="434" WIDTH="8" VPOS="1165" HPOS="516"/><GraphicalElement ID="Page1_Block15" HEIGHT="75" WIDTH="4" VPOS="1766" HPOS="517"/>
</PrintSpace>
</Page>
</Layout>
</alto>