﻿<?xml version="1.0" encoding="UTF-8" standalone="yes"?>
<alto xmlns="http://www.loc.gov/standards/alto/ns-v2#" xmlns:xlink="http://www.w3.org/1999/xlink" xmlns:xsi="http://www.w3.org/2001/XMLSchema-instance" xsi:schemaLocation="http://www.loc.gov/standards/alto/ns-v2# http://www.loc.gov/standards/alto/alto-v2.0.xsd">
<Description>
<MeasurementUnit>pixel</MeasurementUnit>
<OCRProcessing ID="IdOcr"><ocrProcessingStep><processingDateTime>2017-03-20</processingDateTime><processingSoftware><softwareCreator>ABBYY</softwareCreator><softwareName>ABBYY FineReader Engine</softwareName><softwareVersion>11</softwareVersion></processingSoftware></ocrProcessingStep></OCRProcessing>
</Description>
<Styles><TextStyle ID="font0" FONTFAMILY="Times New Roman" FONTSIZE="7"/><TextStyle ID="font1" FONTFAMILY="Times New Roman" FONTSIZE="8"/><TextStyle ID="font2" FONTFAMILY="Times New Roman" FONTSIZE="9"/><TextStyle ID="font3" FONTFAMILY="Times New Roman" FONTSIZE="10"/><TextStyle ID="font4" FONTFAMILY="Times New Roman" FONTSIZE="11"/>
</Styles>
<Layout>
<Page ID="Page1" PHYSICAL_IMG_NR="1" HEIGHT="2039" WIDTH="1252">
<TopMargin HEIGHT="193" WIDTH="1252" VPOS="0" HPOS="0">
<ComposedBlock ID="Page1_Block1" HEIGHT="72" WIDTH="1030" VPOS="121" HPOS="187" TYPE="container"><Shape><Polygon POINTS="188,128 1218,128 1218,630 188,630 188,128"/></Shape>
<TextBlock ID="Page1_Block2" HEIGHT="61" WIDTH="208" VPOS="124" HPOS="603" language="de" STYLEREFS="font0"><Shape><Polygon POINTS="604,128 812,128 812,188 604,188 604,128"/></Shape>
<TextLine HEIGHT="38" WIDTH="50" VPOS="136" HPOS="603"><String STYLE="italics" WC="0.9133333564" CONTENT="&lt;■(" HEIGHT="38" WIDTH="50" VPOS="136" HPOS="603"/></TextLine>
</TextBlock></ComposedBlock><GraphicalElement ID="Page1_Block3" HEIGHT="11" WIDTH="264" VPOS="176" HPOS="210"/><GraphicalElement ID="Page1_Block4" HEIGHT="7" WIDTH="697" VPOS="186" HPOS="481"/>
</TopMargin>
<LeftMargin HEIGHT="1164" WIDTH="184" VPOS="193" HPOS="0">
</LeftMargin>
<RightMargin HEIGHT="1164" WIDTH="36" VPOS="193" HPOS="1216">
</RightMargin>
<BottomMargin HEIGHT="682" WIDTH="1252" VPOS="1357" HPOS="0">
</BottomMargin>
<PrintSpace HEIGHT="1164" WIDTH="1032" VPOS="193" HPOS="184">
<ComposedBlock ID="Page1_Block5" HEIGHT="437" WIDTH="1032" VPOS="193" HPOS="184" TYPE="container"><Shape><Polygon POINTS="188,128 1218,128 1218,630 188,630 188,128"/></Shape>
<TextBlock ID="Page1_Block6" HEIGHT="389" WIDTH="401" VPOS="193" HPOS="184" language="de" STYLEREFS="font4"><Shape><Polygon POINTS="188,200 586,200 586,586 188,586 188,200"/></Shape>
<TextLine HEIGHT="39" WIDTH="177" VPOS="198" HPOS="202"><String WC="0.7533333302" CONTENT="als" HEIGHT="36" WIDTH="49" VPOS="198" HPOS="202"/><SP WIDTH="10" VPOS="202" HPOS="251"/><String WC="0.2899999917" CONTENT="da" HEIGHT="31" WIDTH="33" VPOS="202" HPOS="261"/><SP WIDTH="12" VPOS="203" HPOS="294"/><String WC="0.5379999876" CONTENT="sind:" HEIGHT="34" WIDTH="73" VPOS="203" HPOS="306"/></TextLine>
<TextLine HEIGHT="41" WIDTH="337" VPOS="242" HPOS="205"><String WC="0.4199999869" CONTENT="der" HEIGHT="33" WIDTH="49" VPOS="243" HPOS="205"/><SP WIDTH="13" VPOS="252" HPOS="255"/><String WC="0.3955555558" CONTENT="ungeheure" HEIGHT="40" WIDTH="152" VPOS="243" HPOS="269"/><SP WIDTH="8" VPOS="245" HPOS="422"/><String WC="0.3059999943" CONTENT="Lieg," HEIGHT="33" WIDTH="87" VPOS="245" HPOS="431"/><SP WIDTH="10" VPOS="254" HPOS="519"/><String WC="0.2399999946" CONTENT="r" HEIGHT="21" WIDTH="12" VPOS="258" HPOS="530"/></TextLine>
<TextLine HEIGHT="45" WIDTH="332" VPOS="324" HPOS="206"><String WC="0.3116666675" CONTENT="berlvintzige" HEIGHT="40" WIDTH="173" VPOS="324" HPOS="206"/><SP WIDTH="8" VPOS="326" HPOS="380"/><String WC="0.4462499917" CONTENT="Arverg/r" HEIGHT="42" WIDTH="149" VPOS="327" HPOS="389"/></TextLine>
<TextLine HEIGHT="43" WIDTH="340" VPOS="406" HPOS="205" STYLEREFS="font2"><String STYLEREFS="font4" WC="0.2533333302" CONTENT="der" HEIGHT="32" WIDTH="49" VPOS="406" HPOS="205"/><SP WIDTH="9" VPOS="409" HPOS="255"/><String STYLE="bold italics" STYLEREFS="font4" WC="0.25" CONTENT="dwp.yiJSddbte/" HEIGHT="40" WIDTH="255" VPOS="409" HPOS="265"/><SP WIDTH="11" VPOS="414" HPOS="521"/><String STYLEREFS="font4" WC="0.1800000072" CONTENT="3" HEIGHT="26" WIDTH="12" VPOS="423" HPOS="533"/></TextLine>
<TextLine HEIGHT="44" WIDTH="302" VPOS="448" HPOS="202" STYLEREFS="font2"><String STYLE="bold" WC="0.2833333313" CONTENT="der" HEIGHT="30" WIDTH="48" VPOS="448" HPOS="202"/><SP WIDTH="8" VPOS="451" HPOS="251"/><String STYLE="bold" WC="0.6324999928" CONTENT="Zwey" HEIGHT="40" WIDTH="88" VPOS="451" HPOS="260"/><SP WIDTH="10" VPOS="455" HPOS="349"/><String STYLE="bold" WC="0.6349999905" CONTENT="Aopff/" HEIGHT="36" WIDTH="113" VPOS="454" HPOS="360"/><SP WIDTH="11" VPOS="456" HPOS="474"/><String STYLE="bold" WC="5.999999866e-002" CONTENT="4" HEIGHT="24" WIDTH="18" VPOS="464" HPOS="486"/></TextLine>
<TextLine HEIGHT="46" WIDTH="382" VPOS="490" HPOS="201"><String WC="0.2533333302" CONTENT="und" HEIGHT="33" WIDTH="56" VPOS="490" HPOS="202"/><SP WIDTH="30" VPOS="491" HPOS="259"/><String WC="0.401818186" CONTENT="dergleichen" HEIGHT="41" WIDTH="168" VPOS="494" HPOS="289"/><SP WIDTH="22" VPOS="495" HPOS="458"/><String WC="0.2483333349" CONTENT="Unser-" HEIGHT="33" WIDTH="102" VPOS="492" HPOS="481"/></TextLine>
<TextLine HEIGHT="31" WIDTH="91" VPOS="536" HPOS="491"><String WC="0.3199999928" CONTENT="fmen." HEIGHT="31" WIDTH="91" VPOS="536" HPOS="491"/></TextLine>
</TextBlock>
<TextBlock ID="Page1_Block7" HEIGHT="344" WIDTH="302" VPOS="200" HPOS="593" language="de" STYLEREFS="font2"><Shape><Polygon POINTS="598,204 896,204 896,376 898,376 898,422 884,422 884,546 598,546 598,380 596,380 596,334 634,334 634,298 596,298 596,258 598,258 598,204"/></Shape>
<TextLine HEIGHT="30" WIDTH="114" VPOS="206" HPOS="599" STYLEREFS="font2"><String WC="0.2800000012" CONTENT="uc" HEIGHT="20" WIDTH="28" VPOS="215" HPOS="599"/><SP WIDTH="8" VPOS="206" HPOS="628"/><String WC="0.3680000007" CONTENT="sunc:" HEIGHT="30" WIDTH="77" VPOS="206" HPOS="636"/></TextLine>
<TextLine HEIGHT="43" WIDTH="295" VPOS="248" HPOS="597" STYLEREFS="font4"><String WC="0.2830769122" CONTENT="immanis£/gdj," HEIGHT="42" WIDTH="217" VPOS="248" HPOS="597"/><SP WIDTH="13" VPOS="260" HPOS="815"/><String WC="0.2924999893" CONTENT="i.m." HEIGHT="21" WIDTH="63" VPOS="259" HPOS="829"/></TextLine>
<TextLine HEIGHT="38" WIDTH="27" VPOS="292" HPOS="863" STYLEREFS="font4"><String WC="0.3350000083" CONTENT="[3" HEIGHT="38" WIDTH="27" VPOS="292" HPOS="863"/></TextLine>
<TextLine HEIGHT="40" WIDTH="297" VPOS="333" HPOS="597"><String WC="0.2399999946" CONTENT="nanus" HEIGHT="18" WIDTH="88" VPOS="342" HPOS="598"/><SP WIDTH="12" VPOS="340" HPOS="686"/><String STYLE="italics" WC="0.226666674" CONTENT="ptimilio," HEIGHT="39" WIDTH="121" VPOS="333" HPOS="698"/><SP WIDTH="11" VPOS="344" HPOS="820"/><String STYLE="italics" WC="0.4699999988" CONTENT="z" HEIGHT="18" WIDTH="14" VPOS="344" HPOS="832"/><SP WIDTH="9" VPOS="343" HPOS="847"/><String WC="0.5749999881" CONTENT="m." HEIGHT="19" WIDTH="37" VPOS="343" HPOS="857"/></TextLine>
<TextLine HEIGHT="39" WIDTH="28" VPOS="376" HPOS="862" STYLEREFS="font4"><String WC="0.2700000107" CONTENT="[3" HEIGHT="39" WIDTH="28" VPOS="376" HPOS="862"/></TextLine>
<TextLine HEIGHT="39" WIDTH="225" VPOS="414" HPOS="599"><String STYLE="italics" WC="0.3033333421" CONTENT="bicorhor," HEIGHT="36" WIDTH="119" VPOS="414" HPOS="599"/><SP WIDTH="13" VPOS="426" HPOS="719"/><String WC="0." CONTENT="3" HEIGHT="26" WIDTH="12" VPOS="426" HPOS="733"/><SP WIDTH="12" VPOS="425" HPOS="746"/><String WC="0.6349999905" CONTENT="o." HEIGHT="18" WIDTH="27" VPOS="425" HPOS="759"/><SP WIDTH="11" VPOS="423" HPOS="787"/><String WC="0.6050000191" CONTENT="Z." HEIGHT="30" WIDTH="25" VPOS="423" HPOS="799"/></TextLine>
<TextLine HEIGHT="38" WIDTH="184" VPOS="457" HPOS="599"><String STYLE="italics" WC="0.3075000048" CONTENT="biceps.q" HEIGHT="38" WIDTH="110" VPOS="457" HPOS="599"/><SP WIDTH="8" VPOS="467" HPOS="710"/><String STYLE="italics" WC="0.9549999833" CONTENT="O," HEIGHT="20" WIDTH="26" VPOS="467" HPOS="719"/><SP WIDTH="12" VPOS="469" HPOS="746"/><String WC="0.5849999785" CONTENT="3." HEIGHT="24" WIDTH="24" VPOS="469" HPOS="759"/></TextLine>
<TextLine HEIGHT="42" WIDTH="278" VPOS="498" HPOS="598" STYLEREFS="font2"><String WC="1." CONTENT="&amp;" HEIGHT="28" WIDTH="26" VPOS="499" HPOS="599"/><SP WIDTH="7" VPOS="499" HPOS="626"/><String WC="0.5299999714" CONTENT="id" HEIGHT="27" WIDTH="26" VPOS="498" HPOS="634"/><SP WIDTH="7" VPOS="498" HPOS="660"/><String WC="0.2720000148" CONTENT="gcnus" HEIGHT="32" WIDTH="85" VPOS="507" HPOS="667"/><SP WIDTH="7" VPOS="508" HPOS="753"/><String STYLE="italics" WC="0.462857157" CONTENT="mo»ß»a." HEIGHT="37" WIDTH="116" VPOS="500" HPOS="760"/></TextLine>
</TextBlock>
<TextBlock ID="Page1_Block8" HEIGHT="180" WIDTH="316" VPOS="246" HPOS="900" language="de" STYLEREFS="font2"><Shape><Polygon POINTS="902,248 1218,248 1218,426 942,426 942,378 904,378 904,336 940,336 940,296 902,296 902,248"/></Shape>
<TextLine HEIGHT="39" WIDTH="294" VPOS="253" HPOS="903"><String WC="0.3112500012" CONTENT="Immanis," HEIGHT="35" WIDTH="136" VPOS="253" HPOS="903"/><SP WIDTH="9" VPOS="262" HPOS="1040"/><String WC="0.5500000119" CONTENT="c." HEIGHT="19" WIDTH="22" VPOS="262" HPOS="1050"/><SP WIDTH="9" VPOS="263" HPOS="1073"/><String STYLE="bold" STYLEREFS="font3" WC="0.2399999946" CONTENT="3" HEIGHT="28" WIDTH="11" VPOS="263" HPOS="1083"/><SP WIDTH="8" VPOS="263" HPOS="1095"/><String WC="0.5" CONTENT=",e,n-3»" HEIGHT="30" WIDTH="93" VPOS="257" HPOS="1104"/></TextLine>
<TextLine HEIGHT="41" WIDTH="165" VPOS="293" HPOS="942"><String STYLEREFS="font4" WC="0.3333333433" CONTENT="nngeheuen" HEIGHT="41" WIDTH="165" VPOS="293" HPOS="942"/></TextLine>
<TextLine HEIGHT="39" WIDTH="293" VPOS="334" HPOS="906" STYLEREFS="font2"><String STYLE="bold" WC="0.2759999931" CONTENT="Manns" HEIGHT="24" WIDTH="94" VPOS="342" HPOS="906"/><String STYLE="italics" WC="0.6800000072" CONTENT="," HEIGHT="14" WIDTH="8" VPOS="356" HPOS="1008"/><SP WIDTH="7" VPOS="346" HPOS="1017"/><String STYLE="bold" WC="0.7749999762" CONTENT="a," HEIGHT="26" WIDTH="25" VPOS="346" HPOS="1024"/><SP WIDTH="11" VPOS="347" HPOS="1049"/><String STYLE="bold" WC="0.5500000119" CONTENT="um," HEIGHT="26" WIDTH="64" VPOS="346" HPOS="1060"/><SP WIDTH="9" VPOS="340" HPOS="1124"/><String STYLE="bold" WC="0.3633333445" CONTENT="tcittä" HEIGHT="34" WIDTH="65" VPOS="335" HPOS="1134"/></TextLine>
<TextLine HEIGHT="37" WIDTH="56" VPOS="382" HPOS="942" STYLEREFS="font4"><String WC="0.4219999909" CONTENT="tz&apos;g." HEIGHT="37" WIDTH="56" VPOS="382" HPOS="942"/></TextLine>
</TextBlock>
<TextBlock ID="Page1_Block9" HEIGHT="140" WIDTH="313" VPOS="490" HPOS="902" language="de" STYLEREFS="font4"><Shape><Polygon POINTS="906,492 1218,492 1218,630 944,630 944,542 906,542 906,492"/></Shape>
<TextLine HEIGHT="38" WIDTH="294" VPOS="499" HPOS="904"><String STYLE="bold" STYLEREFS="font2" WC="0.5044444203" CONTENT="Monfteum," HEIGHT="32" WIDTH="166" VPOS="504" HPOS="904"/><SP WIDTH="9" VPOS="511" HPOS="1070"/><String STYLE="bold" STYLEREFS="font2" WC="1." CONTENT="n." HEIGHT="21" WIDTH="29" VPOS="511" HPOS="1080"/><SP WIDTH="14" VPOS="513" HPOS="1110"/><String STYLE="bold" STYLEREFS="font2" WC="0.5500000119" CONTENT="2" HEIGHT="17" WIDTH="12" VPOS="513" HPOS="1125"/><SP WIDTH="4" VPOS="513" HPOS="1138"/><String STYLE="bold" STYLEREFS="font2" WC="0.4275000095" CONTENT=".der" HEIGHT="31" WIDTH="55" VPOS="500" HPOS="1143"/></TextLine>
<TextLine HEIGHT="43" WIDTH="251" VPOS="540" HPOS="946"><String WC="0.3366666734" CONTENT="Urform" HEIGHT="32" WIDTH="114" VPOS="547" HPOS="946"/><SP WIDTH="11" VPOS="547" HPOS="1061"/><String WC="0.4600000083" CONTENT="/" HEIGHT="30" WIDTH="10" VPOS="547" HPOS="1073"/><SP WIDTH="18" VPOS="545" HPOS="1084"/><String WC="0.4199999869" CONTENT="(" HEIGHT="37" WIDTH="15" VPOS="545" HPOS="1103"/><SP WIDTH="26" VPOS="544" HPOS="1119"/><String WC="0.4499999881" CONTENT="das" HEIGHT="35" WIDTH="51" VPOS="541" HPOS="1146"/></TextLine>
<TextLine HEIGHT="43" WIDTH="251" VPOS="582" HPOS="944"><String WC="0.354285717" CONTENT="Wunder." HEIGHT="34" WIDTH="146" VPOS="587" HPOS="944"/><SP WIDTH="6" VPOS="586" HPOS="1091"/><String WC="0.5783333182" CONTENT="Lhier&gt;" HEIGHT="42" WIDTH="97" VPOS="583" HPOS="1098"/></TextLine>
</TextBlock></ComposedBlock>
<TextBlock ID="Page1_Block10" HEIGHT="97" WIDTH="597" VPOS="656" HPOS="194" language="de" STYLEREFS="font4"><Shape><Polygon POINTS="199,663 795,663 795,756 199,756 199,663"/></Shape>
<TextLine HEIGHT="41" WIDTH="442" VPOS="663" HPOS="240"><String WC="0.2599999905" CONTENT="Zu" HEIGHT="39" WIDTH="43" VPOS="663" HPOS="240"/><SP WIDTH="8" VPOS="666" HPOS="283"/><String WC="0.4083333313" CONTENT="diesen" HEIGHT="38" WIDTH="87" VPOS="663" HPOS="291"/><SP WIDTH="258" VPOS="670" HPOS="378"/><String STYLE="smallcaps" WC="0.1899999976" CONTENT="th" HEIGHT="26" WIDTH="34" VPOS="672" HPOS="636"/><String STYLE="subscript smallcaps" WC="0.2399999946" CONTENT="s" HEIGHT="17" WIDTH="11" VPOS="682" HPOS="671"/></TextLine>
<TextLine HEIGHT="46" WIDTH="585" VPOS="701" HPOS="200"><String WC="0.4466666579" CONTENT="werde»" HEIGHT="31" WIDTH="106" VPOS="706" HPOS="200"/><SP WIDTH="9" VPOS="713" HPOS="307"/><String WC="0.4600000083" CONTENT="gezehles:" HEIGHT="43" WIDTH="138" VPOS="702" HPOS="317"/><SP WIDTH="139" VPOS="712" HPOS="456"/><String WC="0.3772727251" CONTENT="sccenscnwr," HEIGHT="30" WIDTH="189" VPOS="713" HPOS="596"/></TextLine>
</TextBlock>
<TextBlock ID="Page1_Block11" HEIGHT="531" WIDTH="381" VPOS="778" HPOS="191" language="de" STYLEREFS="font4"><Shape><Polygon POINTS="199,785 577,785 577,1313 199,1313 199,785"/></Shape>
<TextLine HEIGHT="38" WIDTH="321" VPOS="785" HPOS="200"><String WC="0.5033333302" CONTENT="der" HEIGHT="31" WIDTH="48" VPOS="785" HPOS="200"/><SP WIDTH="7" VPOS="786" HPOS="249"/><String WC="0.400000006" CONTENT="Groß-" HEIGHT="33" WIDTH="102" VPOS="786" HPOS="257"/><SP WIDTH="13" VPOS="789" HPOS="360"/><String WC="0.675999999" CONTENT="Ropff" HEIGHT="35" WIDTH="100" VPOS="788" HPOS="374"/><String STYLE="bold" STYLEREFS="font2" WC="0.2199999988" CONTENT="7" HEIGHT="31" WIDTH="15" VPOS="788" HPOS="474"/><SP WIDTH="13" VPOS="788" HPOS="490"/><String STYLE="bold italics" WC="0.1599999964" CONTENT="r" HEIGHT="25" WIDTH="17" VPOS="797" HPOS="504"/></TextLine>
<TextLine HEIGHT="38" WIDTH="301" VPOS="824" HPOS="199"><String WC="0.2930000126" CONTENT="derGrofi,L" HEIGHT="37" WIDTH="196" VPOS="825" HPOS="199"/><String STYLE="bold" STYLEREFS="font2" WC="0.2800000012" CONTENT="7" HEIGHT="26" WIDTH="17" VPOS="828" HPOS="395"/><String WC="0.1733333319" CONTENT="ase" HEIGHT="30" WIDTH="43" VPOS="826" HPOS="414"/><String STYLE="bold" STYLEREFS="font2" WC="0.7250000238" CONTENT="/6" HEIGHT="26" WIDTH="39" VPOS="829" HPOS="461"/></TextLine>
<TextLine HEIGHT="40" WIDTH="320" VPOS="863" HPOS="200"><String WC="0.2599999905" CONTENT="der" HEIGHT="29" WIDTH="48" VPOS="868" HPOS="200"/><SP WIDTH="7" VPOS="869" HPOS="249"/><String STYLE="bold italics" WC="0.395714283" CONTENT="WatftfXXiatiil" HEIGHT="35" WIDTH="235" VPOS="864" HPOS="257"/><SP WIDTH="8" VPOS="868" HPOS="493"/><String STYLE="bold" STYLEREFS="font3" WC="0." CONTENT="7" HEIGHT="28" WIDTH="18" VPOS="875" HPOS="502"/></TextLine>
<TextLine HEIGHT="42" WIDTH="281" VPOS="903" HPOS="201"><String WC="0.3633333445" CONTENT="der" HEIGHT="31" WIDTH="49" VPOS="908" HPOS="201"/><SP WIDTH="8" VPOS="909" HPOS="251"/><String WC="0.2549999952" CONTENT="pauß" HEIGHT="37" WIDTH="89" VPOS="907" HPOS="260"/><SP WIDTH="10" VPOS="905" HPOS="350"/><String WC="0.2540000081" CONTENT="Back/" HEIGHT="34" WIDTH="95" VPOS="904" HPOS="361"/><SP WIDTH="11" VPOS="917" HPOS="457"/><String STYLE="bold italics" WC="0.2899999917" CONTENT="%" HEIGHT="22" WIDTH="13" VPOS="918" HPOS="469"/></TextLine>
<TextLine HEIGHT="42" WIDTH="239" VPOS="946" HPOS="200"><String WC="0.5566666722" CONTENT="der" HEIGHT="31" WIDTH="48" VPOS="949" HPOS="200"/><SP WIDTH="8" VPOS="948" HPOS="249"/><String WC="0.4172727168" CONTENT="Gc!/ieler/9" HEIGHT="41" WIDTH="181" VPOS="947" HPOS="258"/></TextLine>
<TextLine HEIGHT="40" WIDTH="366" VPOS="990" HPOS="199"><String WC="0.5033333302" CONTENT="der" HEIGHT="32" WIDTH="51" VPOS="990" HPOS="199"/><SP WIDTH="10" VPOS="992" HPOS="250"/><String WC="0.2962499857" CONTENT="Sfttmnj&apos;" HEIGHT="33" WIDTH="153" VPOS="992" HPOS="260"/><SP WIDTH="12" VPOS="992" HPOS="413"/><String WC="0.5" CONTENT="^gl«/10" HEIGHT="38" WIDTH="140" VPOS="992" HPOS="425"/></TextLine>
<TextLine HEIGHT="38" WIDTH="294" VPOS="1033" HPOS="201"><String WC="0.2733333409" CONTENT="der" HEIGHT="32" WIDTH="46" VPOS="1033" HPOS="201"/><SP WIDTH="8" VPOS="1035" HPOS="248"/><String WC="0.4979999959" CONTENT="RrapfiGke/" HEIGHT="37" WIDTH="195" VPOS="1034" HPOS="257"/><SP WIDTH="12" VPOS="1039" HPOS="453"/><String WC="1." CONTENT="&gt;" HEIGHT="15" WIDTH="6" VPOS="1047" HPOS="466"/><SP WIDTH="8" VPOS="1047" HPOS="473"/><String WC="0.25" CONTENT="r" HEIGHT="20" WIDTH="13" VPOS="1047" HPOS="482"/></TextLine>
<TextLine HEIGHT="39" WIDTH="305" VPOS="1074" HPOS="201"><String WC="0.3600000143" CONTENT="der" HEIGHT="32" WIDTH="46" VPOS="1075" HPOS="201"/><SP WIDTH="7" VPOS="1076" HPOS="248"/><String WC="0.5874999762" CONTENT="^öckerickte/" HEIGHT="38" WIDTH="202" VPOS="1075" HPOS="256"/><SP WIDTH="13" VPOS="1080" HPOS="459"/><String WC="1." CONTENT="1" HEIGHT="19" WIDTH="10" VPOS="1088" HPOS="473"/><SP WIDTH="7" VPOS="1088" HPOS="484"/><String WC="0.25" CONTENT="r" HEIGHT="17" WIDTH="14" VPOS="1088" HPOS="492"/></TextLine>
<TextLine HEIGHT="40" WIDTH="235" VPOS="1115" HPOS="201"><String WC="0.4466666579" CONTENT="derDolsuß/1;" HEIGHT="40" WIDTH="235" VPOS="1115" HPOS="201"/></TextLine>
<TextLine HEIGHT="42" WIDTH="302" VPOS="1157" HPOS="200"><String WC="0.7333333492" CONTENT="der" HEIGHT="29" WIDTH="49" VPOS="1160" HPOS="200"/><SP WIDTH="12" VPOS="1159" HPOS="249"/><String WC="0.4936363697" CONTENT="Spitzkopff/" HEIGHT="41" WIDTH="190" VPOS="1158" HPOS="261"/><SP WIDTH="14" VPOS="1163" HPOS="451"/><String WC="0.1400000006" CONTENT="s" HEIGHT="19" WIDTH="9" VPOS="1170" HPOS="465"/><SP WIDTH="8" VPOS="1170" HPOS="474"/><String STYLE="bold italics" WC="0.3799999952" CONTENT="f" HEIGHT="29" WIDTH="20" VPOS="1170" HPOS="482"/></TextLine>
<TextLine HEIGHT="44" WIDTH="144" VPOS="1218" HPOS="201"><String WC="0.3919999897" CONTENT="setze" HEIGHT="43" WIDTH="57" VPOS="1219" HPOS="201"/><SP WIDTH="9" VPOS="1219" HPOS="259"/><String WC="0.4399999976" CONTENT="hinzu" HEIGHT="35" WIDTH="76" VPOS="1219" HPOS="269"/></TextLine>
<TextLine HEIGHT="42" WIDTH="288" VPOS="1258" HPOS="201" STYLEREFS="font4"><String WC="0.5" CONTENT="den" HEIGHT="34" WIDTH="52" VPOS="1264" HPOS="201"/><SP WIDTH="9" VPOS="1261" HPOS="254"/><String WC="0.423999995" CONTENT="Rahikopff." HEIGHT="39" WIDTH="173" VPOS="1259" HPOS="264"/><SP WIDTH="13" VPOS="1272" HPOS="438"/><String WC="0.6349999905" CONTENT="14" HEIGHT="28" WIDTH="37" VPOS="1272" HPOS="452"/></TextLine>
</TextBlock>
<TextBlock ID="Page1_Block12" HEIGHT="524" WIDTH="298" VPOS="788" HPOS="582" language="de" STYLEREFS="font2"><Shape><Polygon POINTS="590,792 885,792 885,1314 590,1314 590,792"/></Shape>
<TextLine HEIGHT="35" WIDTH="207" VPOS="794" HPOS="596" STYLEREFS="font2"><String STYLE="italics" WC="0.2300000042" CONTENT="edptto," HEIGHT="33" WIDTH="92" VPOS="794" HPOS="596"/><SP WIDTH="11" VPOS="802" HPOS="689"/><String STYLE="bold" WC="0.25" CONTENT="y" HEIGHT="23" WIDTH="11" VPOS="802" HPOS="701"/><SP WIDTH="13" VPOS="802" HPOS="713"/><String STYLE="bold" WC="0.5466666818" CONTENT="rn." HEIGHT="16" WIDTH="36" VPOS="802" HPOS="727"/><SP WIDTH="13" VPOS="805" HPOS="764"/><String STYLE="bold" WC="0.8700000048" CONTENT="3." HEIGHT="24" WIDTH="25" VPOS="805" HPOS="778"/></TextLine>
<TextLine HEIGHT="34" WIDTH="177" VPOS="832" HPOS="595" STYLEREFS="font2"><String WC="0.4375" CONTENT="»ö/ö" HEIGHT="33" WIDTH="55" VPOS="832" HPOS="595"/><String STYLE="subscript" WC="0.2399999946" CONTENT="5" HEIGHT="13" WIDTH="10" VPOS="849" HPOS="651"/><SP WIDTH="9" VPOS="836" HPOS="661"/><String WC="0.2399999946" CONTENT="e" HEIGHT="21" WIDTH="16" VPOS="836" HPOS="671"/><SP WIDTH="12" VPOS="836" HPOS="687"/><String WC="0.6800000072" CONTENT="m." HEIGHT="18" WIDTH="34" VPOS="839" HPOS="700"/><SP WIDTH="13" VPOS="842" HPOS="734"/><String WC="0.2949999869" CONTENT="3." HEIGHT="24" WIDTH="25" VPOS="842" HPOS="747"/></TextLine>
<TextLine HEIGHT="40" WIDTH="189" VPOS="870" HPOS="598"><String STYLE="italics" WC="0.1720000058" CONTENT="!abeo" HEIGHT="27" WIDTH="66" VPOS="870" HPOS="598"/><String STYLE="subscript italics" WC="0.2599999905" CONTENT="t" HEIGHT="15" WIDTH="7" VPOS="889" HPOS="666"/><SP WIDTH="9" VPOS="880" HPOS="674"/><String WC="0." CONTENT="7" HEIGHT="27" WIDTH="16" VPOS="880" HPOS="684"/><SP WIDTH="10" VPOS="880" HPOS="701"/><String WC="0.7350000143" CONTENT="m." HEIGHT="18" WIDTH="35" VPOS="881" HPOS="712"/><SP WIDTH="13" VPOS="883" HPOS="748"/><String WC="0.4399999976" CONTENT="3." HEIGHT="27" WIDTH="25" VPOS="883" HPOS="762"/></TextLine>
<TextLine HEIGHT="34" WIDTH="194" VPOS="920" HPOS="595"><String STYLE="italics" WC="0.3166666627" CONTENT="üucco," HEIGHT="25" WIDTH="80" VPOS="923" HPOS="595"/><SP WIDTH="10" VPOS="920" HPOS="676"/><String WC="0.6000000238" CONTENT="z" HEIGHT="27" WIDTH="12" VPOS="920" HPOS="687"/><SP WIDTH="11" VPOS="920" HPOS="700"/><String WC="0.4099999964" CONTENT="m." HEIGHT="18" WIDTH="37" VPOS="925" HPOS="712"/><SP WIDTH="12" VPOS="927" HPOS="750"/><String WC="0.6266666651" CONTENT="3&apos;." HEIGHT="29" WIDTH="26" VPOS="925" HPOS="763"/></TextLine>
<TextLine HEIGHT="41" WIDTH="211" VPOS="957" HPOS="590"><String STYLE="italics" WC="0.4071428478" CONTENT="ftrabo," HEIGHT="37" WIDTH="97" VPOS="957" HPOS="590"/><SP WIDTH="10" VPOS="969" HPOS="688"/><String STYLE="bold" WC="0." CONTENT="9" HEIGHT="27" WIDTH="15" VPOS="969" HPOS="699"/><SP WIDTH="10" VPOS="969" HPOS="715"/><String STYLE="bold" WC="0.6166666746" CONTENT="rn." HEIGHT="19" WIDTH="34" VPOS="969" HPOS="726"/><SP WIDTH="14" VPOS="968" HPOS="761"/><String STYLE="bold" WC="0.6200000048" CONTENT="3." HEIGHT="30" WIDTH="25" VPOS="968" HPOS="776"/></TextLine>
<TextLine HEIGHT="41" WIDTH="245" VPOS="999" HPOS="593"><String STYLE="italics" WC="0.3711111248" CONTENT="obßifttu," HEIGHT="40" WIDTH="114" VPOS="999" HPOS="593"/><SP WIDTH="14" VPOS="1012" HPOS="707"/><String STYLE="bold" WC="0.3249999881" CONTENT="iom.2," HEIGHT="21" WIDTH="117" VPOS="1010" HPOS="721"/></TextLine>
<TextLine HEIGHT="38" WIDTH="280" VPOS="1043" HPOS="592"><String STYLE="italics" WC="0.4070000052" CONTENT="ftrumtfus," HEIGHT="37" WIDTH="141" VPOS="1043" HPOS="592"/><SP WIDTH="11" VPOS="1054" HPOS="734"/><String WC="0.3100000024" CONTENT="1" HEIGHT="19" WIDTH="7" VPOS="1054" HPOS="746"/><SP WIDTH="13" VPOS="1054" HPOS="754"/><String WC="0.3000000119" CONTENT="1" HEIGHT="17" WIDTH="10" VPOS="1054" HPOS="768"/><SP WIDTH="14" VPOS="1054" HPOS="779"/><String WC="0.6399999857" CONTENT="m." HEIGHT="17" WIDTH="35" VPOS="1054" HPOS="794"/><SP WIDTH="17" VPOS="1054" HPOS="830"/><String WC="0.6299999952" CONTENT="j." HEIGHT="19" WIDTH="24" VPOS="1054" HPOS="848"/></TextLine>
<TextLine HEIGHT="42" WIDTH="266" VPOS="1081" HPOS="590"><String STYLE="italics" WC="0.4562500119" CONTENT="gibböfus" HEIGHT="41" WIDTH="115" VPOS="1081" HPOS="590"/><String WC="0.5500000119" CONTENT="," HEIGHT="14" WIDTH="8" VPOS="1108" HPOS="709"/><SP WIDTH="14" VPOS="1095" HPOS="718"/><String WC="0.2800000012" CONTENT="i" HEIGHT="17" WIDTH="10" VPOS="1095" HPOS="733"/><SP WIDTH="9" VPOS="1095" HPOS="744"/><String WC="0.2399999946" CONTENT="2" HEIGHT="18" WIDTH="12" VPOS="1096" HPOS="754"/><SP WIDTH="14" VPOS="1096" HPOS="767"/><String WC="0.5333333611" CONTENT="tn." HEIGHT="19" WIDTH="36" VPOS="1095" HPOS="782"/><SP WIDTH="12" VPOS="1097" HPOS="819"/><String WC="0.6200000048" CONTENT="2." HEIGHT="18" WIDTH="24" VPOS="1097" HPOS="832"/></TextLine>
<TextLine HEIGHT="40" WIDTH="237" VPOS="1125" HPOS="594"><String STYLE="italics" WC="0.5124999881" CONTENT="Idripes," HEIGHT="38" WIDTH="103" VPOS="1125" HPOS="594"/><SP WIDTH="12" VPOS="1136" HPOS="698"/><String WC="0.6299999952" CONTENT="13" HEIGHT="27" WIDTH="31" VPOS="1137" HPOS="711"/><SP WIDTH="12" VPOS="1137" HPOS="743"/><String WC="0.6949999928" CONTENT="m." HEIGHT="17" WIDTH="36" VPOS="1137" HPOS="756"/><SP WIDTH="10" VPOS="1139" HPOS="793"/><String WC="0.2450000048" CONTENT="3," HEIGHT="26" WIDTH="27" VPOS="1139" HPOS="804"/></TextLine>
<TextLine HEIGHT="41" WIDTH="199" VPOS="1166" HPOS="594"><String WC="0.2980000079" CONTENT="«io;i" HEIGHT="32" WIDTH="88" VPOS="1166" HPOS="594"/><SP WIDTH="11" VPOS="1175" HPOS="682"/><String WC="0.1400000006" CONTENT="j" HEIGHT="26" WIDTH="12" VPOS="1178" HPOS="693"/><SP WIDTH="14" VPOS="1177" HPOS="705"/><String WC="0.7225000262" CONTENT="m.3." HEIGHT="29" WIDTH="74" VPOS="1178" HPOS="719"/></TextLine>
<TextLine HEIGHT="28" WIDTH="66" VPOS="1225" HPOS="594" STYLEREFS="font2"><String STYLE="bold" WC="0.4850000143" CONTENT="adde" HEIGHT="28" WIDTH="66" VPOS="1225" HPOS="594"/></TextLine>
<TextLine HEIGHT="35" WIDTH="214" VPOS="1270" HPOS="595" STYLEREFS="font2"><String STYLE="italics" WC="0.3630000055" CONTENT="cui-vaßrum" HEIGHT="35" WIDTH="154" VPOS="1270" HPOS="595"/><String WC="0.25" CONTENT="," HEIGHT="11" WIDTH="9" VPOS="1287" HPOS="751"/><SP WIDTH="10" VPOS="1277" HPOS="761"/><String WC="0.6299999952" CONTENT="14" HEIGHT="26" WIDTH="37" VPOS="1277" HPOS="772"/></TextLine>
</TextBlock>
<TextBlock ID="Page1_Block13" HEIGHT="100" WIDTH="305" VPOS="702" HPOS="895" language="de" STYLEREFS="font4"><Shape><Polygon POINTS="900,704 1205,704 1205,802 900,802 900,704"/></Shape>
<TextLine HEIGHT="39" WIDTH="293" VPOS="708" HPOS="901" STYLEREFS="font2"><String STYLE="bold" WC="0.3711111248" CONTENT="Accenfere" HEIGHT="32" WIDTH="148" VPOS="708" HPOS="901"/><String STYLE="subscript bold" WC="0.2399999946" CONTENT="a" HEIGHT="17" WIDTH="11" VPOS="729" HPOS="1057"/><SP WIDTH="11" VPOS="720" HPOS="1069"/><String STYLE="bold" WC="0.6650000215" CONTENT="a." HEIGHT="18" WIDTH="24" VPOS="720" HPOS="1081"/><SP WIDTH="12" VPOS="719" HPOS="1106"/><String STYLE="bold" WC="0.7400000095" CONTENT="z.W" HEIGHT="36" WIDTH="75" VPOS="711" HPOS="1119"/></TextLine>
<TextLine HEIGHT="43" WIDTH="97" VPOS="750" HPOS="936"><String WC="0.4357142746" CONTENT="zehlen." HEIGHT="43" WIDTH="97" VPOS="750" HPOS="936"/></TextLine>
</TextBlock>
<TextBlock ID="Page1_Block14" HEIGHT="102" WIDTH="305" VPOS="1255" HPOS="895" language="de" STYLEREFS="font4"><Shape><Polygon POINTS="904,1257 1208,1257 1208,1357 904,1357 904,1257"/></Shape>
<TextLine HEIGHT="38" WIDTH="292" VPOS="1261" HPOS="902" STYLEREFS="font2"><String STYLEREFS="font1" WC="0.6779999733" CONTENT="Calvaftor," HEIGHT="33" WIDTH="142" VPOS="1261" HPOS="902"/><SP WIDTH="8" VPOS="1272" HPOS="1045"/><String STYLEREFS="font1" WC="0.5899999738" CONTENT="m." HEIGHT="18" WIDTH="35" VPOS="1272" HPOS="1054"/><SP WIDTH="15" VPOS="1278" HPOS="1090"/><String STYLEREFS="font1" WC="0.2899999917" CONTENT="j," HEIGHT="18" WIDTH="25" VPOS="1278" HPOS="1106"/><SP WIDTH="11" VPOS="1266" HPOS="1132"/><String STYLEREFS="font1" WC="0.4174999893" CONTENT="tzLP" HEIGHT="34" WIDTH="50" VPOS="1265" HPOS="1144"/></TextLine>
<TextLine HEIGHT="50" WIDTH="154" VPOS="1299" HPOS="940"><String WC="0.4088888764" CONTENT="Kahlsopg." HEIGHT="50" WIDTH="154" VPOS="1299" HPOS="940"/></TextLine>
</TextBlock><GraphicalElement ID="Page1_Block15" HEIGHT="3" WIDTH="298" VPOS="193" HPOS="880"/><GraphicalElement ID="Page1_Block16" HEIGHT="1099" WIDTH="12" VPOS="217" HPOS="583"/><GraphicalElement ID="Page1_Block17" HEIGHT="1119" WIDTH="12" VPOS="210" HPOS="891"/>
</PrintSpace>
</Page>
</Layout>
</alto>