﻿<?xml version="1.0" encoding="UTF-8" standalone="yes"?>
<alto xmlns="http://www.loc.gov/standards/alto/ns-v2#" xmlns:xlink="http://www.w3.org/1999/xlink" xmlns:xsi="http://www.w3.org/2001/XMLSchema-instance" xsi:schemaLocation="http://www.loc.gov/standards/alto/ns-v2# http://www.loc.gov/standards/alto/alto-v2.0.xsd">
<Description>
<MeasurementUnit>pixel</MeasurementUnit>
<OCRProcessing ID="IdOcr"><ocrProcessingStep><processingDateTime>2017-03-20</processingDateTime><processingSoftware><softwareCreator>ABBYY</softwareCreator><softwareName>ABBYY FineReader Engine</softwareName><softwareVersion>11</softwareVersion></processingSoftware></ocrProcessingStep></OCRProcessing>
</Description>
<Styles><TextStyle ID="font0" FONTFAMILY="Arial" FONTSIZE="4"/><TextStyle ID="font1" FONTFAMILY="Arial" FONTSIZE="5"/><TextStyle ID="font2" FONTFAMILY="Times New Roman" FONTSIZE="7"/><TextStyle ID="font3" FONTFAMILY="Times New Roman" FONTSIZE="8"/><TextStyle ID="font4" FONTFAMILY="Times New Roman" FONTSIZE="9"/><TextStyle ID="font5" FONTFAMILY="Times New Roman" FONTSIZE="10"/><TextStyle ID="font6" FONTFAMILY="Times New Roman" FONTSIZE="12"/><TextStyle ID="font7" FONTFAMILY="Times New Roman" FONTSIZE="15"/>
</Styles>
<Layout>
<Page ID="Page1" PHYSICAL_IMG_NR="1" HEIGHT="2050" WIDTH="1275">
<TopMargin HEIGHT="164" WIDTH="1275" VPOS="0" HPOS="0">
</TopMargin>
<RightMargin HEIGHT="1720" WIDTH="169" VPOS="164" HPOS="1106">
</RightMargin>
<BottomMargin HEIGHT="166" WIDTH="1275" VPOS="1884" HPOS="0">
</BottomMargin>
<PrintSpace HEIGHT="1720" WIDTH="1106" VPOS="164" HPOS="0">
<TextBlock ID="Page1_Block1" HEIGHT="60" WIDTH="184" VPOS="169" HPOS="440" language="de" STYLEREFS="font4"><Shape><Polygon POINTS="442,178 626,178 626,236 442,236 442,178"/></Shape>
<TextLine HEIGHT="47" WIDTH="156" VPOS="178" HPOS="452"><String STYLE="bold" STYLEREFS="font7" WC="0.25" CONTENT="C" HEIGHT="45" WIDTH="18" VPOS="178" HPOS="452"/><SP WIDTH="24" VPOS="178" HPOS="471"/><String WC="0.3766666651" CONTENT="Z2!" HEIGHT="33" WIDTH="65" VPOS="188" HPOS="496"/><SP WIDTH="27" VPOS="179" HPOS="562"/><String WC="0.2300000042" CONTENT=")" HEIGHT="45" WIDTH="18" VPOS="179" HPOS="590"/></TextLine>
</TextBlock>
<TextBlock ID="Page1_Block2" HEIGHT="476" WIDTH="355" VPOS="244" HPOS="6" language="de" STYLEREFS="font4"><Shape><Polygon POINTS="14,258 364,258 364,694 294,694 294,724 234,724 234,732 14,732 14,258"/></Shape>
<TextLine HEIGHT="40" WIDTH="226" VPOS="247" HPOS="64"><String WC="0.5299999714" CONTENT="Doppo" HEIGHT="39" WIDTH="108" VPOS="247" HPOS="64"/><SP WIDTH="14" VPOS="258" HPOS="173"/><String WC="0.5233333111" CONTENT="quefto" HEIGHT="38" WIDTH="102" VPOS="249" HPOS="188"/></TextLine>
<TextLine HEIGHT="44" WIDTH="322" VPOS="282" HPOS="24"><String WC="0.4375" CONTENT="*gli" HEIGHT="37" WIDTH="56" VPOS="282" HPOS="25"/><SP WIDTH="6" VPOS="285" HPOS="82"/><String WC="0.4399999976" CONTENT="monta" HEIGHT="22" WIDTH="101" VPOS="296" HPOS="89"/><SP WIDTH="6" VPOS="290" HPOS="191"/><String WC="0.2700000107" CONTENT="ä" HEIGHT="28" WIDTH="17" VPOS="290" HPOS="198"/><SP WIDTH="6" VPOS="290" HPOS="216"/><String WC="0.3485714197" CONTENT="cavallo" HEIGHT="33" WIDTH="112" VPOS="288" HPOS="223"/><String STYLE="subscript" WC="0.2399999946" CONTENT="s" HEIGHT="16" WIDTH="11" VPOS="310" HPOS="335"/></TextLine>
<TextLine HEIGHT="39" WIDTH="215" VPOS="372" HPOS="24"><String WC="0.3140000105" CONTENT="werce" HEIGHT="29" WIDTH="88" VPOS="372" HPOS="25"/><SP WIDTH="15" VPOS="374" HPOS="114"/><String WC="0.3400000036" CONTENT="i" HEIGHT="27" WIDTH="9" VPOS="374" HPOS="130"/><SP WIDTH="14" VPOS="374" HPOS="139"/><String WC="0.7133333087" CONTENT="pie" HEIGHT="38" WIDTH="47" VPOS="373" HPOS="153"/><SP WIDTH="8" VPOS="376" HPOS="201"/><String WC="0.4099999964" CONTENT="di" HEIGHT="29" WIDTH="29" VPOS="376" HPOS="210"/></TextLine>
<TextLine HEIGHT="44" WIDTH="220" VPOS="455" HPOS="21"><String WC="0.6539999843" CONTENT="Helle" HEIGHT="31" WIDTH="73" VPOS="455" HPOS="22"/><SP WIDTH="13" VPOS="457" HPOS="96"/><String WC="0.5242857337" CONTENT="ftafte," HEIGHT="39" WIDTH="99" VPOS="456" HPOS="110"/><SP WIDTH="13" VPOS="476" HPOS="209"/><String WC="0.150000006" CONTENT="9" HEIGHT="23" WIDTH="19" VPOS="476" HPOS="222"/></TextLine>
<TextLine HEIGHT="43" WIDTH="292" VPOS="542" HPOS="19"><String WC="0.4342857003" CONTENT="Tpiglia" HEIGHT="41" WIDTH="88" VPOS="542" HPOS="19"/><SP WIDTH="11" VPOS="556" HPOS="108"/><String WC="0.3759999871" CONTENT="colla" HEIGHT="32" WIDTH="74" VPOS="547" HPOS="120"/><SP WIDTH="12" VPOS="559" HPOS="195"/><String WC="0.3379999995" CONTENT="manca" HEIGHT="23" WIDTH="103" VPOS="559" HPOS="208"/></TextLine>
<TextLine HEIGHT="41" WIDTH="181" VPOS="623" HPOS="21"><String WC="0.1949999928" CONTENT="le" HEIGHT="32" WIDTH="26" VPOS="623" HPOS="21"/><SP WIDTH="11" VPOS="636" HPOS="48"/><String WC="0.5849999785" CONTENT="redini" HEIGHT="32" WIDTH="88" VPOS="631" HPOS="60"/><SP WIDTH="17" VPOS="635" HPOS="149"/><String WC="0.2450000048" CONTENT="10" HEIGHT="18" WIDTH="35" VPOS="646" HPOS="167"/></TextLine>
<TextLine HEIGHT="51" WIDTH="262" VPOS="666" HPOS="21"><String WC="0.4033333361" CONTENT="«lella" HEIGHT="35" WIDTH="74" VPOS="666" HPOS="21"/><SP WIDTH="10" VPOS="673" HPOS="95"/><String WC="0.4225000143" CONTENT="brfglia," HEIGHT="43" WIDTH="116" VPOS="673" HPOS="106"/><SP WIDTH="24" VPOS="687" HPOS="223"/><String WC="0.1850000024" CONTENT="rt" HEIGHT="20" WIDTH="34" VPOS="688" HPOS="248"/></TextLine>
</TextBlock>
<TextBlock ID="Page1_Block3" HEIGHT="473" WIDTH="409" VPOS="254" HPOS="554" language="de" STYLEREFS="font4"><Shape><Polygon POINTS="562,262 966,262 966,692 820,692 820,732 562,732 562,262"/></Shape>
<TextLine HEIGHT="36" WIDTH="164" VPOS="261" HPOS="605"><String WC="0.3860000074" CONTENT="Aprcs" HEIGHT="36" WIDTH="89" VPOS="261" HPOS="605"/><SP WIDTH="14" VPOS="270" HPOS="695"/><String WC="0.3300000131" CONTENT="cela" HEIGHT="27" WIDTH="59" VPOS="262" HPOS="710"/></TextLine>
<TextLine HEIGHT="39" WIDTH="294" VPOS="298" HPOS="564"><String WC="0.4399999976" CONTENT="il" HEIGHT="28" WIDTH="22" VPOS="299" HPOS="564"/><SP WIDTH="14" VPOS="299" HPOS="586"/><String WC="0.3319999874" CONTENT="monte" HEIGHT="21" WIDTH="102" VPOS="308" HPOS="600"/><SP WIDTH="13" VPOS="300" HPOS="702"/><String WC="0.5500000119" CONTENT="ä" HEIGHT="27" WIDTH="17" VPOS="300" HPOS="715"/><SP WIDTH="14" VPOS="300" HPOS="732"/><String WC="0.3942857087" CONTENT="chcval," HEIGHT="37" WIDTH="112" VPOS="300" HPOS="746"/></TextLine>
<TextLine HEIGHT="45" WIDTH="213" VPOS="384" HPOS="563"><String WC="0.4233333468" CONTENT="met" HEIGHT="21" WIDTH="61" VPOS="395" HPOS="563"/><SP WIDTH="13" VPOS="387" HPOS="624"/><String WC="0.5" CONTENT="les" HEIGHT="30" WIDTH="42" VPOS="387" HPOS="637"/><SP WIDTH="14" VPOS="397" HPOS="679"/><String WC="0.4359999895" CONTENT="pieds" HEIGHT="43" WIDTH="83" VPOS="386" HPOS="693"/></TextLine>
<TextLine HEIGHT="41" WIDTH="186" VPOS="472" HPOS="561"><String WC="0.2899999917" CONTENT="a" HEIGHT="19" WIDTH="17" VPOS="484" HPOS="561"/><SP WIDTH="15" VPOS="472" HPOS="578"/><String WC="1." CONTENT="l’" HEIGHT="30" WIDTH="20" VPOS="472" HPOS="593"/><SP WIDTH="8" VPOS="473" HPOS="613"/><String WC="0.3685714304" CONTENT="etrier," HEIGHT="37" WIDTH="94" VPOS="473" HPOS="621"/><SP WIDTH="15" VPOS="489" HPOS="715"/><String WC="0.150000006" CONTENT="9" HEIGHT="24" WIDTH="17" VPOS="489" HPOS="730"/></TextLine>
<TextLine HEIGHT="48" WIDTH="384" VPOS="558" HPOS="559"><String WC="0.5159999728" CONTENT="prend" HEIGHT="37" WIDTH="89" VPOS="562" HPOS="559"/><SP WIDTH="8" VPOS="563" HPOS="648"/><String WC="0.150000006" CONTENT="de" HEIGHT="30" WIDTH="35" VPOS="563" HPOS="656"/><SP WIDTH="11" VPOS="563" HPOS="691"/><String WC="0.2700000107" CONTENT="la" HEIGHT="28" WIDTH="27" VPOS="563" HPOS="702"/><SP WIDTH="12" VPOS="573" HPOS="729"/><String WC="0.2419999987" CONTENT="maiti" HEIGHT="31" WIDTH="79" VPOS="564" HPOS="741"/><SP WIDTH="15" VPOS="574" HPOS="820"/><String WC="0.2399999946" CONTENT="gauche" HEIGHT="45" WIDTH="108" VPOS="561" HPOS="835"/></TextLine>
<TextLine HEIGHT="32" WIDTH="190" VPOS="648" HPOS="557"><String WC="0.5933333039" CONTENT="les" HEIGHT="31" WIDTH="42" VPOS="648" HPOS="557"/><SP WIDTH="11" VPOS="660" HPOS="599"/><String WC="0.3000000119" CONTENT="rcnes" HEIGHT="20" WIDTH="80" VPOS="659" HPOS="610"/><SP WIDTH="22" VPOS="659" HPOS="690"/><String WC="0.1599999964" CONTENT="io" HEIGHT="19" WIDTH="35" VPOS="658" HPOS="712"/></TextLine>
<TextLine HEIGHT="36" WIDTH="238" VPOS="687" HPOS="558"><String WC="0.5849999785" CONTENT="de" HEIGHT="26" WIDTH="35" VPOS="690" HPOS="558"/><SP WIDTH="11" VPOS="687" HPOS="594"/><String WC="0.2800000012" CONTENT="la" HEIGHT="29" WIDTH="28" VPOS="688" HPOS="606"/><SP WIDTH="17" VPOS="689" HPOS="635"/><String WC="0.3549999893" CONTENT="bride," HEIGHT="34" WIDTH="95" VPOS="688" HPOS="653"/><SP WIDTH="18" VPOS="702" HPOS="749"/><String WC="1." CONTENT="1" HEIGHT="19" WIDTH="8" VPOS="702" HPOS="768"/><SP WIDTH="8" VPOS="702" HPOS="777"/><String WC="0.4099999964" CONTENT="j" HEIGHT="19" WIDTH="10" VPOS="702" HPOS="786"/></TextLine>
</TextBlock>
<TextBlock ID="Page1_Block4" HEIGHT="114" WIDTH="1087" VPOS="706" HPOS="17" language="de" STYLEREFS="font4"><Shape><Polygon POINTS="26,720 1112,720 1112,822 660,822 660,780 26,780 26,720"/></Shape>
<TextLine HEIGHT="64" WIDTH="1065" VPOS="709" HPOS="20"><String WC="0.4799999893" CONTENT="«olia" HEIGHT="32" WIDTH="72" VPOS="709" HPOS="21"/><SP WIDTH="13" VPOS="723" HPOS="94"/><String WC="0.2479999959" CONTENT="quaie" HEIGHT="29" WIDTH="84" VPOS="724" HPOS="108"/><SP WIDTH="19" VPOS="726" HPOS="193"/><String WC="0.4074999988" CONTENT="egli" HEIGHT="41" WIDTH="60" VPOS="716" HPOS="213"/><SP WIDTH="11" VPOS="717" HPOS="274"/><String WC="0.4149999917" CONTENT="Io" HEIGHT="30" WIDTH="30" VPOS="717" HPOS="286"/><SP WIDTH="14" VPOS="718" HPOS="317"/><String WC="0.3600000143" CONTENT="fä" HEIGHT="29" WIDTH="28" VPOS="719" HPOS="332"/><SP WIDTH="19" VPOS="719" HPOS="361"/><String WC="0.4029999971" CONTENT="volteggia-" HEIGHT="41" WIDTH="162" VPOS="719" HPOS="381"/><SP WIDTH="13" VPOS="737" HPOS="543"/><String WC="0.4199999869" CONTENT="par" HEIGHT="31" WIDTH="51" VPOS="737" HPOS="556"/><SP WIDTH="15" VPOS="728" HPOS="608"/><String WC="0.3050000072" CONTENT="le" HEIGHT="28" WIDTH="26" VPOS="728" HPOS="624"/><SP WIDTH="12" VPOS="738" HPOS="651"/><String WC="0.4300000072" CONTENT="moyen" HEIGHT="31" WIDTH="110" VPOS="737" HPOS="663"/><SP WIDTH="18" VPOS="733" HPOS="774"/><String WC="0.1700000018" CONTENT="de" HEIGHT="28" WIDTH="35" VPOS="733" HPOS="793"/><SP WIDTH="14" VPOS="733" HPOS="829"/><String WC="0.4900000095" CONTENT="la" HEIGHT="29" WIDTH="27" VPOS="733" HPOS="844"/><SP WIDTH="14" VPOS="744" HPOS="871"/><String WC="0.6016666889" CONTENT="quelle" HEIGHT="42" WIDTH="97" VPOS="730" HPOS="885"/><SP WIDTH="12" VPOS="732" HPOS="983"/><String WC="0.5849999785" CONTENT="il" HEIGHT="30" WIDTH="20" VPOS="731" HPOS="996"/><SP WIDTH="15" VPOS="731" HPOS="1017"/><String WC="0.2300000042" CONTENT="faic" HEIGHT="31" WIDTH="52" VPOS="731" HPOS="1033"/></TextLine>
<TextLine HEIGHT="44" WIDTH="431" VPOS="769" HPOS="655"><String WC="0.3262499869" CONTENT="(tourner" HEIGHT="35" WIDTH="143" VPOS="770" HPOS="655"/><SP WIDTH="7" VPOS="782" HPOS="799"/><String WC="0.3899999857" CONTENT="§ä" HEIGHT="38" WIDTH="30" VPOS="772" HPOS="807"/><SP WIDTH="8" VPOS="772" HPOS="838"/><String WC="0.8799999952" CONTENT="&amp;" HEIGHT="25" WIDTH="24" VPOS="777" HPOS="847"/><SP WIDTH="8" VPOS="775" HPOS="872"/><String WC="0.4099999964" CONTENT="lä" HEIGHT="28" WIDTH="25" VPOS="774" HPOS="881"/><SP WIDTH="9" VPOS="773" HPOS="907"/><String WC="0.4466666579" CONTENT="fon" HEIGHT="29" WIDTH="50" VPOS="773" HPOS="917"/><SP WIDTH="9" VPOS="784" HPOS="968"/><String WC="0.2471428514" CONTENT="chevai;" HEIGHT="33" WIDTH="108" VPOS="773" HPOS="978"/></TextLine>
</TextBlock>
<TextBlock ID="Page1_Block5" HEIGHT="33" WIDTH="74" VPOS="765" HPOS="473" language="de" STYLEREFS="font4"><Shape><Polygon POINTS="482,774 556,774 556,806 482,806 482,774"/></Shape>
<TextLine HEIGHT="26" WIDTH="55" VPOS="770" HPOS="488"><String WC="0.4174999893" CONTENT="(re," HEIGHT="26" WIDTH="55" VPOS="770" HPOS="488"/></TextLine>
</TextBlock>
<TextBlock ID="Page1_Block6" HEIGHT="75" WIDTH="949" VPOS="786" HPOS="52" language="de" STYLEREFS="font2"><Shape><Polygon POINTS="62,800 1010,800 1010,864 62,864 62,800"/></Shape>
<TextLine HEIGHT="52" WIDTH="941" VPOS="795" HPOS="56" STYLEREFS="font4"><String WC="0.473333329" CONTENT="maneggia," HEIGHT="40" WIDTH="165" VPOS="795" HPOS="56"/><SP WIDTH="11" VPOS="806" HPOS="222"/><String WC="0.4038888812" CONTENT="eritieneafuapofta5" HEIGHT="41" WIDTH="309" VPOS="797" HPOS="234"/><SP WIDTH="13" VPOS="808" HPOS="544"/><String WC="0.3987500072" CONTENT="lemanie," HEIGHT="34" WIDTH="143" VPOS="808" HPOS="558"/><String STYLE="italics" WC="0.4716666639" CONTENT="arreße" HEIGHT="35" WIDTH="89" VPOS="810" HPOS="709"/><String WC="0.401666671" CONTENT="äfonplalfir;" HEIGHT="40" WIDTH="191" VPOS="807" HPOS="806"/></TextLine>
<TextLine HEIGHT="31" WIDTH="847" VPOS="829" HPOS="54"><String STYLE="italics" WC="0.412499994" CONTENT="r-y]" HEIGHT="20" WIDTH="37" VPOS="831" HPOS="54"/><SP WIDTH="455" VPOS="832" HPOS="91"/><String STYLE="bold" STYLEREFS="font1" WC="1." CONTENT="." HEIGHT="4" WIDTH="4" VPOS="852" HPOS="546"/><SP WIDTH="104" VPOS="847" HPOS="551"/><String STYLEREFS="font0" WC="0.3100000024" CONTENT="1" HEIGHT="9" WIDTH="6" VPOS="848" HPOS="655"/><SP WIDTH="224" VPOS="836" HPOS="661"/><String STYLE="superscript italics" WC="0.6399999857" CONTENT="s" HEIGHT="13" WIDTH="16" VPOS="839" HPOS="885"/></TextLine>
</TextBlock>
<TextBlock ID="Page1_Block7" HEIGHT="272" WIDTH="524" VPOS="774" HPOS="2" language="de" STYLEREFS="font4"><Shape><Polygon POINTS="14,788 62,788 62,842 202,842 202,876 536,876 536,1054 14,1054 14,788"/></Shape>
<TextLine HEIGHT="30" WIDTH="29" VPOS="782" HPOS="18"><String WC="0.2549999952" CONTENT="lo" HEIGHT="30" WIDTH="29" VPOS="782" HPOS="18"/></TextLine>
<TextLine HEIGHT="33" WIDTH="135" VPOS="831" HPOS="54"><String WC="0.6650000215" CONTENT="ta.l" HEIGHT="28" WIDTH="39" VPOS="831" HPOS="54"/><SP WIDTH="14" VPOS="832" HPOS="93"/><String WC="0.4059999883" CONTENT="voita" HEIGHT="27" WIDTH="82" VPOS="837" HPOS="107"/></TextLine>
<TextLine HEIGHT="54" WIDTH="504" VPOS="865" HPOS="18"><String WC="0.4666666687" CONTENT="gli" HEIGHT="34" WIDTH="38" VPOS="865" HPOS="18"/><SP WIDTH="7" VPOS="868" HPOS="57"/><String WC="0.1550000012" CONTENT="da" HEIGHT="29" WIDTH="35" VPOS="871" HPOS="65"/><SP WIDTH="6" VPOS="872" HPOS="101"/><String WC="0.6549999714" CONTENT="de" HEIGHT="30" WIDTH="33" VPOS="872" HPOS="108"/><SP WIDTH="10" VPOS="884" HPOS="142"/><String WC="0.5966666937" CONTENT="gli" HEIGHT="38" WIDTH="40" VPOS="876" HPOS="153"/><SP WIDTH="8" VPOS="876" HPOS="194"/><String WC="0.2828571498" CONTENT="fperoni" HEIGHT="40" WIDTH="112" VPOS="876" HPOS="203"/><SP WIDTH="14" VPOS="878" HPOS="316"/><String WC="0.6399999857" CONTENT="," HEIGHT="18" WIDTH="6" VPOS="892" HPOS="331"/><SP WIDTH="8" VPOS="887" HPOS="338"/><String WC="0.150000006" CONTENT="2" HEIGHT="22" WIDTH="17" VPOS="887" HPOS="347"/><SP WIDTH="7" VPOS="887" HPOS="365"/><String WC="0.4166666567" CONTENT="nel" HEIGHT="30" WIDTH="48" VPOS="879" HPOS="373"/><SP WIDTH="5" VPOS="880" HPOS="422"/><String WC="0.3583333194" CONTENT="fiäneo" HEIGHT="33" WIDTH="94" VPOS="880" HPOS="428"/></TextLine>
<TextLine HEIGHT="45" WIDTH="411" VPOS="954" HPOS="17"><String STYLE="bold" STYLEREFS="font3" WC="0.2399999946" CONTENT="5" HEIGHT="22" WIDTH="14" VPOS="955" HPOS="17"/><SP WIDTH="10" VPOS="954" HPOS="32"/><String WC="0.4087499976" CONTENT="lofpigne" HEIGHT="39" WIDTH="135" VPOS="954" HPOS="43"/><SP WIDTH="9" VPOS="966" HPOS="179"/><String WC="0.7328571677" CONTENT="avanti," HEIGHT="32" WIDTH="120" VPOS="965" HPOS="189"/><SP WIDTH="9" VPOS="968" HPOS="310"/><String STYLE="italics" WC="0.4699999988" CONTENT="innanti" HEIGHT="28" WIDTH="108" VPOS="968" HPOS="320"/></TextLine>
<TextLine HEIGHT="48" WIDTH="318" VPOS="992" HPOS="17"><String WC="0.3319999874" CONTENT="colla" HEIGHT="30" WIDTH="75" VPOS="994" HPOS="17"/><SP WIDTH="15" VPOS="993" HPOS="92"/><String WC="0.3280000091" CONTENT="bacchetta," HEIGHT="36" WIDTH="165" VPOS="993" HPOS="107"/><SP WIDTH="29" VPOS="1010" HPOS="272"/><String WC="0.2349999994" CONTENT="13" HEIGHT="30" WIDTH="34" VPOS="1010" HPOS="301"/></TextLine>
</TextBlock>
<TextBlock ID="Page1_Block8" HEIGHT="388" WIDTH="1101" VPOS="844" HPOS="1" language="de" STYLEREFS="font4"><Shape><Polygon POINTS="602,852 816,852 816,892 1112,892 1112,1234 918,1234 918,1186 548,1186 548,1174 14,1174 14,1080 558,1080 558,942 552,942 552,892 602,892 602,852"/></Shape>
<TextLine HEIGHT="40" WIDTH="196" VPOS="848" HPOS="595"><String WC="0.5657142997" CONTENT="quelquc" HEIGHT="39" WIDTH="125" VPOS="848" HPOS="595"/><SP WIDTH="11" VPOS="849" HPOS="720"/><String WC="0.4399999976" CONTENT="fois" HEIGHT="32" WIDTH="60" VPOS="849" HPOS="731"/></TextLine>
<TextLine HEIGHT="51" WIDTH="539" VPOS="884" HPOS="545"><String WC="0.3400000036" CONTENT="jil" HEIGHT="43" WIDTH="36" VPOS="884" HPOS="545"/><SP WIDTH="13" VPOS="887" HPOS="582"/><String WC="0.375" CONTENT="le" HEIGHT="27" WIDTH="26" VPOS="890" HPOS="596"/><SP WIDTH="8" VPOS="898" HPOS="623"/><String WC="0.5266666412" CONTENT="pique," HEIGHT="39" WIDTH="99" VPOS="890" HPOS="632"/><SP WIDTH="8" VPOS="892" HPOS="732"/><String STYLE="italics" WC="0.8766666651" CONTENT="luy" HEIGHT="35" WIDTH="42" VPOS="892" HPOS="741"/><SP WIDTH="13" VPOS="891" HPOS="784"/><String STYLE="italics" WC="0.6320000291" CONTENT="dornt" HEIGHT="31" WIDTH="79" VPOS="891" HPOS="798"/><SP WIDTH="10" VPOS="893" HPOS="878"/><String WC="0.3633333445" CONTENT="des" HEIGHT="31" WIDTH="49" VPOS="893" HPOS="889"/><SP WIDTH="9" VPOS="905" HPOS="939"/><String WC="0.3050000072" CONTENT="cpCrons»" HEIGHT="34" WIDTH="135" VPOS="901" HPOS="949"/></TextLine>
<TextLine HEIGHT="35" WIDTH="57" VPOS="939" HPOS="1028" STYLEREFS="font5"><String STYLE="bold" WC="0.2133333385" CONTENT="(iz" HEIGHT="35" WIDTH="57" VPOS="939" HPOS="1028"/></TextLine>
<TextLine HEIGHT="46" WIDTH="282" VPOS="972" HPOS="553"><String WC="0.4199999869" CONTENT="et" HEIGHT="19" WIDTH="28" VPOS="986" HPOS="553"/><SP WIDTH="14" VPOS="976" HPOS="582"/><String WC="0.6949999928" CONTENT="le" HEIGHT="29" WIDTH="27" VPOS="977" HPOS="597"/><SP WIDTH="13" VPOS="986" HPOS="625"/><String WC="0.4516666532" CONTENT="pouffe" HEIGHT="44" WIDTH="95" VPOS="973" HPOS="639"/><SP WIDTH="13" VPOS="987" HPOS="735"/><String WC="0.7879999876" CONTENT="avant" HEIGHT="22" WIDTH="86" VPOS="987" HPOS="749"/></TextLine>
<TextLine HEIGHT="38" WIDTH="360" VPOS="1016" HPOS="551"><String WC="0.4675000012" CONTENT="avec" HEIGHT="20" WIDTH="71" VPOS="1025" HPOS="551"/><SP WIDTH="14" VPOS="1027" HPOS="623"/><String WC="0.4474999905" CONTENT="unehousfine," HEIGHT="33" WIDTH="218" VPOS="1017" HPOS="638"/><SP WIDTH="19" VPOS="1029" HPOS="856"/><String WC="0.6299999952" CONTENT="1;" HEIGHT="24" WIDTH="34" VPOS="1030" HPOS="876"/></TextLine>
<TextLine HEIGHT="64" WIDTH="1026" VPOS="1076" HPOS="15" STYLEREFS="font4"><String WC="0.25" CONTENT="*" HEIGHT="22" WIDTH="14" VPOS="1081" HPOS="16"/><SP WIDTH="13" VPOS="1080" HPOS="31"/><String WC="0.2199999988" CONTENT="Io" HEIGHT="29" WIDTH="29" VPOS="1080" HPOS="45"/><SP WIDTH="13" VPOS="1092" HPOS="74"/><String WC="0.5185714364" CONTENT="raffren" HEIGHT="41" WIDTH="109" VPOS="1077" HPOS="87"/><String STYLE="italics" WC="0.2942857146" CONTENT="i,etomn" HEIGHT="38" WIDTH="114" VPOS="1079" HPOS="198"/><SP WIDTH="93" VPOS="1083" HPOS="313"/><String STYLE="italics" WC="0.4149999917" CONTENT="in" HEIGHT="29" WIDTH="29" VPOS="1084" HPOS="406"/><SP WIDTH="6" VPOS="1087" HPOS="435"/><String STYLE="italics" WC="0.4499999881" CONTENT="frtr.o" HEIGHT="35" WIDTH="72" VPOS="1087" HPOS="441"/><SP WIDTH="28" VPOS="1087" HPOS="513"/><String WC="0.7300000191" CONTENT="&apos;Z." HEIGHT="36" WIDTH="38" VPOS="1087" HPOS="541"/><SP WIDTH="14" VPOS="1097" HPOS="579"/><String WC="0.4600000083" CONTENT="]" HEIGHT="25" WIDTH="9" VPOS="1098" HPOS="593"/><String STYLE="subscript" WC="0.2599999905" CONTENT="e" HEIGHT="18" WIDTH="15" VPOS="1105" HPOS="605"/><SP WIDTH="12" VPOS="1097" HPOS="620"/><String WC="0.453333348" CONTENT="domte," HEIGHT="32" WIDTH="120" VPOS="1097" HPOS="632"/><SP WIDTH="8" VPOS="1107" HPOS="752"/><String STYLE="italics" WC="0.5450000167" CONTENT="maitrife" HEIGHT="40" WIDTH="115" VPOS="1097" HPOS="760"/><String WC="0.8399999738" CONTENT="," HEIGHT="12" WIDTH="9" VPOS="1119" HPOS="879"/><SP WIDTH="9" VPOS="1099" HPOS="889"/><String STYLE="italics" WC="0.6775000095" CONTENT="fait" HEIGHT="40" WIDTH="54" VPOS="1099" HPOS="898"/><SP WIDTH="16" VPOS="1105" HPOS="952"/><String STYLE="italics" WC="0.5116666555" CONTENT="obt’ir" HEIGHT="34" WIDTH="73" VPOS="1101" HPOS="968"/></TextLine>
<TextLine HEIGHT="62" WIDTH="1066" VPOS="1118" HPOS="15"><String WC="0.5724999905" CONTENT="co&apos;l" HEIGHT="31" WIDTH="52" VPOS="1118" HPOS="15"/><SP WIDTH="13" VPOS="1122" HPOS="68"/><String WC="0.4429999888" CONTENT="cavezzone," HEIGHT="28" WIDTH="166" VPOS="1131" HPOS="82"/><SP WIDTH="7" VPOS="1132" HPOS="249"/><String WC="0.2935714424" CONTENT="ecolkworaglie," HEIGHT="43" WIDTH="258" VPOS="1122" HPOS="257"/><SP WIDTH="31" VPOS="1143" HPOS="516"/><String WC="0.3350000083" CONTENT="avec" HEIGHT="21" WIDTH="70" VPOS="1142" HPOS="548"/><SP WIDTH="15" VPOS="1135" HPOS="619"/><String WC="0.6050000191" CONTENT="le" HEIGHT="27" WIDTH="27" VPOS="1135" HPOS="635"/><SP WIDTH="15" VPOS="1144" HPOS="663"/><String WC="0.4514285624" CONTENT="cave^on" HEIGHT="34" WIDTH="125" VPOS="1143" HPOS="679"/><SP WIDTH="13" VPOS="1148" HPOS="805"/><String WC="0.3366666734" CONTENT=",ou" HEIGHT="25" WIDTH="58" VPOS="1148" HPOS="819"/><SP WIDTH="17" VPOS="1150" HPOS="878"/><String WC="0.4099999964" CONTENT="avec" HEIGHT="21" WIDTH="68" VPOS="1150" HPOS="896"/><SP WIDTH="14" VPOS="1144" HPOS="965"/><String STYLE="bold" WC="0.4480000138" CONTENT="lamo-" HEIGHT="32" WIDTH="101" VPOS="1144" HPOS="980"/></TextLine>
<TextLine HEIGHT="44" WIDTH="163" VPOS="1184" HPOS="918" STYLEREFS="font5"><String WC="0.4285714328" CONTENT="(raiile" HEIGHT="40" WIDTH="106" VPOS="1184" HPOS="918"/><SP WIDTH="19" VPOS="1196" HPOS="1024"/><String WC="0.625" CONTENT="14" HEIGHT="30" WIDTH="38" VPOS="1198" HPOS="1043"/></TextLine>
</TextBlock>
<TextBlock ID="Page1_Block9" HEIGHT="210" WIDTH="402" VPOS="1200" HPOS="0" language="de" STYLEREFS="font4"><Shape><Polygon POINTS="14,1214 416,1214 416,1420 14,1420 14,1214"/></Shape>
<TextLine HEIGHT="48" WIDTH="277" VPOS="1204" HPOS="45"><String WC="0.2599999905" CONTENT="1" HEIGHT="30" WIDTH="16" VPOS="1204" HPOS="45"/><SP WIDTH="12" VPOS="1204" HPOS="62"/><String WC="0.5885714293" CONTENT="foderi," HEIGHT="34" WIDTH="109" VPOS="1207" HPOS="75"/><SP WIDTH="11" VPOS="1212" HPOS="185"/><String STYLE="italics" WC="0.4839999974" CONTENT="fände" HEIGHT="37" WIDTH="78" VPOS="1212" HPOS="197"/><SP WIDTH="13" VPOS="1224" HPOS="276"/><String WC="0.6050000191" CONTENT="1;" HEIGHT="29" WIDTH="32" VPOS="1223" HPOS="290"/></TextLine>
<TextLine HEIGHT="53" WIDTH="309" VPOS="1236" HPOS="11"><String WC="0.2572727203" CONTENT="deinetcervi" HEIGHT="43" WIDTH="172" VPOS="1236" HPOS="12"/><SP WIDTH="12" VPOS="1250" HPOS="185"/><String WC="0.4928571284" CONTENT="dentro," HEIGHT="39" WIDTH="123" VPOS="1250" HPOS="197"/></TextLine>
<TextLine HEIGHT="43" WIDTH="155" VPOS="1287" HPOS="50"><String WC="0.5442857146" CONTENT="piftole" HEIGHT="35" WIDTH="101" VPOS="1287" HPOS="50"/><SP WIDTH="18" VPOS="1299" HPOS="152"/><String WC="0.6899999976" CONTENT="17" HEIGHT="30" WIDTH="34" VPOS="1300" HPOS="171"/></TextLine>
<TextLine HEIGHT="52" WIDTH="374" VPOS="1320" HPOS="12"><String WC="0.2842857242" CONTENT="Pcudono" HEIGHT="39" WIDTH="132" VPOS="1320" HPOS="12"/><SP WIDTH="13" VPOS="1330" HPOS="145"/><String WC="0.7549999952" CONTENT="di" HEIGHT="30" WIDTH="29" VPOS="1331" HPOS="159"/><SP WIDTH="10" VPOS="1333" HPOS="189"/><String WC="0.7599999905" CONTENT="qua" HEIGHT="29" WIDTH="59" VPOS="1342" HPOS="200"/><SP WIDTH="13" VPOS="1335" HPOS="260"/><String WC="1." CONTENT="&amp;" HEIGHT="27" WIDTH="26" VPOS="1335" HPOS="274"/><SP WIDTH="10" VPOS="1331" HPOS="301"/><String WC="0.1700000018" CONTENT="di" HEIGHT="32" WIDTH="29" VPOS="1331" HPOS="312"/><SP WIDTH="15" VPOS="1333" HPOS="342"/><String WC="0.4350000024" CONTENT="la" HEIGHT="30" WIDTH="28" VPOS="1333" HPOS="358"/></TextLine>
<TextLine HEIGHT="48" WIDTH="353" VPOS="1358" HPOS="9"><String STYLE="superscript" WC="0.25" CONTENT="a" HEIGHT="20" WIDTH="16" VPOS="1362" HPOS="9"/><String WC="0.34799999" CONTENT="lpomo" HEIGHT="43" WIDTH="108" VPOS="1358" HPOS="27"/><SP WIDTH="17" VPOS="1380" HPOS="135"/><String WC="0.3700000048" CONTENT="16" HEIGHT="27" WIDTH="35" VPOS="1377" HPOS="153"/><SP WIDTH="10" VPOS="1375" HPOS="189"/><String WC="0.3459999859" CONTENT="della" HEIGHT="29" WIDTH="72" VPOS="1375" HPOS="200"/><SP WIDTH="8" VPOS="1375" HPOS="273"/><String WC="0.3449999988" CONTENT="fella." HEIGHT="31" WIDTH="79" VPOS="1375" HPOS="282"/></TextLine>
</TextBlock>
<TextBlock ID="Page1_Block10" HEIGHT="217" WIDTH="459" VPOS="1208" HPOS="533" language="de" STYLEREFS="font4"><Shape><Polygon POINTS="596,1216 898,1216 898,1260 1006,1260 1006,1428 550,1428 550,1378 548,1378 548,1340 560,1340 560,1306 558,1306 558,1266 596,1266 596,1216"/></Shape>
<TextLine HEIGHT="51" WIDTH="281" VPOS="1210" HPOS="587"><String WC="0.3966666758" CONTENT="Les" HEIGHT="30" WIDTH="58" VPOS="1214" HPOS="587"/><SP WIDTH="13" VPOS="1211" HPOS="646"/><String WC="0.2344444394" CONTENT="fourreaux" HEIGHT="39" WIDTH="158" VPOS="1211" HPOS="660"/><SP WIDTH="15" VPOS="1230" HPOS="819"/><String WC="0.2199999988" CONTENT="i" HEIGHT="18" WIDTH="11" VPOS="1232" HPOS="835"/><SP WIDTH="6" VPOS="1231" HPOS="847"/><String WC="0.2399999946" CONTENT="s" HEIGHT="30" WIDTH="14" VPOS="1231" HPOS="854"/></TextLine>
<TextLine HEIGHT="39" WIDTH="352" VPOS="1260" HPOS="547"><String WC="0.4199999869" CONTENT="pout" HEIGHT="31" WIDTH="76" VPOS="1264" HPOS="547"/><SP WIDTH="13" VPOS="1267" HPOS="623"/><String WC="0.5799999833" CONTENT="y" HEIGHT="29" WIDTH="19" VPOS="1267" HPOS="636"/><SP WIDTH="13" VPOS="1266" HPOS="655"/><String WC="0.3566666543" CONTENT="mectie" HEIGHT="25" WIDTH="106" VPOS="1266" HPOS="668"/><SP WIDTH="15" VPOS="1265" HPOS="774"/><String WC="0.6816666722" CONTENT="dedans" HEIGHT="32" WIDTH="110" VPOS="1263" HPOS="789"/></TextLine>
<TextLine HEIGHT="44" WIDTH="254" VPOS="1297" HPOS="549"><String WC="0.5433333516" CONTENT="les" HEIGHT="27" WIDTH="40" VPOS="1297" HPOS="549"/><SP WIDTH="15" VPOS="1307" HPOS="590"/><String WC="0.5490000248" CONTENT="piftolets," HEIGHT="39" WIDTH="144" VPOS="1299" HPOS="606"/><SP WIDTH="19" VPOS="1313" HPOS="751"/><String WC="0.3650000095" CONTENT="19" HEIGHT="27" WIDTH="32" VPOS="1314" HPOS="771"/></TextLine>
<TextLine HEIGHT="52" WIDTH="201" VPOS="1332" HPOS="535"><String WC="0.3400000036" CONTENT="jfont" HEIGHT="51" WIDTH="78" VPOS="1332" HPOS="535"/><SP WIDTH="12" VPOS="1348" HPOS="613"/><String WC="0.2800000012" CONTENT="pendus" HEIGHT="37" WIDTH="111" VPOS="1342" HPOS="625"/></TextLine>
<TextLine HEIGHT="42" WIDTH="439" VPOS="1379" HPOS="546"><String WC="0.3449999988" CONTENT="au" HEIGHT="21" WIDTH="38" VPOS="1384" HPOS="546"/><SP WIDTH="9" VPOS="1385" HPOS="585"/><String WC="0.3987500072" CONTENT="pomtneau" HEIGHT="30" WIDTH="156" VPOS="1388" HPOS="595"/><SP WIDTH="13" VPOS="1391" HPOS="752"/><String WC="0.3000000119" CONTENT="16" HEIGHT="29" WIDTH="36" VPOS="1385" HPOS="766"/><SP WIDTH="10" VPOS="1382" HPOS="803"/><String WC="7.999999821e-002" CONTENT="de" HEIGHT="30" WIDTH="35" VPOS="1382" HPOS="814"/><SP WIDTH="12" VPOS="1383" HPOS="850"/><String WC="0.6700000167" CONTENT="la" HEIGHT="29" WIDTH="28" VPOS="1384" HPOS="863"/><SP WIDTH="14" VPOS="1385" HPOS="892"/><String WC="0.3714285791" CONTENT="feile,," HEIGHT="36" WIDTH="78" VPOS="1383" HPOS="907"/></TextLine>
</TextBlock>
<TextBlock ID="Page1_Block11" HEIGHT="85" WIDTH="455" VPOS="1458" HPOS="531" language="de" STYLEREFS="font4"><Shape><Polygon POINTS="548,1466 1002,1466 1002,1520 830,1520 830,1548 622,1548 622,1546 548,1546 548,1466"/></Shape>
<TextLine HEIGHT="38" WIDTH="384" VPOS="1466" HPOS="584"><String WC="0.2049999982" CONTENT="Or" HEIGHT="29" WIDTH="45" VPOS="1466" HPOS="584"/><SP WIDTH="9" VPOS="1467" HPOS="630"/><String WC="0.3549999893" CONTENT="le" HEIGHT="29" WIDTH="25" VPOS="1467" HPOS="640"/><SP WIDTH="13" VPOS="1475" HPOS="666"/><String WC="0.3650000095" CONTENT="cavalier" HEIGHT="31" WIDTH="122" VPOS="1469" HPOS="680"/><SP WIDTH="12" VPOS="1470" HPOS="803"/><String WC="0.5011110902" CONTENT="lui-racme" HEIGHT="34" WIDTH="152" VPOS="1470" HPOS="816"/></TextLine>
<TextLine HEIGHT="37" WIDTH="263" VPOS="1502" HPOS="534"><String WC="0.2199999988" CONTENT="idosc" HEIGHT="33" WIDTH="75" VPOS="1502" HPOS="534"/><SP WIDTH="10" VPOS="1516" HPOS="610"/><String WC="0.5975000262" CONTENT="etre" HEIGHT="21" WIDTH="60" VPOS="1517" HPOS="621"/><SP WIDTH="12" VPOS="1519" HPOS="682"/><String WC="0.1716666669" CONTENT="reuecu" HEIGHT="21" WIDTH="102" VPOS="1518" HPOS="695"/></TextLine>
</TextBlock>
<TextBlock ID="Page1_Block12" HEIGHT="266" WIDTH="1090" VPOS="1440" HPOS="0" language="de" STYLEREFS="font4"><Shape><Polygon POINTS="14,1454 474,1454 474,1542 1084,1542 1084,1600 1108,1600 1108,1628 1084,1628 1084,1630 1062,1630 1062,1678 548,1678 548,1714 372,1714 372,1678 14,1678 14,1454"/></Shape>
<TextLine HEIGHT="54" WIDTH="275" VPOS="1447" HPOS="42"><String WC="0.2199999988" CONTENT="II" HEIGHT="31" WIDTH="25" VPOS="1447" HPOS="42"/><SP WIDTH="15" VPOS="1450" HPOS="67"/><String WC="0.375" CONTENT="cavalliere" HEIGHT="32" WIDTH="151" VPOS="1458" HPOS="82"/><SP WIDTH="14" VPOS="1469" HPOS="233"/><String WC="0.5224999785" CONTENT="poi," HEIGHT="38" WIDTH="68" VPOS="1463" HPOS="248"/></TextLine>
<TextLine HEIGHT="48" WIDTH="709" VPOS="1494" HPOS="90"><String WC="0.2899999917" CONTENT="effer" HEIGHT="33" WIDTH="69" VPOS="1494" HPOS="90"/><SP WIDTH="12" VPOS="1511" HPOS="160"/><String WC="0.3314285576" CONTENT="vcitfto" HEIGHT="28" WIDTH="102" VPOS="1503" HPOS="173"/><SP WIDTH="523" VPOS="1512" HPOS="276"/></TextLine>
<TextLine HEIGHT="70" WIDTH="1060" VPOS="1522" HPOS="7"><String WC="0.7200000286" CONTENT="d" HEIGHT="27" WIDTH="17" VPOS="1522" HPOS="7"/><SP WIDTH="17" VPOS="1522" HPOS="24"/><String WC="0.2800000012" CONTENT="una" HEIGHT="25" WIDTH="54" VPOS="1537" HPOS="41"/><SP WIDTH="13" VPOS="1543" HPOS="95"/><String WC="0.3300000131" CONTENT="cappa" HEIGHT="33" WIDTH="88" VPOS="1546" HPOS="108"/><SP WIDTH="17" VPOS="1542" HPOS="196"/><String WC="0.5" CONTENT="di" HEIGHT="28" WIDTH="27" VPOS="1542" HPOS="213"/><SP WIDTH="17" VPOS="1546" HPOS="240"/><String WC="0.6560000181" CONTENT="panno" HEIGHT="30" WIDTH="97" VPOS="1551" HPOS="257"/><SP WIDTH="13" VPOS="1551" HPOS="355"/><String WC="0.3222222328" CONTENT="groflo;i8" HEIGHT="43" WIDTH="162" VPOS="1540" HPOS="369"/><SP WIDTH="14" VPOS="1542" HPOS="531"/><String WC="0.5" CONTENT="d’" HEIGHT="31" WIDTH="28" VPOS="1541" HPOS="545"/><SP WIDTH="16" VPOS="1541" HPOS="573"/><String WC="0.6549999714" CONTENT="un" HEIGHT="20" WIDTH="39" VPOS="1555" HPOS="589"/><SP WIDTH="14" VPOS="1548" HPOS="629"/><String WC="0.3199999928" CONTENT="Lion" HEIGHT="28" WIDTH="59" VPOS="1548" HPOS="643"/><SP WIDTH="17" VPOS="1558" HPOS="702"/><String WC="0.349999994" CONTENT="capot;" HEIGHT="29" WIDTH="99" VPOS="1560" HPOS="720"/><SP WIDTH="17" VPOS="1562" HPOS="820"/><String WC="0.2399999946" CONTENT="18" HEIGHT="29" WIDTH="32" VPOS="1552" HPOS="838"/><SP WIDTH="73" VPOS="1552" HPOS="870"/><String WC="0.2700000107" CONTENT="(croupe," HEIGHT="39" WIDTH="124" VPOS="1553" HPOS="943"/></TextLine>
<TextLine HEIGHT="70" WIDTH="1066" VPOS="1559" HPOS="7"><String WC="0.5049999952" CONTENT="J?" HEIGHT="56" WIDTH="25" VPOS="1559" HPOS="7"/><SP WIDTH="8" VPOS="1571" HPOS="33"/><String WC="0.5212500095" CONTENT="Palandra" HEIGHT="36" WIDTH="130" VPOS="1572" HPOS="42"/><SP WIDTH="9" VPOS="1590" HPOS="173"/><String WC="0.5500000119" CONTENT="," HEIGHT="12" WIDTH="8" VPOS="1601" HPOS="183"/><SP WIDTH="14" VPOS="1583" HPOS="192"/><String STYLE="italics" WC="0.5080000162" CONTENT="ilferaiudo" HEIGHT="34" WIDTH="150" VPOS="1580" HPOS="207"/><SP WIDTH="187" VPOS="1592" HPOS="358"/><String WC="0.3342857063" CONTENT="portanc" HEIGHT="30" WIDTH="120" VPOS="1594" HPOS="546"/><SP WIDTH="13" VPOS="1587" HPOS="667"/><String WC="0.323333323" CONTENT="fon" HEIGHT="29" WIDTH="49" VPOS="1588" HPOS="681"/><SP WIDTH="18" VPOS="1599" HPOS="731"/><String WC="0.3642857075" CONTENT="manteau" HEIGHT="23" WIDTH="133" VPOS="1599" HPOS="750"/><SP WIDTH="10" VPOS="1590" HPOS="884"/><String WC="0.1949999928" CONTENT="de" HEIGHT="29" WIDTH="36" VPOS="1590" HPOS="895"/><SP WIDTH="15" VPOS="1598" HPOS="932"/><String WC="0.6179999709" CONTENT="pluie" HEIGHT="36" WIDTH="76" VPOS="1592" HPOS="948"/><SP WIDTH="11" VPOS="1600" HPOS="1025"/><String WC="0.5699999928" CONTENT="en" HEIGHT="20" WIDTH="36" VPOS="1601" HPOS="1037"/></TextLine>
<TextLine HEIGHT="78" WIDTH="1031" VPOS="1598" HPOS="7"><String WC="0.5400000215" CONTENT="®" HEIGHT="31" WIDTH="19" VPOS="1598" HPOS="8"/><SP WIDTH="10" VPOS="1598" HPOS="28"/><String WC="0.2066666633" CONTENT="kga" HEIGHT="43" WIDTH="61" VPOS="1606" HPOS="38"/><SP WIDTH="13" VPOS="1618" HPOS="99"/><String WC="0.4950000048" CONTENT="in" HEIGHT="27" WIDTH="30" VPOS="1618" HPOS="112"/><SP WIDTH="9" VPOS="1627" HPOS="142"/><String WC="0.3899999857" CONTENT="sroppa," HEIGHT="33" WIDTH="126" VPOS="1628" HPOS="151"/><SP WIDTH="11" VPOS="1632" HPOS="277"/><String WC="0.6000000238" CONTENT="all’" HEIGHT="32" WIDTH="47" VPOS="1620" HPOS="288"/><SP WIDTH="9" VPOS="1621" HPOS="335"/><String WC="0.3545454443" CONTENT="arcionedel-" HEIGHT="36" WIDTH="183" VPOS="1619" HPOS="344"/><SP WIDTH="7" VPOS="1639" HPOS="527"/><String WC="0.2833333313" CONTENT="jactacheä" HEIGHT="45" WIDTH="150" VPOS="1627" HPOS="534"/><SP WIDTH="9" VPOS="1629" HPOS="684"/><String WC="0.4799999893" CONTENT="1’arcon" HEIGHT="33" WIDTH="116" VPOS="1627" HPOS="693"/><SP WIDTH="13" VPOS="1641" HPOS="809"/><String WC="0.7749999762" CONTENT="»9" HEIGHT="25" WIDTH="29" VPOS="1643" HPOS="823"/><SP WIDTH="11" VPOS="1632" HPOS="853"/><String WC="1." CONTENT="de" HEIGHT="29" WIDTH="35" VPOS="1632" HPOS="864"/><SP WIDTH="14" VPOS="1630" HPOS="899"/><String WC="1." CONTENT="la" HEIGHT="29" WIDTH="28" VPOS="1630" HPOS="913"/><SP WIDTH="13" VPOS="1632" HPOS="941"/><String WC="0.7433333397" CONTENT="feile;" HEIGHT="32" WIDTH="84" VPOS="1631" HPOS="954"/></TextLine>
<TextLine HEIGHT="39" WIDTH="161" VPOS="1662" HPOS="364"><String WC="0.9233333468" CONTENT="(la" HEIGHT="36" WIDTH="38" VPOS="1663" HPOS="364"/><SP WIDTH="6" VPOS="1664" HPOS="403"/><String WC="0.9959999919" CONTENT="fella" HEIGHT="31" WIDTH="66" VPOS="1662" HPOS="410"/><SP WIDTH="18" VPOS="1673" HPOS="477"/><String WC="0.7850000262" CONTENT="19" HEIGHT="25" WIDTH="29" VPOS="1674" HPOS="496"/></TextLine>
</TextBlock>
<TextBlock ID="Page1_Block13" HEIGHT="146" WIDTH="529" VPOS="1678" HPOS="0" language="de" STYLEREFS="font4"><Shape><Polygon POINTS="14,1692 368,1692 368,1730 548,1730 548,1832 14,1832 14,1692"/></Shape>
<TextLine HEIGHT="44" WIDTH="319" VPOS="1691" HPOS="26"><String WC="1." CONTENT="&quot;" HEIGHT="19" WIDTH="20" VPOS="1693" HPOS="27"/><SP WIDTH="7" VPOS="1693" HPOS="48"/><String WC="0.7710000277" CONTENT="procäceio," HEIGHT="41" WIDTH="161" VPOS="1691" HPOS="55"/><SP WIDTH="8" VPOS="1709" HPOS="216"/><String STYLE="italics" WC="0.5066666603" CONTENT="corriero," HEIGHT="34" WIDTH="121" VPOS="1701" HPOS="224"/></TextLine>
<TextLine HEIGHT="60" WIDTH="518" VPOS="1723" HPOS="6"><String STYLE="superscript" WC="0.2300000042" CONTENT="c" HEIGHT="20" WIDTH="14" VPOS="1723" HPOS="6"/><String WC="0.2399999946" CONTENT="otce" HEIGHT="27" WIDTH="61" VPOS="1729" HPOS="21"/><SP WIDTH="12" VPOS="1729" HPOS="83"/><String WC="0.474999994" CONTENT="la" HEIGHT="30" WIDTH="26" VPOS="1729" HPOS="96"/><SP WIDTH="6" VPOS="1740" HPOS="123"/><String WC="0.4550000131" CONTENT="pofta," HEIGHT="40" WIDTH="88" VPOS="1737" HPOS="130"/><SP WIDTH="6" VPOS="1740" HPOS="219"/><String WC="0.1049999967" CONTENT="di" HEIGHT="31" WIDTH="30" VPOS="1739" HPOS="226"/><SP WIDTH="6" VPOS="1740" HPOS="257"/><String WC="0.3700000048" CONTENT="galoppo," HEIGHT="40" WIDTH="146" VPOS="1741" HPOS="264"/><SP WIDTH="5" VPOS="1751" HPOS="411"/><String WC="0.4900000095" CONTENT="tr.otto," HEIGHT="27" WIDTH="107" VPOS="1751" HPOS="417"/></TextLine>
<TextLine HEIGHT="52" WIDTH="270" VPOS="1771" HPOS="254"><String WC="0.2899999917" CONTENT="(a" HEIGHT="34" WIDTH="32" VPOS="1783" HPOS="254"/><SP WIDTH="7" VPOS="1780" HPOS="287"/><String WC="0.3266666532" CONTENT="brigüa" HEIGHT="50" WIDTH="107" VPOS="1771" HPOS="294"/><SP WIDTH="6" VPOS="1782" HPOS="402"/><String WC="0.5249999762" CONTENT="fcidlca;" HEIGHT="38" WIDTH="116" VPOS="1780" HPOS="408"/></TextLine>
</TextBlock>
<TextBlock ID="Page1_Block14" HEIGHT="182" WIDTH="546" VPOS="1702" HPOS="541" language="de" STYLEREFS="font4"><Shape><Polygon POINTS="562,1710 1106,1710 1106,1886 562,1886 562,1710"/></Shape>
<TextLine HEIGHT="42" WIDTH="208" VPOS="1705" HPOS="580"><String WC="0.2349999994" CONTENT="Le" HEIGHT="29" WIDTH="43" VPOS="1705" HPOS="580"/><SP WIDTH="18" VPOS="1715" HPOS="623"/><String WC="0.7710000277" CONTENT="poftillon," HEIGHT="41" WIDTH="147" VPOS="1706" HPOS="641"/></TextLine>
<TextLine HEIGHT="47" WIDTH="525" VPOS="1744" HPOS="545"><String WC="0.4939999878" CONTENT="court" HEIGHT="21" WIDTH="84" VPOS="1754" HPOS="545"/><SP WIDTH="7" VPOS="1747" HPOS="630"/><String WC="0.7300000191" CONTENT="la" HEIGHT="29" WIDTH="25" VPOS="1747" HPOS="638"/><SP WIDTH="7" VPOS="1756" HPOS="664"/><String WC="0.4237500131" CONTENT="pofte.de" HEIGHT="39" WIDTH="126" VPOS="1748" HPOS="672"/><SP WIDTH="7" VPOS="1759" HPOS="799"/><String WC="0.3866666555" CONTENT="galop," HEIGHT="41" WIDTH="95" VPOS="1748" HPOS="807"/><SP WIDTH="9" VPOS="1755" HPOS="903"/><String WC="0.4066666663" CONTENT="trot.a" HEIGHT="29" WIDTH="91" VPOS="1755" HPOS="913"/><SP WIDTH="6" VPOS="1749" HPOS="1005"/><String WC="0.3075000048" CONTENT="bri-" HEIGHT="31" WIDTH="58" VPOS="1749" HPOS="1012"/></TextLine>
<TextLine HEIGHT="40" WIDTH="200" VPOS="1789" HPOS="871"><String WC="0.8399999738" CONTENT="(de" HEIGHT="38" WIDTH="56" VPOS="1789" HPOS="871"/><SP WIDTH="9" VPOS="1799" HPOS="927"/><String WC="0.3987500072" CONTENT="abbatue." HEIGHT="33" WIDTH="135" VPOS="1789" HPOS="936"/></TextLine>
<TextLine HEIGHT="54" WIDTH="523" VPOS="1825" HPOS="545" STYLEREFS="font6"><String STYLE="bold" WC="0.3899999857" CONTENT="X" HEIGHT="35" WIDTH="39" VPOS="1827" HPOS="545"/><SP WIDTH="379" VPOS="1825" HPOS="585"/><String STYLE="bold" WC="0.5074999928" CONTENT="Gyr." HEIGHT="49" WIDTH="103" VPOS="1830" HPOS="965"/></TextLine>
</TextBlock><GraphicalElement ID="Page1_Block15" HEIGHT="23" WIDTH="788" VPOS="224" HPOS="29"/><GraphicalElement ID="Page1_Block16" HEIGHT="11" WIDTH="151" VPOS="243" HPOS="935"/><GraphicalElement ID="Page1_Block17" HEIGHT="113" WIDTH="9" VPOS="1654" HPOS="530"/><GraphicalElement ID="Page1_Block18" HEIGHT="472" WIDTH="13" VPOS="263" HPOS="546"/><GraphicalElement ID="Page1_Block19" HEIGHT="171" WIDTH="7" VPOS="912" HPOS="541"/><GraphicalElement ID="Page1_Block20" HEIGHT="190" WIDTH="7" VPOS="1160" HPOS="539"/>
</PrintSpace>
</Page>
</Layout>
</alto>