﻿<?xml version="1.0" encoding="UTF-8" standalone="yes"?>
<alto xmlns="http://www.loc.gov/standards/alto/ns-v2#" xmlns:xlink="http://www.w3.org/1999/xlink" xmlns:xsi="http://www.w3.org/2001/XMLSchema-instance" xsi:schemaLocation="http://www.loc.gov/standards/alto/ns-v2# http://www.loc.gov/standards/alto/alto-v2.0.xsd">
<Description>
<MeasurementUnit>pixel</MeasurementUnit>
<OCRProcessing ID="IdOcr"><ocrProcessingStep><processingDateTime>2017-03-20</processingDateTime><processingSoftware><softwareCreator>ABBYY</softwareCreator><softwareName>ABBYY FineReader Engine</softwareName><softwareVersion>11</softwareVersion></processingSoftware></ocrProcessingStep></OCRProcessing>
</Description>
<Styles><TextStyle ID="font0" FONTFAMILY="Arial" FONTSIZE="9"/><TextStyle ID="font1" FONTFAMILY="Times New Roman" FONTSIZE="7"/><TextStyle ID="font2" FONTFAMILY="Times New Roman" FONTSIZE="9"/><TextStyle ID="font3" FONTFAMILY="Times New Roman" FONTSIZE="10"/><TextStyle ID="font4" FONTFAMILY="Times New Roman" FONTSIZE="11"/><TextStyle ID="font5" FONTFAMILY="Times New Roman" FONTSIZE="12"/><TextStyle ID="font6" FONTFAMILY="Times New Roman" FONTSIZE="18"/>
</Styles>
<Layout>
<Page ID="Page1" PHYSICAL_IMG_NR="1" HEIGHT="2045" WIDTH="1245">
<TopMargin HEIGHT="154" WIDTH="1245" VPOS="0" HPOS="0">
</TopMargin>
<LeftMargin HEIGHT="1689" WIDTH="151" VPOS="154" HPOS="0">
</LeftMargin>
<BottomMargin HEIGHT="202" WIDTH="1245" VPOS="1843" HPOS="0">
</BottomMargin>
<PrintSpace HEIGHT="1689" WIDTH="1094" VPOS="154" HPOS="151">
<TextBlock ID="Page1_Block1" HEIGHT="240" WIDTH="830" VPOS="155" HPOS="275" language="de" STYLEREFS="font6"><Shape><Polygon POINTS="284,160 1113,160 1113,396 284,396 284,160"/></Shape>
<TextLine HEIGHT="50" WIDTH="358" VPOS="162" HPOS="521"><String STYLE="italics underline" WC="0.4099999964" CONTENT="m" HEIGHT="48" WIDTH="78" VPOS="164" HPOS="521"/><SP WIDTH="25" VPOS="164" HPOS="600"/><String STYLE="italics underline" WC="0.25" CONTENT="c" HEIGHT="42" WIDTH="17" VPOS="165" HPOS="626"/><SP WIDTH="23" VPOS="165" HPOS="644"/><String WC="0.2199999988" CONTENT="3" HEIGHT="31" WIDTH="17" VPOS="177" HPOS="668"/><String STYLE="underline" WC="0.1049999967" CONTENT="*0" HEIGHT="43" WIDTH="85" VPOS="164" HPOS="691"/><SP WIDTH="24" VPOS="162" HPOS="777"/><String STYLE="italics underline" WC="0." CONTENT="m" HEIGHT="49" WIDTH="77" VPOS="162" HPOS="802"/></TextLine>
<TextLine HEIGHT="57" WIDTH="269" VPOS="237" HPOS="561" STYLEREFS="font6"><String WC="0.1983333379" CONTENT="LXXXY." HEIGHT="57" WIDTH="269" VPOS="237" HPOS="561"/></TextLine>
<TextLine HEIGHT="78" WIDTH="818" VPOS="311" HPOS="282" STYLEREFS="font6"><String WC="0.4566666782" CONTENT="Das" HEIGHT="60" WIDTH="121" VPOS="318" HPOS="282"/><SP WIDTH="21" VPOS="320" HPOS="403"/><String WC="0.3310000002" CONTENT="Fuhrwerck»" HEIGHT="73" WIDTH="305" VPOS="315" HPOS="424"/><SP WIDTH="120" VPOS="315" HPOS="729"/><String WC="0.3462499976" CONTENT="Vedtfra." HEIGHT="59" WIDTH="251" VPOS="311" HPOS="849"/></TextLine>
</TextBlock>
<Illustration ID="Page1_Block2" HEIGHT="659" WIDTH="985" VPOS="414" HPOS="255"><Shape><Polygon POINTS="263,420 1245,420 1245,1074 263,1074 263,420"/></Shape></Illustration>
<ComposedBlock ID="Page1_Block3" HEIGHT="745" WIDTH="1094" VPOS="1098" HPOS="151" TYPE="container"><Shape><Polygon POINTS="154,1104 1251,1104 1251,1847 154,1847 154,1104"/></Shape>
<TextBlock ID="Page1_Block4" HEIGHT="626" WIDTH="412" VPOS="1105" HPOS="151" language="de" STYLEREFS="font4"><Shape><Polygon POINTS="156,1108 564,1108 564,1732 156,1732 156,1108"/></Shape>
<TextLine HEIGHT="42" WIDTH="324" VPOS="1112" HPOS="215"><String WC="0.323333323" CONTENT="Der" HEIGHT="35" WIDTH="66" VPOS="1115" HPOS="215"/><SP WIDTH="16" VPOS="1114" HPOS="281"/><String WC="0.3144444525" CONTENT="Fuhrmann/" HEIGHT="41" WIDTH="220" VPOS="1113" HPOS="297"/><SP WIDTH="8" VPOS="1113" HPOS="517"/><String WC="0.25" CONTENT="r" HEIGHT="23" WIDTH="14" VPOS="1119" HPOS="525"/></TextLine>
<TextLine HEIGHT="37" WIDTH="116" VPOS="1157" HPOS="175"><String STYLE="bold" WC="0.4462499917" CONTENT="ftrannst" HEIGHT="37" WIDTH="116" VPOS="1157" HPOS="175"/></TextLine>
<TextLine HEIGHT="45" WIDTH="299" VPOS="1191" HPOS="177" STYLEREFS="font2"><String WC="0.4966666698" CONTENT="das" HEIGHT="32" WIDTH="51" VPOS="1197" HPOS="177"/><SP WIDTH="7" VPOS="1196" HPOS="229"/><String WC="0.4511111081" CONTENT="Handpferd" HEIGHT="45" WIDTH="202" VPOS="1191" HPOS="237"/><SP WIDTH="18" VPOS="1191" HPOS="440"/><String WC="0.2599999905" CONTENT="r" HEIGHT="21" WIDTH="17" VPOS="1200" HPOS="459"/></TextLine>
<TextLine HEIGHT="43" WIDTH="365" VPOS="1278" HPOS="174"><String WC="0.2649999857" CONTENT="zu" HEIGHT="32" WIDTH="30" VPOS="1289" HPOS="174"/><SP WIDTH="8" VPOS="1282" HPOS="205"/><String WC="0.2599999905" CONTENT="dem" HEIGHT="29" WIDTH="57" VPOS="1282" HPOS="214"/><SP WIDTH="10" VPOS="1282" HPOS="272"/><String WC="0.4190908968" CONTENT="Sattelpferd" HEIGHT="40" WIDTH="227" VPOS="1279" HPOS="283"/><SP WIDTH="15" VPOS="1278" HPOS="511"/><String WC="0.2700000107" CONTENT=";" HEIGHT="29" WIDTH="12" VPOS="1286" HPOS="527"/></TextLine>
<TextLine HEIGHT="42" WIDTH="242" VPOS="1317" HPOS="172"><String WC="0.4307142794" CONTENT="aköieDeichse&apos;/" HEIGHT="42" WIDTH="242" VPOS="1317" HPOS="172"/></TextLine>
<TextLine HEIGHT="39" WIDTH="384" VPOS="1358" HPOS="173"><String WC="0.3700000048" CONTENT="mit" HEIGHT="33" WIDTH="54" VPOS="1361" HPOS="173"/><SP WIDTH="4" VPOS="1360" HPOS="228"/><String WC="0.2466666698" CONTENT="den" HEIGHT="31" WIDTH="51" VPOS="1360" HPOS="233"/><SP WIDTH="6" VPOS="1366" HPOS="285"/><String WC="0.2933333218" CONTENT="vom" HEIGHT="24" WIDTH="61" VPOS="1367" HPOS="292"/><SP WIDTH="11" VPOS="1359" HPOS="354"/><String WC="0.4983333349" CONTENT="Rummct" HEIGHT="38" WIDTH="169" VPOS="1358" HPOS="366"/><SP WIDTH="8" VPOS="1361" HPOS="536"/><String WC="5.999999866e-002" CONTENT="4" HEIGHT="21" WIDTH="12" VPOS="1370" HPOS="545"/></TextLine>
<TextLine HEIGHT="39" WIDTH="251" VPOS="1397" HPOS="172"><String WC="0.3835714161" CONTENT="deral&apos;hangmden" HEIGHT="39" WIDTH="251" VPOS="1397" HPOS="172"/></TextLine>
<TextLine HEIGHT="43" WIDTH="384" VPOS="1435" HPOS="172"><String STYLEREFS="font5" WC="0.5080000162" CONTENT="RkemeirLeir-Rieittön" HEIGHT="43" WIDTH="384" VPOS="1435" HPOS="172"/></TextLine>
<TextLine HEIGHT="43" WIDTH="260" VPOS="1473" HPOS="295"><String WC="0.3799999952" CONTENT="(oder" HEIGHT="39" WIDTH="80" VPOS="1477" HPOS="295"/><SP WIDTH="9" VPOS="1474" HPOS="376"/><String WC="0.4662500024" CONTENT="Retten.;" HEIGHT="42" WIDTH="169" VPOS="1473" HPOS="386"/></TextLine>
<TextLine HEIGHT="40" WIDTH="145" VPOS="1524" HPOS="218"><String WC="0.3514285684" CONTENT="Darnach" HEIGHT="40" WIDTH="145" VPOS="1524" HPOS="218"/></TextLine>
<TextLine HEIGHT="38" WIDTH="109" VPOS="1568" HPOS="172" STYLEREFS="font1"><String STYLE="bold" WC="0.2883333266" CONTENT="fließt" HEIGHT="38" WIDTH="66" VPOS="1568" HPOS="172"/><SP WIDTH="14" VPOS="1572" HPOS="239"/><String STYLE="italics" STYLEREFS="font3" WC="9.999999776e-003" CONTENT="tt" HEIGHT="25" WIDTH="27" VPOS="1575" HPOS="254"/></TextLine>
<TextLine HEIGHT="44" WIDTH="331" VPOS="1600" HPOS="170"><String WC="0.4766666591" CONTENT="aus" HEIGHT="36" WIDTH="53" VPOS="1608" HPOS="170"/><SP WIDTH="10" VPOS="1608" HPOS="224"/><String WC="0.4086666703" CONTENT="demSatt-lpftrd/" HEIGHT="42" WIDTH="266" VPOS="1600" HPOS="235"/></TextLine>
<TextLine HEIGHT="40" WIDTH="244" VPOS="1645" HPOS="170"><String WC="0.3079999983" CONTENT="jaget" HEIGHT="37" WIDTH="76" VPOS="1648" HPOS="170"/><SP WIDTH="7" VPOS="1650" HPOS="247"/><String WC="0.7799999714" CONTENT="vor" HEIGHT="25" WIDTH="48" VPOS="1654" HPOS="255"/><SP WIDTH="5" VPOS="1647" HPOS="304"/><String WC="0.4199999869" CONTENT="sich" HEIGHT="37" WIDTH="48" VPOS="1646" HPOS="310"/><SP WIDTH="9" VPOS="1645" HPOS="359"/><String WC="0.2800000012" CONTENT="her" HEIGHT="37" WIDTH="45" VPOS="1645" HPOS="369"/></TextLine>
<TextLine HEIGHT="43" WIDTH="281" VPOS="1684" HPOS="170" STYLEREFS="font5"><String WC="0.2700000107" CONTENT="die" HEIGHT="33" WIDTH="44" VPOS="1688" HPOS="170"/><SP WIDTH="7" VPOS="1685" HPOS="214"/><String WC="0.3312500119" CONTENT="Vorspann" HEIGHT="43" WIDTH="193" VPOS="1684" HPOS="221"/><SP WIDTH="17" VPOS="1685" HPOS="414"/><String STYLE="italics" STYLEREFS="font4" WC="0.3300000131" CONTENT="6" HEIGHT="30" WIDTH="19" VPOS="1685" HPOS="431"/></TextLine>
</TextBlock>
<TextBlock ID="Page1_Block5" HEIGHT="627" WIDTH="297" VPOS="1100" HPOS="568" language="de" STYLEREFS="font2"><Shape><Polygon POINTS="580,1104 866,1104 866,1730 572,1730 572,1642 576,1642 576,1560 612,1560 612,1472 574,1472 574,1434 576,1434 576,1400 574,1400 574,1356 576,1356 576,1320 572,1320 572,1270 576,1270 576,1198 580,1198 580,1104"/></Shape>
<TextLine HEIGHT="45" WIDTH="221" VPOS="1105" HPOS="626" STYLEREFS="font2"><String STYLE="italics" WC="0.5400000215" CONTENT="Auriga" HEIGHT="45" WIDTH="102" VPOS="1105" HPOS="626"/><SP WIDTH="16" VPOS="1117" HPOS="728"/><String STYLE="smallcaps" WC="0.3300000131" CONTENT="i" HEIGHT="19" WIDTH="10" VPOS="1120" HPOS="744"/><SP WIDTH="12" VPOS="1119" HPOS="754"/><String WC="0.4099999964" CONTENT="m." HEIGHT="21" WIDTH="41" VPOS="1119" HPOS="766"/><SP WIDTH="13" VPOS="1119" HPOS="807"/><String WC="0.1299999952" CONTENT="u" HEIGHT="22" WIDTH="27" VPOS="1119" HPOS="820"/></TextLine>
<TextLine HEIGHT="36" WIDTH="94" VPOS="1151" HPOS="579" STYLEREFS="font2"><String STYLE="bold" WC="0.4183333218" CONTENT="jungic" HEIGHT="36" WIDTH="94" VPOS="1151" HPOS="579"/></TextLine>
<TextLine HEIGHT="37" WIDTH="164" VPOS="1191" HPOS="576" STYLEREFS="font2"><String STYLE="italics" WC="0.4112499952" CONTENT="parippum" HEIGHT="36" WIDTH="134" VPOS="1192" HPOS="576"/><SP WIDTH="14" VPOS="1197" HPOS="711"/><String STYLE="italics" WC="0.4399999976" CONTENT="i" HEIGHT="19" WIDTH="14" VPOS="1199" HPOS="726"/></TextLine>
<TextLine HEIGHT="38" WIDTH="137" VPOS="1275" HPOS="573" STYLEREFS="font2"><String STYLE="italics" WC="0.4183333218" CONTENT="jtllai" HEIGHT="38" WIDTH="68" VPOS="1275" HPOS="573"/><SP WIDTH="6" VPOS="1280" HPOS="642"/><String STYLE="italics" WC="0.7666666508" CONTENT="io," HEIGHT="29" WIDTH="31" VPOS="1280" HPOS="649"/><SP WIDTH="18" VPOS="1286" HPOS="681"/><String WC="0.2599999905" CONTENT="?" HEIGHT="25" WIDTH="10" VPOS="1286" HPOS="700"/></TextLine>
<TextLine HEIGHT="34" WIDTH="209" VPOS="1316" HPOS="574" STYLEREFS="font2"><String WC="0.3300000131" CONTENT="ad" HEIGHT="28" WIDTH="36" VPOS="1317" HPOS="574"/><SP WIDTH="14" VPOS="1317" HPOS="610"/><String WC="0.2688888907" CONTENT="temon£ni&gt;" HEIGHT="28" WIDTH="158" VPOS="1322" HPOS="625"/></TextLine>
<TextLine HEIGHT="35" WIDTH="157" VPOS="1357" HPOS="575" STYLEREFS="font2"><String WC="0.1550000012" CONTENT="de" HEIGHT="27" WIDTH="34" VPOS="1358" HPOS="575"/><SP WIDTH="17" VPOS="1358" HPOS="610"/><String STYLE="italics" WC="0.6000000238" CONTENT="hflcio" HEIGHT="27" WIDTH="73" VPOS="1358" HPOS="628"/><SP WIDTH="12" VPOS="1368" HPOS="702"/><String WC="0.400000006" CONTENT="4" HEIGHT="24" WIDTH="17" VPOS="1368" HPOS="715"/></TextLine>
<TextLine HEIGHT="42" WIDTH="229" VPOS="1393" HPOS="576" STYLEREFS="font2"><String WC="0.1746153831" CONTENT="dependenribus" HEIGHT="42" WIDTH="229" VPOS="1393" HPOS="576"/></TextLine>
<TextLine HEIGHT="37" WIDTH="257" VPOS="1433" HPOS="571" STYLEREFS="font2"><String STYLE="italics" WC="0.4740000069" CONTENT="Joris" HEIGHT="27" WIDTH="61" VPOS="1438" HPOS="571"/><SP WIDTH="8" VPOS="1444" HPOS="633"/><String WC="0.2366666645" CONTENT="vel" HEIGHT="28" WIDTH="43" VPOS="1434" HPOS="642"/><SP WIDTH="6" VPOS="1434" HPOS="686"/><String STYLE="italics" WC="0.6414285898" CONTENT="Mtenis," HEIGHT="30" WIDTH="103" VPOS="1435" HPOS="693"/><SP WIDTH="16" VPOS="1441" HPOS="797"/><String STYLE="italics" WC="3.999999911e-002" CONTENT="%" HEIGHT="28" WIDTH="14" VPOS="1441" HPOS="814"/></TextLine>
<TextLine HEIGHT="32" WIDTH="111" VPOS="1521" HPOS="613"><String WC="0.2171428502" CONTENT="Deiccte" HEIGHT="32" WIDTH="111" VPOS="1521" HPOS="613"/></TextLine>
<TextLine HEIGHT="33" WIDTH="100" VPOS="1559" HPOS="576"><String WC="0.3157142997" CONTENT="infidet" HEIGHT="33" WIDTH="100" VPOS="1559" HPOS="576"/></TextLine>
<TextLine HEIGHT="34" WIDTH="121" VPOS="1600" HPOS="577"><String WC="0.2744444311" CONTENT="fellario," HEIGHT="34" WIDTH="121" VPOS="1600" HPOS="577"/></TextLine>
<TextLine HEIGHT="40" WIDTH="184" VPOS="1640" HPOS="574"><String WC="0.275000006" CONTENT="agit" HEIGHT="39" WIDTH="59" VPOS="1641" HPOS="574"/><SP WIDTH="15" VPOS="1649" HPOS="634"/><String WC="0.5699999928" CONTENT="ante" HEIGHT="20" WIDTH="65" VPOS="1651" HPOS="650"/><SP WIDTH="14" VPOS="1642" HPOS="716"/><String WC="0.2099999934" CONTENT="Ce" HEIGHT="28" WIDTH="27" VPOS="1642" HPOS="731"/></TextLine>
<TextLine HEIGHT="43" WIDTH="192" VPOS="1679" HPOS="573"><String STYLE="italics" WC="0.3199999928" CONTENT="dntecejßrts" HEIGHT="43" WIDTH="160" VPOS="1679" HPOS="573"/><SP WIDTH="11" VPOS="1680" HPOS="733"/><String WC="0.1700000018" CONTENT="6" HEIGHT="30" WIDTH="19" VPOS="1680" HPOS="745"/></TextLine>
</TextBlock>
<TextBlock ID="Page1_Block6" HEIGHT="62" WIDTH="560" VPOS="1759" HPOS="153" language="de" STYLEREFS="font4"><Shape><Polygon POINTS="154,1762 714,1762 714,1822 154,1822 154,1762"/></Shape>
<TextLine HEIGHT="47" WIDTH="539" VPOS="1768" HPOS="169"><String WC="0.3406666815" CONTENT="MitdcrPeitsche/" HEIGHT="44" WIDTH="276" VPOS="1771" HPOS="169"/><SP WIDTH="23" VPOS="1777" HPOS="446"/><String STYLEREFS="font0" WC="0.4199999869" CONTENT="7" HEIGHT="25" WIDTH="17" VPOS="1783" HPOS="470"/><SP WIDTH="83" VPOS="1768" HPOS="488"/><String STYLE="italics" WC="0.3942857087" CONTENT="[tutiU," HEIGHT="39" WIDTH="101" VPOS="1768" HPOS="572"/><SP WIDTH="16" VPOS="1783" HPOS="674"/><String WC="0.5199999809" CONTENT="7" HEIGHT="23" WIDTH="17" VPOS="1783" HPOS="691"/></TextLine>
</TextBlock>
<TextBlock ID="Page1_Block7" HEIGHT="303" WIDTH="161" VPOS="1213" HPOS="908" language="de" STYLEREFS="font1"><Shape><Polygon POINTS="916,1218 1070,1218 1070,1478 1072,1478 1072,1520 912,1520 912,1260 916,1260 916,1218"/></Shape>
<TextLine HEIGHT="35" WIDTH="151" VPOS="1216" HPOS="915"><String STYLEREFS="font2" WC="0.4227272868" CONTENT="ParippiK,m," HEIGHT="35" WIDTH="151" VPOS="1216" HPOS="915"/></TextLine>
<TextLine HEIGHT="30" WIDTH="122" VPOS="1250" HPOS="908"><String STYLEREFS="font3" WC="0.1800000072" CONTENT="!" HEIGHT="24" WIDTH="3" VPOS="1256" HPOS="908"/><SP WIDTH="36" VPOS="1255" HPOS="912"/><String STYLEREFS="font3" WC="0.3583333194" CONTENT="Pferd." HEIGHT="29" WIDTH="81" VPOS="1250" HPOS="949"/></TextLine>
<TextLine HEIGHT="31" WIDTH="147" VPOS="1280" HPOS="914"><String STYLE="bold" WC="0.4309999943" CONTENT="Sellarins," HEIGHT="31" WIDTH="113" VPOS="1280" HPOS="914"/><SP WIDTH="11" VPOS="1290" HPOS="1028"/><String STYLE="bold" WC="0.25" CONTENT="m" HEIGHT="15" WIDTH="21" VPOS="1290" HPOS="1040"/></TextLine>
<TextLine HEIGHT="30" WIDTH="120" VPOS="1315" HPOS="946"><String STYLE="bold" STYLEREFS="font3" WC="0.4422222078" CONTENT="teipferd." HEIGHT="30" WIDTH="120" VPOS="1315" HPOS="946"/></TextLine>
<TextLine HEIGHT="26" WIDTH="147" VPOS="1357" HPOS="914"><String STYLE="bold" WC="0.412499994" CONTENT="Helcium." HEIGHT="26" WIDTH="120" VPOS="1357" HPOS="914"/><String STYLE="superscript bold" WC="0.6299999952" CONTENT="u" HEIGHT="14" WIDTH="12" VPOS="1359" HPOS="1042"/><String STYLE="bold" WC="1." CONTENT="-" HEIGHT="5" WIDTH="4" VPOS="1367" HPOS="1057"/></TextLine>
<TextLine HEIGHT="34" WIDTH="149" VPOS="1387" HPOS="913"><String STYLE="bold" WC="0.375" CONTENT="Dspeiid«" HEIGHT="34" WIDTH="112" VPOS="1387" HPOS="913"/><String STYLE="superscript bold" WC="0.3600000143" CONTENT="115" HEIGHT="17" WIDTH="23" VPOS="1389" HPOS="1029"/><String STYLE="bold" WC="1." CONTENT="’" HEIGHT="10" WIDTH="6" VPOS="1397" HPOS="1056"/></TextLine>
<TextLine HEIGHT="37" WIDTH="116" VPOS="1414" HPOS="947"><String STYLEREFS="font5" WC="0.4300000072" CONTENT="daügend" HEIGHT="37" WIDTH="116" VPOS="1414" HPOS="947"/></TextLine>
<TextLine HEIGHT="29" WIDTH="150" VPOS="1452" HPOS="912"><String STYLE="bold" WC="0.2433333397" CONTENT="Lorum," HEIGHT="25" WIDTH="93" VPOS="1456" HPOS="912"/><SP WIDTH="6" VPOS="1454" HPOS="1006"/><String STYLE="bold" WC="0.400000006" CONTENT="n." HEIGHT="16" WIDTH="21" VPOS="1454" HPOS="1013"/><SP WIDTH="6" VPOS="1452" HPOS="1035"/><String STYLE="bold" WC="0.7450000048" CONTENT="2." HEIGHT="17" WIDTH="20" VPOS="1452" HPOS="1042"/></TextLine>
<TextLine HEIGHT="35" WIDTH="152" VPOS="1477" HPOS="913"><String STYLEREFS="font2" WC="0.421818167" CONTENT="Catsu»,f.z." HEIGHT="35" WIDTH="152" VPOS="1477" HPOS="913"/></TextLine>
</TextBlock>
<TextBlock ID="Page1_Block8" HEIGHT="321" WIDTH="179" VPOS="1194" HPOS="1066" language="de" STYLEREFS="font5"><Shape><Polygon POINTS="1070,1200 1251,1200 1251,1520 1074,1520 1074,1484 1070,1484 1070,1200"/></Shape>
<TextLine HEIGHT="49" WIDTH="165" VPOS="1197" HPOS="1069" STYLEREFS="font4"><String WC="0.4716666639" CONTENT="-,r&gt;as" HEIGHT="33" WIDTH="68" VPOS="1213" HPOS="1069"/><SP WIDTH="8" VPOS="1206" HPOS="1138"/><String WC="0.6575000286" CONTENT="AaB&apos;" HEIGHT="42" WIDTH="87" VPOS="1197" HPOS="1147"/></TextLine>
<TextLine HEIGHT="39" WIDTH="119" VPOS="1261" HPOS="1114"><String WC="0.4799999893" CONTENT="dasSlN^" HEIGHT="39" WIDTH="119" VPOS="1261" HPOS="1114"/></TextLine>
<TextLine HEIGHT="43" WIDTH="163" VPOS="1333" HPOS="1070" STYLEREFS="font2"><String WC="0.5749999881" CONTENT="2." HEIGHT="16" WIDTH="20" VPOS="1354" HPOS="1070"/><SP WIDTH="8" VPOS="1345" HPOS="1091"/><String WC="0.4055555463" CONTENT="dzKuniet&apos;" HEIGHT="43" WIDTH="133" VPOS="1333" HPOS="1100"/></TextLine>
<TextLine HEIGHT="39" WIDTH="144" VPOS="1371" HPOS="1077" STYLEREFS="font2"><String WC="0.6150000095" CONTENT="n." HEIGHT="17" WIDTH="21" VPOS="1386" HPOS="1077"/><SP WIDTH="12" VPOS="1385" HPOS="1099"/><String WC="0.3799999952" CONTENT="z." HEIGHT="26" WIDTH="19" VPOS="1384" HPOS="1112"/><SP WIDTH="15" VPOS="1377" HPOS="1132"/><String WC="0.375" CONTENT="I)CV«&lt;" HEIGHT="31" WIDTH="67" VPOS="1375" HPOS="1148"/><String STYLE="superscript" WC="0.6600000262" CONTENT=")" HEIGHT="23" WIDTH="6" VPOS="1371" HPOS="1215"/></TextLine>
<TextLine HEIGHT="37" WIDTH="149" VPOS="1438" HPOS="1070"><String WC="0.2944444418" CONTENT="derRienia" HEIGHT="37" WIDTH="149" VPOS="1438" HPOS="1070"/></TextLine>
<TextLine HEIGHT="37" WIDTH="140" VPOS="1473" HPOS="1075" STYLEREFS="font4"><String STYLE="bold" WC="0.3011111021" CONTENT="dieKtttc»" HEIGHT="37" WIDTH="140" VPOS="1473" HPOS="1075"/></TextLine>
</TextBlock>
<TextBlock ID="Page1_Block9" HEIGHT="191" WIDTH="337" VPOS="1652" HPOS="908" language="de" STYLEREFS="font2"><Shape><Polygon POINTS="910,1658 1251,1658 1251,1847 910,1847 910,1658"/></Shape>
<TextLine HEIGHT="33" WIDTH="199" VPOS="1677" HPOS="913"><String WC="0.5440000296" CONTENT="Antcceflbr,m.3." HEIGHT="33" WIDTH="199" VPOS="1677" HPOS="913"/></TextLine>
<TextLine HEIGHT="36" WIDTH="266" VPOS="1707" HPOS="945" STYLEREFS="font4"><String STYLE="bold" WC="0.49888888" CONTENT="dcrroß(Vori&gt;&apos;ü&gt;rn&gt;" HEIGHT="36" WIDTH="266" VPOS="1707" HPOS="945"/></TextLine>
<TextLine HEIGHT="31" WIDTH="196" VPOS="1765" HPOS="913"><String WC="0.6312500238" CONTENT="Scütica," HEIGHT="29" WIDTH="99" VPOS="1767" HPOS="913"/><SP WIDTH="7" VPOS="1765" HPOS="1013"/><String WC="0.6100000143" CONTENT="f." HEIGHT="25" WIDTH="15" VPOS="1765" HPOS="1021"/><SP WIDTH="10" VPOS="1773" HPOS="1037"/><String WC="0.3720000088" CONTENT="I-Ste" HEIGHT="30" WIDTH="61" VPOS="1765" HPOS="1048"/></TextLine>
<TextLine HEIGHT="50" WIDTH="67" VPOS="1789" HPOS="1168" STYLEREFS="font5"><String WC="0.2433333397" CONTENT="und" HEIGHT="50" WIDTH="67" VPOS="1789" HPOS="1168"/></TextLine>
</TextBlock></ComposedBlock><GraphicalElement ID="Page1_Block10" HEIGHT="15" WIDTH="310" VPOS="203" HPOS="911"/><GraphicalElement ID="Page1_Block11" HEIGHT="13" WIDTH="462" VPOS="218" HPOS="170"/><GraphicalElement ID="Page1_Block12" HEIGHT="5" WIDTH="187" VPOS="217" HPOS="635"/><GraphicalElement ID="Page1_Block13" HEIGHT="14" WIDTH="468" VPOS="436" HPOS="530"/><GraphicalElement ID="Page1_Block14" HEIGHT="10" WIDTH="144" VPOS="442" HPOS="276"/><GraphicalElement ID="Page1_Block15" HEIGHT="8" WIDTH="253" VPOS="451" HPOS="275"/><GraphicalElement ID="Page1_Block16" HEIGHT="4" WIDTH="150" VPOS="466" HPOS="275"/><GraphicalElement ID="Page1_Block17" HEIGHT="5" WIDTH="176" VPOS="504" HPOS="643"/><GraphicalElement ID="Page1_Block18" HEIGHT="5" WIDTH="213" VPOS="511" HPOS="600"/><GraphicalElement ID="Page1_Block19" HEIGHT="3" WIDTH="128" VPOS="533" HPOS="534"/><GraphicalElement ID="Page1_Block20" HEIGHT="6" WIDTH="139" VPOS="541" HPOS="277"/><GraphicalElement ID="Page1_Block21" HEIGHT="5" WIDTH="129" VPOS="547" HPOS="277"/><GraphicalElement ID="Page1_Block22" HEIGHT="3" WIDTH="137" VPOS="553" HPOS="560"/><GraphicalElement ID="Page1_Block23" HEIGHT="5" WIDTH="122" VPOS="580" HPOS="635"/><GraphicalElement ID="Page1_Block24" HEIGHT="3" WIDTH="87" VPOS="584" HPOS="955"/><GraphicalElement ID="Page1_Block25" HEIGHT="6" WIDTH="234" VPOS="588" HPOS="516"/><GraphicalElement ID="Page1_Block26" HEIGHT="4" WIDTH="111" VPOS="610" HPOS="525"/><GraphicalElement ID="Page1_Block27" HEIGHT="6" WIDTH="95" VPOS="617" HPOS="532"/><GraphicalElement ID="Page1_Block28" HEIGHT="6" WIDTH="149" VPOS="794" HPOS="279"/><GraphicalElement ID="Page1_Block29" HEIGHT="9" WIDTH="167" VPOS="901" HPOS="811"/><GraphicalElement ID="Page1_Block30" HEIGHT="10" WIDTH="193" VPOS="1020" HPOS="956"/><GraphicalElement ID="Page1_Block31" HEIGHT="15" WIDTH="297" VPOS="1024" HPOS="850"/><GraphicalElement ID="Page1_Block32" HEIGHT="5" WIDTH="115" VPOS="1036" HPOS="735"/><GraphicalElement ID="Page1_Block33" HEIGHT="14" WIDTH="586" VPOS="1050" HPOS="282"/><GraphicalElement ID="Page1_Block34" HEIGHT="614" WIDTH="17" VPOS="445" HPOS="275"/><GraphicalElement ID="Page1_Block35" HEIGHT="702" WIDTH="9" VPOS="1107" HPOS="564"/><GraphicalElement ID="Page1_Block36" HEIGHT="137" WIDTH="6" VPOS="1672" HPOS="903"/><GraphicalElement ID="Page1_Block37" HEIGHT="354" WIDTH="7" VPOS="1270" HPOS="902"/><GraphicalElement ID="Page1_Block38" HEIGHT="408" WIDTH="20" VPOS="432" HPOS="1126"/><GraphicalElement ID="Page1_Block39" HEIGHT="4" WIDTH="69" VPOS="581" HPOS="590"/><GraphicalElement ID="Page1_Block40" HEIGHT="5" WIDTH="110" VPOS="786" HPOS="294"/>
</PrintSpace>
</Page>
</Layout>
</alto>