﻿<?xml version="1.0" encoding="UTF-8" standalone="yes"?>
<alto xmlns="http://www.loc.gov/standards/alto/ns-v2#" xmlns:xlink="http://www.w3.org/1999/xlink" xmlns:xsi="http://www.w3.org/2001/XMLSchema-instance" xsi:schemaLocation="http://www.loc.gov/standards/alto/ns-v2# http://www.loc.gov/standards/alto/alto-v2.0.xsd">
<Description>
<MeasurementUnit>pixel</MeasurementUnit>
<OCRProcessing ID="IdOcr"><ocrProcessingStep><processingDateTime>2017-03-20</processingDateTime><processingSoftware><softwareCreator>ABBYY</softwareCreator><softwareName>ABBYY FineReader Engine</softwareName><softwareVersion>11</softwareVersion></processingSoftware></ocrProcessingStep></OCRProcessing>
</Description>
<Styles><TextStyle ID="font0" FONTFAMILY="Times New Roman" FONTSIZE="9"/><TextStyle ID="font1" FONTFAMILY="Times New Roman" FONTSIZE="10"/><TextStyle ID="font2" FONTFAMILY="Times New Roman" FONTSIZE="11"/><TextStyle ID="font3" FONTFAMILY="Times New Roman" FONTSIZE="12"/>
</Styles>
<Layout>
<Page ID="Page1" PHYSICAL_IMG_NR="1" HEIGHT="2045" WIDTH="1247">
<TopMargin HEIGHT="191" WIDTH="1247" VPOS="0" HPOS="0">
<TextBlock ID="Page1_Block1" HEIGHT="55" WIDTH="200" VPOS="134" HPOS="579" language="de" STYLEREFS="font0"><Shape><Polygon POINTS="590,138 790,138 790,192 590,192 590,138"/></Shape>
<TextLine HEIGHT="46" WIDTH="184" VPOS="136" HPOS="595"><String STYLE="bold italics" WC="0.3050000072" CONTENT=":(" HEIGHT="43" WIDTH="36" VPOS="139" HPOS="595"/><SP WIDTH="9" VPOS="139" HPOS="632"/><String WC="0.2360000014" CONTENT="470)5" HEIGHT="42" WIDTH="120" VPOS="136" HPOS="642"/><String STYLE="superscript" STYLEREFS="font1" WC="0.3400000036" CONTENT=";" HEIGHT="18" WIDTH="6" VPOS="146" HPOS="773"/></TextLine>
</TextBlock><GraphicalElement ID="Page1_Block2" HEIGHT="13" WIDTH="653" VPOS="178" HPOS="503"/>
</TopMargin>
<LeftMargin HEIGHT="1594" WIDTH="175" VPOS="191" HPOS="0">
</LeftMargin>
<RightMargin HEIGHT="1594" WIDTH="19" VPOS="191" HPOS="1228">
</RightMargin>
<BottomMargin HEIGHT="260" WIDTH="1247" VPOS="1785" HPOS="0">
</BottomMargin>
<PrintSpace HEIGHT="1594" WIDTH="1053" VPOS="191" HPOS="175">
<TextBlock ID="Page1_Block3" HEIGHT="136" WIDTH="689" VPOS="197" HPOS="175" language="de" STYLEREFS="font1"><Shape><Polygon POINTS="186,202 874,202 874,334 186,334 186,202"/></Shape>
<TextLine HEIGHT="40" WIDTH="578" VPOS="200" HPOS="226"><String WC="0.5466666818" CONTENT="Das" HEIGHT="33" WIDTH="68" VPOS="206" HPOS="226"/><SP WIDTH="7" VPOS="203" HPOS="295"/><String WC="0.4983333349" CONTENT="kleine" HEIGHT="32" WIDTH="92" VPOS="203" HPOS="303"/><SP WIDTH="5" VPOS="205" HPOS="396"/><String WC="0.4499999881" CONTENT="Lind" HEIGHT="35" WIDTH="87" VPOS="204" HPOS="402"/><SP WIDTH="11" VPOS="209" HPOS="490"/><String WC="0.2800000012" CONTENT="&lt;" HEIGHT="19" WIDTH="9" VPOS="219" HPOS="502"/><SP WIDTH="57" VPOS="205" HPOS="512"/><String WC="0.2300000042" CONTENT="I" HEIGHT="31" WIDTH="5" VPOS="205" HPOS="570"/><SP WIDTH="46" VPOS="205" HPOS="576"/><String STYLE="italics" WC="0.1400000006" CONTENT="H" HEIGHT="32" WIDTH="45" VPOS="204" HPOS="623"/><String STYLE="superscript italics" WC="0.2733333409" CONTENT="ans" HEIGHT="17" WIDTH="44" VPOS="211" HPOS="664"/><SP WIDTH="9" VPOS="210" HPOS="709"/><String WC="0.2399999946" CONTENT="s" HEIGHT="27" WIDTH="14" VPOS="210" HPOS="719"/><String STYLE="superscript" WC="0.2399999946" CONTENT="c" HEIGHT="17" WIDTH="13" VPOS="209" HPOS="746"/><String WC="0.6700000167" CONTENT="-" HEIGHT="5" WIDTH="5" VPOS="220" HPOS="762"/><SP WIDTH="9" VPOS="210" HPOS="768"/><String WC="0.6100000143" CONTENT="z." HEIGHT="27" WIDTH="26" VPOS="209" HPOS="778"/></TextLine>
<TextLine HEIGHT="48" WIDTH="660" VPOS="239" HPOS="190"><String WC="0.5899999738" CONTENT="Wird" HEIGHT="36" WIDTH="71" VPOS="247" HPOS="190"/><SP WIDTH="22" VPOS="248" HPOS="261"/><String WC="0.3455555439" CONTENT="gewickelt" HEIGHT="42" WIDTH="134" VPOS="245" HPOS="283"/><SP WIDTH="19" VPOS="250" HPOS="417"/><String WC="0.4361538589" CONTENT="mwm-mvölvituk" HEIGHT="39" WIDTH="288" VPOS="242" HPOS="436"/><String STYLE="bold" WC="0.3400000036" CONTENT="6" HEIGHT="31" WIDTH="19" VPOS="239" HPOS="831"/></TextLine>
<TextLine HEIGHT="39" WIDTH="122" VPOS="288" HPOS="449"><String STYLEREFS="font3" WC="0.4983333349" CONTENT="(dein/" HEIGHT="39" WIDTH="96" VPOS="288" HPOS="449"/><SP WIDTH="7" VPOS="290" HPOS="546"/><String STYLEREFS="font3" WC="0.3300000131" CONTENT="6" HEIGHT="31" WIDTH="17" VPOS="290" HPOS="554"/></TextLine>
</TextBlock>
<TextBlock ID="Page1_Block4" HEIGHT="810" WIDTH="419" VPOS="351" HPOS="176" language="de" STYLEREFS="font1"><Shape><Polygon POINTS="186,354 572,354 572,488 598,488 598,542 594,542 594,782 596,782 596,830 594,830 594,1108 600,1108 600,1162 186,1162 186,354"/></Shape>
<TextLine HEIGHT="45" WIDTH="338" VPOS="367" HPOS="194"><String WC="0.6283333302" CONTENT="Stiegt" HEIGHT="41" WIDTH="91" VPOS="369" HPOS="194"/><SP WIDTH="7" VPOS="369" HPOS="286"/><String WC="0.8799999952" CONTENT="in" HEIGHT="34" WIDTH="28" VPOS="369" HPOS="294"/><SP WIDTH="8" VPOS="370" HPOS="323"/><String WC="0.6600000262" CONTENT="die" HEIGHT="33" WIDTH="44" VPOS="370" HPOS="332"/><SP WIDTH="7" VPOS="370" HPOS="377"/><String WC="0.5114285946" CONTENT="Nviege/" HEIGHT="41" WIDTH="120" VPOS="369" HPOS="385"/><SP WIDTH="8" VPOS="373" HPOS="506"/><String STYLE="bold" WC="0.4099999964" CONTENT="7" HEIGHT="29" WIDTH="17" VPOS="381" HPOS="515"/></TextLine>
<TextLine HEIGHT="35" WIDTH="237" VPOS="452" HPOS="195"><String STYLEREFS="font3" WC="0.4966666698" CONTENT="Kon" HEIGHT="30" WIDTH="52" VPOS="457" HPOS="195"/><SP WIDTH="11" VPOS="453" HPOS="248"/><String STYLEREFS="font3" WC="0.2733333409" CONTENT="der" HEIGHT="33" WIDTH="47" VPOS="452" HPOS="260"/><SP WIDTH="7" VPOS="452" HPOS="308"/><String STYLEREFS="font3" WC="0.3249999881" CONTENT="Mutter" HEIGHT="34" WIDTH="116" VPOS="452" HPOS="316"/></TextLine>
<TextLine HEIGHT="44" WIDTH="383" VPOS="491" HPOS="193" STYLEREFS="font2"><String STYLE="bold" WC="0.2685714364" CONTENT="gesaugt" HEIGHT="43" WIDTH="113" VPOS="492" HPOS="193"/><SP WIDTH="7" VPOS="498" HPOS="307"/><String STYLE="bold" WC="0.5233333111" CONTENT="mit" HEIGHT="34" WIDTH="51" VPOS="495" HPOS="315"/><SP WIDTH="7" VPOS="497" HPOS="367"/><String STYLE="bold" WC="0.3709090948" CONTENT="deHrKstcn/8" HEIGHT="41" WIDTH="201" VPOS="493" HPOS="375"/></TextLine>
<TextLine HEIGHT="46" WIDTH="383" VPOS="572" HPOS="197"><String WC="0.6299999952" CONTENT="Wd" HEIGHT="36" WIDTH="58" VPOS="576" HPOS="197"/><SP WIDTH="23" VPOS="576" HPOS="255"/><String WC="0.3087500036" CONTENT="ernchret" HEIGHT="41" WIDTH="125" VPOS="577" HPOS="278"/><SP WIDTH="18" VPOS="580" HPOS="403"/><String WC="0.5966666937" CONTENT="mit" HEIGHT="32" WIDTH="51" VPOS="575" HPOS="421"/><SP WIDTH="8" VPOS="572" HPOS="472"/><String WC="0.5899999738" CONTENT="Brey/" HEIGHT="38" WIDTH="100" VPOS="572" HPOS="480"/></TextLine>
<TextLine HEIGHT="44" WIDTH="166" VPOS="613" HPOS="415"><String STYLEREFS="font3" WC="0.74777776" CONTENT="s(rn»s.)A" HEIGHT="44" WIDTH="166" VPOS="613" HPOS="415"/></TextLine>
<TextLine HEIGHT="48" WIDTH="366" VPOS="694" HPOS="216" STYLEREFS="font3"><String WC="0.3728571534" CONTENT="Darnach" HEIGHT="42" WIDTH="135" VPOS="695" HPOS="216"/><SP WIDTH="7" VPOS="695" HPOS="352"/><String WC="0.3633333445" CONTENT="lernet" HEIGHT="37" WIDTH="89" VPOS="697" HPOS="360"/><SP WIDTH="9" VPOS="699" HPOS="450"/><String WC="0.6100000143" CONTENT="xs" HEIGHT="35" WIDTH="30" VPOS="700" HPOS="460"/><SP WIDTH="8" VPOS="700" HPOS="491"/><String WC="0.4160000086" CONTENT="geben" HEIGHT="43" WIDTH="82" VPOS="697" HPOS="500"/></TextLine>
<TextLine HEIGHT="45" WIDTH="386" VPOS="782" HPOS="199"><String WC="1." CONTENT="W" HEIGHT="30" WIDTH="40" VPOS="788" HPOS="199"/><SP WIDTH="8" VPOS="788" HPOS="240"/><String WC="1." CONTENT="&lt;" HEIGHT="26" WIDTH="9" VPOS="788" HPOS="249"/><String STYLE="bold" WC="0.2199999988" CONTENT="8" HEIGHT="34" WIDTH="25" VPOS="784" HPOS="258"/><String WC="0.5099999905" CONTENT="ä»g-l-" HEIGHT="41" WIDTH="99" VPOS="783" HPOS="285"/><SP WIDTH="9" VPOS="786" HPOS="385"/><String WC="0.4799999893" CONTENT="Xpagen/" HEIGHT="41" WIDTH="142" VPOS="785" HPOS="395"/><SP WIDTH="12" VPOS="788" HPOS="538"/><String WC="0.2399999946" CONTENT="io" HEIGHT="25" WIDTH="34" VPOS="788" HPOS="551"/></TextLine>
<TextLine HEIGHT="49" WIDTH="380" VPOS="899" HPOS="203"><String WC="0.3416666687" CONTENT="spielt" HEIGHT="41" WIDTH="80" VPOS="901" HPOS="203"/><SP WIDTH="7" VPOS="904" HPOS="283"/><String WC="0.2700000107" CONTENT="Mit" HEIGHT="32" WIDTH="52" VPOS="904" HPOS="291"/><SP WIDTH="6" VPOS="903" HPOS="344"/><String WC="0.4646153748" CONTENT="Spiel-Zerrg/n" HEIGHT="46" WIDTH="232" VPOS="901" HPOS="351"/></TextLine>
<TextLine HEIGHT="48" WIDTH="321" VPOS="1027" HPOS="203" STYLEREFS="font3"><String WC="0.6349999905" CONTENT="Wd" HEIGHT="36" WIDTH="60" VPOS="1029" HPOS="203"/><SP WIDTH="10" VPOS="1029" HPOS="264"/><String WC="0.4474999905" CONTENT="hebt" HEIGHT="41" WIDTH="64" VPOS="1028" HPOS="275"/><SP WIDTH="8" VPOS="1032" HPOS="340"/><String WC="0.2450000048" CONTENT="an" HEIGHT="27" WIDTH="34" VPOS="1038" HPOS="349"/><SP WIDTH="7" VPOS="1038" HPOS="384"/><String WC="0.2599999905" CONTENT="zu" HEIGHT="36" WIDTH="29" VPOS="1038" HPOS="392"/><SP WIDTH="9" VPOS="1038" HPOS="422"/><String WC="0.4499999881" CONTENT="rede»." HEIGHT="35" WIDTH="92" VPOS="1031" HPOS="432"/></TextLine>
<TextLine HEIGHT="46" WIDTH="365" VPOS="1109" HPOS="226" STYLEREFS="font3"><String WC="0.2666666806" CONTENT="Dey" HEIGHT="43" WIDTH="67" VPOS="1110" HPOS="226"/><SP WIDTH="8" VPOS="1116" HPOS="294"/><String WC="0.3459999859" CONTENT="wachsendem" HEIGHT="42" WIDTH="178" VPOS="1112" HPOS="303"/><SP WIDTH="7" VPOS="1113" HPOS="482"/><String WC="0.4816666543" CONTENT="Alt-r/" HEIGHT="36" WIDTH="101" VPOS="1113" HPOS="490"/></TextLine>
</TextBlock>
<TextBlock ID="Page1_Block5" HEIGHT="252" WIDTH="300" VPOS="363" HPOS="582" language="de" STYLEREFS="font0"><Shape><Polygon POINTS="592,368 892,368 892,414 884,414 884,618 596,618 596,532 592,532 592,368"/></Shape>
<TextLine HEIGHT="42" WIDTH="292" VPOS="365" HPOS="585"><String WC="0.4555555582" CONTENT="xrxonicmm" HEIGHT="41" WIDTH="175" VPOS="366" HPOS="585"/><SP WIDTH="7" VPOS="374" HPOS="761"/><String STYLE="italics" WC="0.4871428609" CONTENT="cunas,p" HEIGHT="28" WIDTH="108" VPOS="374" HPOS="769"/></TextLine>
<TextLine HEIGHT="28" WIDTH="107" VPOS="449" HPOS="587"><String STYLE="italics" WC="0.2800000012" CONTENT="A" HEIGHT="27" WIDTH="15" VPOS="450" HPOS="587"/><SP WIDTH="7" VPOS="450" HPOS="603"/><String WC="0.3860000074" CONTENT="matre" HEIGHT="21" WIDTH="83" VPOS="455" HPOS="611"/></TextLine>
<TextLine HEIGHT="45" WIDTH="272" VPOS="479" HPOS="588"><String WC="0.2287500054" CONTENT="iaftätur" HEIGHT="39" WIDTH="114" VPOS="480" HPOS="588"/><SP WIDTH="6" VPOS="497" HPOS="703"/><String STYLE="italics" WC="0.5260000229" CONTENT="ube’ribt»," HEIGHT="36" WIDTH="121" VPOS="487" HPOS="710"/><SP WIDTH="12" VPOS="494" HPOS="832"/><String WC="0.2800000012" CONTENT="§" HEIGHT="27" WIDTH="15" VPOS="494" HPOS="845"/></TextLine>
<TextLine HEIGHT="44" WIDTH="280" VPOS="566" HPOS="591"><String WC="0.6200000048" CONTENT="&amp;" HEIGHT="29" WIDTH="27" VPOS="571" HPOS="591"/><SP WIDTH="6" VPOS="570" HPOS="619"/><String WC="0.3025000095" CONTENT="nutritur" HEIGHT="32" WIDTH="115" VPOS="567" HPOS="626"/><SP WIDTH="8" VPOS="576" HPOS="742"/><String STYLE="italics" WC="0.3574999869" CONTENT="pcibpit." HEIGHT="37" WIDTH="93" VPOS="570" HPOS="750"/><SP WIDTH="10" VPOS="579" HPOS="843"/><String STYLE="italics" WC="0.1949999928" CONTENT="cj" HEIGHT="29" WIDTH="17" VPOS="579" HPOS="854"/></TextLine>
</TextBlock>
<TextBlock ID="Page1_Block6" HEIGHT="144" WIDTH="301" VPOS="677" HPOS="589" language="de" STYLEREFS="font0"><Shape><Polygon POINTS="638,682 898,682 898,736 888,736 888,824 596,824 596,778 638,778 638,682"/></Shape>
<TextLine HEIGHT="42" WIDTH="253" VPOS="686" HPOS="633"><String WC="0.2514285743" CONTENT="Deinde," HEIGHT="37" WIDTH="120" VPOS="691" HPOS="633"/><SP WIDTH="7" VPOS="691" HPOS="754"/><String WC="0.3874999881" CONTENT="ipcedere" HEIGHT="41" WIDTH="124" VPOS="686" HPOS="762"/></TextLine>
<TextLine HEIGHT="43" WIDTH="82" VPOS="729" HPOS="799"><String WC="0.4057142735" CONTENT="(difcii" HEIGHT="43" WIDTH="82" VPOS="729" HPOS="799"/></TextLine>
<TextLine HEIGHT="39" WIDTH="196" VPOS="777" HPOS="597" STYLEREFS="font0"><String STYLE="italics" WC="0.3272727132" CONTENT="frptraftro," HEIGHT="38" WIDTH="149" VPOS="778" HPOS="597"/><SP WIDTH="11" VPOS="787" HPOS="747"/><String STYLE="smallcaps" WC="0.6499999762" CONTENT="iq" HEIGHT="21" WIDTH="34" VPOS="786" HPOS="759"/></TextLine>
</TextBlock>
<TextBlock ID="Page1_Block7" HEIGHT="259" WIDTH="283" VPOS="887" HPOS="594" language="de" STYLEREFS="font0"><Shape><Polygon POINTS="602,892 882,892 882,1150 640,1150 640,1072 600,1072 600,1020 602,1020 602,892"/></Shape>
<TextLine HEIGHT="43" WIDTH="259" VPOS="897" HPOS="598"><String WC="0.2493333369" CONTENT="luditcrf/&gt;»»dK," HEIGHT="43" WIDTH="212" VPOS="897" HPOS="598"/><SP WIDTH="12" VPOS="904" HPOS="810"/><String WC="0.3050000072" CONTENT="11" HEIGHT="21" WIDTH="33" VPOS="904" HPOS="823"/></TextLine>
<TextLine HEIGHT="41" WIDTH="193" VPOS="1023" HPOS="597"><String WC="0.4839999974" CONTENT="&amp;fari" HEIGHT="31" WIDTH="83" VPOS="1025" HPOS="597"/><SP WIDTH="8" VPOS="1024" HPOS="681"/><String WC="0.3912500143" CONTENT="Incipit." HEIGHT="40" WIDTH="100" VPOS="1023" HPOS="690"/></TextLine>
<TextLine HEIGHT="33" WIDTH="231" VPOS="1109" HPOS="638"><String WC="0.3688888848" CONTENT="Crclccnte" HEIGHT="29" WIDTH="141" VPOS="1110" HPOS="638"/><SP WIDTH="8" VPOS="1117" HPOS="780"/><String STYLE="italics" WC="0.3828571439" CONTENT="ettati," HEIGHT="29" WIDTH="80" VPOS="1113" HPOS="789"/></TextLine>
</TextBlock>
<TextBlock ID="Page1_Block8" HEIGHT="181" WIDTH="558" VPOS="1184" HPOS="191" language="de" STYLEREFS="font1"><Shape><Polygon POINTS="196,1188 754,1188 754,1244 600,1244 600,1366 196,1366 196,1188"/></Shape>
<TextLine HEIGHT="45" WIDTH="538" VPOS="1191" HPOS="207"><String WC="0.287499994" CONTENT="wird" HEIGHT="33" WIDTH="70" VPOS="1194" HPOS="207"/><SP WIDTH="11" VPOS="1195" HPOS="278"/><String STYLE="italics" STYLEREFS="font0" WC="0.1899999976" CONTENT="eß" HEIGHT="38" WIDTH="31" VPOS="1197" HPOS="290"/><SP WIDTH="6" VPOS="1197" HPOS="322"/><String WC="0.4243749976" CONTENT="znrGcttesftrrcbt" HEIGHT="40" WIDTH="261" VPOS="1194" HPOS="329"/><SP WIDTH="7" VPOS="1200" HPOS="591"/><String STYLE="italics" STYLEREFS="font0" WC="0.2671428621" CONTENT="pictdti" HEIGHT="41" WIDTH="96" VPOS="1191" HPOS="599"/><SP WIDTH="12" VPOS="1191" HPOS="696"/><String STYLE="bold" WC="0.3199999928" CONTENT="1" HEIGHT="21" WIDTH="10" VPOS="1200" HPOS="709"/><String WC="1." CONTENT="»" HEIGHT="21" WIDTH="17" VPOS="1199" HPOS="728"/></TextLine>
<TextLine HEIGHT="31" WIDTH="50" VPOS="1242" HPOS="538" STYLEREFS="font3"><String WC="0.4699999988" CONTENT="(ia" HEIGHT="31" WIDTH="50" VPOS="1242" HPOS="538"/></TextLine>
<TextLine HEIGHT="45" WIDTH="381" VPOS="1273" HPOS="208"><String WC="0.6999999881" CONTENT="Vlid" HEIGHT="38" WIDTH="57" VPOS="1275" HPOS="208"/><SP WIDTH="8" VPOS="1275" HPOS="265"/><String WC="0.3716666698" CONTENT="Axbert" HEIGHT="41" WIDTH="108" VPOS="1276" HPOS="274"/><SP WIDTH="19" VPOS="1284" HPOS="383"/><String STYLE="bold" WC="0.1550000012" CONTENT="13" HEIGHT="31" WIDTH="31" VPOS="1286" HPOS="403"/><SP WIDTH="15" VPOS="1285" HPOS="435"/><String WC="0.3600000143" CONTENT="angewöh&gt;" HEIGHT="43" WIDTH="139" VPOS="1274" HPOS="450"/></TextLine>
<TextLine HEIGHT="37" WIDTH="74" VPOS="1321" HPOS="517" STYLEREFS="font0"><String STYLE="bold" STYLEREFS="font2" WC="0.6639999747" CONTENT="(net/" HEIGHT="37" WIDTH="74" VPOS="1321" HPOS="517"/></TextLine>
</TextBlock>
<TextBlock ID="Page1_Block9" HEIGHT="56" WIDTH="289" VPOS="1261" HPOS="599" language="de" STYLEREFS="font1"><Shape><Polygon POINTS="604,1266 892,1266 892,1320 604,1320 604,1266"/></Shape>
<TextLine HEIGHT="42" WIDTH="286" VPOS="1270" HPOS="602"><String STYLE="italics" WC="0.3675000072" CONTENT="äclattri" HEIGHT="32" WIDTH="116" VPOS="1272" HPOS="602"/><SP WIDTH="11" VPOS="1276" HPOS="719"/><String STYLE="bold" WC="1." CONTENT="1" HEIGHT="21" WIDTH="11" VPOS="1282" HPOS="731"/><String WC="0.3600000143" CONTENT="}" HEIGHT="27" WIDTH="11" VPOS="1284" HPOS="750"/><SP WIDTH="17" VPOS="1271" HPOS="761"/><String WC="0.2377777845" CONTENT="äfliieEt," HEIGHT="37" WIDTH="110" VPOS="1270" HPOS="778"/></TextLine>
</TextBlock>
<TextBlock ID="Page1_Block10" HEIGHT="394" WIDTH="402" VPOS="1391" HPOS="196" language="de" STYLEREFS="font0"><Shape><Polygon POINTS="200,1394 600,1394 600,1786 200,1786 200,1394"/></Shape>
<TextLine HEIGHT="52" WIDTH="295" VPOS="1400" HPOS="211" STYLEREFS="font1"><String STYLE="bold" STYLEREFS="font3" WC="0.400000006" CONTENT="riiid" HEIGHT="37" WIDTH="58" VPOS="1404" HPOS="211"/><SP WIDTH="11" VPOS="1404" HPOS="270"/><String STYLE="bold" STYLEREFS="font3" WC="0.3728571534" CONTENT="gezüchkiget/14" HEIGHT="52" WIDTH="224" VPOS="1400" HPOS="282"/></TextLine>
<TextLine HEIGHT="44" WIDTH="377" VPOS="1447" HPOS="214" STYLEREFS="font1"><String WC="0.3474999964" CONTENT="wann" HEIGHT="31" WIDTH="83" VPOS="1452" HPOS="214"/><SP WIDTH="6" VPOS="1453" HPOS="298"/><String WC="0.6200000048" CONTENT="es" HEIGHT="29" WIDTH="31" VPOS="1448" HPOS="305"/><SP WIDTH="6" VPOS="1448" HPOS="337"/><String WC="0.3459999859" CONTENT="nicht" HEIGHT="36" WIDTH="69" VPOS="1449" HPOS="344"/><SP WIDTH="13" VPOS="1451" HPOS="414"/><String WC="0.4550000131" CONTENT="folgen" HEIGHT="40" WIDTH="89" VPOS="1450" HPOS="428"/><SP WIDTH="10" VPOS="1457" HPOS="518"/><String WC="0.6840000153" CONTENT="will." HEIGHT="32" WIDTH="62" VPOS="1452" HPOS="529"/></TextLine>
<TextLine HEIGHT="49" WIDTH="335" VPOS="1486" HPOS="258"><String STYLE="bold" STYLEREFS="font2" WC="0.2533333302" CONTENT="Die" HEIGHT="34" WIDTH="61" VPOS="1488" HPOS="258"/><SP WIDTH="7" VPOS="1487" HPOS="320"/><String STYLE="bold" STYLEREFS="font2" WC="0.3633333445" CONTENT="Ainder" HEIGHT="34" WIDTH="115" VPOS="1487" HPOS="328"/><SP WIDTH="9" VPOS="1492" HPOS="444"/><String STYLE="bold" STYLEREFS="font2" WC="0.2349999994" CONTENT="sind" HEIGHT="43" WIDTH="53" VPOS="1491" HPOS="454"/><SP WIDTH="8" VPOS="1493" HPOS="508"/><String STYLE="bold" STYLEREFS="font2" WC="0.3866666555" CONTENT="schul-" HEIGHT="39" WIDTH="76" VPOS="1492" HPOS="517"/></TextLine>
<TextLine HEIGHT="49" WIDTH="379" VPOS="1528" HPOS="214"><String STYLE="bold" STYLEREFS="font2" WC="0.2399999946" CONTENT="Len" HEIGHT="33" WIDTH="53" VPOS="1530" HPOS="214"/><SP WIDTH="9" VPOS="1530" HPOS="268"/><String STYLE="bold" STYLEREFS="font2" WC="0.4983333349" CONTENT="Eltern" HEIGHT="39" WIDTH="95" VPOS="1529" HPOS="278"/><SP WIDTH="149" VPOS="1535" HPOS="374"/><String STYLE="bold" STYLEREFS="font2" WC="0.4740000069" CONTENT="(djg." HEIGHT="40" WIDTH="69" VPOS="1535" HPOS="524"/></TextLine>
<TextLine HEIGHT="42" WIDTH="278" VPOS="1568" HPOS="215"><String STYLE="bold" STYLEREFS="font2" WC="0.2599999905" CONTENT="Khccuad" HEIGHT="39" WIDTH="153" VPOS="1571" HPOS="215"/><SP WIDTH="6" VPOS="1573" HPOS="369"/><String STYLE="bold" STYLEREFS="font2" WC="0.5885714293" CONTENT="Dienst." HEIGHT="39" WIDTH="117" VPOS="1568" HPOS="376"/></TextLine>
<TextLine HEIGHT="43" WIDTH="183" VPOS="1653" HPOS="253" STYLEREFS="font3"><String WC="0.2533333302" CONTENT="Der" HEIGHT="35" WIDTH="66" VPOS="1653" HPOS="253"/><SP WIDTH="8" VPOS="1656" HPOS="320"/><String WC="0.2533333302" CONTENT="Datier" HEIGHT="39" WIDTH="107" VPOS="1656" HPOS="329"/></TextLine>
<TextLine HEIGHT="44" WIDTH="306" VPOS="1693" HPOS="218" STYLEREFS="font3"><String WC="0.4399999976" CONTENT="Wehre&apos;" HEIGHT="42" WIDTH="120" VPOS="1694" HPOS="218"/><SP WIDTH="10" VPOS="1700" HPOS="339"/><String WC="0.2533333302" CONTENT="die" HEIGHT="30" WIDTH="43" VPOS="1700" HPOS="350"/><SP WIDTH="8" VPOS="1699" HPOS="394"/><String WC="0.4771428704" CONTENT="Kinder/" HEIGHT="41" WIDTH="121" VPOS="1695" HPOS="403"/></TextLine>
<TextLine HEIGHT="42" WIDTH="253" VPOS="1738" HPOS="219" STYLEREFS="font3"><String STYLE="bold" WC="0.25" CONTENT="Mit" HEIGHT="35" WIDTH="52" VPOS="1743" HPOS="219"/><SP WIDTH="9" VPOS="1740" HPOS="272"/><String STYLE="bold" WC="0.3488888741" CONTENT="Arbrikku." HEIGHT="41" WIDTH="142" VPOS="1739" HPOS="282"/><SP WIDTH="11" VPOS="1751" HPOS="425"/><String STYLE="bold" WC="0.2199999988" CONTENT="1" HEIGHT="20" WIDTH="10" VPOS="1751" HPOS="437"/><SP WIDTH="9" VPOS="1749" HPOS="448"/><String STYLE="bold" WC="1." CONTENT="5" HEIGHT="27" WIDTH="14" VPOS="1749" HPOS="458"/></TextLine>
</TextBlock>
<TextBlock ID="Page1_Block11" HEIGHT="394" WIDTH="307" VPOS="1385" HPOS="602" language="de" STYLEREFS="font0"><Shape><Polygon POINTS="606,1390 848,1390 848,1442 908,1442 908,1488 896,1488 896,1526 912,1526 912,1572 882,1572 882,1782 612,1782 612,1572 608,1572 608,1526 648,1526 648,1488 606,1488 606,1390"/></Shape>
<TextLine HEIGHT="43" WIDTH="234" VPOS="1395" HPOS="605" STYLEREFS="font1"><String STYLEREFS="font0" WC="1." CONTENT="&amp;" HEIGHT="29" WIDTH="26" VPOS="1402" HPOS="605"/><SP WIDTH="9" VPOS="1402" HPOS="632"/><String STYLEREFS="font0" WC="0.4636363685" CONTENT="caftigätur," HEIGHT="41" WIDTH="146" VPOS="1396" HPOS="642"/><SP WIDTH="13" VPOS="1407" HPOS="789"/><String STYLEREFS="font0" WC="0.3199999928" CONTENT="14" HEIGHT="29" WIDTH="36" VPOS="1407" HPOS="803"/></TextLine>
<TextLine HEIGHT="40" WIDTH="294" VPOS="1441" HPOS="606" STYLEREFS="font1"><String WC="0.3223529458" CONTENT="finonnjmorlgerus." HEIGHT="40" WIDTH="294" VPOS="1441" HPOS="606"/></TextLine>
<TextLine HEIGHT="42" WIDTH="240" VPOS="1481" HPOS="648"><String STYLE="italics" WC="0.5266666412" CONTENT="It&apos;bri" HEIGHT="30" WIDTH="72" VPOS="1482" HPOS="648"/><SP WIDTH="6" VPOS="1485" HPOS="721"/><String WC="0.2800000012" CONTENT="m," HEIGHT="22" WIDTH="36" VPOS="1493" HPOS="728"/><SP WIDTH="5" VPOS="1497" HPOS="765"/><String WC="0.6399999857" CONTENT="2," HEIGHT="19" WIDTH="23" VPOS="1496" HPOS="771"/><SP WIDTH="10" VPOS="1495" HPOS="795"/><String WC="0.4466666579" CONTENT="pl." HEIGHT="38" WIDTH="39" VPOS="1484" HPOS="806"/><SP WIDTH="9" VPOS="1483" HPOS="846"/><String WC="0.3650000095" CONTENT="de" HEIGHT="28" WIDTH="32" VPOS="1483" HPOS="856"/></TextLine>
<TextLine HEIGHT="41" WIDTH="296" VPOS="1524" HPOS="608"><String WC="0.5009999871" CONTENT="parentibus" HEIGHT="40" WIDTH="152" VPOS="1525" HPOS="608"/><SP WIDTH="59" VPOS="1526" HPOS="761"/><String WC="0.4079999924" CONTENT="(bent" HEIGHT="38" WIDTH="83" VPOS="1525" HPOS="821"/></TextLine>
<TextLine HEIGHT="43" WIDTH="266" VPOS="1564" HPOS="609"><String STYLE="italics" WC="0.349999994" CONTENT=":" HEIGHT="16" WIDTH="7" VPOS="1580" HPOS="609"/><SP WIDTH="4" VPOS="1580" HPOS="617"/><String STYLE="italics" WC="0.5099999905" CONTENT="ult" HEIGHT="26" WIDTH="37" VPOS="1570" HPOS="622"/><SP WIDTH="2" VPOS="1577" HPOS="660"/><String STYLE="italics" WC="0.3050000072" CONTENT="am" HEIGHT="17" WIDTH="42" VPOS="1579" HPOS="663"/><SP WIDTH="8" VPOS="1569" HPOS="706"/><String STYLE="italics" WC="1." CONTENT="&amp;" HEIGHT="26" WIDTH="26" VPOS="1569" HPOS="715"/><SP WIDTH="9" VPOS="1569" HPOS="742"/><String STYLE="italics" WC="0.2588889003" CONTENT="cjfieium." HEIGHT="42" WIDTH="123" VPOS="1564" HPOS="752"/></TextLine>
<TextLine HEIGHT="27" WIDTH="75" VPOS="1657" HPOS="652"><String WC="0.3540000021" CONTENT="Pater" HEIGHT="27" WIDTH="75" VPOS="1657" HPOS="652"/></TextLine>
<TextLine HEIGHT="44" WIDTH="243" VPOS="1692" HPOS="613"><String WC="0.4133333266" CONTENT="Eifteufat" HEIGHT="37" WIDTH="123" VPOS="1693" HPOS="613"/><SP WIDTH="7" VPOS="1696" HPOS="737"/><String WC="0.474999994" CONTENT="liberuüj" HEIGHT="41" WIDTH="111" VPOS="1694" HPOS="745"/></TextLine>
<TextLine HEIGHT="42" WIDTH="210" VPOS="1735" HPOS="610"><String STYLEREFS="font1" WC="0.3054545522" CONTENT="ilaborando." HEIGHT="36" WIDTH="164" VPOS="1736" HPOS="610"/><SP WIDTH="10" VPOS="1747" HPOS="775"/><String STYLE="bold" STYLEREFS="font1" WC="0.4900000095" CONTENT="1" HEIGHT="21" WIDTH="10" VPOS="1746" HPOS="786"/><SP WIDTH="10" VPOS="1746" HPOS="797"/><String STYLEREFS="font1" WC="0.2399999946" CONTENT="y" HEIGHT="28" WIDTH="12" VPOS="1747" HPOS="808"/></TextLine>
</TextBlock>
<TextBlock ID="Page1_Block12" HEIGHT="1332" WIDTH="344" VPOS="191" HPOS="881" language="de" STYLEREFS="font1"><Shape><Polygon POINTS="986,198 1228,198 1228,1528 954,1528 954,1492 912,1492 912,1448 910,1448 910,1394 950,1394 950,1364 912,1364 912,1324 910,1324 910,1276 946,1276 946,1236 908,1236 908,1198 906,1198 906,1154 908,1154 908,1074 906,1074 906,1026 908,1026 908,948 904,948 904,898 942,898 942,822 904,822 904,694 944,694 944,660 902,660 902,618 900,618 900,484 934,484 934,454 898,454 898,412 896,412 896,364 934,364 934,328 894,328 894,288 892,288 892,238 986,238 986,198"/></Shape>
<TextLine HEIGHT="40" WIDTH="93" VPOS="194" HPOS="1091"><String WC="0.4799999893" CONTENT="(ckklN." HEIGHT="40" WIDTH="93" VPOS="194" HPOS="1091"/></TextLine>
<TextLine HEIGHT="44" WIDTH="300" VPOS="235" HPOS="885"><String WC="0.4070000052" CONTENT="lavdlvere," HEIGHT="37" WIDTH="158" VPOS="236" HPOS="885"/><SP WIDTH="11" VPOS="248" HPOS="1043"/><String WC="0.6650000215" CONTENT="a." HEIGHT="18" WIDTH="24" VPOS="248" HPOS="1054"/><SP WIDTH="11" VPOS="249" HPOS="1078"/><String STYLE="bold" STYLEREFS="font2" WC="0.5099999905" CONTENT="3." HEIGHT="29" WIDTH="26" VPOS="249" HPOS="1089"/><SP WIDTH="22" VPOS="241" HPOS="1115"/><String STYLE="bold" STYLEREFS="font2" WC="0.5699999928" CONTENT="wl«" HEIGHT="27" WIDTH="48" VPOS="241" HPOS="1137"/></TextLine>
<TextLine HEIGHT="37" WIDTH="294" VPOS="278" HPOS="887"><String WC="0.3731578887" CONTENT="Fafcia,f.i*Die2Bin#" HEIGHT="37" WIDTH="294" VPOS="278" HPOS="887"/></TextLine>
<TextLine HEIGHT="40" WIDTH="254" VPOS="320" HPOS="928"><String WC="0.4250000119" CONTENT="del." HEIGHT="33" WIDTH="54" VPOS="321" HPOS="928"/><SP WIDTH="122" VPOS="325" HPOS="983"/><String WC="0.4860000014" CONTENT="(gen." HEIGHT="35" WIDTH="76" VPOS="324" HPOS="1106"/></TextLine>
<TextLine HEIGHT="42" WIDTH="294" VPOS="360" HPOS="890"><String WC="0.5325000286" CONTENT="L-pönere,a.z" HEIGHT="39" WIDTH="191" VPOS="363" HPOS="890"/><SP WIDTH="15" VPOS="361" HPOS="1082"/><String WC="0.4233333468" CONTENT="hinle«" HEIGHT="40" WIDTH="86" VPOS="360" HPOS="1098"/></TextLine>
<TextLine HEIGHT="42" WIDTH="292" VPOS="402" HPOS="892"><String WC="0.5452631712" CONTENT="Luns:,k.rpI.djkWie«" HEIGHT="42" WIDTH="292" VPOS="402" HPOS="892"/></TextLine>
<TextLine HEIGHT="32" WIDTH="39" VPOS="452" HPOS="929"><String WC="0.6366666555" CONTENT="ge." HEIGHT="32" WIDTH="39" VPOS="452" HPOS="929"/></TextLine>
<TextLine HEIGHT="41" WIDTH="293" VPOS="485" HPOS="894"><String WC="0.7881818414" CONTENT="baÄare&gt;a,l." HEIGHT="34" WIDTH="173" VPOS="487" HPOS="894"/><SP WIDTH="10" VPOS="486" HPOS="1068"/><String WC="0.5371428728" CONTENT="saugen»" HEIGHT="40" WIDTH="108" VPOS="485" HPOS="1079"/></TextLine>
<TextLine HEIGHT="42" WIDTH="292" VPOS="526" HPOS="894"><String WC="0.71714288" CONTENT="über,n." HEIGHT="34" WIDTH="109" VPOS="529" HPOS="894"/><SP WIDTH="4" VPOS="540" HPOS="1004"/><String STYLE="bold" WC="0.2199999988" CONTENT="3" HEIGHT="27" WIDTH="11" VPOS="540" HPOS="1009"/><String WC="0.9399999976" CONTENT="." HEIGHT="10" WIDTH="3" VPOS="549" HPOS="1027"/><SP WIDTH="4" VPOS="529" HPOS="1031"/><String WC="0.2800000012" CONTENT="die" HEIGHT="30" WIDTH="42" VPOS="529" HPOS="1036"/><SP WIDTH="7" VPOS="528" HPOS="1079"/><String WC="0.4183333218" CONTENT="Brust»" HEIGHT="40" WIDTH="99" VPOS="526" HPOS="1087"/></TextLine>
<TextLine HEIGHT="41" WIDTH="296" VPOS="567" HPOS="894"><String WC="0.5099999905" CONTENT="raumre,a." HEIGHT="31" WIDTH="142" VPOS="574" HPOS="894"/><String STYLE="bold" WC="0.4199999869" CONTENT="4" HEIGHT="26" WIDTH="18" VPOS="580" HPOS="1038"/><String WC="0.3211111128" CONTENT=".ernähre," HEIGHT="40" WIDTH="131" VPOS="567" HPOS="1059"/></TextLine>
<TextLine HEIGHT="41" WIDTH="314" VPOS="610" HPOS="897"><String WC="0.7110000253" CONTENT="kappach.i." HEIGHT="40" WIDTH="147" VPOS="611" HPOS="897"/><SP WIDTH="8" VPOS="616" HPOS="1045"/><String WC="0.4900000095" CONTENT="der" HEIGHT="28" WIDTH="46" VPOS="616" HPOS="1054"/><SP WIDTH="6" VPOS="611" HPOS="1101"/><String WC="0.2949999869" CONTENT="Brey" HEIGHT="39" WIDTH="80" VPOS="610" HPOS="1108"/><SP WIDTH="19" VPOS="616" HPOS="1189"/><String WC="0.5899999738" CONTENT="." HEIGHT="7" WIDTH="2" VPOS="641" HPOS="1209"/></TextLine>
<TextLine HEIGHT="36" WIDTH="111" VPOS="653" HPOS="940"><String STYLE="bold" STYLEREFS="font2" WC="0.6050000191" CONTENT="(Mus.)" HEIGHT="36" WIDTH="111" VPOS="653" HPOS="940"/></TextLine>
<TextLine HEIGHT="42" WIDTH="290" VPOS="690" HPOS="899"><String WC="0.4880000055" CONTENT="Diiacre,,." HEIGHT="36" WIDTH="138" VPOS="691" HPOS="899"/><SP WIDTH="14" VPOS="695" HPOS="1038"/><String WC="0.3528571427" CONTENT="fernen." HEIGHT="37" WIDTH="136" VPOS="694" HPOS="1053"/></TextLine>
<TextLine HEIGHT="43" WIDTH="293" VPOS="769" HPOS="900"><String WC="0.5074999928" CONTENT="Serperaftmm," HEIGHT="42" WIDTH="207" VPOS="770" HPOS="900"/><SP WIDTH="15" VPOS="785" HPOS="1108"/><String WC="0.3050000072" CONTENT="n." HEIGHT="20" WIDTH="27" VPOS="784" HPOS="1124"/><SP WIDTH="11" VPOS="783" HPOS="1152"/><String WC="0.4149999917" CONTENT="r," HEIGHT="25" WIDTH="29" VPOS="783" HPOS="1164"/></TextLine>
<TextLine HEIGHT="43" WIDTH="253" VPOS="810" HPOS="939"><String WC="0.5233333111" CONTENT="der" HEIGHT="33" WIDTH="47" VPOS="816" HPOS="939"/><SP WIDTH="8" VPOS="811" HPOS="987"/><String WC="0.4530000091" CONTENT="Gangel-Wa«" HEIGHT="42" WIDTH="196" VPOS="810" HPOS="996"/></TextLine>
<TextLine HEIGHT="32" WIDTH="60" VPOS="865" HPOS="939"><String WC="0.3425000012" CONTENT="gen," HEIGHT="32" WIDTH="60" VPOS="865" HPOS="939"/></TextLine>
<TextLine HEIGHT="45" WIDTH="274" VPOS="894" HPOS="902" STYLEREFS="font0"><String STYLEREFS="font1" WC="0.582105279" CONTENT="büdere,a.z.spielen-" HEIGHT="45" WIDTH="274" VPOS="894" HPOS="902"/></TextLine>
<TextLine HEIGHT="43" WIDTH="293" VPOS="938" HPOS="905" STYLEREFS="font0"><String STYLE="bold" WC="0.6480000019" CONTENT="Lrepundia," HEIGHT="37" WIDTH="166" VPOS="942" HPOS="905"/><SP WIDTH="15" VPOS="951" HPOS="1072"/><String STYLE="bold" WC="0.6349999905" CONTENT="n." HEIGHT="18" WIDTH="27" VPOS="951" HPOS="1088"/><SP WIDTH="13" VPOS="952" HPOS="1116"/><String STYLE="bold" WC="0.6140000224" CONTENT="r.pl," HEIGHT="42" WIDTH="68" VPOS="938" HPOS="1130"/></TextLine>
<TextLine HEIGHT="40" WIDTH="253" VPOS="982" HPOS="945" STYLEREFS="font0"><String STYLEREFS="font1" WC="0.3400000036" CONTENT="der" HEIGHT="30" WIDTH="46" VPOS="983" HPOS="945"/><SP WIDTH="12" VPOS="984" HPOS="992"/><String STYLEREFS="font1" WC="0.4575000107" CONTENT="Spielgez" HEIGHT="38" WIDTH="132" VPOS="983" HPOS="1005"/><SP WIDTH="15" VPOS="990" HPOS="1138"/><String STYLEREFS="font1" WC="0.5199999809" CONTENT="ug«" HEIGHT="30" WIDTH="44" VPOS="989" HPOS="1154"/></TextLine>
<TextLine HEIGHT="42" WIDTH="296" VPOS="1023" HPOS="903" STYLEREFS="font0"><String STYLE="bold" WC="0.5411111116" CONTENT="Incipere," HEIGHT="38" WIDTH="129" VPOS="1027" HPOS="903"/><SP WIDTH="7" VPOS="1034" HPOS="1033"/><String STYLE="bold" WC="0.9900000095" CONTENT="a." HEIGHT="24" WIDTH="25" VPOS="1034" HPOS="1041"/><SP WIDTH="13" VPOS="1035" HPOS="1067"/><String STYLE="bold" WC="0.3600000143" CONTENT="z.gche-" HEIGHT="40" WIDTH="118" VPOS="1023" HPOS="1081"/></TextLine>
<TextLine HEIGHT="41" WIDTH="253" VPOS="1065" HPOS="946"><String WC="0.4499999881" CONTENT="ben-" HEIGHT="34" WIDTH="59" VPOS="1066" HPOS="946"/><SP WIDTH="124" VPOS="1069" HPOS="1006"/><String WC="0.5080000162" CONTENT="(sen." HEIGHT="38" WIDTH="68" VPOS="1066" HPOS="1131"/></TextLine>
<TextLine HEIGHT="41" WIDTH="296" VPOS="1107" HPOS="906"><String WC="0.6227272749" CONTENT="Lrescere.a." HEIGHT="34" WIDTH="165" VPOS="1108" HPOS="906"/><String STYLE="bold" STYLEREFS="font2" WC="0.5" CONTENT="3." HEIGHT="28" WIDTH="26" VPOS="1119" HPOS="1082"/><SP WIDTH="9" VPOS="1114" HPOS="1109"/><String STYLE="bold" STYLEREFS="font2" WC="0.3680000007" CONTENT="wach-" HEIGHT="38" WIDTH="83" VPOS="1109" HPOS="1119"/></TextLine>
<TextLine HEIGHT="38" WIDTH="296" VPOS="1150" HPOS="906"><String WC="0.7599999905" CONTENT="^tarF.j." HEIGHT="37" WIDTH="130" VPOS="1151" HPOS="906"/><SP WIDTH="11" VPOS="1151" HPOS="1037"/><String WC="0.5" CONTENT="dgs" HEIGHT="32" WIDTH="51" VPOS="1151" HPOS="1049"/><SP WIDTH="8" VPOS="1151" HPOS="1101"/><String WC="0.400000006" CONTENT="Alter»" HEIGHT="34" WIDTH="92" VPOS="1150" HPOS="1110"/></TextLine>
<TextLine HEIGHT="37" WIDTH="299" VPOS="1190" HPOS="906"><String WC="0.6933333278" CONTENT="Pi-cas.f." HEIGHT="34" WIDTH="128" VPOS="1191" HPOS="906"/><SP WIDTH="12" VPOS="1202" HPOS="1035"/><String WC="0.6100000143" CONTENT="Z." HEIGHT="24" WIDTH="25" VPOS="1202" HPOS="1048"/><SP WIDTH="7" VPOS="1192" HPOS="1074"/><String WC="0.3166666627" CONTENT="die" HEIGHT="31" WIDTH="43" VPOS="1192" HPOS="1082"/><SP WIDTH="7" VPOS="1190" HPOS="1126"/><String WC="0.3799999952" CONTENT="Got" HEIGHT="34" WIDTH="60" VPOS="1190" HPOS="1134" SUBS_TYPE="HypPart1" SUBS_CONTENT="Gottesfurcht."/><HYP CONTENT="­"/></TextLine>
<TextLine HEIGHT="41" WIDTH="260" VPOS="1229" HPOS="944"><String WC="0.3810000122" CONTENT="tesfurcht." HEIGHT="40" WIDTH="145" VPOS="1230" HPOS="944" SUBS_TYPE="HypPart2" SUBS_CONTENT="Gottesfurcht."/><SP WIDTH="35" VPOS="1238" HPOS="1090"/><String WC="0.5533333421" CONTENT="(beit." HEIGHT="37" WIDTH="78" VPOS="1232" HPOS="1126"/></TextLine>
<TextLine HEIGHT="41" WIDTH="299" VPOS="1273" HPOS="908"><String WC="0.6200000048" CONTENT="Labor," HEIGHT="32" WIDTH="99" VPOS="1274" HPOS="908"/><SP WIDTH="7" VPOS="1282" HPOS="1008"/><String WC="0.4699999988" CONTENT="m." HEIGHT="19" WIDTH="37" VPOS="1282" HPOS="1016"/><SP WIDTH="11" VPOS="1284" HPOS="1054"/><String STYLE="bold" WC="0.1400000006" CONTENT="3" HEIGHT="29" WIDTH="14" VPOS="1284" HPOS="1066"/><SP WIDTH="23" VPOS="1277" HPOS="1081"/><String WC="0.2366666645" CONTENT="tue" HEIGHT="32" WIDTH="41" VPOS="1276" HPOS="1105"/><SP WIDTH="8" VPOS="1273" HPOS="1146"/><String WC="0.2633333206" CONTENT="Ar-" HEIGHT="34" WIDTH="53" VPOS="1273" HPOS="1154"/></TextLine>
<TextLine HEIGHT="41" WIDTH="293" VPOS="1312" HPOS="912"><String STYLEREFS="font0" WC="0.6088235378" CONTENT="Affuefaceie,a.,3-" HEIGHT="41" WIDTH="238" VPOS="1312" HPOS="912"/><SP WIDTH="12" VPOS="1321" HPOS="1151"/><String WC="0.275000006" CONTENT="ge" HEIGHT="30" WIDTH="30" VPOS="1320" HPOS="1164" SUBS_TYPE="HypPart1" SUBS_CONTENT="gewöhnen,"/><HYP CONTENT="­"/></TextLine>
<TextLine HEIGHT="44" WIDTH="255" VPOS="1352" HPOS="949"><String WC="0.5699999928" CONTENT="wöhnen," HEIGHT="43" WIDTH="124" VPOS="1353" HPOS="949" SUBS_TYPE="HypPart2" SUBS_CONTENT="gewöhnen,"/><SP WIDTH="52" VPOS="1357" HPOS="1074"/><String WC="0.4716666639" CONTENT="(^gen." HEIGHT="40" WIDTH="77" VPOS="1353" HPOS="1127"/></TextLine>
<TextLine HEIGHT="48" WIDTH="294" VPOS="1391" HPOS="911"><String WC="0.5923076868" CONTENT="Caftigare.a.i" HEIGHT="39" WIDTH="180" VPOS="1400" HPOS="911"/><SP WIDTH="15" VPOS="1402" HPOS="1092"/><String WC="0.3700000048" CONTENT="zgchtj-" HEIGHT="47" WIDTH="97" VPOS="1391" HPOS="1108"/></TextLine>
<TextLine HEIGHT="41" WIDTH="297" VPOS="1441" HPOS="912"><String WC="0.3964705765" CONTENT="Mcrigerus,a,um,ge" HEIGHT="41" WIDTH="285" VPOS="1441" HPOS="912" SUBS_TYPE="HypPart1" SUBS_CONTENT="Mcrigerus,a,um,gehorsam."/><HYP CONTENT="­"/></TextLine>
<TextLine HEIGHT="42" WIDTH="118" VPOS="1477" HPOS="954"><String WC="0.3557142913" CONTENT="horsam." HEIGHT="42" WIDTH="118" VPOS="1477" HPOS="954" SUBS_TYPE="HypPart2" SUBS_CONTENT="Mcrigerus,a,um,gehorsam."/></TextLine>
</TextBlock>
<TextBlock ID="Page1_Block13" HEIGHT="142" WIDTH="317" VPOS="1553" HPOS="911" language="de" STYLEREFS="font3"><Shape><Polygon POINTS="914,1560 1230,1560 1230,1700 914,1700 914,1560"/></Shape>
<TextLine HEIGHT="43" WIDTH="296" VPOS="1562" HPOS="914"><String WC="0.4835000038" CONTENT="cii!tui,m.4chieEhre." HEIGHT="43" WIDTH="296" VPOS="1562" HPOS="914"/></TextLine>
<TextLine HEIGHT="38" WIDTH="296" VPOS="1605" HPOS="915"><String STYLEREFS="font1" WC="0.6233333349" CONTENT="Officium," HEIGHT="37" WIDTH="145" VPOS="1606" HPOS="915"/><SP WIDTH="14" VPOS="1616" HPOS="1061"/><String STYLEREFS="font1" WC="0.5099999905" CONTENT="n," HEIGHT="23" WIDTH="28" VPOS="1616" HPOS="1076"/><SP WIDTH="16" VPOS="1620" HPOS="1105"/><String STYLE="bold" STYLEREFS="font1" WC="0.1700000018" CONTENT="3" HEIGHT="21" WIDTH="14" VPOS="1619" HPOS="1122"/><String STYLEREFS="font1" WC="0.25" CONTENT="," HEIGHT="11" WIDTH="7" VPOS="1628" HPOS="1141"/><SP WIDTH="12" VPOS="1608" HPOS="1148"/><String STYLEREFS="font1" WC="0.2399999946" CONTENT="der" HEIGHT="32" WIDTH="51" VPOS="1608" HPOS="1160"/></TextLine>
<TextLine HEIGHT="42" WIDTH="108" VPOS="1648" HPOS="953"><String WC="0.3757142723" CONTENT="Dienst." HEIGHT="42" WIDTH="108" VPOS="1648" HPOS="953"/></TextLine>
</TextBlock><GraphicalElement ID="Page1_Block14" HEIGHT="3" WIDTH="239" VPOS="191" HPOS="503"/><GraphicalElement ID="Page1_Block15" HEIGHT="9" WIDTH="239" VPOS="193" HPOS="187"/><GraphicalElement ID="Page1_Block16" HEIGHT="220" WIDTH="10" VPOS="280" HPOS="575"/><GraphicalElement ID="Page1_Block17" HEIGHT="688" WIDTH="14" VPOS="515" HPOS="584"/><GraphicalElement ID="Page1_Block18" HEIGHT="151" WIDTH="4" VPOS="1210" HPOS="595"/><GraphicalElement ID="Page1_Block19" HEIGHT="415" WIDTH="13" VPOS="1361" HPOS="596"/><GraphicalElement ID="Page1_Block20" HEIGHT="122" WIDTH="5" VPOS="208" HPOS="879"/><GraphicalElement ID="Page1_Block21" HEIGHT="852" WIDTH="22" VPOS="330" HPOS="880"/><GraphicalElement ID="Page1_Block22" HEIGHT="573" WIDTH="16" VPOS="1182" HPOS="896"/>
</PrintSpace>
</Page>
</Layout>
</alto>