﻿<?xml version="1.0" encoding="UTF-8" standalone="yes"?>
<alto xmlns="http://www.loc.gov/standards/alto/ns-v2#" xmlns:xlink="http://www.w3.org/1999/xlink" xmlns:xsi="http://www.w3.org/2001/XMLSchema-instance" xsi:schemaLocation="http://www.loc.gov/standards/alto/ns-v2# http://www.loc.gov/standards/alto/alto-v2.0.xsd">
<Description>
<MeasurementUnit>pixel</MeasurementUnit>
<OCRProcessing ID="IdOcr"><ocrProcessingStep><processingDateTime>2017-03-20</processingDateTime><processingSoftware><softwareCreator>ABBYY</softwareCreator><softwareName>ABBYY FineReader Engine</softwareName><softwareVersion>11</softwareVersion></processingSoftware></ocrProcessingStep></OCRProcessing>
</Description>
<Styles><TextStyle ID="font0" FONTFAMILY="Times New Roman" FONTSIZE="8"/><TextStyle ID="font1" FONTFAMILY="Times New Roman" FONTSIZE="9"/><TextStyle ID="font2" FONTFAMILY="Times New Roman" FONTSIZE="10"/><TextStyle ID="font3" FONTFAMILY="Times New Roman" FONTSIZE="14"/><TextStyle ID="font4" FONTFAMILY="Times New Roman" FONTSIZE="32"/>
</Styles>
<Layout>
<Page ID="Page1" PHYSICAL_IMG_NR="1" HEIGHT="2071" WIDTH="1240">
<TopMargin HEIGHT="115" WIDTH="1240" VPOS="0" HPOS="0">
</TopMargin>
<LeftMargin HEIGHT="1214" WIDTH="31" VPOS="115" HPOS="0">
</LeftMargin>
<RightMargin HEIGHT="1214" WIDTH="143" VPOS="115" HPOS="1097">
</RightMargin>
<BottomMargin HEIGHT="742" WIDTH="1240" VPOS="1329" HPOS="0">
<TextBlock ID="Page1_Block1" HEIGHT="55" WIDTH="155" VPOS="1827" HPOS="565" language="de" STYLEREFS="font3"><Shape><Polygon POINTS="598,1838 752,1838 752,1891 598,1891 598,1838"/></Shape>
<TextLine HEIGHT="46" WIDTH="123" VPOS="1836" HPOS="580"><String STYLE="bold" WC="0.2800000012" CONTENT="K" HEIGHT="45" WIDTH="41" VPOS="1836" HPOS="580"/><SP WIDTH="10" VPOS="1837" HPOS="621"/><String STYLE="bold" WC="0.5500000119" CONTENT="fi" HEIGHT="29" WIDTH="25" VPOS="1848" HPOS="631"/><SP WIDTH="24" VPOS="1847" HPOS="656"/><String STYLE="bold" WC="0.5400000215" CONTENT="*" HEIGHT="28" WIDTH="23" VPOS="1848" HPOS="680"/></TextLine>
</TextBlock>
<TextBlock ID="Page1_Block2" HEIGHT="70" WIDTH="163" VPOS="1818" HPOS="889" language="de" STYLEREFS="font3"><Shape><Polygon POINTS="922,1824 1084,1824 1084,1891 922,1891 922,1824"/></Shape>
<TextLine HEIGHT="57" WIDTH="151" VPOS="1829" HPOS="900"><String STYLE="bold" WC="0.6633333564" CONTENT="Jerem." HEIGHT="57" WIDTH="151" VPOS="1829" HPOS="900"/></TextLine>
</TextBlock>
</BottomMargin>
<PrintSpace HEIGHT="1214" WIDTH="1066" VPOS="115" HPOS="31">
<TextBlock ID="Page1_Block3" HEIGHT="82" WIDTH="353" VPOS="115" HPOS="381" language="de"><Shape><Polygon POINTS="384,130 736,130 736,206 384,206 384,130"/></Shape>
<TextLine HEIGHT="58" WIDTH="351" VPOS="134" HPOS="381"><String STYLEREFS="font1" WC="0.4592307806" CONTENT="Z:O:(s6;),:O:" HEIGHT="58" WIDTH="351" VPOS="134" HPOS="381"/></TextLine>
</TextBlock>
<TextBlock ID="Page1_Block4" HEIGHT="1140" WIDTH="538" VPOS="189" HPOS="31" language="de"><Shape><Polygon POINTS="54,210 572,210 572,1142 512,1142 512,1342 54,1342 54,210"/></Shape>
<TextLine HEIGHT="54" WIDTH="487" VPOS="198" HPOS="73"><String STYLE="bold" STYLEREFS="font0" WC="0.3199999928" CONTENT="Over" HEIGHT="29" WIDTH="66" VPOS="201" HPOS="73"/><SP WIDTH="7" VPOS="199" HPOS="140"/><String STYLE="bold" STYLEREFS="font0" WC="0.7300000191" CONTENT="fi" HEIGHT="28" WIDTH="20" VPOS="199" HPOS="147"/><SP WIDTH="8" VPOS="199" HPOS="167"/><String STYLE="bold" STYLEREFS="font0" WC="0.4737499952" CONTENT="fracäffanOjromponOj^btL-" HEIGHT="51" WIDTH="385" VPOS="201" HPOS="175"/></TextLine>
<TextLine HEIGHT="43" WIDTH="250" VPOS="251" HPOS="314"><String STYLE="italics" STYLEREFS="font1" WC="0.2080000043" CONTENT="feano" HEIGHT="40" WIDTH="84" VPOS="251" HPOS="314"/><SP WIDTH="6" VPOS="264" HPOS="398"/><String STYLEREFS="font1" WC="0.4099999964" CONTENT="gl’" HEIGHT="38" WIDTH="37" VPOS="253" HPOS="405"/><SP WIDTH="11" VPOS="259" HPOS="442"/><String STYLEREFS="font1" WC="0.6700000167" CONTENT="uni" HEIGHT="28" WIDTH="47" VPOS="255" HPOS="453"/><SP WIDTH="8" VPOS="256" HPOS="500"/><String STYLEREFS="font1" WC="0.4839999974" CONTENT="altri" HEIGHT="28" WIDTH="56" VPOS="255" HPOS="508"/></TextLine>
<TextLine HEIGHT="50" WIDTH="346" VPOS="276" HPOS="72"><String STYLEREFS="font1" WC="0.2399999946" CONTENT="ä" HEIGHT="32" WIDTH="16" VPOS="276" HPOS="73"/><SP WIDTH="9" VPOS="276" HPOS="90"/><String STYLEREFS="font1" WC="0.6340000033" CONTENT="colpi" HEIGHT="41" WIDTH="73" VPOS="280" HPOS="99"/><SP WIDTH="11" VPOS="283" HPOS="173"/><String STYLEREFS="font1" WC="0.625" CONTENT="di" HEIGHT="30" WIDTH="24" VPOS="283" HPOS="185"/><SP WIDTH="10" VPOS="286" HPOS="209"/><String STYLEREFS="font1" WC="0.3811111152" CONTENT="cannbnate" HEIGHT="27" WIDTH="154" VPOS="295" HPOS="219"/><SP WIDTH="9" VPOS="297" HPOS="373"/><String STYLEREFS="font1" WC="0.2300000042" CONTENT="1" HEIGHT="28" WIDTH="8" VPOS="297" HPOS="382"/><SP WIDTH="13" VPOS="297" HPOS="390"/><String STYLEREFS="font1" WC="0.1299999952" CONTENT="i" HEIGHT="21" WIDTH="15" VPOS="303" HPOS="403"/></TextLine>
<TextLine HEIGHT="47" WIDTH="487" VPOS="321" HPOS="72"><String STYLEREFS="font1" WC="0.7900000215" CONTENT="&amp;" HEIGHT="28" WIDTH="29" VPOS="321" HPOS="72"/><SP WIDTH="9" VPOS="321" HPOS="102"/><String STYLEREFS="font1" WC="0.6700000167" CONTENT="in" HEIGHT="28" WIDTH="29" VPOS="324" HPOS="112"/><SP WIDTH="15" VPOS="333" HPOS="142"/><String STYLEREFS="font1" WC="0.4199999869" CONTENT="cotal" HEIGHT="30" WIDTH="71" VPOS="329" HPOS="158"/><SP WIDTH="14" VPOS="331" HPOS="230"/><String STYLEREFS="font1" WC="0.224999994" CONTENT="modo" HEIGHT="29" WIDTH="86" VPOS="333" HPOS="245"/><SP WIDTH="15" VPOS="345" HPOS="332"/><String STYLEREFS="font1" WC="0.25" CONTENT="venendo" HEIGHT="32" WIDTH="124" VPOS="334" HPOS="348"/><SP WIDTH="16" VPOS="344" HPOS="473"/><String STYLEREFS="font1" WC="0.5633333325" CONTENT="totti," HEIGHT="30" WIDTH="69" VPOS="338" HPOS="490"/></TextLine>
<TextLine HEIGHT="52" WIDTH="491" VPOS="366" HPOS="69"><String STYLEREFS="font1" WC="0.4339999855" CONTENT="vannofondo" HEIGHT="36" WIDTH="192" VPOS="366" HPOS="69"/><SP WIDTH="50" VPOS="375" HPOS="261"/><String STYLE="italics" STYLEREFS="font1" WC="0.3860000074" CONTENT="(sblicäti," HEIGHT="37" WIDTH="125" VPOS="376" HPOS="312"/><SP WIDTH="8" VPOS="390" HPOS="438"/><String STYLE="italics" STYLEREFS="font1" WC="0.3100000024" CONTENT="sfonda&apos;ti" HEIGHT="41" WIDTH="112" VPOS="377" HPOS="447"/></TextLine>
<TextLine HEIGHT="59" WIDTH="490" VPOS="403" HPOS="68"><String STYLEREFS="font1" WC="0.4699999988" CONTENT="inrouitia," HEIGHT="47" WIDTH="146" VPOS="403" HPOS="68"/><SP WIDTH="11" VPOS="425" HPOS="214"/><String STYLE="italics" STYLEREFS="font1" WC="0.5587499738" CONTENT="tnalhora" HEIGHT="32" WIDTH="116" VPOS="417" HPOS="225"/><SP WIDTH="9" VPOS="431" HPOS="341"/><String STYLE="italics" STYLEREFS="font1" WC="0.625" CONTENT="s’" HEIGHT="23" WIDTH="18" VPOS="425" HPOS="350"/><SP WIDTH="11" VPOS="425" HPOS="368"/><String STYLE="italics" STYLEREFS="font1" WC="0.352222234" CONTENT="ajfindano" HEIGHT="44" WIDTH="136" VPOS="418" HPOS="379"/><String STYLEREFS="font1" WC="0.1700000018" CONTENT=";" HEIGHT="19" WIDTH="7" VPOS="435" HPOS="524"/><SP WIDTH="13" VPOS="433" HPOS="532"/><String STYLEREFS="font1" WC="0.2599999905" CONTENT="3" HEIGHT="27" WIDTH="13" VPOS="433" HPOS="545"/></TextLine>
<TextLine HEIGHT="39" WIDTH="136" VPOS="488" HPOS="102" STYLEREFS="font2"><String WC="0.4442857206" CONTENT="oquando" HEIGHT="39" WIDTH="136" VPOS="488" HPOS="102"/></TextLine>
<TextLine HEIGHT="50" WIDTH="326" VPOS="523" HPOS="66" STYLEREFS="font1"><String WC="0.1875" CONTENT="Vili" HEIGHT="30" WIDTH="46" VPOS="523" HPOS="66"/><SP WIDTH="11" VPOS="536" HPOS="112"/><String WC="0.5162500143" CONTENT="appiccia" HEIGHT="40" WIDTH="119" VPOS="531" HPOS="123"/><SP WIDTH="5" VPOS="537" HPOS="242"/><String WC="0.4900000095" CONTENT="il" HEIGHT="31" WIDTH="20" VPOS="533" HPOS="247"/><SP WIDTH="6" VPOS="532" HPOS="267"/><String WC="0.2460000068" CONTENT="fuöso" HEIGHT="32" WIDTH="85" VPOS="532" HPOS="273"/><SP WIDTH="8" VPOS="543" HPOS="358"/><String WC="0.5450000167" CONTENT="e&gt;" HEIGHT="25" WIDTH="26" VPOS="546" HPOS="366"/></TextLine>
<TextLine HEIGHT="51" WIDTH="452" VPOS="604" HPOS="106" STYLEREFS="font1"><String WC="0.174999997" CONTENT="La" HEIGHT="30" WIDTH="38" VPOS="604" HPOS="106"/><SP WIDTH="7" VPOS="615" HPOS="145"/><String WC="0.4271428585" CONTENT="polvete" HEIGHT="41" WIDTH="108" VPOS="607" HPOS="153"/><SP WIDTH="10" VPOS="618" HPOS="262"/><String WC="0.7200000286" CONTENT="," HEIGHT="17" WIDTH="8" VPOS="628" HPOS="273"/><SP WIDTH="16" VPOS="620" HPOS="282"/><String WC="0.4181250036" CONTENT="appigliandovifi," HEIGHT="45" WIDTH="229" VPOS="610" HPOS="299"/><SP WIDTH="8" VPOS="628" HPOS="529"/><String WC="1." CONTENT="4" HEIGHT="26" WIDTH="20" VPOS="628" HPOS="538"/></TextLine>
<TextLine HEIGHT="47" WIDTH="308" VPOS="685" HPOS="64" STYLEREFS="font1"><String WC="0.2742857039" CONTENT="Jnanda," HEIGHT="40" WIDTH="108" VPOS="685" HPOS="64"/><SP WIDTH="7" VPOS="703" HPOS="172"/><String STYLE="italics" WC="0.2099999934" CONTENT="sbal%a" HEIGHT="39" WIDTH="92" VPOS="691" HPOS="179"/><SP WIDTH="10" VPOS="695" HPOS="271"/><String WC="0.2533333302" CONTENT="itl" HEIGHT="28" WIDTH="28" VPOS="696" HPOS="281"/><SP WIDTH="9" VPOS="702" HPOS="309"/><String WC="0.400000006" CONTENT="aria" HEIGHT="30" WIDTH="54" VPOS="696" HPOS="318"/></TextLine>
<TextLine HEIGHT="52" WIDTH="257" VPOS="723" HPOS="64" STYLEREFS="font1"><String WC="0.224999994" CONTENT="le" HEIGHT="30" WIDTH="24" VPOS="723" HPOS="64"/><SP WIDTH="9" VPOS="737" HPOS="89"/><String WC="0.4333333373" CONTENT="poverc" HEIGHT="30" WIDTH="99" VPOS="738" HPOS="99"/><SP WIDTH="8" VPOS="743" HPOS="199"/><String WC="0.3414285779" CONTENT="pcrfone" HEIGHT="41" WIDTH="113" VPOS="734" HPOS="208"/></TextLine>
<TextLine HEIGHT="37" WIDTH="158" VPOS="769" HPOS="63" STYLEREFS="font1"><String WC="0.2399999946" CONTENT="e" HEIGHT="19" WIDTH="15" VPOS="775" HPOS="63"/><SP WIDTH="8" VPOS="769" HPOS="79"/><String WC="0.6750000119" CONTENT="li" HEIGHT="28" WIDTH="19" VPOS="769" HPOS="87"/><SP WIDTH="8" VPOS="770" HPOS="106"/><String WC="0.5099999905" CONTENT="bruccia" HEIGHT="35" WIDTH="107" VPOS="771" HPOS="114"/></TextLine>
<TextLine HEIGHT="53" WIDTH="284" VPOS="807" HPOS="60"><String STYLEREFS="font1" WC="0.224999994" CONTENT="in" HEIGHT="30" WIDTH="29" VPOS="807" HPOS="60"/><SP WIDTH="11" VPOS="818" HPOS="89"/><String STYLEREFS="font1" WC="0.2879999876" CONTENT="mezzo" HEIGHT="24" WIDTH="96" VPOS="822" HPOS="100"/><SP WIDTH="7" VPOS="826" HPOS="196"/><String STYLEREFS="font1" WC="0.4900000095" CONTENT="all*" HEIGHT="33" WIDTH="43" VPOS="815" HPOS="203"/><SP WIDTH="9" VPOS="816" HPOS="246"/><String STYLEREFS="font1" WC="0.4650000036" CONTENT="onde" HEIGHT="32" WIDTH="75" VPOS="818" HPOS="255"/><String STYLE="subscript" STYLEREFS="font1" WC="0.2399999946" CONTENT="3" HEIGHT="17" WIDTH="12" VPOS="843" HPOS="331"/></TextLine>
<TextLine HEIGHT="31" WIDTH="180" VPOS="859" HPOS="62"><String STYLEREFS="font1" WC="0.2599999905" CONTENT="o" HEIGHT="19" WIDTH="18" VPOS="859" HPOS="62"/><SP WIDTH="7" VPOS="859" HPOS="81"/><String STYLEREFS="font1" WC="0.2599999905" CONTENT="vera" HEIGHT="21" WIDTH="58" VPOS="863" HPOS="89"/><SP WIDTH="3" VPOS="867" HPOS="148"/><String STYLEREFS="font1" WC="0.3560000062" CONTENT="mente" HEIGHT="23" WIDTH="91" VPOS="867" HPOS="151"/></TextLine>
<TextLine HEIGHT="47" WIDTH="246" VPOS="896" HPOS="62" STYLEREFS="font1"><String WC="0.4424999952" CONTENT="reftanoanncgatfi" HEIGHT="47" WIDTH="246" VPOS="896" HPOS="62"/></TextLine>
<TextLine HEIGHT="57" WIDTH="494" VPOS="932" HPOS="59" STYLEREFS="font1"><String WC="0.473636359" CONTENT="lanciandofi" HEIGHT="40" WIDTH="166" VPOS="932" HPOS="59"/><SP WIDTH="7" VPOS="945" HPOS="225"/><String WC="0.3849999905" CONTENT="in" HEIGHT="28" WIDTH="30" VPOS="946" HPOS="232"/><SP WIDTH="8" VPOS="956" HPOS="262"/><String WC="0.9950000048" CONTENT="mare" HEIGHT="25" WIDTH="74" VPOS="952" HPOS="271"/><SP WIDTH="4" VPOS="954" HPOS="346"/><String WC="0.3833333254" CONTENT="per" HEIGHT="32" WIDTH="48" VPOS="955" HPOS="351"/><SP WIDTH="5" VPOS="946" HPOS="400"/><String WC="0.2991666794" CONTENT="iftarripare." HEIGHT="43" WIDTH="148" VPOS="945" HPOS="405"/></TextLine>
<TextLine HEIGHT="44" WIDTH="311" VPOS="1058" HPOS="99" STYLEREFS="font1"><String WC="0.3466666639" CONTENT="Una" HEIGHT="30" WIDTH="62" VPOS="1058" HPOS="99"/><SP WIDTH="6" VPOS="1068" HPOS="161"/><String WC="0.3774999976" CONTENT="nave" HEIGHT="21" WIDTH="68" VPOS="1069" HPOS="168"/><SP WIDTH="5" VPOS="1063" HPOS="237"/><String WC="0.6060000062" CONTENT="fuggitiua," HEIGHT="38" WIDTH="139" VPOS="1063" HPOS="243"/><SP WIDTH="9" VPOS="1073" HPOS="383"/><String STYLE="italics" WC="0.9900000095" CONTENT="f" HEIGHT="27" WIDTH="17" VPOS="1074" HPOS="393"/></TextLine>
<TextLine HEIGHT="50" WIDTH="362" VPOS="1135" HPOS="54"><String STYLEREFS="font1" WC="0.5685714483" CONTENT="c.-ui-n" HEIGHT="37" WIDTH="99" VPOS="1140" HPOS="54"/><SP WIDTH="10" VPOS="1149" HPOS="154"/><String STYLEREFS="font1" WC="0.4140000045" CONTENT="corfa" HEIGHT="34" WIDTH="73" VPOS="1137" HPOS="165"/><String STYLE="italics" STYLEREFS="font1" WC="0.3176923096" CONTENT=",[opragi&apos;onta" HEIGHT="45" WIDTH="177" VPOS="1140" HPOS="239"/></TextLine>
<TextLine HEIGHT="42" WIDTH="96" VPOS="1183" HPOS="55"><String STYLEREFS="font1" WC="0.3000000119" CONTENT="e" HEIGHT="19" WIDTH="15" VPOS="1191" HPOS="55"/><SP WIDTH="8" VPOS="1191" HPOS="71"/><String STYLEREFS="font1" WC="0.5" CONTENT="prefa" HEIGHT="42" WIDTH="71" VPOS="1183" HPOS="80"/></TextLine>
<TextLine HEIGHT="60" WIDTH="419" VPOS="1227" HPOS="56" STYLEREFS="font1"><String WC="0.9700000286" CONTENT="da" HEIGHT="33" WIDTH="32" VPOS="1234" HPOS="56"/><SP WIDTH="9" VPOS="1249" HPOS="89"/><String WC="0.4683333337" CONTENT="quelle" HEIGHT="47" WIDTH="86" VPOS="1235" HPOS="99"/><SP WIDTH="9" VPOS="1251" HPOS="186"/><String WC="0.226666674" CONTENT="ehe" HEIGHT="31" WIDTH="47" VPOS="1239" HPOS="196"/><SP WIDTH="9" VPOS="1234" HPOS="244"/><String WC="0.4099999964" CONTENT="ja" HEIGHT="36" WIDTH="23" VPOS="1234" HPOS="254"/><SP WIDTH="10" VPOS="1251" HPOS="278"/><String WC="0.4130769372" CONTENT="perieguitaftO" HEIGHT="54" WIDTH="186" VPOS="1231" HPOS="289"/></TextLine>
<TextLine HEIGHT="45" WIDTH="303" VPOS="1276" HPOS="56" STYLEREFS="font1"><String WC="0.8799999952" CONTENT="le" HEIGHT="34" WIDTH="28" VPOS="1276" HPOS="56"/><SP WIDTH="9" VPOS="1283" HPOS="84"/><String WC="0.3540000021" CONTENT="danno" HEIGHT="35" WIDTH="94" VPOS="1283" HPOS="93"/><SP WIDTH="11" VPOS="1285" HPOS="187"/><String WC="0.4600000083" CONTENT="la" HEIGHT="32" WIDTH="27" VPOS="1285" HPOS="198"/><SP WIDTH="10" VPOS="1295" HPOS="225"/><String WC="0.2428571433" CONTENT="caccia," HEIGHT="37" WIDTH="98" VPOS="1284" HPOS="236"/><SP WIDTH="7" VPOS="1292" HPOS="334"/><String STYLE="italics" WC="1." CONTENT="6" HEIGHT="24" WIDTH="16" VPOS="1292" HPOS="342"/></TextLine>
</TextBlock>
<TextBlock ID="Page1_Block5" HEIGHT="1129" WIDTH="551" VPOS="199" HPOS="546" language="de" STYLEREFS="font1"><Shape><Polygon POINTS="574,210 1100,210 1100,1330 578,1330 578,1248 568,1248 568,1128 620,1128 620,998 578,998 578,970 620,970 620,914 580,914 580,868 574,868 574,842 578,842 578,796 576,796 576,750 574,750 574,700 614,700 614,596 574,596 574,538 616,538 616,474 576,474 576,426 574,426 574,210"/></Shape>
<TextLine HEIGHT="42" WIDTH="495" VPOS="209" HPOS="576"><String WC="0.2949999869" CONTENT="ou" HEIGHT="18" WIDTH="36" VPOS="225" HPOS="576"/><SP WIDTH="15" VPOS="214" HPOS="613"/><String WC="0.6100000143" CONTENT="bien" HEIGHT="30" WIDTH="65" VPOS="215" HPOS="629"/><SP WIDTH="16" VPOS="216" HPOS="695"/><String WC="0.2099999934" CONTENT="le" HEIGHT="27" WIDTH="23" VPOS="216" HPOS="712"/><SP WIDTH="14" VPOS="213" HPOS="736"/><String WC="0.5057142973" CONTENT="brifent" HEIGHT="31" WIDTH="99" VPOS="212" HPOS="751"/><SP WIDTH="7" VPOS="215" HPOS="851"/><String WC="0.5400000215" CONTENT="les" HEIGHT="28" WIDTH="38" VPOS="216" HPOS="859"/><SP WIDTH="12" VPOS="226" HPOS="898"/><String WC="0.5366666913" CONTENT="uns" HEIGHT="21" WIDTH="51" VPOS="226" HPOS="911"/><SP WIDTH="13" VPOS="217" HPOS="963"/><String WC="0.473333329" CONTENT="les" HEIGHT="28" WIDTH="36" VPOS="218" HPOS="977"/><SP WIDTH="7" VPOS="228" HPOS="1014"/><String WC="0.5" CONTENT="au-" HEIGHT="20" WIDTH="49" VPOS="226" HPOS="1022"/></TextLine>
<TextLine HEIGHT="30" WIDTH="67" VPOS="265" HPOS="1005"><String WC="0.7220000029" CONTENT="(tres" HEIGHT="30" WIDTH="67" VPOS="265" HPOS="1005"/></TextLine>
<TextLine HEIGHT="50" WIDTH="495" VPOS="291" HPOS="574"><String WC="0.2199999988" CONTENT="a" HEIGHT="17" WIDTH="14" VPOS="307" HPOS="574"/><SP WIDTH="10" VPOS="306" HPOS="588"/><String WC="0.3280000091" CONTENT="coups" HEIGHT="31" WIDTH="85" VPOS="303" HPOS="598"/><SP WIDTH="8" VPOS="293" HPOS="683"/><String WC="0.2150000036" CONTENT="de" HEIGHT="31" WIDTH="32" VPOS="293" HPOS="691"/><SP WIDTH="8" VPOS="306" HPOS="723"/><String WC="0.5666666627" CONTENT="canön," HEIGHT="29" WIDTH="100" VPOS="301" HPOS="731"/><SP WIDTH="9" VPOS="295" HPOS="831"/><String STYLE="italics" WC="0.2349999994" CONTENT="de" HEIGHT="31" WIDTH="31" VPOS="295" HPOS="840"/><SP WIDTH="8" VPOS="310" HPOS="871"/><String STYLE="italics" WC="0.3354545534" CONTENT="canonnadesu" HEIGHT="34" WIDTH="190" VPOS="298" HPOS="879"/></TextLine>
<TextLine HEIGHT="39" WIDTH="259" VPOS="340" HPOS="575"><String WC="0.4650000036" CONTENT="&amp;.en" HEIGHT="27" WIDTH="71" VPOS="340" HPOS="575"/><SP WIDTH="8" VPOS="348" HPOS="647"/><String WC="0.5120000243" CONTENT="etant" HEIGHT="21" WIDTH="72" VPOS="346" HPOS="656"/><SP WIDTH="9" VPOS="347" HPOS="729"/><String WC="0.4816666543" CONTENT="percez" HEIGHT="32" WIDTH="95" VPOS="347" HPOS="739"/></TextLine>
<TextLine HEIGHT="39" WIDTH="319" VPOS="374" HPOS="573"><String WC="0.5666666627" CONTENT="i!s" HEIGHT="28" WIDTH="29" VPOS="380" HPOS="573"/><SP WIDTH="7" VPOS="390" HPOS="603"/><String WC="0.3675000072" CONTENT="vont" HEIGHT="22" WIDTH="68" VPOS="387" HPOS="611"/><SP WIDTH="10" VPOS="388" HPOS="680"/><String STYLE="italics" WC="0.4166666567" CONTENT="couhnt" HEIGHT="28" WIDTH="96" VPOS="382" HPOS="691"/><SP WIDTH="9" VPOS="381" HPOS="788"/><String STYLE="italics" WC="9.000000358e-002" CONTENT="k" HEIGHT="26" WIDTH="14" VPOS="382" HPOS="798"/><SP WIDTH="8" VPOS="378" HPOS="813"/><String WC="0.1424999982" CONTENT="fond" HEIGHT="31" WIDTH="71" VPOS="378" HPOS="821"/></TextLine>
<TextLine HEIGHT="40" WIDTH="243" VPOS="422" HPOS="573"><String WC="1." CONTENT="&amp;" HEIGHT="27" WIDTH="27" VPOS="424" HPOS="573"/><SP WIDTH="8" VPOS="424" HPOS="600"/><String WC="0.5799999833" CONTENT="i’" HEIGHT="24" WIDTH="20" VPOS="428" HPOS="608"/><SP WIDTH="13" VPOS="429" HPOS="628"/><String STYLE="italics" WC="0.3633333445" CONTENT="tnfanfent" HEIGHT="38" WIDTH="131" VPOS="423" HPOS="641"/><String WC="0.3600000143" CONTENT=";" HEIGHT="24" WIDTH="8" VPOS="432" HPOS="782"/><SP WIDTH="14" VPOS="432" HPOS="790"/><String WC="0.2700000107" CONTENT="3" HEIGHT="27" WIDTH="12" VPOS="433" HPOS="804"/></TextLine>
<TextLine HEIGHT="49" WIDTH="218" VPOS="491" HPOS="612"><String WC="0.6200000048" CONTENT="ou" HEIGHT="21" WIDTH="35" VPOS="507" HPOS="612"/><SP WIDTH="7" VPOS="497" HPOS="648"/><String WC="0.4460000098" CONTENT="bien," HEIGHT="37" WIDTH="73" VPOS="497" HPOS="656"/><SP WIDTH="9" VPOS="510" HPOS="730"/><String WC="0.2516666651" CONTENT="quatid" HEIGHT="46" WIDTH="90" VPOS="494" HPOS="740"/></TextLine>
<TextLine HEIGHT="51" WIDTH="273" VPOS="532" HPOS="564"><String WC="0.5724999905" CONTENT="|ony" HEIGHT="48" WIDTH="70" VPOS="532" HPOS="564"/><SP WIDTH="9" VPOS="551" HPOS="634"/><String WC="0.6022222042" CONTENT="metlefeuj" HEIGHT="36" WIDTH="153" VPOS="540" HPOS="644"/><SP WIDTH="12" VPOS="540" HPOS="797"/><String WC="1." CONTENT="&amp;" HEIGHT="27" WIDTH="28" VPOS="540" HPOS="809"/></TextLine>
<TextLine HEIGHT="55" WIDTH="457" VPOS="606" HPOS="609"><String WC="0.3950000107" CONTENT="La" HEIGHT="28" WIDTH="37" VPOS="619" HPOS="609"/><SP WIDTH="16" VPOS="626" HPOS="647"/><String WC="0.4033333361" CONTENT="poudre" HEIGHT="43" WIDTH="104" VPOS="613" HPOS="664"/><SP WIDTH="14" VPOS="626" HPOS="769"/><String WC="0.6700000167" CONTENT="a" HEIGHT="19" WIDTH="16" VPOS="626" HPOS="784"/><SP WIDTH="14" VPOS="625" HPOS="801"/><String WC="0.2440000027" CONTENT="canön" HEIGHT="30" WIDTH="90" VPOS="615" HPOS="816"/><SP WIDTH="7" VPOS="621" HPOS="907"/><String WC="0.5899999738" CONTENT="4" HEIGHT="30" WIDTH="20" VPOS="623" HPOS="915"/><SP WIDTH="8" VPOS="623" HPOS="936"/><String WC="0.625" CONTENT="s’" HEIGHT="30" WIDTH="20" VPOS="612" HPOS="945"/><SP WIDTH="5" VPOS="612" HPOS="966"/><String WC="0." CONTENT="y" HEIGHT="29" WIDTH="17" VPOS="626" HPOS="972"/><SP WIDTH="13" VPOS="626" HPOS="990"/><String WC="0.3849999905" CONTENT="pre-" HEIGHT="32" WIDTH="62" VPOS="624" HPOS="1004"/></TextLine>
<TextLine HEIGHT="34" WIDTH="96" VPOS="661" HPOS="972"><String WC="0.7200000286" CONTENT="(nantz" HEIGHT="34" WIDTH="96" VPOS="661" HPOS="972"/></TextLine>
<TextLine HEIGHT="41" WIDTH="184" VPOS="696" HPOS="569"><String WC="0.3899999857" CONTENT="jetteeri" HEIGHT="33" WIDTH="104" VPOS="702" HPOS="569"/><SP WIDTH="10" VPOS="697" HPOS="673"/><String WC="0.4250000119" CONTENT="Fair" HEIGHT="31" WIDTH="70" VPOS="698" HPOS="683"/></TextLine>
<TextLine HEIGHT="50" WIDTH="327" VPOS="734" HPOS="561"><String WC="0.2133333385" CONTENT="des" HEIGHT="28" WIDTH="43" VPOS="741" HPOS="562"/><SP WIDTH="9" VPOS="751" HPOS="605"/><String WC="0.3971428573" CONTENT="pauvres" HEIGHT="31" WIDTH="112" VPOS="749" HPOS="614"/><SP WIDTH="15" VPOS="750" HPOS="726"/><String WC="0.3688888848" CONTENT="perfonnes" HEIGHT="46" WIDTH="147" VPOS="738" HPOS="741"/></TextLine>
<TextLine HEIGHT="33" WIDTH="157" VPOS="781" HPOS="569"><String WC="1." CONTENT="&amp;" HEIGHT="27" WIDTH="25" VPOS="785" HPOS="569"/><SP WIDTH="9" VPOS="782" HPOS="595"/><String WC="0.4012500048" CONTENT="lesbrüle" HEIGHT="33" WIDTH="121" VPOS="781" HPOS="605"/></TextLine>
<TextLine HEIGHT="47" WIDTH="396" VPOS="817" HPOS="558"><String WC="0.226666674" CONTENT="lau" HEIGHT="27" WIDTH="43" VPOS="830" HPOS="558"/><SP WIDTH="7" VPOS="836" HPOS="601"/><String WC="0.4066666663" CONTENT="milicu" HEIGHT="30" WIDTH="91" VPOS="826" HPOS="609"/><SP WIDTH="9" VPOS="826" HPOS="700"/><String WC="0.3833333254" CONTENT="des" HEIGHT="30" WIDTH="48" VPOS="826" HPOS="709"/><SP WIDTH="7" VPOS="835" HPOS="757"/><String WC="0.3400000036" CONTENT="ondes," HEIGHT="36" WIDTH="103" VPOS="823" HPOS="764"/><SP WIDTH="9" VPOS="823" HPOS="867"/><String STYLE="italics" WC="0.3580000103" CONTENT="flots" HEIGHT="41" WIDTH="61" VPOS="823" HPOS="876"/><SP WIDTH="7" VPOS="828" HPOS="937"/><String WC="0.2399999946" CONTENT="r" HEIGHT="22" WIDTH="10" VPOS="828" HPOS="944"/></TextLine>
<TextLine HEIGHT="35" WIDTH="246" VPOS="867" HPOS="569"><String WC="0.412499994" CONTENT="oubienfe" HEIGHT="33" WIDTH="139" VPOS="867" HPOS="569"/><SP WIDTH="10" VPOS="878" HPOS="708"/><String WC="0.3066666722" CONTENT="neient" HEIGHT="29" WIDTH="97" VPOS="872" HPOS="718"/></TextLine>
<TextLine HEIGHT="56" WIDTH="501" VPOS="939" HPOS="561"><String WC="0.2599999905" CONTENT="|en" HEIGHT="29" WIDTH="39" VPOS="958" HPOS="561"/><SP WIDTH="7" VPOS="952" HPOS="601"/><String WC="0.2349999994" CONTENT="fe" HEIGHT="30" WIDTH="23" VPOS="952" HPOS="609"/><SP WIDTH="7" VPOS="953" HPOS="633"/><String WC="0.4328571558" CONTENT="lancant" HEIGHT="31" WIDTH="112" VPOS="953" HPOS="641"/><SP WIDTH="12" VPOS="952" HPOS="754"/><String WC="0.150000006" CONTENT="dans" HEIGHT="32" WIDTH="67" VPOS="952" HPOS="767"/><SP WIDTH="14" VPOS="950" HPOS="835"/><String WC="0.625" CONTENT="la" HEIGHT="30" WIDTH="27" VPOS="950" HPOS="849"/><SP WIDTH="5" VPOS="955" HPOS="876"/><String WC="0.3519999981" CONTENT="ttier" HEIGHT="26" WIDTH="60" VPOS="954" HPOS="882"/><SP WIDTH="11" VPOS="954" HPOS="943"/><String WC="0.237499997" CONTENT="pöür" HEIGHT="36" WIDTH="72" VPOS="954" HPOS="955"/><SP WIDTH="7" VPOS="948" HPOS="1028"/><String WC="0.1949999928" CONTENT="fe" HEIGHT="30" WIDTH="27" VPOS="948" HPOS="1035"/></TextLine>
<TextLine HEIGHT="43" WIDTH="118" VPOS="990" HPOS="943"><String WC="0.473333329" CONTENT="(fauveri," HEIGHT="43" WIDTH="118" VPOS="990" HPOS="943"/></TextLine>
<TextLine HEIGHT="44" WIDTH="444" VPOS="1066" HPOS="614"><String WC="0.3199999928" CONTENT="Un" HEIGHT="26" WIDTH="46" VPOS="1077" HPOS="614"/><SP WIDTH="18" VPOS="1083" HPOS="661"/><String WC="0.3249999881" CONTENT="navire" HEIGHT="19" WIDTH="91" VPOS="1084" HPOS="680"/><SP WIDTH="18" VPOS="1074" HPOS="772"/><String WC="0.6050000191" CONTENT="fuiard" HEIGHT="31" WIDTH="87" VPOS="1071" HPOS="791"/><SP WIDTH="13" VPOS="1073" HPOS="879"/><String WC="0.5799999833" CONTENT="," HEIGHT="14" WIDTH="9" VPOS="1092" HPOS="893"/><SP WIDTH="14" VPOS="1081" HPOS="903"/><String WC="0.1299999952" CONTENT="y" HEIGHT="24" WIDTH="17" VPOS="1082" HPOS="918"/><SP WIDTH="17" VPOS="1078" HPOS="936"/><String STYLE="italics" WC="0.2975000143" CONTENT="ptrtfani" HEIGHT="37" WIDTH="104" VPOS="1072" HPOS="954"/></TextLine>
<TextLine HEIGHT="117" WIDTH="508" VPOS="1101" HPOS="551" STYLEREFS="font1"><String STYLEREFS="font4" WC="0.3300000131" CONTENT="|" HEIGHT="93" WIDTH="12" VPOS="1116" HPOS="551"/><String WC="0.2849999964" CONTENT="(s" HEIGHT="27" WIDTH="26" VPOS="1119" HPOS="736"/><String STYLE="superscript" WC="0.6299999952" CONTENT="-" HEIGHT="6" WIDTH="6" VPOS="1120" HPOS="764"/><SP WIDTH="8" VPOS="1120" HPOS="770"/><String WC="0.4188888967" CONTENT="echappcr," HEIGHT="38" WIDTH="144" VPOS="1113" HPOS="778"/><SP WIDTH="10" VPOS="1121" HPOS="922"/><String WC="0.7699999809" CONTENT="s’" HEIGHT="30" WIDTH="20" VPOS="1108" HPOS="932"/><SP WIDTH="9" VPOS="1108" HPOS="952"/><String WC="0.3116666675" CONTENT="evadeü" HEIGHT="33" WIDTH="98" VPOS="1111" HPOS="961"/></TextLine>
<TextLine HEIGHT="44" WIDTH="317" VPOS="1149" HPOS="560" STYLEREFS="font1"><String WC="0.7466666698" CONTENT="eft" HEIGHT="28" WIDTH="37" VPOS="1149" HPOS="561"/><SP WIDTH="8" VPOS="1150" HPOS="599"/><String WC="0.5320000052" CONTENT="rattrappe," HEIGHT="34" WIDTH="151" VPOS="1157" HPOS="607"/><SP WIDTH="8" VPOS="1161" HPOS="758"/><String STYLE="italics" WC="0.2862499952" CONTENT="rattsint" HEIGHT="27" WIDTH="111" VPOS="1156" HPOS="766"/></TextLine>
<TextLine HEIGHT="42" WIDTH="94" VPOS="1191" HPOS="601"><String WC="0.5514285564" CONTENT="fürpris" HEIGHT="42" WIDTH="94" VPOS="1191" HPOS="601"/></TextLine>
<TextLine HEIGHT="53" WIDTH="498" VPOS="1234" HPOS="562"><String WC="0.3199999928" CONTENT="de" HEIGHT="29" WIDTH="31" VPOS="1236" HPOS="562"/><SP WIDTH="9" VPOS="1245" HPOS="594"/><String WC="0.6125000119" CONTENT="ceux" HEIGHT="23" WIDTH="66" VPOS="1245" HPOS="604"/><SP WIDTH="7" VPOS="1247" HPOS="671"/><String WC="0.200000003" CONTENT="qui" HEIGHT="42" WIDTH="47" VPOS="1239" HPOS="679"/><SP WIDTH="12" VPOS="1237" HPOS="727"/><String WC="0.4366666675" CONTENT="lui" HEIGHT="32" WIDTH="36" VPOS="1238" HPOS="740"/><SP WIDTH="7" VPOS="1238" HPOS="777"/><String WC="0.1685714275" CONTENT="donnent" HEIGHT="37" WIDTH="128" VPOS="1238" HPOS="785"/><SP WIDTH="8" VPOS="1242" HPOS="914"/><String WC="0.625" CONTENT="la" HEIGHT="31" WIDTH="26" VPOS="1242" HPOS="923"/><SP WIDTH="8" VPOS="1252" HPOS="950"/><String WC="0.5325000286" CONTENT="chaff-t." HEIGHT="35" WIDTH="101" VPOS="1240" HPOS="959"/></TextLine>
<TextLine HEIGHT="39" WIDTH="38" VPOS="1286" HPOS="1022" STYLEREFS="font1"><String WC="0.4699999988" CONTENT="(6" HEIGHT="39" WIDTH="38" VPOS="1286" HPOS="1022"/></TextLine>
</TextBlock><GraphicalElement ID="Page1_Block6" HEIGHT="14" WIDTH="261" VPOS="179" HPOS="70"/><GraphicalElement ID="Page1_Block7" HEIGHT="13" WIDTH="706" VPOS="193" HPOS="345"/><GraphicalElement ID="Page1_Block8" HEIGHT="884" WIDTH="17" VPOS="212" HPOS="555"/>
</PrintSpace>
</Page>
</Layout>
</alto>