﻿<?xml version="1.0" encoding="UTF-8" standalone="yes"?>
<alto xmlns="http://www.loc.gov/standards/alto/ns-v2#" xmlns:xlink="http://www.w3.org/1999/xlink" xmlns:xsi="http://www.w3.org/2001/XMLSchema-instance" xsi:schemaLocation="http://www.loc.gov/standards/alto/ns-v2# http://www.loc.gov/standards/alto/alto-v2.0.xsd">
<Description>
<MeasurementUnit>pixel</MeasurementUnit>
<OCRProcessing ID="IdOcr"><ocrProcessingStep><processingDateTime>2017-03-20</processingDateTime><processingSoftware><softwareCreator>ABBYY</softwareCreator><softwareName>ABBYY FineReader Engine</softwareName><softwareVersion>11</softwareVersion></processingSoftware></ocrProcessingStep></OCRProcessing>
</Description>
<Styles><TextStyle ID="font0" FONTFAMILY="Times New Roman" FONTSIZE="9"/><TextStyle ID="font1" FONTFAMILY="Times New Roman" FONTSIZE="10"/><TextStyle ID="font2" FONTFAMILY="Times New Roman" FONTSIZE="12"/>
</Styles>
<Layout>
<Page ID="Page1" PHYSICAL_IMG_NR="1" HEIGHT="2062" WIDTH="1215">
<TopMargin HEIGHT="136" WIDTH="1215" VPOS="0" HPOS="0">
</TopMargin>
<LeftMargin HEIGHT="1737" WIDTH="168" VPOS="136" HPOS="0">
</LeftMargin>
<BottomMargin HEIGHT="189" WIDTH="1215" VPOS="1873" HPOS="0">
</BottomMargin>
<PrintSpace HEIGHT="1737" WIDTH="1047" VPOS="136" HPOS="168">
<TextBlock ID="Page1_Block1" HEIGHT="301" WIDTH="284" VPOS="196" HPOS="168" language="de" STYLEREFS="font0"><Shape><Polygon POINTS="200,204 480,204 480,464 402,464 402,500 200,500 200,204"/></Shape>
<TextLine HEIGHT="35" WIDTH="156" VPOS="208" HPOS="187"><String WC="0.4850000143" CONTENT="pntretifler." HEIGHT="35" WIDTH="156" VPOS="208" HPOS="187"/></TextLine>
<TextLine HEIGHT="42" WIDTH="174" VPOS="250" HPOS="188"><String WC="0.3690909147" CONTENT="fnvelouper." HEIGHT="42" WIDTH="174" VPOS="250" HPOS="188"/></TextLine>
<TextLine HEIGHT="37" WIDTH="208" VPOS="290" HPOS="189"><String WC="0.4611110985" CONTENT="envcnims." HEIGHT="36" WIDTH="157" VPOS="291" HPOS="189"/><SP WIDTH="10" VPOS="304" HPOS="346"/><String WC="0.5799999833" CONTENT="m." HEIGHT="21" WIDTH="41" VPOS="303" HPOS="356"/></TextLine>
<TextLine HEIGHT="34" WIDTH="116" VPOS="335" HPOS="191"><String WC="0.4149999917" CONTENT="envie," HEIGHT="33" WIDTH="86" VPOS="335" HPOS="191"/><SP WIDTH="6" VPOS="335" HPOS="278"/><String WC="0.4300000072" CONTENT="f." HEIGHT="32" WIDTH="22" VPOS="335" HPOS="285"/></TextLine>
<TextLine HEIGHT="39" WIDTH="261" VPOS="375" HPOS="175"><String WC="1." CONTENT="." HEIGHT="2" WIDTH="2" VPOS="406" HPOS="175"/><SP WIDTH="15" VPOS="392" HPOS="178"/><String WC="0.1299999952" CONTENT="i" HEIGHT="16" WIDTH="15" VPOS="391" HPOS="194"/><SP WIDTH="43" VPOS="391" HPOS="210"/><String WC="1." CONTENT="-" HEIGHT="6" WIDTH="13" VPOS="393" HPOS="254"/><SP WIDTH="40" VPOS="387" HPOS="268"/><String WC="0.3149999976" CONTENT="avoirde," HEIGHT="37" WIDTH="127" VPOS="375" HPOS="309"/></TextLine>
<TextLine HEIGHT="31" WIDTH="125" VPOS="418" HPOS="192"><String WC="0.5824999809" CONTENT="environ." HEIGHT="31" WIDTH="125" VPOS="418" HPOS="192"/></TextLine>
<TextLine HEIGHT="31" WIDTH="177" VPOS="461" HPOS="193"><String WC="0.3681818247" CONTENT="environner." HEIGHT="31" WIDTH="177" VPOS="461" HPOS="193"/></TextLine>
</TextBlock>
<TextBlock ID="Page1_Block2" HEIGHT="64" WIDTH="450" VPOS="136" HPOS="461" language="de" STYLEREFS="font2"><Shape><Polygon POINTS="494,152 944,152 944,208 494,208 494,152"/></Shape>
<TextLine HEIGHT="48" WIDTH="419" VPOS="149" HPOS="478"><String WC="0.4449999928" CONTENT="en" HEIGHT="26" WIDTH="45" VPOS="156" HPOS="478"/><SP WIDTH="50" VPOS="156" HPOS="524"/><String WC="0.7450000048" CONTENT="ep" HEIGHT="38" WIDTH="45" VPOS="155" HPOS="575"/><SP WIDTH="47" VPOS="154" HPOS="621"/><String WC="0.3549999893" CONTENT="eq" HEIGHT="39" WIDTH="44" VPOS="154" HPOS="669"/><SP WIDTH="49" VPOS="155" HPOS="714"/><String WC="0.2849999964" CONTENT="er" HEIGHT="25" WIDTH="38" VPOS="158" HPOS="764"/><SP WIDTH="50" VPOS="157" HPOS="803"/><String STYLE="subscript" WC="1." CONTENT="e" HEIGHT="25" WIDTH="20" VPOS="163" HPOS="854"/><String WC="0.2899999917" CONTENT="f" HEIGHT="38" WIDTH="19" VPOS="149" HPOS="878"/></TextLine>
</TextBlock>
<TextBlock ID="Page1_Block3" HEIGHT="550" WIDTH="502" VPOS="208" HPOS="191" language="de" STYLEREFS="font0"><Shape><Polygon POINTS="496,220 712,220 712,306 716,306 716,346 710,346 710,382 714,382 714,430 716,430 716,466 708,466 708,550 718,550 718,596 714,596 714,640 716,640 716,676 710,676 710,708 716,708 716,764 388,764 388,718 218,718 218,512 450,512 450,426 496,426 496,220"/></Shape>
<TextLine HEIGHT="33" WIDTH="63" VPOS="219" HPOS="614"><String WC="0.3133333325" CONTENT="235" HEIGHT="33" WIDTH="63" VPOS="219" HPOS="614"/></TextLine>
<TextLine HEIGHT="36" WIDTH="197" VPOS="258" HPOS="482"><String WC="0.4370000064" CONTENT="57.157,203" HEIGHT="36" WIDTH="197" VPOS="258" HPOS="482"/></TextLine>
<TextLine HEIGHT="32" WIDTH="63" VPOS="301" HPOS="618"><String WC="0.3266666532" CONTENT="123" HEIGHT="32" WIDTH="63" VPOS="301" HPOS="618"/></TextLine>
<TextLine HEIGHT="39" WIDTH="150" VPOS="337" HPOS="528"><String WC="0.8371428847" CONTENT="-35&gt;4&gt;i" HEIGHT="39" WIDTH="150" VPOS="337" HPOS="528"/></TextLine>
<TextLine HEIGHT="35" WIDTH="62" VPOS="378" HPOS="621" STYLEREFS="font0"><String WC="0.2666666806" CONTENT="2S5" HEIGHT="35" WIDTH="62" VPOS="378" HPOS="621"/></TextLine>
<TextLine HEIGHT="37" WIDTH="175" VPOS="425" HPOS="509" STYLEREFS="font0"><String WC="0.8100000024" CONTENT="," HEIGHT="14" WIDTH="5" VPOS="448" HPOS="510"/><SP WIDTH="115" VPOS="427" HPOS="516"/><String STYLE="italics" WC="0.6000000238" CONTENT="\S" HEIGHT="26" WIDTH="35" VPOS="426" HPOS="631"/><String STYLE="italics" STYLEREFS="font1" WC="0.2599999905" CONTENT="7" HEIGHT="26" WIDTH="17" VPOS="425" HPOS="667"/></TextLine>
<TextLine HEIGHT="31" WIDTH="123" VPOS="466" HPOS="556"><String WC="0.812857151" CONTENT="&apos;57.^oi" HEIGHT="31" WIDTH="123" VPOS="466" HPOS="556"/></TextLine>
<TextLine HEIGHT="34" WIDTH="48" VPOS="500" HPOS="633"><String WC="0.2599999905" CONTENT="U&apos;" HEIGHT="34" WIDTH="48" VPOS="500" HPOS="633"/></TextLine>
<TextLine HEIGHT="51" WIDTH="491" VPOS="537" HPOS="197" STYLEREFS="font0"><String WC="0.3577777743" CONTENT="environs." HEIGHT="33" WIDTH="137" VPOS="543" HPOS="197"/><SP WIDTH="6" VPOS="554" HPOS="335"/><String WC="0.4050000012" CONTENT="p." HEIGHT="30" WIDTH="27" VPOS="554" HPOS="342"/><SP WIDTH="8" VPOS="553" HPOS="370"/><String WC="0.3849999905" CONTENT="m," HEIGHT="22" WIDTH="40" VPOS="553" HPOS="379"/><SP WIDTH="127" VPOS="551" HPOS="420"/><String WC="0.4057142735" CONTENT="433,539" HEIGHT="37" WIDTH="140" VPOS="544" HPOS="548"/></TextLine>
<TextLine HEIGHT="49" WIDTH="490" VPOS="581" HPOS="197" STYLEREFS="font0"><String WC="0.4637500048" CONTENT="envoler." HEIGHT="30" WIDTH="124" VPOS="587" HPOS="197"/><SP WIDTH="231" VPOS="595" HPOS="321"/><String WC="1." CONTENT="1" HEIGHT="18" WIDTH="12" VPOS="595" HPOS="552"/><SP WIDTH="9" VPOS="590" HPOS="564"/><String WC="0.2199999988" CONTENT="89" HEIGHT="34" WIDTH="35" VPOS="589" HPOS="573"/><SP WIDTH="26" VPOS="593" HPOS="608"/><String WC="0.2300000042" CONTENT="203" HEIGHT="29" WIDTH="53" VPOS="592" HPOS="634"/></TextLine>
<TextLine HEIGHT="47" WIDTH="490" VPOS="623" HPOS="198" STYLEREFS="font0"><String WC="0.3600000143" CONTENT="envoier." HEIGHT="32" WIDTH="125" VPOS="629" HPOS="198"/><SP WIDTH="229" VPOS="636" HPOS="324"/><String WC="0.7271428704" CONTENT="161.413" HEIGHT="34" WIDTH="134" VPOS="629" HPOS="554"/></TextLine>
<TextLine HEIGHT="49" WIDTH="488" VPOS="662" HPOS="198" STYLEREFS="font0"><String WC="1." CONTENT="-" HEIGHT="6" WIDTH="13" VPOS="685" HPOS="198"/><SP WIDTH="40" VPOS="685" HPOS="212"/><String WC="1." CONTENT="-" HEIGHT="6" WIDTH="14" VPOS="686" HPOS="253"/><SP WIDTH="39" VPOS="670" HPOS="268"/><String WC="0.8000000119" CONTENT="de8" HEIGHT="30" WIDTH="46" VPOS="669" HPOS="308"/><SP WIDTH="7" VPOS="671" HPOS="355"/><String WC="0.7810000181" CONTENT="4rnbassadeurs(Lrnbaf" HEIGHT="46" WIDTH="323" VPOS="662" HPOS="363"/></TextLine>
<TextLine HEIGHT="50" WIDTH="321" VPOS="703" HPOS="369" STYLEREFS="font0"><String WC="0.8057143092" CONTENT="fades.)" HEIGHT="44" WIDTH="100" VPOS="707" HPOS="369"/><SP WIDTH="6" VPOS="711" HPOS="469"/><String WC="0.6625000238" CONTENT="6ce." HEIGHT="29" WIDTH="53" VPOS="711" HPOS="475"/><SP WIDTH="15" VPOS="724" HPOS="529"/><String WC="0.3899999857" CONTENT="p4s." HEIGHT="31" WIDTH="66" VPOS="719" HPOS="545"/><SP WIDTH="25" VPOS="721" HPOS="612"/><String WC="0.573333323" CONTENT="53;" HEIGHT="27" WIDTH="52" VPOS="720" HPOS="638"/></TextLine>
</TextBlock>
<TextBlock ID="Page1_Block4" HEIGHT="249" WIDTH="78" VPOS="754" HPOS="621" language="de" STYLEREFS="font0"><Shape><Polygon POINTS="644,766 720,766 720,846 718,846 718,888 710,888 710,932 716,932 716,978 718,978 718,1014 644,1014 644,766"/></Shape>
<TextLine HEIGHT="29" WIDTH="54" VPOS="760" HPOS="638"><String WC="0.7666666508" CONTENT="511" HEIGHT="29" WIDTH="54" VPOS="760" HPOS="638"/></TextLine>
<TextLine HEIGHT="27" WIDTH="55" VPOS="846" HPOS="639" STYLEREFS="font0"><String WC="0.2833333313" CONTENT="519" HEIGHT="27" WIDTH="55" VPOS="846" HPOS="639"/></TextLine>
<TextLine HEIGHT="30" WIDTH="57" VPOS="877" HPOS="629" STYLEREFS="font0"><String WC="0.6499999762" CONTENT="ibid" HEIGHT="30" WIDTH="57" VPOS="877" HPOS="629"/></TextLine>
<TextLine HEIGHT="31" WIDTH="59" VPOS="928" HPOS="636"><String WC="0.4600000083" CONTENT="587" HEIGHT="31" WIDTH="59" VPOS="928" HPOS="636"/></TextLine>
<TextLine HEIGHT="28" WIDTH="59" VPOS="973" HPOS="636" STYLEREFS="font0"><String WC="0.2166666687" CONTENT="439" HEIGHT="28" WIDTH="59" VPOS="973" HPOS="636"/></TextLine>
</TextBlock>
<TextBlock ID="Page1_Block5" HEIGHT="166" WIDTH="145" VPOS="1048" HPOS="552" language="de" STYLEREFS="font0"><Shape><Polygon POINTS="570,1060 712,1060 712,1190 710,1190 710,1224 570,1224 570,1060"/></Shape>
<TextLine HEIGHT="34" WIDTH="134" VPOS="1055" HPOS="558" STYLEREFS="font0"><String WC="0.5500000119" CONTENT="*" HEIGHT="17" WIDTH="11" VPOS="1057" HPOS="558"/><SP WIDTH="11" VPOS="1057" HPOS="569"/><String WC="0.2399999946" CONTENT="f" HEIGHT="24" WIDTH="10" VPOS="1060" HPOS="580"/><SP WIDTH="7" VPOS="1058" HPOS="590"/><String WC="0.4499999881" CONTENT="7-" HEIGHT="28" WIDTH="26" VPOS="1057" HPOS="597"/><SP WIDTH="11" VPOS="1058" HPOS="623"/><String WC="0.2700000107" CONTENT="4" HEIGHT="30" WIDTH="20" VPOS="1058" HPOS="634"/><String STYLE="superscript" WC="0.5749999881" CONTENT="11" HEIGHT="20" WIDTH="31" VPOS="1057" HPOS="661"/></TextLine>
<TextLine HEIGHT="41" WIDTH="121" VPOS="1086" HPOS="575"><String WC="0.4149999917" CONTENT="Zi-r&apos;rs." HEIGHT="41" WIDTH="121" VPOS="1086" HPOS="575"/></TextLine>
<TextLine HEIGHT="29" WIDTH="60" VPOS="1130" HPOS="636" STYLEREFS="font0"><String WC="0.4460000098" CONTENT="ibid." HEIGHT="29" WIDTH="60" VPOS="1130" HPOS="636"/></TextLine>
<TextLine HEIGHT="28" WIDTH="32" VPOS="1183" HPOS="661" STYLEREFS="font0"><String WC="0.1400000006" CONTENT="73" HEIGHT="28" WIDTH="32" VPOS="1183" HPOS="661"/></TextLine>
</TextBlock>
<TextBlock ID="Page1_Block6" HEIGHT="1066" WIDTH="525" VPOS="739" HPOS="177" language="de" STYLEREFS="font0"><Shape><Polygon POINTS="200,748 564,748 564,806 536,806 536,1418 712,1418 712,1476 552,1476 552,1758 372,1758 372,1808 200,1808 200,748"/></Shape>
<TextLine HEIGHT="55" WIDTH="337" VPOS="742" HPOS="200"><String WC="0.5600000024" CONTENT="-" HEIGHT="7" WIDTH="14" VPOS="768" HPOS="200"/><SP WIDTH="37" VPOS="768" HPOS="215"/><String WC="0.7099999785" CONTENT="-" HEIGHT="7" WIDTH="14" VPOS="768" HPOS="253"/><SP WIDTH="41" VPOS="753" HPOS="268"/><String WC="0.4350000024" CONTENT="la" HEIGHT="29" WIDTH="25" VPOS="752" HPOS="309"/><SP WIDTH="11" VPOS="752" HPOS="334"/><String WC="0.3540000021" CONTENT="balle" HEIGHT="38" WIDTH="69" VPOS="744" HPOS="345"/><SP WIDTH="8" VPOS="755" HPOS="414"/><String WC="0.5133333206" CONTENT="(fcrvir.)" HEIGHT="41" WIDTH="115" VPOS="752" HPOS="422"/></TextLine>
<TextLine HEIGHT="40" WIDTH="235" VPOS="792" HPOS="200"><String WC="1." CONTENT="-" HEIGHT="7" WIDTH="14" VPOS="812" HPOS="200"/><SP WIDTH="40" VPOS="812" HPOS="215"/><String WC="1." CONTENT="-" HEIGHT="6" WIDTH="13" VPOS="811" HPOS="256"/><SP WIDTH="40" VPOS="795" HPOS="270"/><String WC="0.3737500012" CONTENT="duciel.&apos;" HEIGHT="38" WIDTH="124" VPOS="792" HPOS="311"/></TextLine>
<TextLine HEIGHT="32" WIDTH="122" VPOS="835" HPOS="200"><String WC="0.3379999995" CONTENT="envi." HEIGHT="30" WIDTH="72" VPOS="836" HPOS="200"/><SP WIDTH="10" VPOS="846" HPOS="273"/><String WC="0.3899999857" CONTENT="m." HEIGHT="20" WIDTH="38" VPOS="845" HPOS="284"/></TextLine>
<TextLine HEIGHT="42" WIDTH="251" VPOS="875" HPOS="201"><String WC="1." CONTENT="-" HEIGHT="6" WIDTH="13" VPOS="895" HPOS="202"/><SP WIDTH="40" VPOS="894" HPOS="216"/><String WC="1." CONTENT="-" HEIGHT="8" WIDTH="8" VPOS="893" HPOS="257"/><SP WIDTH="49" VPOS="878" HPOS="265"/><String WC="0.4933333397" CONTENT="faire," HEIGHT="39" WIDTH="71" VPOS="876" HPOS="314"/><SP WIDTH="10" VPOS="889" HPOS="386"/><String WC="0.4399999976" CONTENT="a" HEIGHT="17" WIDTH="14" VPOS="889" HPOS="397"/><SP WIDTH="9" VPOS="878" HPOS="411"/><String WC="0.5666666627" CONTENT="1’." HEIGHT="36" WIDTH="32" VPOS="877" HPOS="420"/></TextLine>
<TextLine HEIGHT="30" WIDTH="100" VPOS="920" HPOS="203"><String WC="0.4771428704" CONTENT="enivre." HEIGHT="30" WIDTH="100" VPOS="920" HPOS="203"/></TextLine>
<TextLine HEIGHT="39" WIDTH="140" VPOS="960" HPOS="201"><String WC="0.7900000215" CONTENT="s’" HEIGHT="29" WIDTH="20" VPOS="962" HPOS="201"/><SP WIDTH="6" VPOS="962" HPOS="222"/><String WC="0.5112500191" CONTENT="enivrer," HEIGHT="37" WIDTH="112" VPOS="961" HPOS="229"/></TextLine>
<TextLine HEIGHT="39" WIDTH="49" VPOS="1004" HPOS="428" STYLEREFS="font0"><String WC="0.3300000131" CONTENT="Ep," HEIGHT="39" WIDTH="49" VPOS="1004" HPOS="428"/></TextLine>
<TextLine HEIGHT="41" WIDTH="156" VPOS="1044" HPOS="201"><String WC="0.5066666603" CONTENT="Epais." HEIGHT="40" WIDTH="89" VPOS="1045" HPOS="201"/><SP WIDTH="28" VPOS="1057" HPOS="290"/><String WC="0.2800000012" CONTENT="m." HEIGHT="20" WIDTH="39" VPOS="1056" HPOS="318"/></TextLine>
<TextLine HEIGHT="40" WIDTH="115" VPOS="1088" HPOS="202"><String WC="0.5674999952" CONTENT="epailfr." HEIGHT="40" WIDTH="115" VPOS="1088" HPOS="202"/></TextLine>
<TextLine HEIGHT="42" WIDTH="265" VPOS="1127" HPOS="203"><String WC="1." CONTENT="-" HEIGHT="7" WIDTH="15" VPOS="1147" HPOS="203"/><SP WIDTH="41" VPOS="1147" HPOS="219"/><String WC="0.5500000119" CONTENT="-" HEIGHT="6" WIDTH="13" VPOS="1147" HPOS="261"/><SP WIDTH="42" VPOS="1130" HPOS="275"/><String WC="0.2300000042" CONTENT="bien" HEIGHT="31" WIDTH="63" VPOS="1128" HPOS="318"/><SP WIDTH="7" VPOS="1128" HPOS="382"/><String WC="0.4214285612" CONTENT="ferre,." HEIGHT="38" WIDTH="78" VPOS="1127" HPOS="390"/></TextLine>
<TextLine HEIGHT="40" WIDTH="132" VPOS="1171" HPOS="202"><String WC="0.4362500012" CONTENT="epandre," HEIGHT="40" WIDTH="132" VPOS="1171" HPOS="202"/></TextLine>
<TextLine HEIGHT="33" WIDTH="142" VPOS="1223" HPOS="202"><String WC="0.4055555463" CONTENT="epargner." HEIGHT="33" WIDTH="142" VPOS="1223" HPOS="202"/></TextLine>
<TextLine HEIGHT="40" WIDTH="153" VPOS="1257" HPOS="202"><String WC="0.4454545379" CONTENT="cparpiiler." HEIGHT="40" WIDTH="153" VPOS="1257" HPOS="202"/></TextLine>
<TextLine HEIGHT="39" WIDTH="132" VPOS="1298" HPOS="207"><String WC="0.4399999976" CONTENT="epauie." HEIGHT="30" WIDTH="103" VPOS="1307" HPOS="207"/><SP WIDTH="7" VPOS="1302" HPOS="311"/><String WC="0.200000003" CONTENT="i" HEIGHT="26" WIDTH="8" VPOS="1301" HPOS="319"/><String STYLE="superscript" WC="0.2599999905" CONTENT=";" HEIGHT="15" WIDTH="8" VPOS="1298" HPOS="325"/><String WC="0.6200000048" CONTENT="," HEIGHT="8" WIDTH="6" VPOS="1321" HPOS="333"/></TextLine>
<TextLine HEIGHT="39" WIDTH="112" VPOS="1341" HPOS="204"><String WC="0.3400000036" CONTENT="epee." HEIGHT="31" WIDTH="79" VPOS="1347" HPOS="204"/><SP WIDTH="11" VPOS="1341" HPOS="283"/><String WC="0.4650000036" CONTENT="f." HEIGHT="37" WIDTH="22" VPOS="1341" HPOS="294"/></TextLine>
<TextLine HEIGHT="41" WIDTH="317" VPOS="1377" HPOS="206"><String WC="0.5500000119" CONTENT="-" HEIGHT="7" WIDTH="14" VPOS="1396" HPOS="206"/><SP WIDTH="40" VPOS="1396" HPOS="221"/><String WC="1." CONTENT="-" HEIGHT="7" WIDTH="13" VPOS="1399" HPOS="262"/><SP WIDTH="42" VPOS="1394" HPOS="276"/><String WC="0.8999999762" CONTENT="a" HEIGHT="18" WIDTH="17" VPOS="1393" HPOS="318"/><SP WIDTH="12" VPOS="1380" HPOS="335"/><String WC="0.9900000095" CONTENT="deux" HEIGHT="30" WIDTH="71" VPOS="1379" HPOS="347"/><SP WIDTH="9" VPOS="1390" HPOS="418"/><String WC="0.5333333611" CONTENT="mainr," HEIGHT="36" WIDTH="96" VPOS="1378" HPOS="427"/></TextLine>
<TextLine HEIGHT="54" WIDTH="493" VPOS="1416" HPOS="204" STYLEREFS="font0"><String WC="1." CONTENT="-" HEIGHT="7" WIDTH="15" VPOS="1438" HPOS="204"/><SP WIDTH="39" VPOS="1438" HPOS="220"/><String WC="1." CONTENT="-" HEIGHT="7" WIDTH="12" VPOS="1438" HPOS="260"/><SP WIDTH="40" VPOS="1436" HPOS="273"/><String WC="0.4787499905" CONTENT="euiouüe," HEIGHT="36" WIDTH="134" VPOS="1422" HPOS="314"/><SP WIDTH="9" VPOS="1420" HPOS="449"/><String WC="0.6819999814" CONTENT="(avex" HEIGHT="40" WIDTH="86" VPOS="1419" HPOS="459"/><SP WIDTH="16" VPOS="1420" HPOS="546"/><String WC="0.9549999833" CONTENT="Is" HEIGHT="30" WIDTH="25" VPOS="1420" HPOS="563"/><SP WIDTH="14" VPOS="1420" HPOS="589"/><String WC="0.5133333206" CONTENT="bout.)" HEIGHT="45" WIDTH="93" VPOS="1418" HPOS="604"/></TextLine>
<TextLine HEIGHT="41" WIDTH="290" VPOS="1463" HPOS="209"><String WC="0.7766666412" CONTENT="eourre" HEIGHT="23" WIDTH="94" VPOS="1472" HPOS="209"/><SP WIDTH="10" VPOS="1475" HPOS="304"/><String WC="0.1966666728" CONTENT="qpeede" HEIGHT="37" WIDTH="104" VPOS="1466" HPOS="315"/><SP WIDTH="11" VPOS="1467" HPOS="420"/><String WC="0.3359999955" CONTENT="bois." HEIGHT="31" WIDTH="67" VPOS="1463" HPOS="432"/></TextLine>
<TextLine HEIGHT="41" WIDTH="338" VPOS="1503" HPOS="203"><String WC="1." CONTENT="-" HEIGHT="9" WIDTH="13" VPOS="1524" HPOS="204"/><SP WIDTH="44" VPOS="1524" HPOS="218"/><String WC="0.5699999928" CONTENT="-" HEIGHT="7" WIDTH="14" VPOS="1523" HPOS="263"/><SP WIDTH="42" VPOS="1516" HPOS="277"/><String WC="0.2383333296" CONTENT="mettce" HEIGHT="25" WIDTH="96" VPOS="1514" HPOS="319"/><SP WIDTH="7" VPOS="1519" HPOS="415"/><String WC="0.625" CONTENT="au" HEIGHT="19" WIDTH="34" VPOS="1518" HPOS="422"/><SP WIDTH="10" VPOS="1504" HPOS="456"/><String WC="0.7300000191" CONTENT="fil" HEIGHT="29" WIDTH="28" VPOS="1504" HPOS="466"/><SP WIDTH="7" VPOS="1503" HPOS="494"/><String WC="0.4833333194" CONTENT="d&gt;," HEIGHT="35" WIDTH="40" VPOS="1503" HPOS="501"/></TextLine>
<TextLine HEIGHT="41" WIDTH="111" VPOS="1551" HPOS="208"><String WC="0.3625000119" CONTENT="epeller." HEIGHT="41" WIDTH="111" VPOS="1551" HPOS="208"/></TextLine>
<TextLine HEIGHT="42" WIDTH="138" VPOS="1592" HPOS="209"><String WC="0.555555582" CONTENT="epluchcr." HEIGHT="42" WIDTH="138" VPOS="1592" HPOS="209"/></TextLine>
<TextLine HEIGHT="34" WIDTH="162" VPOS="1642" HPOS="207"><String WC="0.3271428645" CONTENT="eperon," HEIGHT="31" WIDTH="112" VPOS="1645" HPOS="207"/><SP WIDTH="10" VPOS="1643" HPOS="320"/><String WC="0.6233333349" CONTENT="in." HEIGHT="18" WIDTH="38" VPOS="1642" HPOS="331"/></TextLine>
<TextLine HEIGHT="43" WIDTH="270" VPOS="1672" HPOS="208"><String WC="1." CONTENT="-" HEIGHT="6" WIDTH="13" VPOS="1694" HPOS="208"/><SP WIDTH="39" VPOS="1694" HPOS="221"/><String WC="0.2700000107" CONTENT="-" HEIGHT="5" WIDTH="15" VPOS="1694" HPOS="260"/><SP WIDTH="39" VPOS="1676" HPOS="275"/><String WC="0.174999997" CONTENT="de" HEIGHT="29" WIDTH="32" VPOS="1675" HPOS="314"/><SP WIDTH="11" VPOS="1686" HPOS="346"/><String WC="0.3685714304" CONTENT="vailTea" HEIGHT="32" WIDTH="92" VPOS="1672" HPOS="357"/><SP WIDTH="2" VPOS="1684" HPOS="449"/><String WC="0.5866666436" CONTENT="11," HEIGHT="26" WIDTH="27" VPOS="1684" HPOS="451"/></TextLine>
<TextLine HEIGHT="42" WIDTH="133" VPOS="1717" HPOS="207"><String WC="0.3842857182" CONTENT="epeule," HEIGHT="40" WIDTH="104" VPOS="1719" HPOS="207"/><SP WIDTH="9" VPOS="1718" HPOS="311"/><String WC="0.6299999952" CONTENT="f." HEIGHT="30" WIDTH="18" VPOS="1717" HPOS="321"/></TextLine>
<TextLine HEIGHT="45" WIDTH="156" VPOS="1759" HPOS="206"><String WC="0.3344444335" CONTENT="epicr.de." HEIGHT="44" WIDTH="119" VPOS="1760" HPOS="206"/><SP WIDTH="9" VPOS="1770" HPOS="326"/><String WC="0.1899999976" CONTENT="m" HEIGHT="18" WIDTH="26" VPOS="1770" HPOS="336"/></TextLine>
</TextBlock>
<TextBlock ID="Page1_Block7" HEIGHT="803" WIDTH="307" VPOS="213" HPOS="688" language="de" STYLEREFS="font0"><Shape><Polygon POINTS="720,230 1014,230 1014,986 854,986 854,1028 722,1028 722,986 724,986 724,892 726,892 726,816 724,816 724,764 726,764 726,690 722,690 722,638 724,638 724,558 762,558 762,522 722,522 722,472 762,472 762,396 724,396 724,354 720,354 720,230"/></Shape>
<TextLine HEIGHT="38" WIDTH="153" VPOS="215" HPOS="694"><String WC="0.5074999928" CONTENT="epicier." HEIGHT="37" WIDTH="106" VPOS="216" HPOS="694"/><SP WIDTH="7" VPOS="227" HPOS="801"/><String WC="0.6499999762" CONTENT="m." HEIGHT="19" WIDTH="38" VPOS="226" HPOS="809"/></TextLine>
<TextLine HEIGHT="39" WIDTH="98" VPOS="256" HPOS="696"><String WC="0.4387499988" CONTENT="epie.t&apos;." HEIGHT="39" WIDTH="98" VPOS="256" HPOS="696"/></TextLine>
<TextLine HEIGHT="40" WIDTH="89" VPOS="298" HPOS="689"><String WC="0.2942857146" CONTENT="iCpier." HEIGHT="40" WIDTH="89" VPOS="298" HPOS="689"/></TextLine>
<TextLine HEIGHT="40" WIDTH="134" VPOS="340" HPOS="697"><String WC="0.6100000143" CONTENT="epieu," HEIGHT="40" WIDTH="86" VPOS="340" HPOS="697"/><SP WIDTH="10" VPOS="350" HPOS="783"/><String WC="0.5550000072" CONTENT="m." HEIGHT="19" WIDTH="38" VPOS="350" HPOS="793"/></TextLine>
<TextLine HEIGHT="46" WIDTH="228" VPOS="378" HPOS="753" STYLEREFS="font0"><String WC="1." CONTENT="-" HEIGHT="5" WIDTH="12" VPOS="399" HPOS="753"/><SP WIDTH="40" VPOS="381" HPOS="766"/><String WC="0.5799999833" CONTENT="de" HEIGHT="28" WIDTH="32" VPOS="380" HPOS="807"/><SP WIDTH="13" VPOS="390" HPOS="840"/><String WC="0.3700000048" CONTENT="chafleur," HEIGHT="43" WIDTH="127" VPOS="379" HPOS="854"/></TextLine>
<TextLine HEIGHT="43" WIDTH="198" VPOS="420" HPOS="755"><String WC="1." CONTENT="-" HEIGHT="6" WIDTH="8" VPOS="439" HPOS="756"/><SP WIDTH="40" VPOS="423" HPOS="764"/><String WC="0.3950000107" CONTENT="de" HEIGHT="29" WIDTH="33" VPOS="422" HPOS="804"/><SP WIDTH="8" VPOS="434" HPOS="838"/><String WC="0.4699999988" CONTENT="guerre," HEIGHT="29" WIDTH="106" VPOS="432" HPOS="847"/></TextLine>
<TextLine HEIGHT="41" WIDTH="115" VPOS="464" HPOS="700"><String WC="0.6866666675" CONTENT="epine." HEIGHT="41" WIDTH="87" VPOS="464" HPOS="700"/><SP WIDTH="9" VPOS="465" HPOS="787"/><String WC="0.625" CONTENT="f." HEIGHT="28" WIDTH="19" VPOS="465" HPOS="796"/></TextLine>
<TextLine HEIGHT="44" WIDTH="177" VPOS="504" HPOS="758"><String WC="1." CONTENT="-" HEIGHT="4" WIDTH="12" VPOS="525" HPOS="758"/><SP WIDTH="40" VPOS="506" HPOS="771"/><String WC="0.1299999952" CONTENT="de" HEIGHT="30" WIDTH="32" VPOS="505" HPOS="812"/><SP WIDTH="8" VPOS="517" HPOS="845"/><String WC="0.2450000048" CONTENT="reins," HEIGHT="38" WIDTH="81" VPOS="508" HPOS="854"/></TextLine>
<TextLine HEIGHT="39" WIDTH="155" VPOS="547" HPOS="704"><String WC="0.4011111259" CONTENT="epinette," HEIGHT="38" WIDTH="126" VPOS="548" HPOS="704"/><SP WIDTH="7" VPOS="550" HPOS="831"/><String WC="0.4099999964" CONTENT="f." HEIGHT="29" WIDTH="20" VPOS="550" HPOS="839"/></TextLine>
<TextLine HEIGHT="42" WIDTH="183" VPOS="587" HPOS="704"><String WC="0.4300000072" CONTENT="epineux." HEIGHT="41" WIDTH="127" VPOS="588" HPOS="704"/><SP WIDTH="14" VPOS="602" HPOS="832"/><String WC="0.5600000024" CONTENT="m." HEIGHT="22" WIDTH="40" VPOS="602" HPOS="847"/></TextLine>
<TextLine HEIGHT="55" WIDTH="195" VPOS="623" HPOS="697"><String WC="0.5139999986" CONTENT="jßpitaphe." HEIGHT="55" WIDTH="147" VPOS="623" HPOS="697"/><SP WIDTH="9" VPOS="644" HPOS="844"/><String WC="0.6700000167" CONTENT="m." HEIGHT="19" WIDTH="39" VPOS="644" HPOS="853"/></TextLine>
<TextLine HEIGHT="42" WIDTH="123" VPOS="672" HPOS="707"><String WC="0.4799999893" CONTENT="epitre," HEIGHT="38" WIDTH="93" VPOS="676" HPOS="707"/><SP WIDTH="9" VPOS="672" HPOS="801"/><String WC="0.6100000143" CONTENT="f." HEIGHT="30" WIDTH="19" VPOS="672" HPOS="811"/></TextLine>
<TextLine HEIGHT="42" WIDTH="151" VPOS="715" HPOS="709"><String WC="0.3600000143" CONTENT="eponge." HEIGHT="31" WIDTH="116" VPOS="726" HPOS="709"/><SP WIDTH="11" VPOS="715" HPOS="826"/><String WC="0.3950000107" CONTENT="f." HEIGHT="30" WIDTH="22" VPOS="715" HPOS="838"/></TextLine>
<TextLine HEIGHT="47" WIDTH="144" VPOS="757" HPOS="701"><String WC="0.4137499928" CONTENT="jepoule." HEIGHT="42" WIDTH="113" VPOS="762" HPOS="701"/><SP WIDTH="8" VPOS="758" HPOS="814"/><String WC="0.3799999952" CONTENT="f." HEIGHT="32" WIDTH="23" VPOS="757" HPOS="822"/></TextLine>
<TextLine HEIGHT="41" WIDTH="121" VPOS="801" HPOS="709"><String WC="0.443749994" CONTENT="epoufer." HEIGHT="41" WIDTH="121" VPOS="801" HPOS="709"/></TextLine>
<TextLine HEIGHT="33" WIDTH="144" VPOS="852" HPOS="711"><String WC="0.5133333206" CONTENT="cpoux." HEIGHT="32" WIDTH="97" VPOS="853" HPOS="711"/><SP WIDTH="7" VPOS="854" HPOS="809"/><String WC="0.4699999988" CONTENT="m." HEIGHT="19" WIDTH="38" VPOS="853" HPOS="817"/></TextLine>
<TextLine HEIGHT="41" WIDTH="152" VPOS="885" HPOS="710"><String WC="0.5490000248" CONTENT="epreindre." HEIGHT="41" WIDTH="152" VPOS="885" HPOS="710"/></TextLine>
<TextLine HEIGHT="41" WIDTH="181" VPOS="927" HPOS="709"><String WC="0.5049999952" CONTENT="eprevier" HEIGHT="40" WIDTH="117" VPOS="928" HPOS="709"/><SP WIDTH="21" VPOS="933" HPOS="826"/><String WC="0.7049999833" CONTENT="M»" HEIGHT="23" WIDTH="43" VPOS="933" HPOS="847"/></TextLine>
<TextLine HEIGHT="45" WIDTH="108" VPOS="971" HPOS="703"><String WC="0.2680000067" CONTENT="jepif" HEIGHT="44" WIDTH="59" VPOS="972" HPOS="703"/><SP WIDTH="10" VPOS="980" HPOS="762"/><String WC="0.3300000131" CONTENT="m." HEIGHT="25" WIDTH="38" VPOS="979" HPOS="773"/></TextLine>
</TextBlock>
<TextBlock ID="Page1_Block8" HEIGHT="775" WIDTH="193" VPOS="209" HPOS="1016" language="de" STYLEREFS="font0"><Shape><Polygon POINTS="1048,230 1228,230 1228,1002 1048,1002 1048,230"/></Shape>
<TextLine HEIGHT="32" WIDTH="52" VPOS="217" HPOS="1127"><String WC="0.3633333445" CONTENT="poj" HEIGHT="32" WIDTH="52" VPOS="217" HPOS="1127"/></TextLine>
<TextLine HEIGHT="39" WIDTH="62" VPOS="253" HPOS="1120" STYLEREFS="font0"><String WC="0.1966666728" CONTENT="345" HEIGHT="39" WIDTH="62" VPOS="253" HPOS="1120"/></TextLine>
<TextLine HEIGHT="43" WIDTH="143" VPOS="296" HPOS="1036" STYLEREFS="font0"><String WC="0.273999989" CONTENT="207.4" HEIGHT="34" WIDTH="101" VPOS="305" HPOS="1036"/><String STYLE="superscript" WC="0.3100000024" CONTENT="11" HEIGHT="28" WIDTH="36" VPOS="296" HPOS="1143"/></TextLine>
<TextLine HEIGHT="36" WIDTH="63" VPOS="373" HPOS="1121"><String WC="0.3100000024" CONTENT="207" HEIGHT="36" WIDTH="63" VPOS="373" HPOS="1121"/></TextLine>
<TextLine HEIGHT="39" WIDTH="63" VPOS="415" HPOS="1123" STYLEREFS="font0"><String WC="0.3066666722" CONTENT="459" HEIGHT="39" WIDTH="63" VPOS="415" HPOS="1123"/></TextLine>
<TextLine HEIGHT="40" WIDTH="61" VPOS="453" HPOS="1126" STYLEREFS="font0"><String WC="0.4866666794" CONTENT="177" HEIGHT="40" WIDTH="61" VPOS="453" HPOS="1126"/></TextLine>
<TextLine HEIGHT="36" WIDTH="53" VPOS="494" HPOS="1131"><String WC="0.2700000107" CONTENT="16I" HEIGHT="36" WIDTH="53" VPOS="494" HPOS="1131"/></TextLine>
<TextLine HEIGHT="37" WIDTH="56" VPOS="541" HPOS="1127"><String WC="0.4199999869" CONTENT="38?" HEIGHT="37" WIDTH="56" VPOS="541" HPOS="1127"/></TextLine>
<TextLine HEIGHT="54" WIDTH="65" VPOS="576" HPOS="1124" STYLEREFS="font2"><String STYLE="italics" WC="0.1299999952" CONTENT="H" HEIGHT="54" WIDTH="65" VPOS="576" HPOS="1124"/></TextLine>
<TextLine HEIGHT="44" WIDTH="59" VPOS="616" HPOS="1130"><String WC="0.2199999988" CONTENT="5°?" HEIGHT="44" WIDTH="59" VPOS="616" HPOS="1130"/></TextLine>
<TextLine HEIGHT="45" WIDTH="58" VPOS="657" HPOS="1131" STYLEREFS="font0"><String STYLE="italics" WC="0.1599999964" CONTENT="311" HEIGHT="45" WIDTH="58" VPOS="657" HPOS="1131"/></TextLine>
<TextLine HEIGHT="37" WIDTH="59" VPOS="698" HPOS="1130" STYLEREFS="font1"><String STYLEREFS="font0" WC="1." CONTENT="s" HEIGHT="23" WIDTH="18" VPOS="712" HPOS="1131"/><String WC="0.3050000072" CONTENT="87" HEIGHT="35" WIDTH="36" VPOS="698" HPOS="1153"/></TextLine>
<TextLine HEIGHT="43" WIDTH="61" VPOS="739" HPOS="1129" STYLEREFS="font1"><String WC="0.3600000143" CONTENT="4" HEIGHT="30" WIDTH="22" VPOS="752" HPOS="1129"/><SP WIDTH="3" VPOS="740" HPOS="1151"/><String STYLEREFS="font0" WC="0.5500000119" CONTENT="«" HEIGHT="31" WIDTH="36" VPOS="739" HPOS="1154"/></TextLine>
<TextLine HEIGHT="41" WIDTH="56" VPOS="774" HPOS="1133" STYLEREFS="font0"><String WC="0.3280000091" CONTENT="ibid-" HEIGHT="41" WIDTH="56" VPOS="774" HPOS="1133"/></TextLine>
<TextLine HEIGHT="68" WIDTH="125" VPOS="820" HPOS="1067" STYLEREFS="font2"><String WC="0.2599999905" CONTENT="■" HEIGHT="7" WIDTH="4" VPOS="843" HPOS="1068"/><SP WIDTH="60" VPOS="821" HPOS="1072"/><String STYLE="italics" WC="0.7799999714" CONTENT="3" HEIGHT="67" WIDTH="61" VPOS="820" HPOS="1131"/></TextLine>
<TextLine HEIGHT="35" WIDTH="144" VPOS="878" HPOS="1042"><String WC="0.4174999893" CONTENT="2ly-" HEIGHT="28" WIDTH="74" VPOS="885" HPOS="1043"/><SP WIDTH="16" VPOS="879" HPOS="1117"/><String STYLE="italics" WC="0.6233333349" CONTENT="37&apos;" HEIGHT="30" WIDTH="53" VPOS="878" HPOS="1133"/></TextLine>
</TextBlock>
<TextBlock ID="Page1_Block9" HEIGHT="49" WIDTH="80" VPOS="1001" HPOS="910" language="de" STYLEREFS="font0"><Shape><Polygon POINTS="928,1018 1008,1018 1008,1066 928,1066 928,1018"/></Shape>
<TextLine HEIGHT="39" WIDTH="48" VPOS="1007" HPOS="928"><String WC="0.2933333218" CONTENT="Eq." HEIGHT="39" WIDTH="48" VPOS="1007" HPOS="928"/></TextLine>
</TextBlock>
<TextBlock ID="Page1_Block10" HEIGHT="52" WIDTH="151" VPOS="1123" HPOS="964" language="de" STYLEREFS="font0"><Shape><Polygon POINTS="980,1142 1130,1142 1130,1192 980,1192 980,1142"/></Shape>
<TextLine HEIGHT="36" WIDTH="132" VPOS="1135" HPOS="982"><String WC="0.4440000057" CONTENT="247.2" HEIGHT="34" WIDTH="96" VPOS="1137" HPOS="982"/><SP WIDTH="6" VPOS="1135" HPOS="1079"/><String WC="0.150000006" CONTENT="51" HEIGHT="31" WIDTH="28" VPOS="1135" HPOS="1086"/></TextLine>
</TextBlock>
<TextBlock ID="Page1_Block11" HEIGHT="179" WIDTH="83" VPOS="1021" HPOS="1126" language="de" STYLEREFS="font0"><Shape><Polygon POINTS="1144,1042 1224,1042 1224,1220 1144,1220 1144,1042"/></Shape>
<TextLine HEIGHT="42" WIDTH="58" VPOS="1073" HPOS="1135" STYLEREFS="font0"><String STYLE="italics" WC="0.1424999982" CONTENT="39*)" HEIGHT="42" WIDTH="58" VPOS="1073" HPOS="1135"/></TextLine>
<TextLine HEIGHT="41" WIDTH="56" VPOS="1114" HPOS="1136"><String STYLE="italics" WC="0.1700000018" CONTENT="39l" HEIGHT="41" WIDTH="56" VPOS="1114" HPOS="1136"/></TextLine>
<TextLine HEIGHT="39" WIDTH="57" VPOS="1159" HPOS="1135" STYLEREFS="font1"><String STYLE="italics" WC="0.4333333373" CONTENT="399" HEIGHT="39" WIDTH="57" VPOS="1159" HPOS="1135"/></TextLine>
</TextBlock>
<TextBlock ID="Page1_Block12" HEIGHT="115" WIDTH="150" VPOS="1296" HPOS="553" language="de" STYLEREFS="font0"><Shape><Polygon POINTS="566,1308 714,1308 714,1422 640,1422 640,1386 566,1386 566,1308"/></Shape>
<TextLine HEIGHT="40" WIDTH="135" VPOS="1299" HPOS="561"><String WC="0.3350000083" CONTENT="*49-" HEIGHT="32" WIDTH="66" VPOS="1304" HPOS="561"/><SP WIDTH="11" VPOS="1308" HPOS="628"/><String WC="0.4666666687" CONTENT="3&apos;i" HEIGHT="36" WIDTH="28" VPOS="1299" HPOS="640"/><SP WIDTH="11" VPOS="1299" HPOS="669"/><String WC="0.25" CONTENT="s" HEIGHT="27" WIDTH="15" VPOS="1310" HPOS="681"/></TextLine>
<TextLine HEIGHT="29" WIDTH="51" VPOS="1349" HPOS="641"><String STYLE="italics" WC="1." CONTENT="SS‘" HEIGHT="29" WIDTH="51" VPOS="1349" HPOS="641"/></TextLine>
<TextLine HEIGHT="29" WIDTH="66" VPOS="1379" HPOS="632"><String WC="0.4359999895" CONTENT="ibid;" HEIGHT="29" WIDTH="66" VPOS="1379" HPOS="632"/></TextLine>
</TextBlock>
<TextBlock ID="Page1_Block13" HEIGHT="86" WIDTH="699" VPOS="1783" HPOS="195" language="de" STYLEREFS="font0"><Shape><Polygon POINTS="200,1798 898,1798 898,1872 200,1872 200,1798"/></Shape>
<TextLine HEIGHT="61" WIDTH="689" VPOS="1793" HPOS="203"><String WC="0.3600000143" CONTENT="epicenes(epices" HEIGHT="45" WIDTH="242" VPOS="1800" HPOS="203"/><SP WIDTH="11" VPOS="1800" HPOS="445"/><String WC="0.1800000072" CONTENT=")" HEIGHT="41" WIDTH="15" VPOS="1800" HPOS="456"/><SP WIDTH="11" VPOS="1800" HPOS="471"/><String WC="0.2450000048" CONTENT="p." HEIGHT="31" WIDTH="25" VPOS="1812" HPOS="483"/><SP WIDTH="15" VPOS="1804" HPOS="508"/><String WC="0.2199999988" CONTENT="t," HEIGHT="32" WIDTH="22" VPOS="1804" HPOS="523"/><SP WIDTH="23" VPOS="1814" HPOS="546"/><String WC="0.5242857337" CONTENT="213.303" HEIGHT="35" WIDTH="122" VPOS="1812" HPOS="570"/><String STYLE="italics" WC="0.1666666716" CONTENT="!.ä" HEIGHT="30" WIDTH="132" VPOS="1803" HPOS="700"/><SP WIDTH="12" VPOS="1804" HPOS="832"/><String WC="0.474999994" CONTENT="vis." HEIGHT="32" WIDTH="48" VPOS="1802" HPOS="844"/></TextLine>
</TextBlock>
<TextBlock ID="Page1_Block14" HEIGHT="818" WIDTH="579" VPOS="1049" HPOS="628" language="de" STYLEREFS="font0"><Shape><Polygon POINTS="722,1064 912,1064 912,1192 1042,1192 1042,1564 852,1564 852,1670 1198,1670 1198,1694 1210,1694 1210,1884 972,1884 972,1784 680,1784 680,1766 638,1766 638,1480 714,1480 714,1434 718,1434 718,1308 650,1308 650,1276 644,1276 644,1224 710,1224 710,1192 736,1192 736,1154 724,1154 724,1110 722,1110 722,1064"/></Shape>
<TextLine HEIGHT="40" WIDTH="139" VPOS="1054" HPOS="709"><String WC="0.4811111093" CONTENT="Equarrer." HEIGHT="40" WIDTH="139" VPOS="1054" HPOS="709"/></TextLine>
<TextLine HEIGHT="32" WIDTH="185" VPOS="1104" HPOS="711"><String WC="0.424444437" CONTENT="-quäteur," HEIGHT="32" WIDTH="136" VPOS="1104" HPOS="711"/><SP WIDTH="12" VPOS="1104" HPOS="847"/><String WC="0.6999999881" CONTENT="m." HEIGHT="17" WIDTH="37" VPOS="1104" HPOS="859"/></TextLine>
<TextLine HEIGHT="44" WIDTH="141" VPOS="1135" HPOS="720"><String WC="0.3874999881" CONTENT="xjuiere." HEIGHT="40" WIDTH="108" VPOS="1139" HPOS="720"/><SP WIDTH="12" VPOS="1135" HPOS="828"/><String WC="0.5950000286" CONTENT="f," HEIGHT="29" WIDTH="19" VPOS="1135" HPOS="841"/></TextLine>
<TextLine HEIGHT="56" WIDTH="203" VPOS="1176" HPOS="702"><String WC="0.2645454407" CONTENT="Jecjuinoxe." HEIGHT="55" WIDTH="155" VPOS="1177" HPOS="702"/><SP WIDTH="8" VPOS="1186" HPOS="858"/><String WC="1." CONTENT="m." HEIGHT="19" WIDTH="38" VPOS="1185" HPOS="867"/></TextLine>
<TextLine HEIGHT="40" WIDTH="364" VPOS="1217" HPOS="635" STYLEREFS="font0"><String WC="0.1550000012" CONTENT="459r" HEIGHT="33" WIDTH="88" VPOS="1224" HPOS="635"/><SP WIDTH="41" VPOS="1239" HPOS="724"/><String WC="0.5500000119" CONTENT="-" HEIGHT="5" WIDTH="11" VPOS="1240" HPOS="766"/><SP WIDTH="41" VPOS="1220" HPOS="777"/><String WC="0.5" CONTENT="d’" HEIGHT="28" WIDTH="26" VPOS="1219" HPOS="818"/><SP WIDTH="11" VPOS="1220" HPOS="844"/><String WC="0.4462499917" CONTENT="automne." HEIGHT="24" WIDTH="144" VPOS="1225" HPOS="855"/></TextLine>
<TextLine HEIGHT="49" WIDTH="385" VPOS="1254" HPOS="641" STYLEREFS="font0"><String STYLE="superscript" WC="0.2399999946" CONTENT="2" HEIGHT="16" WIDTH="12" VPOS="1267" HPOS="641"/><String WC="0.150000006" CONTENT="3" HEIGHT="28" WIDTH="13" VPOS="1267" HPOS="660"/><SP WIDTH="9" VPOS="1267" HPOS="673"/><String WC="0.296666652" CONTENT="3j-" HEIGHT="41" WIDTH="41" VPOS="1260" HPOS="682"/><SP WIDTH="41" VPOS="1281" HPOS="723"/><String WC="0.75" CONTENT="-" HEIGHT="5" WIDTH="13" VPOS="1281" HPOS="765"/><SP WIDTH="42" VPOS="1262" HPOS="779"/><String WC="9.499999881e-002" CONTENT="de" HEIGHT="30" WIDTH="33" VPOS="1261" HPOS="821"/><SP WIDTH="8" VPOS="1265" HPOS="854"/><String WC="0.2399999946" CONTENT="Printeinps," HEIGHT="39" WIDTH="164" VPOS="1260" HPOS="862"/></TextLine>
<TextLine HEIGHT="43" WIDTH="208" VPOS="1305" HPOS="711" STYLEREFS="font0"><String WC="0.3939999938" CONTENT="cquippage." HEIGHT="42" WIDTH="157" VPOS="1306" HPOS="711"/><SP WIDTH="11" VPOS="1315" HPOS="868"/><String WC="0.6650000215" CONTENT="m." HEIGHT="21" WIDTH="39" VPOS="1314" HPOS="880"/></TextLine>
<TextLine HEIGHT="39" WIDTH="138" VPOS="1351" HPOS="711" STYLEREFS="font0"><String WC="0.5199999809" CONTENT="cquipper." HEIGHT="39" WIDTH="138" VPOS="1351" HPOS="711"/></TextLine>
<TextLine HEIGHT="30" WIDTH="47" VPOS="1383" HPOS="932" STYLEREFS="font0"><String WC="0.6100000143" CONTENT="Er." HEIGHT="30" WIDTH="47" VPOS="1383" HPOS="932"/></TextLine>
<TextLine HEIGHT="42" WIDTH="142" VPOS="1426" HPOS="711"><String WC="0.4550000131" CONTENT="Ergot." HEIGHT="41" WIDTH="90" VPOS="1427" HPOS="711"/><SP WIDTH="10" VPOS="1437" HPOS="801"/><String WC="0.6100000143" CONTENT="m." HEIGHT="20" WIDTH="40" VPOS="1436" HPOS="812"/></TextLine>
<TextLine HEIGHT="54" WIDTH="351" VPOS="1461" HPOS="644" STYLEREFS="font0"><String WC="0.2399999946" CONTENT="5" HEIGHT="22" WIDTH="10" VPOS="1481" HPOS="644"/><String STYLE="superscript italics" WC="0.4099999964" CONTENT="1" HEIGHT="20" WIDTH="7" VPOS="1477" HPOS="667"/><String STYLE="italics" WC="0.6775000095" CONTENT="‘/\-" HEIGHT="41" WIDTH="42" VPOS="1466" HPOS="683"/><SP WIDTH="41" VPOS="1489" HPOS="726"/><String WC="0.5299999714" CONTENT="-" HEIGHT="4" WIDTH="13" VPOS="1489" HPOS="768"/><SP WIDTH="43" VPOS="1472" HPOS="782"/><String WC="0.5977777839" CONTENT="deporc&amp;c." HEIGHT="43" WIDTH="169" VPOS="1469" HPOS="826"/></TextLine>
<TextLine HEIGHT="36" WIDTH="238" VPOS="1514" HPOS="639" STYLEREFS="font0"><String WC="0.4133333266" CONTENT="559" HEIGHT="30" WIDTH="58" VPOS="1517" HPOS="639"/><SP WIDTH="13" VPOS="1519" HPOS="698"/><String WC="0.5099999905" CONTENT="crreur." HEIGHT="21" WIDTH="97" VPOS="1523" HPOS="712"/><SP WIDTH="7" VPOS="1524" HPOS="810"/><String WC="0.3199999928" CONTENT="in," HEIGHT="24" WIDTH="40" VPOS="1523" HPOS="818"/><SP WIDTH="15" VPOS="1515" HPOS="858"/><String WC="1." CONTENT="&apos;" HEIGHT="4" WIDTH="4" VPOS="1515" HPOS="873"/></TextLine>
<TextLine HEIGHT="34" WIDTH="169" VPOS="1555" HPOS="641" STYLEREFS="font0"><String WC="0.5099999905" CONTENT="379" HEIGHT="28" WIDTH="57" VPOS="1560" HPOS="641"/><SP WIDTH="14" VPOS="1560" HPOS="698"/><String WC="0.425999999" CONTENT="erte." HEIGHT="20" WIDTH="67" VPOS="1566" HPOS="712"/><SP WIDTH="8" VPOS="1555" HPOS="779"/><String WC="0.4199999869" CONTENT="f." HEIGHT="31" WIDTH="23" VPOS="1555" HPOS="787"/></TextLine>
<TextLine HEIGHT="27" WIDTH="38" VPOS="1602" HPOS="661" STYLEREFS="font0"><String WC="0.3249999881" CONTENT="79" HEIGHT="27" WIDTH="38" VPOS="1602" HPOS="661"/></TextLine>
<TextLine HEIGHT="38" WIDTH="114" VPOS="1640" HPOS="639" STYLEREFS="font0"><String WC="0.2199999988" CONTENT="Z" HEIGHT="30" WIDTH="14" VPOS="1648" HPOS="639"/><SP WIDTH="8" VPOS="1648" HPOS="654"/><String WC="0.625" CONTENT="r&gt;" HEIGHT="20" WIDTH="29" VPOS="1648" HPOS="663"/><SP WIDTH="19" VPOS="1641" HPOS="693"/><String WC="0.5766666532" CONTENT="Es." HEIGHT="29" WIDTH="40" VPOS="1640" HPOS="713"/></TextLine>
<TextLine HEIGHT="56" WIDTH="552" VPOS="1663" HPOS="638" STYLEREFS="font0"><String STYLEREFS="font1" WC="0.3566666543" CONTENT="345" HEIGHT="29" WIDTH="58" VPOS="1690" HPOS="638"/><SP WIDTH="8" VPOS="1690" HPOS="696"/><String WC="0.3814285696" CONTENT="iefca&apos;jeau.rn.CeicabcIle.f.)" HEIGHT="51" WIDTH="389" VPOS="1667" HPOS="704"/><SP WIDTH="40" VPOS="1671" HPOS="1093"/><String STYLEREFS="font1" WC="7.00000003e-002" CONTENT="23" HEIGHT="31" WIDTH="38" VPOS="1667" HPOS="1133"/><String WC="0." CONTENT="*" HEIGHT="23" WIDTH="11" VPOS="1663" HPOS="1178"/></TextLine>
<TextLine HEIGHT="56" WIDTH="552" VPOS="1702" HPOS="640" STYLEREFS="font0"><String WC="0.2399999946" CONTENT="r" HEIGHT="17" WIDTH="16" VPOS="1734" HPOS="640"/><SP WIDTH="10" VPOS="1733" HPOS="656"/><String WC="0.4099999964" CONTENT="i&lt;?" HEIGHT="26" WIDTH="34" VPOS="1731" HPOS="666"/><SP WIDTH="12" VPOS="1731" HPOS="700"/><String WC="0.4611110985" CONTENT="efealader" HEIGHT="31" WIDTH="131" VPOS="1725" HPOS="712"/><SP WIDTH="7" VPOS="1726" HPOS="843"/><String WC="0.3855555654" CONTENT="(donnerl’" HEIGHT="39" WIDTH="146" VPOS="1715" HPOS="850"/><SP WIDTH="7" VPOS="1715" HPOS="996"/><String WC="0.4845454693" CONTENT="efcahdeo^’’" HEIGHT="47" WIDTH="188" VPOS="1702" HPOS="1004"/></TextLine>
<TextLine HEIGHT="32" WIDTH="59" VPOS="1746" HPOS="1135" STYLEREFS="font0"><String STYLE="italics" WC="0.2933333218" CONTENT="239" HEIGHT="32" WIDTH="59" VPOS="1746" HPOS="1135"/></TextLine>
<TextLine HEIGHT="40" WIDTH="63" VPOS="1776" HPOS="1132" STYLEREFS="font0"><String WC="0.4499999881" CONTENT="ibid-" HEIGHT="40" WIDTH="63" VPOS="1776" HPOS="1132"/></TextLine>
<TextLine HEIGHT="35" WIDTH="80" VPOS="1827" HPOS="1113" STYLEREFS="font0"><String STYLE="italics" WC="0.1599999964" CONTENT="eW" HEIGHT="35" WIDTH="80" VPOS="1827" HPOS="1113"/></TextLine>
</TextBlock>
<TextBlock ID="Page1_Block15" HEIGHT="45" WIDTH="72" VPOS="1577" HPOS="918" language="de" STYLEREFS="font0"><Shape><Polygon POINTS="926,1594 998,1594 998,1638 926,1638 926,1594"/></Shape>
<TextLine HEIGHT="32" WIDTH="40" VPOS="1587" HPOS="936"><String WC="0.4033333361" CONTENT="Ef." HEIGHT="32" WIDTH="40" VPOS="1587" HPOS="936"/></TextLine>
</TextBlock>
<TextBlock ID="Page1_Block16" HEIGHT="461" WIDTH="166" VPOS="1201" HPOS="1047" language="de" STYLEREFS="font0"><Shape><Polygon POINTS="1062,1222 1220,1222 1220,1682 1158,1682 1158,1634 1062,1634 1062,1222"/></Shape>
<TextLine HEIGHT="37" WIDTH="58" VPOS="1201" HPOS="1132" STYLEREFS="font0"><String WC="0.7599999905" CONTENT="4°" HEIGHT="29" WIDTH="41" VPOS="1209" HPOS="1132"/><String STYLE="superscript" WC="0.4900000095" CONTENT="1" HEIGHT="19" WIDTH="10" VPOS="1201" HPOS="1179"/></TextLine>
<TextLine HEIGHT="38" WIDTH="57" VPOS="1242" HPOS="1138" STYLEREFS="font1"><String STYLE="italics" WC="0.3133333325" CONTENT="399" HEIGHT="38" WIDTH="57" VPOS="1242" HPOS="1138"/></TextLine>
<TextLine HEIGHT="40" WIDTH="59" VPOS="1283" HPOS="1136" STYLEREFS="font1"><String WC="0.174999997" CONTENT="54" HEIGHT="34" WIDTH="38" VPOS="1289" HPOS="1137"/><SP WIDTH="3" VPOS="1284" HPOS="1175"/><String STYLE="italics" WC="0." CONTENT="9" HEIGHT="30" WIDTH="17" VPOS="1283" HPOS="1178"/></TextLine>
<TextLine HEIGHT="45" WIDTH="143" VPOS="1325" HPOS="1054" STYLEREFS="font1"><String STYLE="smallcaps" STYLEREFS="font0" WC="0.3000000119" CONTENT="iS" HEIGHT="30" WIDTH="38" VPOS="1338" HPOS="1054"/><String STYLEREFS="font0" WC="0.4575000107" CONTENT="5-3^" HEIGHT="44" WIDTH="98" VPOS="1325" HPOS="1099"/></TextLine>
<TextLine HEIGHT="40" WIDTH="41" VPOS="1407" HPOS="1156"><String STYLE="italics" STYLEREFS="font2" WC="0.6850000024" CONTENT="71" HEIGHT="40" WIDTH="41" VPOS="1407" HPOS="1156"/></TextLine>
<TextLine HEIGHT="34" WIDTH="59" VPOS="1451" HPOS="1138"><String WC="0.2800000012" CONTENT="io" HEIGHT="24" WIDTH="36" VPOS="1461" HPOS="1139"/><String STYLEREFS="font1" WC="0." CONTENT="7" HEIGHT="32" WIDTH="19" VPOS="1451" HPOS="1178"/></TextLine>
<TextLine HEIGHT="37" WIDTH="57" VPOS="1488" HPOS="1140"><String WC="0.2833333313" CONTENT="169" HEIGHT="37" WIDTH="57" VPOS="1488" HPOS="1140"/></TextLine>
<TextLine HEIGHT="44" WIDTH="122" VPOS="1533" HPOS="1072"><String STYLEREFS="font1" WC="0.8299999833" CONTENT="87" HEIGHT="35" WIDTH="42" VPOS="1542" HPOS="1072"/><String WC="0.3199999928" CONTENT=",Z" HEIGHT="32" WIDTH="37" VPOS="1544" HPOS="1116"/><String STYLEREFS="font1" WC="0.2899999917" CONTENT="4" HEIGHT="30" WIDTH="18" VPOS="1540" HPOS="1157"/><String WC="0.2099999934" CONTENT="*" HEIGHT="29" WIDTH="12" VPOS="1533" HPOS="1181"/></TextLine>
<TextLine HEIGHT="38" WIDTH="35" VPOS="1622" HPOS="1157" STYLEREFS="font0"><String WC="0.150000006" CONTENT="3" HEIGHT="31" WIDTH="16" VPOS="1629" HPOS="1157"/><String STYLE="superscript" WC="0.2399999946" CONTENT="1" HEIGHT="25" WIDTH="13" VPOS="1622" HPOS="1179"/></TextLine>
</TextBlock>
<TextBlock ID="Page1_Block17" HEIGHT="50" WIDTH="242" VPOS="1755" HPOS="635" language="de" STYLEREFS="font0"><Shape><Polygon POINTS="640,1770 882,1770 882,1816 640,1816 640,1770"/></Shape>
<TextLine HEIGHT="36" WIDTH="231" VPOS="1765" HPOS="641"><String STYLE="italics" WC="0.6200000048" CONTENT="So" HEIGHT="25" WIDTH="35" VPOS="1774" HPOS="641"/><String WC="0.5500000119" CONTENT="7" HEIGHT="25" WIDTH="15" VPOS="1775" HPOS="682"/><SP WIDTH="9" VPOS="1775" HPOS="698"/><String WC="0.3633333445" CONTENT="cfcalier," HEIGHT="32" WIDTH="112" VPOS="1766" HPOS="708"/><SP WIDTH="12" VPOS="1772" HPOS="821"/><String WC="0.625" CONTENT="m." HEIGHT="18" WIDTH="38" VPOS="1771" HPOS="834"/></TextLine>
</TextBlock><GraphicalElement ID="Page1_Block18" HEIGHT="8" WIDTH="130" VPOS="193" HPOS="218"/><GraphicalElement ID="Page1_Block19" HEIGHT="8" WIDTH="329" VPOS="197" HPOS="353"/><GraphicalElement ID="Page1_Block20" HEIGHT="6" WIDTH="160" VPOS="201" HPOS="691"/><GraphicalElement ID="Page1_Block21" HEIGHT="13" WIDTH="147" VPOS="195" HPOS="1027"/><GraphicalElement ID="Page1_Block22" HEIGHT="7" WIDTH="114" VPOS="205" HPOS="857"/><GraphicalElement ID="Page1_Block23" HEIGHT="149" WIDTH="5" VPOS="1542" HPOS="705"/><GraphicalElement ID="Page1_Block24" HEIGHT="979" WIDTH="24" VPOS="217" HPOS="682"/><GraphicalElement ID="Page1_Block25" HEIGHT="151" WIDTH="6" VPOS="1278" HPOS="701"/>
</PrintSpace>
</Page>
</Layout>
</alto>