﻿<?xml version="1.0" encoding="UTF-8" standalone="yes"?>
<alto xmlns="http://www.loc.gov/standards/alto/ns-v2#" xmlns:xlink="http://www.w3.org/1999/xlink" xmlns:xsi="http://www.w3.org/2001/XMLSchema-instance" xsi:schemaLocation="http://www.loc.gov/standards/alto/ns-v2# http://www.loc.gov/standards/alto/alto-v2.0.xsd">
<Description>
<MeasurementUnit>pixel</MeasurementUnit>
<OCRProcessing ID="IdOcr"><ocrProcessingStep><processingDateTime>2017-03-20</processingDateTime><processingSoftware><softwareCreator>ABBYY</softwareCreator><softwareName>ABBYY FineReader Engine</softwareName><softwareVersion>11</softwareVersion></processingSoftware></ocrProcessingStep></OCRProcessing>
</Description>
<Styles><TextStyle ID="font0" FONTFAMILY="Times New Roman" FONTSIZE="7"/><TextStyle ID="font1" FONTFAMILY="Times New Roman" FONTSIZE="8"/><TextStyle ID="font2" FONTFAMILY="Times New Roman" FONTSIZE="9"/><TextStyle ID="font3" FONTFAMILY="Times New Roman" FONTSIZE="10"/><TextStyle ID="font4" FONTFAMILY="Times New Roman" FONTSIZE="12"/>
</Styles>
<Layout>
<Page ID="Page1" PHYSICAL_IMG_NR="1" HEIGHT="2041" WIDTH="1240">
<TopMargin HEIGHT="117" WIDTH="1240" VPOS="0" HPOS="0">
</TopMargin>
<LeftMargin HEIGHT="1707" WIDTH="36" VPOS="117" HPOS="0">
</LeftMargin>
<RightMargin HEIGHT="1707" WIDTH="166" VPOS="117" HPOS="1074">
</RightMargin>
<BottomMargin HEIGHT="217" WIDTH="1240" VPOS="1824" HPOS="0">
</BottomMargin>
<PrintSpace HEIGHT="1707" WIDTH="1038" VPOS="117" HPOS="36">
<TextBlock ID="Page1_Block1" HEIGHT="760" WIDTH="1017" VPOS="117" HPOS="37" language="de" STYLEREFS="font2">
<TextLine HEIGHT="50" WIDTH="240" VPOS="198" HPOS="407" STYLEREFS="font3"><String WC="0.3866666555" CONTENT="XXXiX." HEIGHT="50" WIDTH="240" VPOS="198" HPOS="407"/></TextLine>
<TextLine HEIGHT="48" WIDTH="640" VPOS="278" HPOS="228" STYLEREFS="font4"><String STYLE="bold" WC="0.678888917" CONTENT="Hisb/Lap." HEIGHT="48" WIDTH="229" VPOS="278" HPOS="228"/><SP WIDTH="13" VPOS="282" HPOS="458"/><String STYLE="bold" WC="0.3549999893" CONTENT="XIX." HEIGHT="35" WIDTH="92" VPOS="281" HPOS="472"/><SP WIDTH="17" VPOS="280" HPOS="565"/><String STYLE="bold" WC="0.5500000119" CONTENT="Vers." HEIGHT="40" WIDTH="104" VPOS="280" HPOS="583"/><SP WIDTH="14" VPOS="292" HPOS="688"/><String WC="0.5649999976" CONTENT="25" HEIGHT="35" WIDTH="45" VPOS="289" HPOS="703"/><String STYLE="bold" WC="1." CONTENT="/" HEIGHT="30" WIDTH="12" VPOS="287" HPOS="753"/><SP WIDTH="19" VPOS="287" HPOS="766"/><String STYLE="bold" WC="0.5099999905" CONTENT="r§." HEIGHT="33" WIDTH="56" VPOS="285" HPOS="786"/><SP WIDTH="21" VPOS="307" HPOS="843"/><String STYLE="bold" WC="0.5500000119" CONTENT="." HEIGHT="2" WIDTH="3" VPOS="315" HPOS="865"/></TextLine>
<TextLine HEIGHT="45" WIDTH="949" VPOS="332" HPOS="84" STYLEREFS="font4"><String STYLE="bold" WC="0.1899999976" CONTENT="Ich" HEIGHT="42" WIDTH="55" VPOS="332" HPOS="84"/><SP WIDTH="9" VPOS="334" HPOS="140"/><String STYLE="bold" WC="0.5462499857" CONTENT="weis/daß" HEIGHT="38" WIDTH="137" VPOS="337" HPOS="150"/><SP WIDTH="12" VPOS="337" HPOS="288"/><String STYLE="bold" WC="0.2099999934" CONTENT="mein" HEIGHT="31" WIDTH="71" VPOS="339" HPOS="301"/><SP WIDTH="9" VPOS="338" HPOS="373"/><String STYLE="bold" WC="0.4785714149" CONTENT="Erlöser" HEIGHT="43" WIDTH="111" VPOS="334" HPOS="383"/><SP WIDTH="8" VPOS="336" HPOS="495"/><String STYLE="bold" WC="0.4679999948" CONTENT="lebet,&apos;und" HEIGHT="33" WIDTH="140" VPOS="336" HPOS="504"/><SP WIDTH="7" VPOS="337" HPOS="645"/><String STYLE="bold" WC="0.4600000083" CONTENT="ich" HEIGHT="40" WIDTH="38" VPOS="335" HPOS="653"/><SP WIDTH="10" VPOS="335" HPOS="692"/><String STYLE="bold" WC="0.3120000064" CONTENT="werde" HEIGHT="32" WIDTH="88" VPOS="337" HPOS="703"/><SP WIDTH="8" VPOS="342" HPOS="792"/><String STYLE="bold" WC="0.2700000107" CONTENT="am" HEIGHT="26" WIDTH="46" VPOS="343" HPOS="801"/><SP WIDTH="11" VPOS="337" HPOS="848"/><String STYLE="bold" WC="0.3849999905" CONTENT="lezken" HEIGHT="39" WIDTH="83" VPOS="337" HPOS="860"/><SP WIDTH="10" VPOS="337" HPOS="944"/><String STYLE="bold" WC="0.2725000083" CONTENT="Tage" HEIGHT="38" WIDTH="78" VPOS="337" HPOS="955"/></TextLine>
<TextLine HEIGHT="42" WIDTH="988" VPOS="376" HPOS="45" STYLEREFS="font4"><String STYLE="bold" WC="0.3449999988" CONTENT="boti" HEIGHT="30" WIDTH="49" VPOS="376" HPOS="45"/><SP WIDTH="12" VPOS="377" HPOS="95"/><String STYLE="bold" WC="0.5133333206" CONTENT="der" HEIGHT="33" WIDTH="47" VPOS="377" HPOS="108"/><SP WIDTH="7" VPOS="379" HPOS="156"/><String STYLE="bold" WC="0.4280000031" CONTENT="Erden" HEIGHT="33" WIDTH="93" VPOS="379" HPOS="164"/><SP WIDTH="13" VPOS="386" HPOS="258"/><String STYLE="bold" WC="0.3054545522" CONTENT="auferstehen" HEIGHT="39" WIDTH="165" VPOS="379" HPOS="272"/><SP WIDTH="8" VPOS="385" HPOS="438"/><String STYLE="bold" WC="1." CONTENT="/" HEIGHT="29" WIDTH="10" VPOS="385" HPOS="447"/><SP WIDTH="11" VPOS="385" HPOS="458"/><String STYLE="bold" WC="0.2633333206" CONTENT="und" HEIGHT="32" WIDTH="54" VPOS="379" HPOS="470"/><SP WIDTH="13" VPOS="379" HPOS="525"/><String STYLE="bold" WC="0.7566666603" CONTENT="ich" HEIGHT="38" WIDTH="40" VPOS="379" HPOS="539"/><SP WIDTH="9" VPOS="379" HPOS="580"/><String STYLE="bold" WC="0.3219999969" CONTENT="werde" HEIGHT="32" WIDTH="89" VPOS="379" HPOS="590"/><SP WIDTH="11" VPOS="383" HPOS="680"/><String STYLE="bold" WC="0.3874999881" CONTENT="wiederum" HEIGHT="31" WIDTH="148" VPOS="380" HPOS="692"/><SP WIDTH="16" VPOS="385" HPOS="841"/><String STYLE="bold" WC="0.2633333206" CONTENT="mit" HEIGHT="29" WIDTH="54" VPOS="382" HPOS="858"/><SP WIDTH="16" VPOS="384" HPOS="913"/><String STYLE="bold" WC="0.3883333206" CONTENT="meiner" HEIGHT="32" WIDTH="103" VPOS="380" HPOS="930"/></TextLine>
<TextLine HEIGHT="47" WIDTH="987" VPOS="414" HPOS="47" STYLEREFS="font4"><String STYLE="bold" WC="0.3300000131" CONTENT="Haut" HEIGHT="36" WIDTH="78" VPOS="414" HPOS="47"/><SP WIDTH="6" VPOS="421" HPOS="126"/><String STYLE="bold" WC="0.3742857277" CONTENT="umgeben" HEIGHT="41" WIDTH="129" VPOS="420" HPOS="133"/><SP WIDTH="8" VPOS="427" HPOS="263"/><String STYLE="bold" WC="0.4757142961" CONTENT="werden/" HEIGHT="31" WIDTH="117" VPOS="423" HPOS="272"/><SP WIDTH="10" VPOS="430" HPOS="390"/><String STYLE="bold" WC="0.2533333302" CONTENT="und" HEIGHT="33" WIDTH="52" VPOS="423" HPOS="401"/><SP WIDTH="7" VPOS="423" HPOS="454"/><String STYLE="bold" WC="0.2639999986" CONTENT="werde" HEIGHT="32" WIDTH="89" VPOS="422" HPOS="462"/><SP WIDTH="8" VPOS="423" HPOS="552"/><String STYLE="bold" WC="0.625" CONTENT="in" HEIGHT="31" WIDTH="26" VPOS="423" HPOS="561"/><SP WIDTH="7" VPOS="426" HPOS="588"/><String STYLE="bold" WC="0.5033333302" CONTENT="meinem" HEIGHT="33" WIDTH="117" VPOS="420" HPOS="596"/><SP WIDTH="7" VPOS="421" HPOS="714"/><String STYLE="bold" WC="0.3385714293" CONTENT="Fleisch" HEIGHT="42" WIDTH="104" VPOS="419" HPOS="722"/><SP WIDTH="9" VPOS="419" HPOS="827"/><String STYLE="bold" WC="0.4070000052" CONTENT="meinenKOtt" HEIGHT="36" WIDTH="197" VPOS="421" HPOS="837"/></TextLine>
<TextLine HEIGHT="39" WIDTH="82" VPOS="456" HPOS="47" STYLEREFS="font4"><String STYLE="bold" WC="0.4300000072" CONTENT="lehen." HEIGHT="39" WIDTH="82" VPOS="456" HPOS="47"/></TextLine>
<TextLine HEIGHT="43" WIDTH="949" VPOS="501" HPOS="88"><String STYLE="italics" WC="0.4474999905" CONTENT="Seit" HEIGHT="26" WIDTH="52" VPOS="504" HPOS="88"/><SP WIDTH="8" VPOS="515" HPOS="141"/><String WC="0.7900000215" CONTENT="," HEIGHT="15" WIDTH="8" VPOS="523" HPOS="150"/><SP WIDTH="9" VPOS="517" HPOS="159"/><String STYLE="italics" WC="0.3199999928" CONTENT="qttacl" HEIGHT="40" WIDTH="65" VPOS="504" HPOS="169"/><SP WIDTH="9" VPOS="504" HPOS="235"/><String STYLE="italics" WC="0.3975000083" CONTENT="Uedemtor" HEIGHT="29" WIDTH="130" VPOS="504" HPOS="245"/><SP WIDTH="10" VPOS="516" HPOS="376"/><String STYLE="italics" WC="0.4099999964" CONTENT="mein" HEIGHT="18" WIDTH="64" VPOS="515" HPOS="387"/><SP WIDTH="7" VPOS="516" HPOS="452"/><String STYLE="italics" WC="0.5266666412" CONTENT="vivit," HEIGHT="33" WIDTH="88" VPOS="505" HPOS="460"/><SP WIDTH="11" VPOS="512" HPOS="549"/><String STYLE="italics" WC="1." CONTENT="&amp;" HEIGHT="24" WIDTH="33" VPOS="512" HPOS="561"/><SP WIDTH="8" VPOS="505" HPOS="595"/><String STYLE="italics" WC="0.1350000054" CONTENT="in" HEIGHT="27" WIDTH="27" VPOS="505" HPOS="604"/><SP WIDTH="7" VPOS="516" HPOS="632"/><String STYLE="italics" WC="0.3224999905" CONTENT="ntvisßmo" HEIGHT="39" WIDTH="133" VPOS="502" HPOS="640"/><SP WIDTH="9" VPOS="502" HPOS="774"/><String STYLE="italics" WC="0.3666666746" CONTENT="die" HEIGHT="29" WIDTH="41" VPOS="502" HPOS="784"/><SP WIDTH="6" VPOS="501" HPOS="826"/><String STYLE="italics" WC="0.1650000066" CONTENT="de" HEIGHT="29" WIDTH="31" VPOS="501" HPOS="833"/><SP WIDTH="8" VPOS="511" HPOS="865"/><String STYLE="italics" WC="0.4140000045" CONTENT="terra" HEIGHT="20" WIDTH="71" VPOS="511" HPOS="874"/><SP WIDTH="3" VPOS="507" HPOS="946"/><String STYLE="italics" WC="0.2733333409" CONTENT="furrt*" HEIGHT="34" WIDTH="87" VPOS="507" HPOS="950"/></TextLine>
<TextLine HEIGHT="50" WIDTH="987" VPOS="538" HPOS="48"><String STYLE="italics" WC="0.4933333397" CONTENT="Minute" HEIGHT="34" WIDTH="83" VPOS="538" HPOS="48"/><SP WIDTH="3" VPOS="546" HPOS="132"/><String STYLE="italics" WC="0.7133333087" CONTENT="fum" HEIGHT="38" WIDTH="54" VPOS="546" HPOS="136"/><SP WIDTH="10" VPOS="556" HPOS="191"/><String WC="0.6175000072" CONTENT="je?*" HEIGHT="23" WIDTH="53" VPOS="556" HPOS="202"/><SP WIDTH="6" VPOS="558" HPOS="256"/><String STYLE="italics" WC="0.3866666555" CONTENT="rarfum" HEIGHT="36" WIDTH="95" VPOS="548" HPOS="263"/><SP WIDTH="13" VPOS="557" HPOS="359"/><String STYLE="italics" WC="0.2154545486" CONTENT="eircumdabor" HEIGHT="30" WIDTH="169" VPOS="545" HPOS="373"/><SP WIDTH="8" VPOS="554" HPOS="543"/><String STYLE="italics" WC="0.5" CONTENT="feilt" HEIGHT="42" WIDTH="64" VPOS="546" HPOS="552"/><SP WIDTH="14" VPOS="556" HPOS="617"/><String STYLE="italics" WC="0.3433333337" CONTENT="mea" HEIGHT="18" WIDTH="56" VPOS="556" HPOS="632"/><SP WIDTH="6" VPOS="556" HPOS="689"/><String STYLE="italics" WC="5.999999866e-002" CONTENT="yC" HEIGHT="28" WIDTH="54" VPOS="555" HPOS="696"/><SP WIDTH="8" VPOS="546" HPOS="751"/><String STYLE="italics" WC="0.46875" CONTENT="incairne" HEIGHT="28" WIDTH="109" VPOS="546" HPOS="760"/><SP WIDTH="8" VPOS="554" HPOS="870"/><String STYLE="italics" WC="0.4009999931" CONTENT="mea-uidtbe" HEIGHT="31" WIDTH="156" VPOS="544" HPOS="879"/></TextLine>
<TextLine HEIGHT="35" WIDTH="175" VPOS="581" HPOS="49"><String WC="0.5839999914" CONTENT="■®««m" HEIGHT="31" WIDTH="78" VPOS="581" HPOS="49"/><SP WIDTH="8" VPOS="597" HPOS="128"/><String STYLE="italics" WC="0.5159999728" CONTENT="meum." HEIGHT="18" WIDTH="87" VPOS="598" HPOS="137"/></TextLine>
<TextLine HEIGHT="44" WIDTH="948" VPOS="622" HPOS="88" STYLEREFS="font2"><String WC="0.4399999976" CONTENT="Jo," HEIGHT="35" WIDTH="46" VPOS="626" HPOS="88"/><SP WIDTH="10" VPOS="639" HPOS="135"/><String WC="0.2899999917" CONTENT="so" HEIGHT="17" WIDTH="28" VPOS="639" HPOS="146"/><SP WIDTH="9" VPOS="639" HPOS="175"/><String WC="0.4466666579" CONTENT="che" HEIGHT="28" WIDTH="47" VPOS="630" HPOS="185"/><SP WIDTH="8" VPOS="639" HPOS="233"/><String STYLE="bold" WC="0.7950000167" CONTENT="’1" HEIGHT="27" WIDTH="18" VPOS="631" HPOS="242"/><SP WIDTH="10" VPOS="631" HPOS="261"/><String WC="0.2599999905" CONTENT="mio" HEIGHT="29" WIDTH="58" VPOS="630" HPOS="272"/><SP WIDTH="7" VPOS="631" HPOS="331"/><String WC="0.2700000107" CONTENT="Redentdr" HEIGHT="33" WIDTH="139" VPOS="628" HPOS="339"/><SP WIDTH="9" VPOS="639" HPOS="479"/><String WC="0.4983333349" CONTENT="v&apos;ive;" HEIGHT="33" WIDTH="80" VPOS="629" HPOS="489"/><SP WIDTH="9" VPOS="627" HPOS="570"/><String WC="1." CONTENT="&amp;" HEIGHT="27" WIDTH="26" VPOS="627" HPOS="580"/><SP WIDTH="8" VPOS="627" HPOS="607"/><String WC="0.3000000119" CONTENT="che" HEIGHT="30" WIDTH="49" VPOS="624" HPOS="616"/><SP WIDTH="8" VPOS="635" HPOS="666"/><String WC="0.3019999862" CONTENT="nefl*" HEIGHT="34" WIDTH="63" VPOS="622" HPOS="675"/><SP WIDTH="11" VPOS="623" HPOS="739"/><String WC="0.4233333468" CONTENT="ultimo" HEIGHT="28" WIDTH="97" VPOS="626" HPOS="751"/><SP WIDTH="6" VPOS="636" HPOS="849"/><String WC="0.3149999976" CONTENT="giorno" HEIGHT="38" WIDTH="99" VPOS="628" HPOS="856"/><SP WIDTH="6" VPOS="628" HPOS="956"/><String WC="0.3799999952" CONTENT="io" HEIGHT="27" WIDTH="27" VPOS="628" HPOS="963"/><SP WIDTH="8" VPOS="637" HPOS="991"/><String WC="0.2899999917" CONTENT="ri-" HEIGHT="27" WIDTH="36" VPOS="628" HPOS="1000"/></TextLine>
<TextLine HEIGHT="45" WIDTH="985" VPOS="665" HPOS="52" STYLEREFS="font2"><String STYLE="superscript" WC="0.3300000131" CONTENT="lo" HEIGHT="25" WIDTH="24" VPOS="665" HPOS="52"/><String WC="0.5266666412" CONTENT="&apos;&apos;gerö" HEIGHT="35" WIDTH="74" VPOS="670" HPOS="80"/><SP WIDTH="9" VPOS="670" HPOS="155"/><String WC="0.6679999828" CONTENT="fulla" HEIGHT="30" WIDTH="62" VPOS="671" HPOS="165"/><SP WIDTH="8" VPOS="682" HPOS="228"/><String WC="0.5500000119" CONTENT="terra" HEIGHT="21" WIDTH="69" VPOS="682" HPOS="237"/><SP WIDTH="18" VPOS="682" HPOS="307"/><String WC="0.6800000072" CONTENT=";" HEIGHT="23" WIDTH="8" VPOS="682" HPOS="326"/><SP WIDTH="19" VPOS="682" HPOS="335"/><String WC="0.2599999905" CONTENT="e" HEIGHT="18" WIDTH="12" VPOS="682" HPOS="355"/><SP WIDTH="9" VPOS="671" HPOS="368"/><String WC="0.3849999905" CONTENT="di" HEIGHT="28" WIDTH="24" VPOS="671" HPOS="378"/><SP WIDTH="7" VPOS="672" HPOS="403"/><String WC="0.323333323" CONTENT="ntiovo" HEIGHT="20" WIDTH="91" VPOS="680" HPOS="411"/><SP WIDTH="10" VPOS="669" HPOS="503"/><String WC="0.3725000024" CONTENT="faro" HEIGHT="29" WIDTH="56" VPOS="669" HPOS="514"/><SP WIDTH="15" VPOS="677" HPOS="571"/><String WC="0.4009999931" CONTENT="circondato" HEIGHT="30" WIDTH="158" VPOS="667" HPOS="587"/><SP WIDTH="14" VPOS="668" HPOS="746"/><String WC="0.3980000019" CONTENT="della" HEIGHT="29" WIDTH="67" VPOS="668" HPOS="761"/><SP WIDTH="8" VPOS="679" HPOS="829"/><String WC="0.4866666794" CONTENT="mia" HEIGHT="28" WIDTH="53" VPOS="671" HPOS="838"/><SP WIDTH="6" VPOS="681" HPOS="892"/><String WC="0.4580000043" CONTENT="pelle" HEIGHT="42" WIDTH="68" VPOS="668" HPOS="899"/><SP WIDTH="21" VPOS="678" HPOS="968"/><String WC="0.3700000048" CONTENT=";" HEIGHT="23" WIDTH="9" VPOS="680" HPOS="990"/><SP WIDTH="20" VPOS="679" HPOS="1000"/><String WC="0.2700000107" CONTENT="e" HEIGHT="20" WIDTH="16" VPOS="679" HPOS="1021"/></TextLine>
<TextLine HEIGHT="42" WIDTH="457" VPOS="706" HPOS="50" STYLEREFS="font2"><String STYLE="superscript" WC="0.2399999946" CONTENT="ri" HEIGHT="20" WIDTH="18" VPOS="711" HPOS="50"/><String WC="0.1233333349" CONTENT="dla" HEIGHT="31" WIDTH="47" VPOS="706" HPOS="71"/><SP WIDTH="7" VPOS="720" HPOS="119"/><String WC="0.1766666621" CONTENT="mia" HEIGHT="27" WIDTH="52" VPOS="714" HPOS="127"/><SP WIDTH="10" VPOS="724" HPOS="180"/><String WC="0.425999999" CONTENT="carne" HEIGHT="24" WIDTH="77" VPOS="724" HPOS="191"/><SP WIDTH="9" VPOS="719" HPOS="269"/><String WC="0.7450000048" CONTENT="io" HEIGHT="26" WIDTH="28" VPOS="719" HPOS="279"/><SP WIDTH="13" VPOS="725" HPOS="308"/><String WC="0.2520000041" CONTENT="vedro" HEIGHT="29" WIDTH="83" VPOS="713" HPOS="322"/><SP WIDTH="10" VPOS="713" HPOS="406"/><String WC="0.2199999988" CONTENT="Iddio," HEIGHT="33" WIDTH="90" VPOS="712" HPOS="417"/></TextLine>
<TextLine HEIGHT="44" WIDTH="951" VPOS="751" HPOS="88"><String STYLE="italics" WC="0.2800000012" CONTENT="Je" HEIGHT="35" WIDTH="35" VPOS="751" HPOS="88"/><SP WIDTH="8" VPOS="757" HPOS="124"/><String STYLE="italics" WC="0.25" CONTENT="ßai" HEIGHT="34" WIDTH="55" VPOS="757" HPOS="133"/><String WC="0.7099999785" CONTENT="," HEIGHT="14" WIDTH="7" VPOS="775" HPOS="197"/><SP WIDTH="10" VPOS="768" HPOS="205"/><String STYLE="italics" WC="0.3700000048" CONTENT="q" HEIGHT="27" WIDTH="16" VPOS="768" HPOS="216"/><String STYLE="subscript italics" WC="0.6999999881" CONTENT="ut" HEIGHT="18" WIDTH="27" VPOS="769" HPOS="235"/><SP WIDTH="9" VPOS="770" HPOS="263"/><String STYLE="italics" WC="0.276666671" CONTENT="wo»" HEIGHT="20" WIDTH="56" VPOS="768" HPOS="273"/><SP WIDTH="10" VPOS="759" HPOS="330"/><String STYLE="italics" WC="0.3779999912" CONTENT="Redtmpttur" HEIGHT="39" WIDTH="163" VPOS="755" HPOS="341"/><SP WIDTH="15" VPOS="765" HPOS="505"/><String STYLE="italics" WC="0.3700000048" CONTENT="eß" HEIGHT="36" WIDTH="32" VPOS="755" HPOS="521"/><SP WIDTH="9" VPOS="755" HPOS="554"/><String STYLE="italics" WC="0.4900000095" CONTENT="vivant" HEIGHT="28" WIDTH="100" VPOS="752" HPOS="564"/><String WC="0.5699999928" CONTENT="," HEIGHT="16" WIDTH="7" VPOS="767" HPOS="674"/><SP WIDTH="9" VPOS="759" HPOS="682"/><String WC="0.4966666698" CONTENT="c^g" HEIGHT="28" WIDTH="59" VPOS="759" HPOS="692"/><String STYLE="italics" WC="0.349999994" CONTENT="u" HEIGHT="15" WIDTH="15" VPOS="762" HPOS="754"/><SP WIDTH="13" VPOS="760" HPOS="770"/><String STYLE="italics" WC="0.375" CONTENT="au" HEIGHT="18" WIDTH="34" VPOS="760" HPOS="784"/><SP WIDTH="8" VPOS="752" HPOS="819"/><String STYLE="italics" WC="0.3014285862" CONTENT="dtrnitr" HEIGHT="29" WIDTH="102" VPOS="752" HPOS="828"/><SP WIDTH="11" VPOS="756" HPOS="931"/><String STYLE="italics" WC="0.5600000024" CONTENT="j/iur" HEIGHT="35" WIDTH="57" VPOS="756" HPOS="943"/><SP WIDTH="6" VPOS="755" HPOS="1001"/><String STYLE="italics" WC="0.5" CONTENT="je" HEIGHT="37" WIDTH="31" VPOS="755" HPOS="1008"/></TextLine>
<TextLine HEIGHT="50" WIDTH="998" VPOS="788" HPOS="43"><String STYLE="italics" WC="0.3400000036" CONTENT="f" HEIGHT="32" WIDTH="23" VPOS="788" HPOS="43"/><String STYLE="superscript italics" WC="0.4650000036" CONTENT="e," HEIGHT="16" WIDTH="18" VPOS="798" HPOS="60"/><String STYLE="italics" WC="0.7366666794" CONTENT="&apos;ni" HEIGHT="24" WIDTH="32" VPOS="795" HPOS="77"/><SP WIDTH="10" VPOS="795" HPOS="110"/><String STYLE="italics" WC="0.5450000167" CONTENT="rejußitefurU" HEIGHT="39" WIDTH="196" VPOS="799" HPOS="121"/><SP WIDTH="11" VPOS="800" HPOS="318"/><String STYLE="italics" WC="0.5099999905" CONTENT="terre" HEIGHT="19" WIDTH="65" VPOS="805" HPOS="330"/><SP WIDTH="19" VPOS="806" HPOS="396"/><String WC="0.400000006" CONTENT=";" HEIGHT="22" WIDTH="9" VPOS="806" HPOS="416"/><SP WIDTH="19" VPOS="806" HPOS="426"/><String STYLE="italics" WC="0.5375000238" CONTENT="cyje" HEIGHT="35" WIDTH="63" VPOS="800" HPOS="446"/><SP WIDTH="2" VPOS="796" HPOS="510"/><String STYLE="italics" WC="0.3140000105" CONTENT="ferai" HEIGHT="38" WIDTH="69" VPOS="796" HPOS="513"/><SP WIDTH="8" VPOS="793" HPOS="583"/><String STYLE="italics" WC="0.4187499881" CONTENT="dtrtchef" HEIGHT="39" WIDTH="114" VPOS="791" HPOS="592"/><SP WIDTH="3" VPOS="791" HPOS="707"/><String STYLE="italics" WC="0.2733333409" CONTENT="revetn" HEIGHT="21" WIDTH="93" VPOS="798" HPOS="711"/><SP WIDTH="8" VPOS="793" HPOS="805"/><String STYLE="italics" WC="0.625" CONTENT="de" HEIGHT="27" WIDTH="29" VPOS="793" HPOS="814"/><SP WIDTH="14" VPOS="804" HPOS="844"/><String STYLE="italics" WC="0.3199999928" CONTENT="ma" HEIGHT="17" WIDTH="42" VPOS="804" HPOS="859"/><SP WIDTH="11" VPOS="802" HPOS="902"/><String STYLE="italics" WC="0.1225000024" CONTENT="peau" HEIGHT="31" WIDTH="66" VPOS="802" HPOS="914"/><String WC="0.5500000119" CONTENT="," HEIGHT="16" WIDTH="10" VPOS="814" HPOS="987"/><SP WIDTH="8" VPOS="805" HPOS="998"/><String WC="0.323333323" CONTENT="e»*" HEIGHT="24" WIDTH="34" VPOS="803" HPOS="1007"/></TextLine>
<TextLine HEIGHT="36" WIDTH="418" VPOS="836" HPOS="50"><String STYLE="italics" WC="0.6000000238" CONTENT="l‘" HEIGHT="22" WIDTH="23" VPOS="836" HPOS="50"/><SP WIDTH="10" VPOS="841" HPOS="74"/><String STYLE="italics" WC="0.3600000143" CONTENT="verrat" HEIGHT="23" WIDTH="87" VPOS="843" HPOS="85"/><SP WIDTH="9" VPOS="841" HPOS="173"/><String STYLE="italics" WC="0.5099999905" CONTENT="Dieu" HEIGHT="30" WIDTH="67" VPOS="841" HPOS="183"/><SP WIDTH="9" VPOS="841" HPOS="251"/><String STYLE="italics" WC="0.3950000107" CONTENT="dans" HEIGHT="31" WIDTH="62" VPOS="841" HPOS="261"/><SP WIDTH="9" VPOS="849" HPOS="324"/><String STYLE="italics" WC="0.200000003" CONTENT="ma" HEIGHT="19" WIDTH="40" VPOS="848" HPOS="334"/><SP WIDTH="11" VPOS="848" HPOS="375"/><String STYLE="italics" WC="0.3849999905" CONTENT="chair." HEIGHT="29" WIDTH="81" VPOS="837" HPOS="387"/></TextLine>
</TextBlock>
<ComposedBlock ID="Page1_Block2" HEIGHT="858" WIDTH="1038" VPOS="966" HPOS="36" TYPE="container">
<TextBlock ID="Page1_Block3" HEIGHT="64" WIDTH="974" VPOS="966" HPOS="82" language="de" STYLEREFS="font4">
<TextLine HEIGHT="54" WIDTH="951" VPOS="972" HPOS="89"><String STYLE="bold italics" WC="0.1299999952" CONTENT="Ln" HEIGHT="35" WIDTH="49" VPOS="972" HPOS="89"/><SP WIDTH="12" VPOS="975" HPOS="139"/><String STYLE="bold italics" WC="0.6133333445" CONTENT="Carne," HEIGHT="43" WIDTH="111" VPOS="975" HPOS="152"/><SP WIDTH="11" VPOS="989" HPOS="264"/><String STYLE="bold italics" WC="0.8675000072" CONTENT="egl’" HEIGHT="52" WIDTH="68" VPOS="974" HPOS="276"/><SP WIDTH="11" VPOS="978" HPOS="345"/><String STYLE="bold italics" WC="0.4662500024" CONTENT="Intefimu" HEIGHT="46" WIDTH="151" VPOS="974" HPOS="357"/><SP WIDTH="41" VPOS="977" HPOS="509"/><String STYLE="bold italics" WC="0.1299999952" CONTENT="La" HEIGHT="35" WIDTH="52" VPOS="977" HPOS="551"/><SP WIDTH="7" VPOS="978" HPOS="604"/><String STYLE="bold italics" WC="0.5400000215" CONTENT="Cbair," HEIGHT="42" WIDTH="120" VPOS="973" HPOS="612"/><SP WIDTH="14" VPOS="973" HPOS="733"/><String STYLE="bold italics" WC="0." CONTENT="&amp;" HEIGHT="46" WIDTH="46" VPOS="973" HPOS="748"/><SP WIDTH="9" VPOS="973" HPOS="795"/><String STYLE="bold italics" WC="0.4133333266" CONTENT="les" HEIGHT="39" WIDTH="45" VPOS="974" HPOS="805"/><SP WIDTH="7" VPOS="980" HPOS="851"/><String STYLE="bold italics" WC="0.3563636243" CONTENT="Entrciijks." HEIGHT="39" WIDTH="181" VPOS="978" HPOS="859"/></TextLine>
</TextBlock>
<TextBlock ID="Page1_Block4" HEIGHT="88" WIDTH="382" VPOS="1026" HPOS="36" language="de" STYLEREFS="font2"><Shape><Polygon POINTS="36,1026 418,1026 418,1084 172,1084 172,1114 36,1114 36,1026"/></Shape>
<TextLine HEIGHT="42" WIDTH="325" VPOS="1034" HPOS="91"><String WC="0.2700000107" CONTENT="Un" HEIGHT="28" WIDTH="45" VPOS="1034" HPOS="91"/><SP WIDTH="11" VPOS="1044" HPOS="137"/><String WC="0.3540000021" CONTENT="carpo" HEIGHT="31" WIDTH="85" VPOS="1045" HPOS="149"/><SP WIDTH="10" VPOS="1047" HPOS="235"/><String WC="0.4499999881" CONTENT="e" HEIGHT="16" WIDTH="13" VPOS="1049" HPOS="246"/><SP WIDTH="10" VPOS="1048" HPOS="260"/><String WC="0.5137500167" CONTENT="compofto" HEIGHT="38" WIDTH="145" VPOS="1035" HPOS="271"/></TextLine>
<TextLine HEIGHT="42" WIDTH="113" VPOS="1069" HPOS="53"><String WC="0.1350000054" CONTENT="di" HEIGHT="32" WIDTH="24" VPOS="1069" HPOS="53"/><SP WIDTH="10" VPOS="1073" HPOS="78"/><String WC="0.3549999893" CONTENT="pelle," HEIGHT="36" WIDTH="77" VPOS="1075" HPOS="89"/></TextLine>
</TextBlock>
<TextBlock ID="Page1_Block5" HEIGHT="82" WIDTH="392" VPOS="1026" HPOS="546" language="de" STYLEREFS="font2"><Shape><Polygon POINTS="584,1026 938,1026 938,1080 690,1080 690,1108 546,1108 546,1068 584,1068 584,1026"/></Shape>
<TextLine HEIGHT="39" WIDTH="335" VPOS="1035" HPOS="589"><String WC="0.3350000083" CONTENT="Un" HEIGHT="25" WIDTH="45" VPOS="1037" HPOS="589"/><SP WIDTH="8" VPOS="1045" HPOS="635"/><String WC="0.4466666579" CONTENT="corps," HEIGHT="28" WIDTH="95" VPOS="1045" HPOS="644"/><SP WIDTH="8" VPOS="1046" HPOS="740"/><String WC="0.3066666722" CONTENT="eft" HEIGHT="28" WIDTH="37" VPOS="1035" HPOS="749"/><SP WIDTH="7" VPOS="1035" HPOS="787"/><String WC="0.2471428514" CONTENT="compofe" HEIGHT="38" WIDTH="129" VPOS="1036" HPOS="795"/></TextLine>
<TextLine HEIGHT="33" WIDTH="124" VPOS="1073" HPOS="552"><String STYLEREFS="font1" WC="0.25" CONTENT="de" HEIGHT="24" WIDTH="31" VPOS="1073" HPOS="552"/><SP WIDTH="13" VPOS="1083" HPOS="584"/><String STYLEREFS="font1" WC="0.5600000024" CONTENT="peau," HEIGHT="23" WIDTH="78" VPOS="1083" HPOS="598"/></TextLine>
</TextBlock>
<TextBlock ID="Page1_Block6" HEIGHT="64" WIDTH="984" VPOS="1098" HPOS="46" language="de" STYLEREFS="font1">
<TextLine HEIGHT="44" WIDTH="976" VPOS="1107" HPOS="52"><String STYLEREFS="font2" WC="0.4433333278" CONTENT="pon" HEIGHT="22" WIDTH="54" VPOS="1123" HPOS="52"/><SP WIDTH="7" VPOS="1125" HPOS="107"/><String WC="0.3449999988" CONTENT="membrane" HEIGHT="27" WIDTH="157" VPOS="1115" HPOS="115"/><String STYLE="subscript" WC="0.3600000143" CONTENT=")" HEIGHT="16" WIDTH="7" VPOS="1131" HPOS="275"/><String WC="0.3379999995" CONTENT="t«»«r/&gt;e&gt;/»eff*" HEIGHT="36" WIDTH="166" VPOS="1109" HPOS="285"/><SP WIDTH="3" VPOS="1110" HPOS="452"/><String STYLEREFS="font2" WC="0.5600000024" CONTENT="Jö" HEIGHT="35" WIDTH="26" VPOS="1107" HPOS="456"/><String STYLE="superscript" STYLEREFS="font2" WC="0.25" CONTENT="f" HEIGHT="18" WIDTH="10" VPOS="1114" HPOS="485"/><SP WIDTH="54" VPOS="1114" HPOS="496"/><String STYLEREFS="font2" WC="0.4699999988" CONTENT="avec" HEIGHT="18" WIDTH="66" VPOS="1118" HPOS="551"/><SP WIDTH="6" VPOS="1109" HPOS="618"/><String WC="0.2533333302" CONTENT="des" HEIGHT="28" WIDTH="45" VPOS="1109" HPOS="625"/><SP WIDTH="10" VPOS="1120" HPOS="671"/><String STYLEREFS="font2" WC="0.2957142889" CONTENT="petites" HEIGHT="37" WIDTH="96" VPOS="1111" HPOS="682"/><SP WIDTH="6" VPOS="1120" HPOS="779"/><String STYLEREFS="font2" WC="0.2300000042" CONTENT="peaux," HEIGHT="29" WIDTH="96" VPOS="1121" HPOS="786"/><SP WIDTH="9" VPOS="1121" HPOS="883"/><String STYLE="italics" STYLEREFS="font2" WC="0.699090898" CONTENT="tatet,peilt" HEIGHT="33" WIDTH="135" VPOS="1118" HPOS="893"/></TextLine>
</TextBlock>
<TextBlock ID="Page1_Block7" HEIGHT="676" WIDTH="518" VPOS="1148" HPOS="36" language="de" STYLEREFS="font2"><Shape><Polygon POINTS="36,1148 180,1148 180,1160 238,1160 238,1202 504,1202 504,1528 550,1528 550,1566 554,1566 554,1702 532,1702 532,1824 36,1824 36,1148"/></Shape>
<TextLine HEIGHT="32" WIDTH="182" VPOS="1154" HPOS="53"><String WC="0.1550000012" CONTENT="di" HEIGHT="28" WIDTH="27" VPOS="1154" HPOS="53"/><SP WIDTH="9" VPOS="1155" HPOS="81"/><String WC="0.4916666746" CONTENT="carne," HEIGHT="23" WIDTH="86" VPOS="1163" HPOS="91"/><SP WIDTH="40" VPOS="1166" HPOS="178"/><String STYLE="italics smallcaps" STYLEREFS="font0" WC="0." CONTENT="a" HEIGHT="16" WIDTH="16" VPOS="1166" HPOS="219"/></TextLine>
<TextLine HEIGHT="41" WIDTH="178" VPOS="1195" HPOS="55"><String STYLEREFS="font3" WC="0.5166666508" CONTENT="co’" HEIGHT="26" WIDTH="42" VPOS="1199" HPOS="55"/><SP WIDTH="10" VPOS="1199" HPOS="98"/><String STYLEREFS="font3" WC="0.5274999738" CONTENT="müfcoli," HEIGHT="41" WIDTH="124" VPOS="1195" HPOS="109"/></TextLine>
<TextLine HEIGHT="39" WIDTH="128" VPOS="1238" HPOS="56"><String WC="0.2649999857" CONTENT="di" HEIGHT="28" WIDTH="25" VPOS="1238" HPOS="56"/><SP WIDTH="8" VPOS="1241" HPOS="82"/><String WC="0.5614285469" CONTENT="canäli," HEIGHT="36" WIDTH="93" VPOS="1241" HPOS="91"/></TextLine>
<TextLine HEIGHT="39" WIDTH="288" VPOS="1285" HPOS="58"><String STYLE="superscript" WC="0.2599999905" CONTENT="C" HEIGHT="16" WIDTH="13" VPOS="1289" HPOS="58"/><String STYLE="superscript bold" WC="0.3000000119" CONTENT="3" HEIGHT="16" WIDTH="10" VPOS="1291" HPOS="73"/><String WC="0.3700000048" CONTENT="rtilagsni," HEIGHT="39" WIDTH="121" VPOS="1285" HPOS="88"/><SP WIDTH="11" VPOS="1293" HPOS="210"/><String STYLE="italics" WC="0.4250000119" CONTENT="tenerumi" HEIGHT="28" WIDTH="124" VPOS="1287" HPOS="222"/></TextLine>
<TextLine HEIGHT="28" WIDTH="51" VPOS="1324" HPOS="60"><String WC="0.296666652" CONTENT="o(T" HEIGHT="25" WIDTH="39" VPOS="1324" HPOS="60"/><String STYLE="subscript" WC="0.25" CONTENT="a" HEIGHT="16" WIDTH="13" VPOS="1336" HPOS="98"/></TextLine>
<TextLine HEIGHT="40" WIDTH="281" VPOS="1366" HPOS="61" STYLEREFS="font2"><String WC="0.25" CONTENT="*" HEIGHT="16" WIDTH="14" VPOS="1369" HPOS="61"/><SP WIDTH="7" VPOS="1369" HPOS="76"/><String STYLE="superscript" WC="0.25" CONTENT="v" HEIGHT="16" WIDTH="13" VPOS="1372" HPOS="84"/><String WC="0.2919999957" CONTENT="ücere" HEIGHT="32" WIDTH="74" VPOS="1366" HPOS="102"/><SP WIDTH="10" VPOS="1381" HPOS="177"/><String WC="0.6299999952" CONTENT="," HEIGHT="15" WIDTH="8" VPOS="1391" HPOS="188"/><SP WIDTH="10" VPOS="1373" HPOS="197"/><String STYLE="italics" WC="0.5588889122" CONTENT="interidra" HEIGHT="28" WIDTH="124" VPOS="1372" HPOS="208"/><String WC="0.5400000215" CONTENT="," HEIGHT="15" WIDTH="7" VPOS="1389" HPOS="335"/></TextLine>
<TextLine HEIGHT="42" WIDTH="401" VPOS="1407" HPOS="99"><String WC="0.4087499976" CONTENT="Toltane," HEIGHT="42" WIDTH="130" VPOS="1407" HPOS="99"/><SP WIDTH="7" VPOS="1421" HPOS="230"/><String WC="0.4050000012" CONTENT="trattane" HEIGHT="21" WIDTH="113" VPOS="1421" HPOS="238"/><SP WIDTH="9" VPOS="1423" HPOS="352"/><String WC="0.6299999952" CONTENT="," HEIGHT="15" WIDTH="7" VPOS="1432" HPOS="362"/><SP WIDTH="7" VPOS="1412" HPOS="370"/><String STYLE="italics" WC="0.2762500048" CONTENT="levatane" HEIGHT="28" WIDTH="122" VPOS="1412" HPOS="378"/></TextLine>
<TextLine HEIGHT="61" WIDTH="132" VPOS="1440" HPOS="62" STYLEREFS="font4"><String STYLE="bold" WC="0.6050000191" CONTENT="J»" HEIGHT="61" WIDTH="25" VPOS="1440" HPOS="62"/><SP WIDTH="7" VPOS="1452" HPOS="88"/><String STYLE="bold" WC="0.4140000045" CONTENT="P«.«M" HEIGHT="38" WIDTH="98" VPOS="1452" HPOS="96"/></TextLine>
<TextLine HEIGHT="52" WIDTH="404" VPOS="1485" HPOS="62"><String STYLE="superscript" WC="0.25" CONTENT="h" HEIGHT="24" WIDTH="18" VPOS="1485" HPOS="62"/><SP WIDTH="7" VPOS="1485" HPOS="81"/><String STYLE="superscript" WC="0.2700000107" CONTENT="ve" HEIGHT="19" WIDTH="29" VPOS="1496" HPOS="89"/><String WC="0.5099999905" CONTENT="de," HEIGHT="38" WIDTH="39" VPOS="1491" HPOS="121"/><SP WIDTH="13" VPOS="1508" HPOS="161"/><String STYLE="italics" WC="0.3087500036" CONTENT="apparjee" HEIGHT="37" WIDTH="122" VPOS="1500" HPOS="175"/><SP WIDTH="12" VPOS="1494" HPOS="298"/><String WC="0.1650000066" CONTENT="la" HEIGHT="29" WIDTH="24" VPOS="1494" HPOS="311"/><SP WIDTH="13" VPOS="1502" HPOS="336"/><String WC="0.4833333194" CONTENT="carne," HEIGHT="23" WIDTH="87" VPOS="1501" HPOS="350"/><SP WIDTH="13" VPOS="1505" HPOS="438"/><String WC="0.2599999905" CONTENT="2" HEIGHT="18" WIDTH="14" VPOS="1505" HPOS="452"/></TextLine>
<TextLine HEIGHT="40" WIDTH="486" VPOS="1533" HPOS="62"><String STYLE="superscript" WC="0.2399999946" CONTENT="n" HEIGHT="20" WIDTH="18" VPOS="1533" HPOS="62"/><String WC="0.5699999928" CONTENT="°n" HEIGHT="21" WIDTH="36" VPOS="1538" HPOS="84"/><SP WIDTH="7" VPOS="1539" HPOS="121"/><String WC="0.4650000036" CONTENT="gi" HEIGHT="35" WIDTH="22" VPOS="1537" HPOS="129"/><String STYLE="subscript" WC="0.2599999905" CONTENT="a" HEIGHT="18" WIDTH="14" VPOS="1548" HPOS="154"/><SP WIDTH="8" VPOS="1546" HPOS="169"/><String WC="0.4900000095" CONTENT="tutta" HEIGHT="21" WIDTH="70" VPOS="1546" HPOS="178"/><SP WIDTH="7" VPOS="1539" HPOS="249"/><String WC="0.8450000286" CONTENT="in" HEIGHT="27" WIDTH="28" VPOS="1539" HPOS="257"/><SP WIDTH="9" VPOS="1547" HPOS="286"/><String WC="0.2349999994" CONTENT="un" HEIGHT="18" WIDTH="39" VPOS="1546" HPOS="296"/><SP WIDTH="11" VPOS="1546" HPOS="336"/><String WC="0.4383333325" CONTENT="pezze," HEIGHT="30" WIDTH="100" VPOS="1543" HPOS="348"/><SP WIDTH="10" VPOS="1537" HPOS="449"/><String STYLE="italics" WC="0.4850000143" CONTENT="in" HEIGHT="25" WIDTH="27" VPOS="1537" HPOS="460"/><SP WIDTH="12" VPOS="1545" HPOS="488"/><String STYLE="italics" WC="0.6966666579" CONTENT="u»a" HEIGHT="18" WIDTH="47" VPOS="1545" HPOS="501"/></TextLine>
<TextLine HEIGHT="43" WIDTH="486" VPOS="1574" HPOS="63"><String WC="0.174999997" CONTENT="ma" HEIGHT="22" WIDTH="43" VPOS="1578" HPOS="63"/><SP WIDTH="8" VPOS="1574" HPOS="107"/><String WC="0.523999989" CONTENT="tfpartlta," HEIGHT="42" WIDTH="110" VPOS="1574" HPOS="116"/><SP WIDTH="8" VPOS="1593" HPOS="227"/><String STYLE="italics" WC="0.3619999886" CONTENT="comfartita" HEIGHT="34" WIDTH="153" VPOS="1583" HPOS="236"/><SP WIDTH="70" VPOS="1575" HPOS="390"/><String STYLE="italics" WC="0.4699999988" CONTENT="[maß&apos;a" HEIGHT="40" WIDTH="88" VPOS="1575" HPOS="461"/></TextLine>
<TextLine HEIGHT="47" WIDTH="485" VPOS="1615" HPOS="65"><String WC="0.1620000005" CONTENT="coine" HEIGHT="26" WIDTH="77" VPOS="1620" HPOS="65"/><SP WIDTH="12" VPOS="1622" HPOS="143"/><String WC="0.2899999917" CONTENT="di" HEIGHT="27" WIDTH="25" VPOS="1622" HPOS="156"/><String STYLE="subscript" WC="0.25" CONTENT="r" HEIGHT="18" WIDTH="11" VPOS="1632" HPOS="183"/><SP WIDTH="9" VPOS="1632" HPOS="195"/><String STYLE="subscript" WC="1." CONTENT="V" HEIGHT="18" WIDTH="13" VPOS="1634" HPOS="205"/><String WC="0.4518181682" CONTENT="ogliamo,in," HEIGHT="44" WIDTH="162" VPOS="1618" HPOS="221"/><SP WIDTH="9" VPOS="1628" HPOS="384"/><String WC="0.3433333337" CONTENT="pi«" HEIGHT="41" WIDTH="44" VPOS="1616" HPOS="394"/><SP WIDTH="10" VPOS="1615" HPOS="439"/><String WC="0.3899999857" CONTENT="boldö-" HEIGHT="33" WIDTH="100" VPOS="1615" HPOS="450"/></TextLine>
<TextLine HEIGHT="49" WIDTH="469" VPOS="1658" HPOS="82" STYLEREFS="font2"><String WC="1." CONTENT="." HEIGHT="7" WIDTH="7" VPOS="1695" HPOS="82"/><SP WIDTH="45" VPOS="1695" HPOS="90"/><String WC="0.5199999809" CONTENT="." HEIGHT="9" WIDTH="5" VPOS="1698" HPOS="136"/><SP WIDTH="345" VPOS="1658" HPOS="142"/><String WC="0.4099999964" CONTENT="[" HEIGHT="42" WIDTH="14" VPOS="1658" HPOS="488"/><String STYLE="superscript" WC="0.2800000012" CONTENT="n" HEIGHT="20" WIDTH="19" VPOS="1669" HPOS="503"/><String WC="0.5799999833" CONTENT="*" HEIGHT="17" WIDTH="8" VPOS="1671" HPOS="524"/><SP WIDTH="9" VPOS="1671" HPOS="533"/><String WC="0.349999994" CONTENT="&gt;" HEIGHT="15" WIDTH="8" VPOS="1680" HPOS="543"/></TextLine>
<TextLine HEIGHT="38" WIDTH="462" VPOS="1702" HPOS="67" STYLEREFS="font2"><String STYLE="superscript" WC="0.2800000012" CONTENT="cl3e" HEIGHT="23" WIDTH="47" VPOS="1702" HPOS="67"/><SP WIDTH="11" VPOS="1702" HPOS="115"/><String WC="0.2450000048" CONTENT="da" HEIGHT="27" WIDTH="30" VPOS="1702" HPOS="127"/><SP WIDTH="8" VPOS="1712" HPOS="158"/><String WC="0.349999994" CONTENT="g!i" HEIGHT="36" WIDTH="34" VPOS="1704" HPOS="167"/><SP WIDTH="6" VPOS="1705" HPOS="202"/><String WC="0.4583333433" CONTENT="Anatomifti,," HEIGHT="37" WIDTH="176" VPOS="1703" HPOS="209"/><SP WIDTH="5" VPOS="1713" HPOS="386"/><String STYLE="italics" WC="0.2599999905" CONTENT="anxtemki" HEIGHT="28" WIDTH="137" VPOS="1704" HPOS="392"/></TextLine>
<TextLine HEIGHT="49" WIDTH="297" VPOS="1735" HPOS="69" STYLEREFS="font2"><String WC="0.2300000042" CONTENT="b" HEIGHT="27" WIDTH="18" VPOS="1735" HPOS="69"/><SP WIDTH="6" VPOS="1735" HPOS="88"/><String WC="0.2849999964" CONTENT="chiamano" HEIGHT="35" WIDTH="139" VPOS="1740" HPOS="95"/><SP WIDTH="8" VPOS="1757" HPOS="235"/><String WC="0.3100000024" CONTENT="müfcoli," HEIGHT="38" WIDTH="122" VPOS="1746" HPOS="244"/></TextLine>
<TextLine HEIGHT="46" WIDTH="223" VPOS="1776" HPOS="68" STYLEREFS="font2"><String WC="0.1899999976" CONTENT="de" HEIGHT="30" WIDTH="31" VPOS="1776" HPOS="68"/><SP WIDTH="15" VPOS="1789" HPOS="100"/><String WC="0.5083333254" CONTENT="quäli," HEIGHT="37" WIDTH="87" VPOS="1785" HPOS="116"/><SP WIDTH="9" VPOS="1787" HPOS="204"/><String STYLE="italics" WC="0.1550000012" CONTENT="di" HEIGHT="29" WIDTH="26" VPOS="1787" HPOS="214"/><SP WIDTH="9" VPOS="1791" HPOS="241"/><String STYLE="italics" WC="0.296666652" CONTENT="cui" HEIGHT="26" WIDTH="40" VPOS="1792" HPOS="251"/></TextLine>
</TextBlock>
<TextBlock ID="Page1_Block8" HEIGHT="686" WIDTH="664" VPOS="1138" HPOS="410" language="de" STYLEREFS="font2"><Shape><Polygon POINTS="410,1138 688,1138 688,1150 1058,1150 1058,1194 1074,1194 1074,1824 552,1824 552,1778 558,1778 558,1618 556,1618 556,1542 544,1542 544,1484 550,1484 550,1398 590,1398 590,1366 548,1366 548,1318 550,1318 550,1286 548,1286 548,1240 546,1240 546,1194 410,1194 410,1138"/></Shape>
<TextLine HEIGHT="44" WIDTH="628" VPOS="1147" HPOS="416" STYLEREFS="font2"><String STYLE="italics" WC="0.5" CONTENT="[teliccine" HEIGHT="40" WIDTH="127" VPOS="1147" HPOS="416"/><SP WIDTH="6" VPOS="1149" HPOS="544"/><String WC="0.3650000095" CONTENT="de" HEIGHT="29" WIDTH="32" VPOS="1149" HPOS="551"/><SP WIDTH="8" VPOS="1160" HPOS="584"/><String WC="0.4033333361" CONTENT="chair," HEIGHT="37" WIDTH="81" VPOS="1150" HPOS="593"/><SP WIDTH="287" VPOS="1157" HPOS="675"/><String STYLE="italics" WC="0.3042857051" CONTENT="(eitles" HEIGHT="34" WIDTH="81" VPOS="1157" HPOS="963"/></TextLine>
<TextLine HEIGHT="43" WIDTH="424" VPOS="1194" HPOS="552"><String WC="0.4099999964" CONTENT="avec" HEIGHT="20" WIDTH="64" VPOS="1205" HPOS="552"/><SP WIDTH="8" VPOS="1194" HPOS="617"/><String STYLEREFS="font3" WC="0.1433333308" CONTENT="des" HEIGHT="33" WIDTH="46" VPOS="1194" HPOS="626"/><SP WIDTH="13" VPOS="1206" HPOS="673"/><String WC="0.3516666591" CONTENT="mufdes" HEIGHT="34" WIDTH="113" VPOS="1195" HPOS="687"/><SP WIDTH="9" VPOS="1198" HPOS="801"/><String WC="0.1199999973" CONTENT="de" HEIGHT="33" WIDTH="31" VPOS="1198" HPOS="811"/><SP WIDTH="11" VPOS="1209" HPOS="843"/><String WC="0.2357142866" CONTENT="canaux;" HEIGHT="27" WIDTH="121" VPOS="1210" HPOS="855"/></TextLine>
<TextLine HEIGHT="41" WIDTH="275" VPOS="1241" HPOS="554"><String WC="0.3727272749" CONTENT="cartilages," HEIGHT="41" WIDTH="148" VPOS="1241" HPOS="554"/><SP WIDTH="7" VPOS="1252" HPOS="703"/><String WC="0.2387499958" CONTENT="t&lt;»driwj" HEIGHT="31" WIDTH="118" VPOS="1241" HPOS="711"/></TextLine>
<TextLine HEIGHT="28" WIDTH="39" VPOS="1285" HPOS="556"><String WC="0.3400000036" CONTENT="Os" HEIGHT="28" WIDTH="39" VPOS="1285" HPOS="556"/></TextLine>
<TextLine HEIGHT="36" WIDTH="314" VPOS="1326" HPOS="555"><String WC="0.8299999833" CONTENT="&amp;" HEIGHT="27" WIDTH="25" VPOS="1328" HPOS="555"/><SP WIDTH="8" VPOS="1328" HPOS="581"/><String WC="0.3981818259" CONTENT="entraillei," HEIGHT="34" WIDTH="142" VPOS="1326" HPOS="590"/><SP WIDTH="10" VPOS="1326" HPOS="733"/><String STYLE="italics" WC="0.5833333135" CONTENT="inteßins." HEIGHT="36" WIDTH="125" VPOS="1326" HPOS="744"/></TextLine>
<TextLine HEIGHT="40" WIDTH="265" VPOS="1367" HPOS="597"><String WC="0.4557142854" CONTENT="Ot^equ“" HEIGHT="40" WIDTH="126" VPOS="1367" HPOS="597"/><SP WIDTH="12" VPOS="1367" HPOS="724"/><String WC="0.2725000083" CONTENT="ilen" HEIGHT="29" WIDTH="61" VPOS="1367" HPOS="737"/><SP WIDTH="13" VPOS="1367" HPOS="799"/><String WC="0.2574999928" CONTENT="foic" HEIGHT="30" WIDTH="49" VPOS="1367" HPOS="813"/></TextLine>
<TextLine HEIGHT="41" WIDTH="279" VPOS="1408" HPOS="555"><String WC="0.5749999881" CONTENT="la" HEIGHT="28" WIDTH="24" VPOS="1410" HPOS="555"/><SP WIDTH="9" VPOS="1420" HPOS="580"/><String WC="0.375" CONTENT="peau" HEIGHT="30" WIDTH="67" VPOS="1419" HPOS="590"/><SP WIDTH="12" VPOS="1419" HPOS="658"/><String WC="1." CONTENT="1" HEIGHT="18" WIDTH="9" VPOS="1420" HPOS="671"/><SP WIDTH="14" VPOS="1408" HPOS="681"/><String WC="0.150000006" CONTENT="de" HEIGHT="29" WIDTH="32" VPOS="1408" HPOS="696"/><SP WIDTH="10" VPOS="1408" HPOS="729"/><String WC="0.4257142842" CONTENT="deffus," HEIGHT="37" WIDTH="94" VPOS="1408" HPOS="740"/></TextLine>
<TextLine HEIGHT="39" WIDTH="425" VPOS="1451" HPOS="558"><String WC="0.9350000024" CONTENT="la" HEIGHT="29" WIDTH="24" VPOS="1452" HPOS="558"/><SP WIDTH="12" VPOS="1462" HPOS="583"/><String WC="0.4699999988" CONTENT="chair" HEIGHT="28" WIDTH="72" VPOS="1452" HPOS="596"/><SP WIDTH="10" VPOS="1461" HPOS="669"/><String STYLE="italics" WC="0.2300000042" CONTENT="2" HEIGHT="18" WIDTH="13" VPOS="1462" HPOS="680"/><SP WIDTH="13" VPOS="1462" HPOS="694"/><String WC="0.3085714281" CONTENT="paroit," HEIGHT="38" WIDTH="109" VPOS="1452" HPOS="708"/><SP WIDTH="8" VPOS="1452" HPOS="818"/><String STYLE="italics" WC="0.5316666961" CONTENT="fefait" HEIGHT="39" WIDTH="83" VPOS="1451" HPOS="827"/><SP WIDTH="12" VPOS="1458" HPOS="911"/><String STYLE="italics" WC="0.3874999881" CONTENT="voir" HEIGHT="28" WIDTH="59" VPOS="1452" HPOS="924"/></TextLine>
<TextLine HEIGHT="50" WIDTH="503" VPOS="1484" HPOS="550"><String WC="0.2949999869" CONTENT="|non" HEIGHT="50" WIDTH="67" VPOS="1484" HPOS="550"/><SP WIDTH="8" VPOS="1503" HPOS="618"/><String WC="0.223333329" CONTENT="pas" HEIGHT="30" WIDTH="44" VPOS="1504" HPOS="627"/><SP WIDTH="9" VPOS="1504" HPOS="672"/><String WC="0.6499999762" CONTENT="qu" HEIGHT="29" WIDTH="36" VPOS="1504" HPOS="682"/><SP WIDTH="13" VPOS="1504" HPOS="719"/><String WC="0.5649999976" CONTENT="eile" HEIGHT="30" WIDTH="50" VPOS="1493" HPOS="733"/><SP WIDTH="9" VPOS="1493" HPOS="784"/><String WC="0.4325000048" CONTENT="foit" HEIGHT="29" WIDTH="52" VPOS="1493" HPOS="794"/><SP WIDTH="7" VPOS="1501" HPOS="847"/><String WC="0.5680000186" CONTENT="toure" HEIGHT="21" WIDTH="78" VPOS="1501" HPOS="855"/><SP WIDTH="13" VPOS="1503" HPOS="934"/><String WC="0.2899999917" CONTENT="en" HEIGHT="19" WIDTH="35" VPOS="1503" HPOS="948"/><SP WIDTH="14" VPOS="1502" HPOS="984"/><String WC="0.2833333313" CONTENT="uns" HEIGHT="20" WIDTH="54" VPOS="1501" HPOS="999"/></TextLine>
<TextLine HEIGHT="41" WIDTH="99" VPOS="1534" HPOS="949"><String WC="0.3528571427" CONTENT="[piece," HEIGHT="41" WIDTH="99" VPOS="1534" HPOS="949"/></TextLine>
<TextLine HEIGHT="40" WIDTH="198" VPOS="1576" HPOS="563"><String WC="0.3600000143" CONTENT="maispartag^e" HEIGHT="40" WIDTH="198" VPOS="1576" HPOS="563"/></TextLine>
<TextLine HEIGHT="43" WIDTH="493" VPOS="1616" HPOS="564"><String WC="0.4359999895" CONTENT="comme" HEIGHT="19" WIDTH="106" VPOS="1628" HPOS="564"/><SP WIDTH="18" VPOS="1628" HPOS="671"/><String WC="0.5299999714" CONTENT="qui" HEIGHT="39" WIDTH="45" VPOS="1620" HPOS="690"/><SP WIDTH="19" VPOS="1618" HPOS="736"/><String WC="0.2514285743" CONTENT="diroit," HEIGHT="37" WIDTH="102" VPOS="1618" HPOS="756"/><SP WIDTH="16" VPOS="1628" HPOS="859"/><String WC="0.9300000072" CONTENT="en" HEIGHT="21" WIDTH="35" VPOS="1626" HPOS="876"/><SP WIDTH="17" VPOS="1626" HPOS="912"/><String WC="0.3933333457" CONTENT="plufieurs" HEIGHT="41" WIDTH="127" VPOS="1616" HPOS="930"/></TextLine>
<TextLine HEIGHT="42" WIDTH="156" VPOS="1659" HPOS="904"><String WC="0.3466666639" CONTENT="[boudins;" HEIGHT="42" WIDTH="156" VPOS="1659" HPOS="904"/></TextLine>
<TextLine HEIGHT="43" WIDTH="441" VPOS="1700" HPOS="563"><String WC="0.4633333385" CONTENT="que" HEIGHT="30" WIDTH="51" VPOS="1711" HPOS="563"/><SP WIDTH="13" VPOS="1700" HPOS="615"/><String WC="0.3666666746" CONTENT="les" HEIGHT="30" WIDTH="37" VPOS="1700" HPOS="629"/><SP WIDTH="6" VPOS="1704" HPOS="667"/><String WC="0.3290909231" CONTENT="Anatomiftes" HEIGHT="32" WIDTH="183" VPOS="1702" HPOS="674"/><SP WIDTH="7" VPOS="1712" HPOS="858"/><String WC="0.2066666633" CONTENT="appellent" HEIGHT="41" WIDTH="138" VPOS="1702" HPOS="866"/></TextLine>
<TextLine HEIGHT="37" WIDTH="119" VPOS="1742" HPOS="565"><String WC="0.4524999857" CONTENT="mufcles," HEIGHT="37" WIDTH="119" VPOS="1742" HPOS="565"/></TextLine>
<TextLine HEIGHT="30" WIDTH="68" VPOS="1786" HPOS="567"><String WC="0.3700000048" CONTENT="dont" HEIGHT="30" WIDTH="68" VPOS="1786" HPOS="567"/></TextLine>
</TextBlock></ComposedBlock><GraphicalElement ID="Page1_Block9" HEIGHT="13" WIDTH="460" VPOS="175" HPOS="55"/><GraphicalElement ID="Page1_Block10" HEIGHT="10" WIDTH="490" VPOS="176" HPOS="532"/><GraphicalElement ID="Page1_Block11" HEIGHT="13" WIDTH="933" VPOS="917" HPOS="99"/><GraphicalElement ID="Page1_Block12" HEIGHT="91" WIDTH="3" VPOS="987" HPOS="546"/><GraphicalElement ID="Page1_Block13" HEIGHT="245" WIDTH="6" VPOS="1177" HPOS="547"/><GraphicalElement ID="Page1_Block14" HEIGHT="264" WIDTH="8" VPOS="1546" HPOS="554"/>
</PrintSpace>
</Page>
</Layout>
</alto>