﻿<?xml version="1.0" encoding="UTF-8" standalone="yes"?>
<alto xmlns="http://www.loc.gov/standards/alto/ns-v2#" xmlns:xlink="http://www.w3.org/1999/xlink" xmlns:xsi="http://www.w3.org/2001/XMLSchema-instance" xsi:schemaLocation="http://www.loc.gov/standards/alto/ns-v2# http://www.loc.gov/standards/alto/alto-v2.0.xsd">
<Description>
<MeasurementUnit>pixel</MeasurementUnit>
<OCRProcessing ID="IdOcr"><ocrProcessingStep><processingDateTime>2017-03-20</processingDateTime><processingSoftware><softwareCreator>ABBYY</softwareCreator><softwareName>ABBYY FineReader Engine</softwareName><softwareVersion>11</softwareVersion></processingSoftware></ocrProcessingStep></OCRProcessing>
</Description>
<Styles><TextStyle ID="font0" FONTFAMILY="Times New Roman" FONTSIZE="5"/><TextStyle ID="font1" FONTFAMILY="Times New Roman" FONTSIZE="6"/><TextStyle ID="font2" FONTFAMILY="Times New Roman" FONTSIZE="8"/><TextStyle ID="font3" FONTFAMILY="Times New Roman" FONTSIZE="9"/><TextStyle ID="font4" FONTFAMILY="Times New Roman" FONTSIZE="11"/><TextStyle ID="font5" FONTFAMILY="Times New Roman" FONTSIZE="12"/>
</Styles>
<Layout>
<Page ID="Page1" PHYSICAL_IMG_NR="1" HEIGHT="2056" WIDTH="1203">
<TopMargin HEIGHT="157" WIDTH="1203" VPOS="0" HPOS="0">
</TopMargin>
<LeftMargin HEIGHT="1729" WIDTH="154" VPOS="157" HPOS="0">
</LeftMargin>
<RightMargin HEIGHT="1729" WIDTH="4" VPOS="157" HPOS="1199">
</RightMargin>
<BottomMargin HEIGHT="170" WIDTH="1203" VPOS="1886" HPOS="0">
</BottomMargin>
<PrintSpace HEIGHT="1729" WIDTH="1045" VPOS="157" HPOS="154">
<TextBlock ID="Page1_Block1" HEIGHT="47" WIDTH="192" VPOS="157" HPOS="587" language="de" STYLEREFS="font4">
<TextLine HEIGHT="35" WIDTH="180" VPOS="163" HPOS="593"><String STYLE="bold" WC="0.3849999905" CONTENT="in" HEIGHT="32" WIDTH="30" VPOS="166" HPOS="593"/><SP WIDTH="47" VPOS="163" HPOS="624"/><String STYLE="bold" WC="0.5149999857" CONTENT="if" HEIGHT="33" WIDTH="26" VPOS="163" HPOS="672"/><SP WIDTH="48" VPOS="163" HPOS="699"/><String STYLE="bold" WC="0.2549999952" CONTENT="Is" HEIGHT="33" WIDTH="25" VPOS="163" HPOS="748"/></TextLine>
</TextBlock>
<TextBlock ID="Page1_Block2" HEIGHT="490" WIDTH="306" VPOS="230" HPOS="154" language="de" STYLEREFS="font3"><Shape><Polygon POINTS="154,230 460,230 460,682 402,682 402,720 154,720 154,230"/></Shape>
<TextLine HEIGHT="26" WIDTH="192" VPOS="230" HPOS="170"><String WC="0.449000001" CONTENT="innocente," HEIGHT="25" WIDTH="157" VPOS="230" HPOS="170"/><SP WIDTH="12" VPOS="238" HPOS="328"/><String WC="0.8249999881" CONTENT="c." HEIGHT="18" WIDTH="21" VPOS="238" HPOS="341"/></TextLine>
<TextLine HEIGHT="36" WIDTH="286" VPOS="269" HPOS="170"><String WC="0.3731249869" CONTENT="innoceiitiffimo," HEIGHT="36" WIDTH="238" VPOS="269" HPOS="170"/><SP WIDTH="6" VPOS="282" HPOS="409"/><String WC="0.2549999952" CONTENT="m," HEIGHT="23" WIDTH="40" VPOS="282" HPOS="416"/></TextLine>
<TextLine HEIGHT="32" WIDTH="142" VPOS="308" HPOS="172"><String WC="0.3889999986" CONTENT="infaccare." HEIGHT="32" WIDTH="142" VPOS="308" HPOS="172"/></TextLine>
<TextLine HEIGHT="39" WIDTH="170" VPOS="351" HPOS="173"><String WC="0.3509090841" CONTENT="infaponare," HEIGHT="39" WIDTH="170" VPOS="351" HPOS="173"/></TextLine>
<TextLine HEIGHT="33" WIDTH="189" VPOS="391" HPOS="173"><String WC="0.4575000107" CONTENT="infatiabile," HEIGHT="33" WIDTH="153" VPOS="391" HPOS="173"/><SP WIDTH="8" VPOS="405" HPOS="327"/><String WC="0.2700000107" CONTENT="c." HEIGHT="18" WIDTH="26" VPOS="405" HPOS="336"/></TextLine>
<TextLine HEIGHT="36" WIDTH="206" VPOS="434" HPOS="173"><String WC="0.3561538458" CONTENT="infcrictione." HEIGHT="29" WIDTH="174" VPOS="435" HPOS="173"/><SP WIDTH="7" VPOS="434" HPOS="348"/><String WC="0.4050000012" CONTENT="f«" HEIGHT="36" WIDTH="23" VPOS="434" HPOS="356"/></TextLine>
<TextLine HEIGHT="39" WIDTH="150" VPOS="478" HPOS="172"><String WC="0.3639999926" CONTENT="injegnare," HEIGHT="39" WIDTH="150" VPOS="478" HPOS="172"/></TextLine>
<TextLine HEIGHT="34" WIDTH="134" VPOS="519" HPOS="171"><String WC="0.25" CONTENT="infedare," HEIGHT="34" WIDTH="134" VPOS="519" HPOS="171"/></TextLine>
<TextLine HEIGHT="34" WIDTH="267" VPOS="560" HPOS="171"><String WC="0.3912500143" CONTENT="inietto." HEIGHT="28" WIDTH="110" VPOS="562" HPOS="171"/><SP WIDTH="10" VPOS="571" HPOS="282"/><String WC="0.7149999738" CONTENT="m." HEIGHT="17" WIDTH="35" VPOS="571" HPOS="293"/><SP WIDTH="7" VPOS="572" HPOS="329"/><String STYLE="italics" WC="0.4028571546" CONTENT="rettile" HEIGHT="28" WIDTH="89" VPOS="560" HPOS="337"/><String STYLE="subscript italics" WC="0.4099999964" CONTENT="t" HEIGHT="13" WIDTH="9" VPOS="581" HPOS="429"/></TextLine>
<TextLine HEIGHT="37" WIDTH="244" VPOS="601" HPOS="172"><String WC="0.3249999881" CONTENT="infieme," HEIGHT="37" WIDTH="124" VPOS="601" HPOS="172"/><SP WIDTH="6" VPOS="614" HPOS="297"/><String STYLE="italics" WC="0.5037500262" CONTENT="asjitme^" HEIGHT="36" WIDTH="112" VPOS="602" HPOS="304"/></TextLine>
<TextLine HEIGHT="34" WIDTH="158" VPOS="644" HPOS="175"><String WC="0.5363636613" CONTENT="infognarfi." HEIGHT="34" WIDTH="158" VPOS="644" HPOS="175"/></TextLine>
<TextLine HEIGHT="33" WIDTH="222" VPOS="685" HPOS="176"><String WC="0.3785714209" CONTENT="infieme" HEIGHT="31" WIDTH="112" VPOS="685" HPOS="176"/><SP WIDTH="8" VPOS="698" HPOS="289"/><String WC="0.3011111021" CONTENT="r.netlte." HEIGHT="24" WIDTH="100" VPOS="694" HPOS="298"/></TextLine>
</TextBlock>
<TextBlock ID="Page1_Block3" HEIGHT="456" WIDTH="134" VPOS="232" HPOS="538" language="de" STYLEREFS="font3"><Shape><Polygon POINTS="538,232 668,232 668,442 670,442 670,478 672,478 672,650 670,650 670,688 598,688 598,650 538,650 538,232"/></Shape>
<TextLine HEIGHT="32" WIDTH="59" VPOS="238" HPOS="601" STYLEREFS="font3"><String WC="0.4933333397" CONTENT="4S7" HEIGHT="32" WIDTH="59" VPOS="238" HPOS="601"/></TextLine>
<TextLine HEIGHT="37" WIDTH="62" VPOS="276" HPOS="599" STYLEREFS="font3"><String WC="0.1466666609" CONTENT="585" HEIGHT="37" WIDTH="62" VPOS="276" HPOS="599"/></TextLine>
<TextLine HEIGHT="27" WIDTH="50" VPOS="319" HPOS="609" STYLEREFS="font3"><String STYLEREFS="font2" WC="0.3300000131" CONTENT="i" HEIGHT="19" WIDTH="7" VPOS="324" HPOS="609"/><SP WIDTH="11" VPOS="319" HPOS="617"/><String STYLEREFS="font2" WC="0.2399999946" CONTENT="81" HEIGHT="27" WIDTH="30" VPOS="319" HPOS="629"/></TextLine>
<TextLine HEIGHT="27" WIDTH="54" VPOS="365" HPOS="609"><String WC="0.4550000131" CONTENT="7-37" HEIGHT="27" WIDTH="54" VPOS="365" HPOS="609"/></TextLine>
<TextLine HEIGHT="29" WIDTH="60" VPOS="405" HPOS="604"><String WC="0.2033333331" CONTENT="459" HEIGHT="29" WIDTH="60" VPOS="405" HPOS="604"/></TextLine>
<TextLine HEIGHT="28" WIDTH="54" VPOS="446" HPOS="612"><String WC="0.2800000012" CONTENT="3" HEIGHT="25" WIDTH="11" VPOS="449" HPOS="612"/><SP WIDTH="7" VPOS="448" HPOS="624"/><String WC="0.4149999917" CONTENT="77" HEIGHT="26" WIDTH="34" VPOS="446" HPOS="632"/></TextLine>
<TextLine HEIGHT="28" WIDTH="97" VPOS="487" HPOS="569"><String STYLE="italics" WC="0.5049999952" CONTENT="y-" HEIGHT="16" WIDTH="27" VPOS="498" HPOS="569"/><SP WIDTH="13" VPOS="490" HPOS="597"/><String WC="0.3199999928" CONTENT="3" HEIGHT="25" WIDTH="11" VPOS="490" HPOS="611"/><SP WIDTH="6" VPOS="488" HPOS="623"/><String WC="9.000000358e-002" CONTENT="7?" HEIGHT="28" WIDTH="36" VPOS="487" HPOS="630"/></TextLine>
<TextLine HEIGHT="27" WIDTH="57" VPOS="528" HPOS="610"><String STYLE="italics" WC="0.3100000024" CONTENT="1&gt;9" HEIGHT="27" WIDTH="57" VPOS="528" HPOS="610"/></TextLine>
<TextLine HEIGHT="28" WIDTH="120" VPOS="568" HPOS="551"><String WC="0.5566666722" CONTENT="97&lt;" HEIGHT="25" WIDTH="49" VPOS="570" HPOS="551"/><SP WIDTH="12" VPOS="569" HPOS="601"/><String WC="0.6100000143" CONTENT="11" HEIGHT="20" WIDTH="28" VPOS="569" HPOS="614"/><SP WIDTH="9" VPOS="568" HPOS="643"/><String WC="0.1800000072" CONTENT="f" HEIGHT="28" WIDTH="18" VPOS="568" HPOS="653"/></TextLine>
<TextLine HEIGHT="34" WIDTH="110" VPOS="605" HPOS="557"><String WC="0.7433333397" CONTENT="^3-477" HEIGHT="34" WIDTH="110" VPOS="605" HPOS="557"/></TextLine>
<TextLine HEIGHT="31" WIDTH="53" VPOS="652" HPOS="613"><String WC="0.2466666698" CONTENT="573" HEIGHT="31" WIDTH="53" VPOS="652" HPOS="613"/></TextLine>
</TextBlock>
<TextBlock ID="Page1_Block4" HEIGHT="464" WIDTH="286" VPOS="224" HPOS="672" language="de" STYLEREFS="font3"><Shape><Polygon POINTS="672,224 902,224 902,274 958,274 958,688 682,688 682,646 680,646 680,556 678,556 678,344 676,344 676,306 674,306 674,274 672,274 672,224"/></Shape>
<TextLine HEIGHT="41" WIDTH="211" VPOS="229" HPOS="675"><String WC="0.3085714281" CONTENT="intraprcndere," HEIGHT="41" WIDTH="211" VPOS="229" HPOS="675"/></TextLine>
<TextLine HEIGHT="33" WIDTH="166" VPOS="273" HPOS="678"><String WC="0.3783333302" CONTENT="intrecciare," HEIGHT="33" WIDTH="166" VPOS="273" HPOS="678"/></TextLine>
<TextLine HEIGHT="39" WIDTH="147" VPOS="313" HPOS="679"><String WC="0.2663636506" CONTENT="in&apos;trepido," HEIGHT="39" WIDTH="147" VPOS="313" HPOS="679"/></TextLine>
<TextLine HEIGHT="31" WIDTH="161" VPOS="355" HPOS="681"><String WC="0.3545454443" CONTENT="introdurre," HEIGHT="31" WIDTH="161" VPOS="355" HPOS="681"/></TextLine>
<TextLine HEIGHT="28" WIDTH="146" VPOS="398" HPOS="682"><String WC="0.4970000088" CONTENT="invcntarc." HEIGHT="28" WIDTH="146" VPOS="398" HPOS="682"/></TextLine>
<TextLine HEIGHT="33" WIDTH="261" VPOS="440" HPOS="681"><String WC="0.2425000072" CONTENT="inverno»" HEIGHT="32" WIDTH="121" VPOS="440" HPOS="681"/><SP WIDTH="10" VPOS="448" HPOS="803"/><String WC="0.6850000024" CONTENT="m," HEIGHT="25" WIDTH="39" VPOS="448" HPOS="814"/><SP WIDTH="7" VPOS="452" HPOS="854"/><String STYLE="italics" WC="0.3966666758" CONTENT="•vtrna" HEIGHT="18" WIDTH="80" VPOS="451" HPOS="862"/></TextLine>
<TextLine HEIGHT="28" WIDTH="149" VPOS="482" HPOS="681"><String WC="0.3836363554" CONTENT="invetriare." HEIGHT="28" WIDTH="149" VPOS="482" HPOS="681"/></TextLine>
<TextLine HEIGHT="34" WIDTH="115" VPOS="522" HPOS="678"><String WC="0.4040000141" CONTENT="jinviarfi." HEIGHT="34" WIDTH="115" VPOS="522" HPOS="678"/></TextLine>
<TextLine HEIGHT="31" WIDTH="136" VPOS="563" HPOS="683"><String WC="0.5899999738" CONTENT="invidia," HEIGHT="30" WIDTH="104" VPOS="564" HPOS="683"/><SP WIDTH="8" VPOS="563" HPOS="788"/><String WC="0.4350000024" CONTENT="f," HEIGHT="31" WIDTH="22" VPOS="563" HPOS="797"/></TextLine>
<TextLine HEIGHT="38" WIDTH="180" VPOS="605" HPOS="684"><String WC="0.4338461459" CONTENT="inviluppäre.&apos;" HEIGHT="38" WIDTH="180" VPOS="605" HPOS="684"/></TextLine>
<TextLine HEIGHT="38" WIDTH="196" VPOS="646" HPOS="685"><String WC="0.3219999969" CONTENT="inviinppo." HEIGHT="38" WIDTH="145" VPOS="646" HPOS="685"/><SP WIDTH="8" VPOS="654" HPOS="831"/><String WC="0.6349999905" CONTENT="m»" HEIGHT="23" WIDTH="41" VPOS="654" HPOS="840"/></TextLine>
</TextBlock>
<TextBlock ID="Page1_Block5" HEIGHT="168" WIDTH="422" VPOS="720" HPOS="160" language="de" STYLEREFS="font3">
<TextLine HEIGHT="43" WIDTH="402" VPOS="723" HPOS="176"><String WC="0.3211111128" CONTENT="indolente" HEIGHT="30" WIDTH="136" VPOS="728" HPOS="176"/><SP WIDTH="19" VPOS="739" HPOS="313"/><String WC="0.6999999881" CONTENT="c" HEIGHT="17" WIDTH="14" VPOS="739" HPOS="333"/><SP WIDTH="18" VPOS="732" HPOS="348"/><String WC="0.2942857146" CONTENT="(infolentone.)" HEIGHT="43" WIDTH="211" VPOS="723" HPOS="367"/></TextLine>
<TextLine HEIGHT="40" WIDTH="205" VPOS="770" HPOS="175"><String WC="0.4133333266" CONTENT="infpettione." HEIGHT="39" WIDTH="178" VPOS="771" HPOS="175"/><SP WIDTH="6" VPOS="770" HPOS="354"/><String WC="0.2649999857" CONTENT="f," HEIGHT="30" WIDTH="19" VPOS="770" HPOS="361"/></TextLine>
<TextLine HEIGHT="32" WIDTH="274" VPOS="813" HPOS="176"><String WC="0.4618181884" CONTENT="inftitpire." HEIGHT="31" WIDTH="139" VPOS="813" HPOS="176"/><SP WIDTH="10" VPOS="816" HPOS="316"/><String STYLE="italics" WC="0.4250000119" CONTENT="ißituirt" HEIGHT="31" WIDTH="114" VPOS="814" HPOS="327"/><String WC="1." CONTENT="," HEIGHT="12" WIDTH="7" VPOS="829" HPOS="443"/></TextLine>
<TextLine HEIGHT="30" WIDTH="245" VPOS="854" HPOS="178"><String WC="0.4838461578" CONTENT="infti&apos;omento." HEIGHT="30" WIDTH="197" VPOS="854" HPOS="178"/><SP WIDTH="8" VPOS="861" HPOS="376"/><String WC="0.4799999893" CONTENT="m." HEIGHT="19" WIDTH="38" VPOS="861" HPOS="385"/></TextLine>
</TextBlock>
<TextBlock ID="Page1_Block6" HEIGHT="48" WIDTH="388" VPOS="682" HPOS="454" language="de" STYLEREFS="font3">
<TextLine HEIGHT="40" WIDTH="380" VPOS="685" HPOS="458"><String WC="0.25" CONTENT="1" HEIGHT="18" WIDTH="11" VPOS="694" HPOS="458"/><String STYLE="italics" WC="0.8399999738" CONTENT="6" HEIGHT="27" WIDTH="14" VPOS="685" HPOS="478"/><String STYLE="italics" WC="0.349999994" CONTENT="?" HEIGHT="28" WIDTH="14" VPOS="693" HPOS="497"/><String STYLE="subscript italics" WC="0.2800000012" CONTENT="t" HEIGHT="13" WIDTH="8" VPOS="705" HPOS="517"/><SP WIDTH="10" VPOS="694" HPOS="526"/><String WC="0.6125000119" CONTENT="f7)." HEIGHT="31" WIDTH="65" VPOS="694" HPOS="537"/><SP WIDTH="9" VPOS="699" HPOS="603"/><String WC="0.5400000215" CONTENT="s" HEIGHT="25" WIDTH="11" VPOS="699" HPOS="613"/><SP WIDTH="9" VPOS="692" HPOS="625"/><String WC="0.2399999946" CONTENT="8?" HEIGHT="29" WIDTH="34" VPOS="692" HPOS="635"/><SP WIDTH="14" VPOS="690" HPOS="670"/><String WC="0.3245454431" CONTENT="invilchiare" HEIGHT="32" WIDTH="153" VPOS="688" HPOS="685"/></TextLine>
</TextBlock>
<TextBlock ID="Page1_Block7" HEIGHT="160" WIDTH="78" VPOS="734" HPOS="598" language="de" STYLEREFS="font3"><Shape><Polygon POINTS="598,734 674,734 674,856 676,856 676,894 606,894 606,856 598,856 598,734"/></Shape>
<TextLine HEIGHT="27" WIDTH="53" VPOS="738" HPOS="614" STYLEREFS="font3"><String WC="0.3333333433" CONTENT="373" HEIGHT="27" WIDTH="53" VPOS="738" HPOS="614"/></TextLine>
<TextLine HEIGHT="24" WIDTH="52" VPOS="778" HPOS="616"><String WC="0.2833333313" CONTENT="soi" HEIGHT="24" WIDTH="52" VPOS="778" HPOS="616"/></TextLine>
<TextLine HEIGHT="30" WIDTH="55" VPOS="817" HPOS="616"><String WC="0.4133333266" CONTENT="49&quot;" HEIGHT="30" WIDTH="55" VPOS="817" HPOS="616"/></TextLine>
<TextLine HEIGHT="30" WIDTH="49" VPOS="860" HPOS="621"><String WC="0.3633333445" CONTENT="383" HEIGHT="30" WIDTH="49" VPOS="860" HPOS="621"/></TextLine>
</TextBlock>
<TextBlock ID="Page1_Block8" HEIGHT="150" WIDTH="208" VPOS="736" HPOS="682" language="de" STYLEREFS="font3"><Shape><Polygon POINTS="682,736 890,736 890,886 794,886 794,846 682,846 682,820 684,820 684,764 682,764 682,736"/></Shape>
<TextLine HEIGHT="28" WIDTH="202" VPOS="736" HPOS="682"><String WC="0.4440000057" CONTENT="linvitarc." HEIGHT="28" WIDTH="123" VPOS="736" HPOS="682"/><SP WIDTH="70" VPOS="749" HPOS="806"/><String WC="0.5500000119" CONTENT="," HEIGHT="12" WIDTH="7" VPOS="749" HPOS="877"/></TextLine>
<TextLine HEIGHT="37" WIDTH="157" VPOS="772" HPOS="687"><String WC="0.646666646" CONTENT="gl’" HEIGHT="35" WIDTH="33" VPOS="774" HPOS="687"/><SP WIDTH="9" VPOS="775" HPOS="721"/><String WC="0.3766666651" CONTENT="invitati," HEIGHT="28" WIDTH="113" VPOS="772" HPOS="731"/></TextLine>
<TextLine HEIGHT="32" WIDTH="140" VPOS="814" HPOS="683"><String WC="0.3580000103" CONTENT="linvocare." HEIGHT="32" WIDTH="140" VPOS="814" HPOS="683"/></TextLine>
<TextLine HEIGHT="29" WIDTH="89" VPOS="853" HPOS="797"><String WC="0.3400000036" CONTENT="Iddio." HEIGHT="29" WIDTH="89" VPOS="853" HPOS="797"/></TextLine>
</TextBlock>
<TextBlock ID="Page1_Block9" HEIGHT="48" WIDTH="678" VPOS="890" HPOS="164" language="de" STYLEREFS="font3">
<TextLine HEIGHT="41" WIDTH="662" VPOS="893" HPOS="179"><String WC="0.3918181956" CONTENT="inftrumento" HEIGHT="30" WIDTH="184" VPOS="895" HPOS="179"/><SP WIDTH="8" VPOS="893" HPOS="364"/><String WC="0.2899999917" CONTENT="(" HEIGHT="40" WIDTH="13" VPOS="893" HPOS="373"/><SP WIDTH="7" VPOS="893" HPOS="387"/><String WC="0.3472727239" CONTENT="contratto.)" HEIGHT="33" WIDTH="167" VPOS="896" HPOS="395"/><SP WIDTH="8" VPOS="896" HPOS="563"/><String WC="0.4560000002" CONTENT="m&gt;46;" HEIGHT="40" WIDTH="98" VPOS="894" HPOS="572"/><SP WIDTH="13" VPOS="904" HPOS="671"/><String WC="0.3954545557" CONTENT=".involgere." HEIGHT="36" WIDTH="156" VPOS="898" HPOS="685"/></TextLine>
</TextBlock>
<TextBlock ID="Page1_Block10" HEIGHT="488" WIDTH="302" VPOS="944" HPOS="166" language="de" STYLEREFS="font3">
<TextLine HEIGHT="26" WIDTH="74" VPOS="945" HPOS="181" STYLEREFS="font3"><String WC="0.4233333468" CONTENT="atisü," HEIGHT="26" WIDTH="74" VPOS="945" HPOS="181"/></TextLine>
<TextLine HEIGHT="39" WIDTH="278" VPOS="976" HPOS="185"><String WC="0.5339999795" CONTENT="dal!’" HEIGHT="27" WIDTH="62" VPOS="981" HPOS="185"/><SP WIDTH="8" VPOS="980" HPOS="248"/><String WC="0.4300000072" CONTENT="insu" HEIGHT="26" WIDTH="60" VPOS="980" HPOS="257"/><SP WIDTH="8" VPOS="989" HPOS="318"/><String WC="0.6399999857" CONTENT="all’" HEIGHT="28" WIDTH="41" VPOS="978" HPOS="327"/><SP WIDTH="8" VPOS="977" HPOS="369"/><String WC="0.3985714316" CONTENT="ingiii," HEIGHT="39" WIDTH="85" VPOS="976" HPOS="378"/></TextLine>
<TextLine HEIGHT="37" WIDTH="152" VPOS="1021" HPOS="183"><String WC="0.4190908968" CONTENT="intagliare," HEIGHT="37" WIDTH="152" VPOS="1021" HPOS="183"/></TextLine>
<TextLine HEIGHT="31" WIDTH="163" VPOS="1063" HPOS="184"><String WC="0.5" CONTENT="inta" HEIGHT="28" WIDTH="58" VPOS="1065" HPOS="184"/><SP WIDTH="1" VPOS="1074" HPOS="243"/><String WC="0.4816666543" CONTENT="volare" HEIGHT="31" WIDTH="89" VPOS="1063" HPOS="245"/><SP WIDTH="3" VPOS="1073" HPOS="335"/><String WC="0.4199999869" CONTENT="&gt;" HEIGHT="10" WIDTH="8" VPOS="1081" HPOS="339"/></TextLine>
<TextLine HEIGHT="29" WIDTH="194" VPOS="1106" HPOS="186"><String WC="0.3700000048" CONTENT="intelletto" HEIGHT="29" WIDTH="136" VPOS="1106" HPOS="186"/><SP WIDTH="17" VPOS="1114" HPOS="323"/><String WC="0.3449999988" CONTENT="m." HEIGHT="18" WIDTH="39" VPOS="1114" HPOS="341"/></TextLine>
<TextLine HEIGHT="30" WIDTH="149" VPOS="1146" HPOS="186"><String WC="0.4359999895" CONTENT="intendere." HEIGHT="30" WIDTH="149" VPOS="1146" HPOS="186"/></TextLine>
<TextLine HEIGHT="41" WIDTH="218" VPOS="1184" HPOS="187"><String WC="0.4577777684" CONTENT="inteiito," HEIGHT="29" WIDTH="118" VPOS="1191" HPOS="187"/><SP WIDTH="8" VPOS="1199" HPOS="306"/><String STYLE="italics" WC="0.2357142866" CONTENT="adjetf." HEIGHT="41" WIDTH="90" VPOS="1184" HPOS="315"/></TextLine>
<TextLine HEIGHT="28" WIDTH="172" VPOS="1233" HPOS="187"><String WC="0.4149999917" CONTENT="intento." HEIGHT="28" WIDTH="123" VPOS="1233" HPOS="187"/><SP WIDTH="8" VPOS="1240" HPOS="311"/><String WC="0.3650000095" CONTENT="m," HEIGHT="19" WIDTH="39" VPOS="1240" HPOS="320"/></TextLine>
<TextLine HEIGHT="41" WIDTH="207" VPOS="1268" HPOS="188"><String WC="0.4070000052" CONTENT="interiora." HEIGHT="28" WIDTH="139" VPOS="1273" HPOS="188"/><SP WIDTH="7" VPOS="1282" HPOS="328"/><String WC="0.125" CONTENT="p." HEIGHT="27" WIDTH="27" VPOS="1282" HPOS="336"/><SP WIDTH="7" VPOS="1268" HPOS="364"/><String WC="0.2199999988" CONTENT="f," HEIGHT="35" WIDTH="23" VPOS="1268" HPOS="372"/></TextLine>
<TextLine HEIGHT="27" WIDTH="195" VPOS="1315" HPOS="189"><String WC="0.4677777886" CONTENT="inferiore" HEIGHT="27" WIDTH="131" VPOS="1315" HPOS="189"/><SP WIDTH="24" VPOS="1322" HPOS="321"/><String WC="0.4699999988" CONTENT="m," HEIGHT="20" WIDTH="38" VPOS="1322" HPOS="346"/></TextLine>
<TextLine HEIGHT="26" WIDTH="169" VPOS="1358" HPOS="190"><String WC="0.5042856932" CONTENT="intemo." HEIGHT="26" WIDTH="122" VPOS="1358" HPOS="190"/><SP WIDTH="7" VPOS="1366" HPOS="313"/><String WC="1." CONTENT="in." HEIGHT="18" WIDTH="38" VPOS="1365" HPOS="321"/></TextLine>
<TextLine HEIGHT="33" WIDTH="188" VPOS="1395" HPOS="191"><String WC="0.4646153748" CONTENT="inteftino.m,." HEIGHT="33" WIDTH="188" VPOS="1395" HPOS="191"/></TextLine>
</TextBlock>
<TextBlock ID="Page1_Block11" HEIGHT="40" WIDTH="206" VPOS="940" HPOS="626" language="de" STYLEREFS="font3">
<TextLine HEIGHT="34" WIDTH="145" VPOS="941" HPOS="687"><String WC="0.2619999945" CONTENT=";inzoppare" HEIGHT="34" WIDTH="145" VPOS="941" HPOS="687"/></TextLine>
</TextBlock>
<TextBlock ID="Page1_Block12" HEIGHT="286" WIDTH="288" VPOS="980" HPOS="488" language="de" STYLEREFS="font0"><Shape><Polygon POINTS="488,980 678,980 678,1066 776,1066 776,1106 686,1106 686,1266 488,1266 488,980"/></Shape>
<TextLine HEIGHT="29" WIDTH="52" VPOS="984" HPOS="622" STYLEREFS="font3"><String WC="0.1266666651" CONTENT="35?" HEIGHT="29" WIDTH="52" VPOS="984" HPOS="622"/></TextLine>
<TextLine HEIGHT="29" WIDTH="130" VPOS="1027" HPOS="543" STYLEREFS="font3"><String WC="0.4074999988" CONTENT="S7«&apos;-3°J" HEIGHT="29" WIDTH="130" VPOS="1027" HPOS="543"/></TextLine>
<TextLine HEIGHT="40" WIDTH="150" VPOS="1066" HPOS="621" STYLEREFS="font3"><String STYLE="superscript" WC="0.2399999946" CONTENT="2" HEIGHT="20" WIDTH="17" VPOS="1070" HPOS="621"/><SP WIDTH="4" VPOS="1070" HPOS="639"/><String WC="0.2399999946" CONTENT="79" HEIGHT="28" WIDTH="33" VPOS="1069" HPOS="644"/><SP WIDTH="10" VPOS="1066" HPOS="678"/><String WC="0.4885714352" CONTENT="jlra.f." HEIGHT="40" WIDTH="82" VPOS="1066" HPOS="689"/></TextLine>
<TextLine HEIGHT="33" WIDTH="55" VPOS="1104" HPOS="623" STYLEREFS="font3"><String WC="0.2933333218" CONTENT="169" HEIGHT="33" WIDTH="55" VPOS="1104" HPOS="623"/></TextLine>
<TextLine HEIGHT="40" WIDTH="172" VPOS="1142" HPOS="503"><String WC="0.8100000024" CONTENT="J." HEIGHT="29" WIDTH="29" VPOS="1153" HPOS="503"/><SP WIDTH="12" VPOS="1151" HPOS="533"/><String WC="0.5757142901" CONTENT="i6s.4si" HEIGHT="39" WIDTH="129" VPOS="1142" HPOS="546"/></TextLine>
<TextLine HEIGHT="29" WIDTH="55" VPOS="1193" HPOS="626"><String STYLEREFS="font3" WC="0.1899999976" CONTENT="375" HEIGHT="29" WIDTH="55" VPOS="1193" HPOS="626"/></TextLine>
<TextLine HEIGHT="26" WIDTH="52" VPOS="1236" HPOS="626"><String STYLEREFS="font3" WC="0.4399999976" CONTENT="175" HEIGHT="26" WIDTH="52" VPOS="1236" HPOS="626"/></TextLine>
</TextBlock>
<TextBlock ID="Page1_Block13" HEIGHT="44" WIDTH="216" VPOS="980" HPOS="688" language="de" STYLEREFS="font3">
<TextLine HEIGHT="42" WIDTH="209" VPOS="982" HPOS="688"><String WC="0.4054545462" CONTENT="jinzuppato." HEIGHT="42" WIDTH="162" VPOS="982" HPOS="688"/><SP WIDTH="6" VPOS="983" HPOS="851"/><String WC="0.6299999952" CONTENT="m." HEIGHT="20" WIDTH="39" VPOS="983" HPOS="858"/></TextLine>
</TextBlock>
<TextBlock ID="Page1_Block14" HEIGHT="38" WIDTH="68" VPOS="1020" HPOS="904" language="de" STYLEREFS="font4">
<TextLine HEIGHT="31" WIDTH="37" VPOS="1025" HPOS="919"><String STYLE="bold" WC="0.8066666722" CONTENT="Ir." HEIGHT="31" WIDTH="37" VPOS="1025" HPOS="919"/></TextLine>
</TextBlock>
<TextBlock ID="Page1_Block15" HEIGHT="330" WIDTH="382" VPOS="1106" HPOS="624" language="de" STYLEREFS="font3"><Shape><Polygon POINTS="690,1106 1006,1106 1006,1390 992,1390 992,1436 626,1436 626,1390 624,1390 624,1274 690,1274 690,1106"/></Shape>
<TextLine HEIGHT="33" WIDTH="103" VPOS="1110" HPOS="693"><String WC="0.4966666698" CONTENT="iride," HEIGHT="31" WIDTH="73" VPOS="1112" HPOS="693"/><SP WIDTH="7" VPOS="1110" HPOS="767"/><String WC="0.6150000095" CONTENT="k." HEIGHT="28" WIDTH="21" VPOS="1110" HPOS="775"/></TextLine>
<TextLine HEIGHT="37" WIDTH="279" VPOS="1147" HPOS="693"><String WC="0.3381818235" CONTENT="Irlandia.f," HEIGHT="35" WIDTH="153" VPOS="1149" HPOS="693"/><SP WIDTH="10" VPOS="1152" HPOS="847"/><String STYLE="italics" WC="0.4387499988" CONTENT="Irland*." HEIGHT="32" WIDTH="114" VPOS="1147" HPOS="858"/></TextLine>
<TextLine HEIGHT="35" WIDTH="149" VPOS="1191" HPOS="808"><String WC="0.3720000088" CONTENT="/,is." HEIGHT="35" WIDTH="149" VPOS="1191" HPOS="808"/></TextLine>
<TextLine HEIGHT="44" WIDTH="306" VPOS="1230" HPOS="696"><String WC="0.3219999969" CONTENT="Ifcampare," HEIGHT="38" WIDTH="156" VPOS="1236" HPOS="696"/><SP WIDTH="8" VPOS="1242" HPOS="853"/><String WC="0.2466666698" CONTENT="563" HEIGHT="40" WIDTH="65" VPOS="1232" HPOS="862"/><SP WIDTH="10" VPOS="1242" HPOS="928"/><String STYLE="italics" WC="0.4824999869" CONTENT="vidi" HEIGHT="30" WIDTH="63" VPOS="1230" HPOS="939"/></TextLine>
<TextLine HEIGHT="30" WIDTH="216" VPOS="1278" HPOS="627"><String WC="0.5966666937" CONTENT="155" HEIGHT="26" WIDTH="54" VPOS="1278" HPOS="627"/><SP WIDTH="11" VPOS="1278" HPOS="682"/><String WC="0.3409999907" CONTENT="iscontrare" HEIGHT="27" WIDTH="149" VPOS="1281" HPOS="694"/></TextLine>
<TextLine HEIGHT="44" WIDTH="303" VPOS="1315" HPOS="630"><String STYLE="superscript" WC="0.349999994" CONTENT="1" HEIGHT="21" WIDTH="10" VPOS="1320" HPOS="630"/><String WC="0.1199999973" CONTENT="3" HEIGHT="24" WIDTH="12" VPOS="1320" HPOS="649"/><SP WIDTH="6" VPOS="1319" HPOS="662"/><String WC="0.3600000143" CONTENT="7" HEIGHT="27" WIDTH="14" VPOS="1319" HPOS="669"/><SP WIDTH="9" VPOS="1319" HPOS="684"/><String WC="0.5080000162" CONTENT="jifcufarfi" HEIGHT="41" WIDTH="114" VPOS="1318" HPOS="694"/><String STYLE="italics" WC="0.4088888764" CONTENT=",JcuJarß." HEIGHT="41" WIDTH="122" VPOS="1315" HPOS="811"/></TextLine>
<TextLine HEIGHT="48" WIDTH="211" VPOS="1361" HPOS="635" STYLEREFS="font3"><String WC="0.4799999893" CONTENT="*“3" HEIGHT="24" WIDTH="48" VPOS="1361" HPOS="635"/><SP WIDTH="11" VPOS="1361" HPOS="684"/><String WC="0.3015384674" CONTENT="jisfavillare." HEIGHT="48" WIDTH="150" VPOS="1361" HPOS="696"/></TextLine>
<TextLine HEIGHT="40" WIDTH="358" VPOS="1392" HPOS="630"><String STYLE="superscript" WC="0.2700000107" CONTENT="1" HEIGHT="17" WIDTH="11" VPOS="1399" HPOS="630"/><SP WIDTH="9" VPOS="1398" HPOS="642"/><String WC="0.1400000006" CONTENT="5" HEIGHT="26" WIDTH="11" VPOS="1398" HPOS="652"/><SP WIDTH="6" VPOS="1398" HPOS="664"/><String WC="1." CONTENT="5" HEIGHT="27" WIDTH="15" VPOS="1398" HPOS="671"/><SP WIDTH="13" VPOS="1398" HPOS="687"/><String WC="0.4645454586" CONTENT="ismarrirfi," HEIGHT="34" WIDTH="143" VPOS="1396" HPOS="701"/><SP WIDTH="2" VPOS="1399" HPOS="845"/><String STYLE="italics" WC="0.4519999921" CONTENT="jmarrirfi." HEIGHT="40" WIDTH="140" VPOS="1392" HPOS="848"/></TextLine>
</TextBlock>
<TextBlock ID="Page1_Block16" HEIGHT="88" WIDTH="174" VPOS="1218" HPOS="1008" language="de" STYLEREFS="font3">
<TextLine HEIGHT="38" WIDTH="143" VPOS="1229" HPOS="1012"><String WC="0.5170000196" CONTENT="fearapar«." HEIGHT="38" WIDTH="143" VPOS="1229" HPOS="1012"/></TextLine>
</TextBlock>
<ComposedBlock ID="Page1_Block17" HEIGHT="443" WIDTH="835" VPOS="1426" HPOS="183" TYPE="table">
<TextBlock ID="Page1_Block18" HEIGHT="50" WIDTH="359" VPOS="1426" HPOS="183" language="de" STYLEREFS="font4">
<TextLine HEIGHT="20" WIDTH="193" VPOS="1444" HPOS="192"><String STYLE="italics" STYLEREFS="font3" WC="0.6000000238" CONTENT="-" HEIGHT="5" WIDTH="13" VPOS="1457" HPOS="192"/><SP WIDTH="40" VPOS="1456" HPOS="206"/><String STYLEREFS="font3" WC="1." CONTENT="-" HEIGHT="5" WIDTH="14" VPOS="1456" HPOS="247"/><SP WIDTH="39" VPOS="1446" HPOS="262"/><String STYLEREFS="font3" WC="0.5728571415" CONTENT="retto.," HEIGHT="20" WIDTH="83" VPOS="1444" HPOS="302"/></TextLine>
</TextBlock>
<TextBlock ID="Page1_Block19" HEIGHT="50" WIDTH="156" VPOS="1426" HPOS="542" language="de" STYLEREFS="font4">
<TextLine HEIGHT="28" WIDTH="52" VPOS="1433" HPOS="631"><String STYLEREFS="font3" WC="0.5233333111" CONTENT="161" HEIGHT="28" WIDTH="52" VPOS="1433" HPOS="631"/></TextLine>
</TextBlock>
<TextBlock ID="Page1_Block20" HEIGHT="50" WIDTH="320" VPOS="1426" HPOS="698" language="de" STYLEREFS="font4">
<TextLine HEIGHT="36" WIDTH="301" VPOS="1439" HPOS="703"><String STYLEREFS="font3" WC="0.3055555522" CONTENT="ismorzare" HEIGHT="27" WIDTH="141" VPOS="1443" HPOS="703"/><SP WIDTH="6" VPOS="1449" HPOS="845"/><String STYLEREFS="font3" WC="0.3389999866" CONTENT=",/mor%tVe." HEIGHT="36" WIDTH="152" VPOS="1439" HPOS="852"/></TextLine>
</TextBlock>
<TextBlock ID="Page1_Block21" HEIGHT="43" WIDTH="359" VPOS="1476" HPOS="183" language="de" STYLEREFS="font4">
<TextLine HEIGHT="40" WIDTH="283" VPOS="1477" HPOS="192"><String STYLEREFS="font3" WC="0.2380000055" CONTENT="indem" HEIGHT="27" WIDTH="102" VPOS="1483" HPOS="192"/><SP WIDTH="9" VPOS="1479" HPOS="295"/><String STYLEREFS="font3" WC="0.1975000054" CONTENT="(intero)" HEIGHT="40" WIDTH="122" VPOS="1477" HPOS="305"/><SP WIDTH="8" VPOS="1477" HPOS="428"/><String STYLEREFS="font3" WC="0.8799999952" CONTENT="m." HEIGHT="17" WIDTH="38" VPOS="1487" HPOS="437"/></TextLine>
</TextBlock>
<TextBlock ID="Page1_Block22" HEIGHT="43" WIDTH="156" VPOS="1476" HPOS="542" language="de" STYLEREFS="font4">
<TextLine HEIGHT="31" WIDTH="130" VPOS="1483" HPOS="556"><String STYLEREFS="font1" WC="0.4250000119" CONTENT="&apos;409-577" HEIGHT="31" WIDTH="130" VPOS="1483" HPOS="556"/></TextLine>
</TextBlock>
<TextBlock ID="Page1_Block23" HEIGHT="43" WIDTH="320" VPOS="1476" HPOS="698" language="de" STYLEREFS="font4">
<TextLine HEIGHT="34" WIDTH="97" VPOS="1483" HPOS="704"><String STYLEREFS="font1" WC="0.5433333516" CONTENT="ifola." HEIGHT="33" WIDTH="68" VPOS="1484" HPOS="704"/><SP WIDTH="8" VPOS="1483" HPOS="773"/><String STYLEREFS="font1" WC="0.375" CONTENT="f." HEIGHT="29" WIDTH="19" VPOS="1483" HPOS="782"/></TextLine>
</TextBlock>
<TextBlock ID="Page1_Block24" HEIGHT="45" WIDTH="359" VPOS="1519" HPOS="183" language="de" STYLEREFS="font4">
<TextLine HEIGHT="45" WIDTH="339" VPOS="1516" HPOS="193"><String STYLEREFS="font3" WC="0.3910000026" CONTENT="intiagere," HEIGHT="37" WIDTH="146" VPOS="1524" HPOS="193"/><SP WIDTH="14" VPOS="1519" HPOS="340"/><String STYLEREFS="font3" WC="0.3408333361" CONTENT="(intignsre.)" HEIGHT="43" WIDTH="177" VPOS="1516" HPOS="355"/></TextLine>
</TextBlock>
<TextBlock ID="Page1_Block25" HEIGHT="45" WIDTH="156" VPOS="1519" HPOS="542" language="de" STYLEREFS="font4">
<TextLine HEIGHT="29" WIDTH="53" VPOS="1526" HPOS="631"><String STYLEREFS="font3" WC="0.4833333194" CONTENT="153" HEIGHT="29" WIDTH="53" VPOS="1526" HPOS="631"/></TextLine>
</TextBlock>
<TextBlock ID="Page1_Block26" HEIGHT="45" WIDTH="320" VPOS="1519" HPOS="698" language="de" STYLEREFS="font4">
<TextLine HEIGHT="41" WIDTH="257" VPOS="1525" HPOS="703"><String STYLEREFS="font3" WC="0.273999989" CONTENT="Ifopo" HEIGHT="33" WIDTH="78" VPOS="1528" HPOS="703"/><SP WIDTH="9" VPOS="1531" HPOS="782"/><String STYLEREFS="font3" WC="0.4300000072" CONTENT="(Iffppo)" HEIGHT="41" WIDTH="117" VPOS="1525" HPOS="792"/><SP WIDTH="12" VPOS="1525" HPOS="910"/><String STYLEREFS="font3" WC="0.4699999988" CONTENT="m." HEIGHT="19" WIDTH="37" VPOS="1535" HPOS="923"/></TextLine>
</TextBlock>
<TextBlock ID="Page1_Block27" HEIGHT="44" WIDTH="359" VPOS="1564" HPOS="183" language="de" STYLEREFS="font4">
<TextLine HEIGHT="37" WIDTH="199" VPOS="1565" HPOS="194"><String STYLEREFS="font3" WC="0.3190000057" CONTENT="intingolo," HEIGHT="37" WIDTH="149" VPOS="1565" HPOS="194"/><SP WIDTH="8" VPOS="1573" HPOS="344"/><String STYLEREFS="font3" WC="0.6150000095" CONTENT="m," HEIGHT="23" WIDTH="40" VPOS="1573" HPOS="353"/></TextLine>
</TextBlock>
<TextBlock ID="Page1_Block28" HEIGHT="44" WIDTH="156" VPOS="1564" HPOS="542" language="de" STYLEREFS="font4">
<TextLine HEIGHT="27" WIDTH="57" VPOS="1568" HPOS="632"><String STYLE="italics" STYLEREFS="font3" WC="0.1933333278" CONTENT="%XJ" HEIGHT="27" WIDTH="57" VPOS="1568" HPOS="632"/></TextLine>
</TextBlock>
<TextBlock ID="Page1_Block29" HEIGHT="44" WIDTH="320" VPOS="1564" HPOS="698" language="de" STYLEREFS="font4">
<TextLine HEIGHT="42" WIDTH="304" VPOS="1565" HPOS="708"><String STYLEREFS="font3" WC="0.2162500024" CONTENT="dpadone," HEIGHT="38" WIDTH="135" VPOS="1569" HPOS="708"/><SP WIDTH="7" VPOS="1580" HPOS="844"/><String STYLE="italics" STYLEREFS="font3" WC="0.3000000119" CONTENT="m" HEIGHT="17" WIDTH="27" VPOS="1580" HPOS="852"/><String STYLE="subscript italics" STYLEREFS="font3" WC="0.2599999905" CONTENT="t" HEIGHT="11" WIDTH="9" VPOS="1590" HPOS="882"/><String STYLE="italics" STYLEREFS="font3" WC="0.2337500006" CONTENT="fpadone." HEIGHT="40" WIDTH="116" VPOS="1565" HPOS="896"/></TextLine>
</TextBlock>
<TextBlock ID="Page1_Block30" HEIGHT="42" WIDTH="359" VPOS="1608" HPOS="183" language="de" STYLEREFS="font4">
<TextLine HEIGHT="32" WIDTH="163" VPOS="1606" HPOS="195"><String STYLEREFS="font3" WC="0.3199999928" CONTENT="3-ltonicare," HEIGHT="32" WIDTH="163" VPOS="1606" HPOS="195"/></TextLine>
</TextBlock>
<TextBlock ID="Page1_Block31" HEIGHT="42" WIDTH="156" VPOS="1608" HPOS="542" language="de" STYLEREFS="font4">
<TextLine HEIGHT="30" WIDTH="56" VPOS="1612" HPOS="631"><String STYLEREFS="font3" WC="0.2399999946" CONTENT="24" HEIGHT="26" WIDTH="36" VPOS="1616" HPOS="631"/><SP WIDTH="7" VPOS="1612" HPOS="668"/><String STYLEREFS="font3" WC="0.5199999809" CONTENT="8" HEIGHT="25" WIDTH="11" VPOS="1612" HPOS="676"/></TextLine>
</TextBlock>
<TextBlock ID="Page1_Block32" HEIGHT="42" WIDTH="320" VPOS="1608" HPOS="698" language="de" STYLEREFS="font4">
<TextLine HEIGHT="38" WIDTH="247" VPOS="1611" HPOS="705"><String STYLEREFS="font3" WC="0.3087500036" CONTENT="Ifpagna." HEIGHT="38" WIDTH="116" VPOS="1611" HPOS="705"/><SP WIDTH="8" VPOS="1611" HPOS="822"/><String STYLEREFS="font3" WC="0.5500000119" CONTENT="f." HEIGHT="28" WIDTH="18" VPOS="1611" HPOS="831"/><SP WIDTH="2" VPOS="1614" HPOS="850"/><String STYLE="italics" STYLEREFS="font3" WC="0.4233333468" CONTENT="ß&gt;agna" HEIGHT="35" WIDTH="99" VPOS="1614" HPOS="853"/></TextLine>
</TextBlock>
<TextBlock ID="Page1_Block33" HEIGHT="41" WIDTH="359" VPOS="1650" HPOS="183" language="de" STYLEREFS="font4">
<TextLine HEIGHT="36" WIDTH="156" VPOS="1651" HPOS="194"><String STYLEREFS="font3" WC="0.1870000064" CONTENT="intopoare," HEIGHT="36" WIDTH="156" VPOS="1651" HPOS="194"/></TextLine>
</TextBlock>
<TextBlock ID="Page1_Block34" HEIGHT="41" WIDTH="156" VPOS="1650" HPOS="542" language="de" STYLEREFS="font4">
<TextLine HEIGHT="31" WIDTH="57" VPOS="1660" HPOS="628"><String STYLEREFS="font3" WC="0.3433333337" CONTENT="438" HEIGHT="31" WIDTH="57" VPOS="1660" HPOS="628"/></TextLine>
</TextBlock>
<TextBlock ID="Page1_Block35" HEIGHT="41" WIDTH="320" VPOS="1650" HPOS="698" language="de" STYLEREFS="font4">
<TextLine HEIGHT="42" WIDTH="241" VPOS="1649" HPOS="704"><String STYLEREFS="font3" WC="0.4237500131" CONTENT="ifpaflo," HEIGHT="38" WIDTH="98" VPOS="1653" HPOS="704"/><SP WIDTH="12" VPOS="1663" HPOS="803"/><String STYLE="italics" STYLEREFS="font3" WC="0.349999994" CONTENT="m.Jpzff«." HEIGHT="39" WIDTH="129" VPOS="1649" HPOS="816"/></TextLine>
</TextBlock>
<TextBlock ID="Page1_Block36" HEIGHT="42" WIDTH="359" VPOS="1691" HPOS="183" language="de" STYLEREFS="font4">
<TextLine HEIGHT="29" WIDTH="127" VPOS="1691" HPOS="192"><String STYLEREFS="font3" WC="0.3444444537" CONTENT="iniorrso." HEIGHT="29" WIDTH="127" VPOS="1691" HPOS="192"/></TextLine>
</TextBlock>
<TextBlock ID="Page1_Block37" HEIGHT="42" WIDTH="156" VPOS="1691" HPOS="542" language="de" STYLEREFS="font4">
<TextLine HEIGHT="31" WIDTH="114" VPOS="1703" HPOS="574"><String STYLEREFS="font3" WC="0.3266666532" CONTENT="79-" HEIGHT="24" WIDTH="45" VPOS="1706" HPOS="574"/><SP WIDTH="12" VPOS="1707" HPOS="620"/><String STYLEREFS="font3" WC="0.5299999714" CONTENT="f89" HEIGHT="31" WIDTH="55" VPOS="1703" HPOS="633"/></TextLine>
</TextBlock>
<TextBlock ID="Page1_Block38" HEIGHT="42" WIDTH="320" VPOS="1691" HPOS="698" language="de" STYLEREFS="font4">
<TextLine HEIGHT="43" WIDTH="271" VPOS="1690" HPOS="705"><String STYLEREFS="font3" WC="0.3310000002" CONTENT="ifpecchio," HEIGHT="38" WIDTH="142" VPOS="1695" HPOS="705"/><SP WIDTH="3" VPOS="1694" HPOS="848"/><String STYLE="italics" STYLEREFS="font3" WC="0.2662500143" CONTENT="ß&gt;ccihid" HEIGHT="41" WIDTH="112" VPOS="1690" HPOS="852"/><String STYLE="subscript italics" STYLEREFS="font3" WC="0.2599999905" CONTENT="t" HEIGHT="14" WIDTH="11" VPOS="1712" HPOS="965"/></TextLine>
</TextBlock>
<TextBlock ID="Page1_Block39" HEIGHT="45" WIDTH="359" VPOS="1733" HPOS="183" language="de" STYLEREFS="font4">
<TextLine HEIGHT="32" WIDTH="164" VPOS="1732" HPOS="194"><String STYLEREFS="font3" WC="0.2549999952" CONTENT="cV" HEIGHT="29" WIDTH="25" VPOS="1732" HPOS="194"/><SP WIDTH="12" VPOS="1732" HPOS="220"/><String STYLEREFS="font3" WC="0.3975000083" CONTENT="iqtorno." HEIGHT="31" WIDTH="125" VPOS="1733" HPOS="233"/></TextLine>
</TextBlock>
<TextBlock ID="Page1_Block40" HEIGHT="45" WIDTH="156" VPOS="1733" HPOS="542" language="de" STYLEREFS="font4">
<TextLine HEIGHT="30" WIDTH="127" VPOS="1745" HPOS="557"><String STYLEREFS="font3" WC="0.4085714221" CONTENT="357-453" HEIGHT="30" WIDTH="127" VPOS="1745" HPOS="557"/></TextLine>
</TextBlock>
<TextBlock ID="Page1_Block41" HEIGHT="45" WIDTH="320" VPOS="1733" HPOS="698" language="de" STYLEREFS="font4">
<TextLine HEIGHT="39" WIDTH="151" VPOS="1737" HPOS="704"><String STYLEREFS="font3" WC="0.3081818223" CONTENT="ifpelucare." HEIGHT="39" WIDTH="151" VPOS="1737" HPOS="704"/></TextLine>
</TextBlock>
<TextBlock ID="Page1_Block42" HEIGHT="41" WIDTH="359" VPOS="1778" HPOS="183" language="de" STYLEREFS="font4">
<TextLine HEIGHT="40" WIDTH="236" VPOS="1774" HPOS="190"><String STYLEREFS="font3" WC="0.6200000048" CONTENT="d’" HEIGHT="31" WIDTH="30" VPOS="1774" HPOS="190"/><SP WIDTH="7" VPOS="1774" HPOS="221"/><String STYLEREFS="font3" WC="0.4250000119" CONTENT="ogn’" HEIGHT="39" WIDTH="64" VPOS="1775" HPOS="229"/><SP WIDTH="7" VPOS="1775" HPOS="294"/><String STYLEREFS="font3" WC="0.2074999958" CONTENT="intorno." HEIGHT="28" WIDTH="124" VPOS="1776" HPOS="302"/></TextLine>
</TextBlock>
<TextBlock ID="Page1_Block43" HEIGHT="41" WIDTH="156" VPOS="1778" HPOS="542" language="de" STYLEREFS="font4">
<TextLine HEIGHT="43" WIDTH="44" VPOS="1774" HPOS="654"><String STYLEREFS="font3" WC="0.2899999917" CONTENT="i.j]" HEIGHT="43" WIDTH="44" VPOS="1774" HPOS="654"/></TextLine>
</TextBlock>
<TextBlock ID="Page1_Block44" HEIGHT="41" WIDTH="320" VPOS="1778" HPOS="698" language="de" STYLEREFS="font4">
<TextLine HEIGHT="40" WIDTH="173" VPOS="1777" HPOS="703"><String STYLEREFS="font3" WC="0.3866666555" CONTENT="ifperanza.f," HEIGHT="40" WIDTH="173" VPOS="1777" HPOS="703"/></TextLine>
</TextBlock>
<TextBlock ID="Page1_Block45" HEIGHT="50" WIDTH="359" VPOS="1819" HPOS="183" language="de" STYLEREFS="font4">
<TextLine HEIGHT="33" WIDTH="163" VPOS="1817" HPOS="189"><String STYLEREFS="font3" WC="0.3058333397" CONTENT="Ugtiaiciare." HEIGHT="33" WIDTH="163" VPOS="1817" HPOS="189"/></TextLine>
</TextBlock>
<TextBlock ID="Page1_Block46" HEIGHT="50" WIDTH="476" VPOS="1819" HPOS="542" language="de" STYLEREFS="font4">
<TextLine HEIGHT="43" WIDTH="285" VPOS="1820" HPOS="553"><String STYLEREFS="font3" WC="0.212500006" CONTENT="i?7«" HEIGHT="32" WIDTH="68" VPOS="1826" HPOS="553"/><SP WIDTH="11" VPOS="1831" HPOS="622"/><String STYLEREFS="font3" WC="0.2899999917" CONTENT="457" HEIGHT="29" WIDTH="59" VPOS="1831" HPOS="634"/><SP WIDTH="11" VPOS="1822" HPOS="694"/><String STYLEREFS="font3" WC="0.34799999" CONTENT="ifpiegare." HEIGHT="43" WIDTH="132" VPOS="1820" HPOS="706"/></TextLine>
</TextBlock></ComposedBlock>
<TextBlock ID="Page1_Block47" HEIGHT="46" WIDTH="72" VPOS="1482" HPOS="1050" language="de" STYLEREFS="font5">
<TextLine HEIGHT="34" WIDTH="52" VPOS="1489" HPOS="1065"><String STYLE="bold" WC="0.3966666758" CONTENT="31-" HEIGHT="34" WIDTH="52" VPOS="1489" HPOS="1065"/></TextLine>
</TextBlock>
<TextBlock ID="Page1_Block48" HEIGHT="598" WIDTH="157" VPOS="1288" HPOS="1042" language="de" STYLEREFS="font3"><Shape><Polygon POINTS="1142,1288 1199,1288 1199,1886 1042,1886 1042,1542 1124,1542 1124,1468 1120,1468 1120,1306 1142,1306 1142,1288"/></Shape>
<TextLine HEIGHT="49" WIDTH="59" VPOS="1291" HPOS="1123" STYLEREFS="font3"><String STYLE="italics" WC="0.1566666663" CONTENT="4»?" HEIGHT="49" WIDTH="59" VPOS="1291" HPOS="1123"/></TextLine>
<TextLine HEIGHT="31" WIDTH="36" VPOS="1338" HPOS="1142" STYLEREFS="font3"><String WC="0.8799999952" CONTENT="-1" HEIGHT="31" WIDTH="36" VPOS="1338" HPOS="1142"/></TextLine>
<TextLine HEIGHT="44" WIDTH="56" VPOS="1374" HPOS="1124"><String WC="0.3050000072" CONTENT="4?" HEIGHT="35" WIDTH="37" VPOS="1383" HPOS="1124"/><String STYLE="superscript" WC="0.2399999946" CONTENT="1" HEIGHT="25" WIDTH="14" VPOS="1374" HPOS="1166"/></TextLine>
<TextLine HEIGHT="39" WIDTH="58" VPOS="1471" HPOS="1127"><String WC="0.3333333433" CONTENT="419" HEIGHT="39" WIDTH="58" VPOS="1471" HPOS="1127"/></TextLine>
<TextLine HEIGHT="30" WIDTH="34" VPOS="1508" HPOS="1146"><String WC="0.2199999988" CONTENT="6l" HEIGHT="30" WIDTH="34" VPOS="1508" HPOS="1146"/></TextLine>
<TextLine HEIGHT="64" WIDTH="59" VPOS="1545" HPOS="1127" STYLEREFS="font5"><String STYLE="bold" WC="0.3799999952" CONTENT="5*J" HEIGHT="64" WIDTH="59" VPOS="1545" HPOS="1127"/></TextLine>
<TextLine HEIGHT="55" WIDTH="60" VPOS="1589" HPOS="1126" STYLEREFS="font3"><String WC="0.6399999857" CONTENT="4^" HEIGHT="55" WIDTH="60" VPOS="1589" HPOS="1126"/></TextLine>
<TextLine HEIGHT="39" WIDTH="53" VPOS="1627" HPOS="1132" STYLEREFS="font3"><String WC="0.3300000131" CONTENT="j" HEIGHT="22" WIDTH="13" VPOS="1644" HPOS="1132"/><SP WIDTH="4" VPOS="1637" HPOS="1146"/><String WC="0.3600000143" CONTENT="0?" HEIGHT="33" WIDTH="34" VPOS="1627" HPOS="1151"/></TextLine>
<TextLine HEIGHT="80" WIDTH="60" VPOS="1719" HPOS="1129" STYLEREFS="font5"><String STYLE="italics" WC="0." CONTENT="$" HEIGHT="80" WIDTH="60" VPOS="1719" HPOS="1129"/></TextLine>
</TextBlock><GraphicalElement ID="Page1_Block49" HEIGHT="6" WIDTH="148" VPOS="212" HPOS="170"/><GraphicalElement ID="Page1_Block50" HEIGHT="6" WIDTH="139" VPOS="214" HPOS="696"/><GraphicalElement ID="Page1_Block51" HEIGHT="10" WIDTH="226" VPOS="216" HPOS="454"/><GraphicalElement ID="Page1_Block52" HEIGHT="9" WIDTH="144" VPOS="219" HPOS="859"/><GraphicalElement ID="Page1_Block53" HEIGHT="219" WIDTH="10" VPOS="230" HPOS="668"/><GraphicalElement ID="Page1_Block54" HEIGHT="213" WIDTH="7" VPOS="452" HPOS="675"/><GraphicalElement ID="Page1_Block55" HEIGHT="170" WIDTH="4" VPOS="702" HPOS="681"/><GraphicalElement ID="Page1_Block56" HEIGHT="79" WIDTH="2" VPOS="992" HPOS="689"/><GraphicalElement ID="Page1_Block57" HEIGHT="153" WIDTH="5" VPOS="1120" HPOS="689"/><GraphicalElement ID="Page1_Block58" HEIGHT="379" WIDTH="6" VPOS="1428" HPOS="695"/>
</PrintSpace>
</Page>
</Layout>
</alto>