﻿<?xml version="1.0" encoding="UTF-8" standalone="yes"?>
<alto xmlns="http://www.loc.gov/standards/alto/ns-v2#" xmlns:xlink="http://www.w3.org/1999/xlink" xmlns:xsi="http://www.w3.org/2001/XMLSchema-instance" xsi:schemaLocation="http://www.loc.gov/standards/alto/ns-v2# http://www.loc.gov/standards/alto/alto-v2.0.xsd">
<Description>
<MeasurementUnit>pixel</MeasurementUnit>
<OCRProcessing ID="IdOcr"><ocrProcessingStep><processingDateTime>2017-03-20</processingDateTime><processingSoftware><softwareCreator>ABBYY</softwareCreator><softwareName>ABBYY FineReader Engine</softwareName><softwareVersion>11</softwareVersion></processingSoftware></ocrProcessingStep></OCRProcessing>
</Description>
<Styles><TextStyle ID="font0" FONTFAMILY="Arial" FONTSIZE="5"/><TextStyle ID="font1" FONTFAMILY="Arial" FONTSIZE="6"/><TextStyle ID="font2" FONTFAMILY="Arial" FONTSIZE="7"/><TextStyle ID="font3" FONTFAMILY="Arial" FONTSIZE="8"/><TextStyle ID="font4" FONTFAMILY="Arial" FONTSIZE="9"/><TextStyle ID="font5" FONTFAMILY="Arial" FONTSIZE="10"/><TextStyle ID="font6" FONTFAMILY="Arial" FONTSIZE="11"/><TextStyle ID="font7" FONTFAMILY="Arial" FONTSIZE="13"/>
</Styles>
<Layout>
<Page ID="Page1" PHYSICAL_IMG_NR="1" HEIGHT="2063" WIDTH="1203">
<TopMargin HEIGHT="137" WIDTH="1203" VPOS="0" HPOS="0">
</TopMargin>
<LeftMargin HEIGHT="1688" WIDTH="8" VPOS="137" HPOS="0">
</LeftMargin>
<RightMargin HEIGHT="1688" WIDTH="124" VPOS="137" HPOS="1079">
</RightMargin>
<BottomMargin HEIGHT="238" WIDTH="1203" VPOS="1825" HPOS="0">
</BottomMargin>
<PrintSpace HEIGHT="1688" WIDTH="1071" VPOS="137" HPOS="8">
<TextBlock ID="Page1_Block1" HEIGHT="1607" WIDTH="360" VPOS="171" HPOS="8" language="de" STYLEREFS="font5"><Shape><Polygon POINTS="24,182 214,182 214,230 370,230 370,752 374,752 374,832 296,832 296,1156 312,1156 312,1370 294,1370 294,1786 24,1786 24,182"/></Shape>
<TextLine HEIGHT="53" WIDTH="160" VPOS="176" HPOS="39" STYLEREFS="font5"><String WC="0.4214285612" CONTENT="derWbtt" HEIGHT="53" WIDTH="160" VPOS="176" HPOS="39"/></TextLine>
<TextLine HEIGHT="54" WIDTH="324" VPOS="223" HPOS="37" STYLEREFS="font5"><String WC="0.5833333135" CONTENT="das" HEIGHT="37" WIDTH="50" VPOS="223" HPOS="38"/><SP WIDTH="7" VPOS="230" HPOS="89"/><String WC="0.5822222233" CONTENT="Postcment" HEIGHT="42" WIDTH="155" VPOS="230" HPOS="96"/><SP WIDTH="57" VPOS="240" HPOS="251"/><String WC="0.4799999893" CONTENT="253" HEIGHT="27" WIDTH="53" VPOS="250" HPOS="308"/></TextLine>
<TextLine HEIGHT="54" WIDTH="325" VPOS="265" HPOS="38" STYLEREFS="font5"><String WC="0.25" CONTENT="drr" HEIGHT="36" WIDTH="46" VPOS="265" HPOS="38"/><SP WIDTH="9" VPOS="271" HPOS="84"/><String WC="0.4077777863" CONTENT="Postjiivn" HEIGHT="42" WIDTH="128" VPOS="271" HPOS="94"/><SP WIDTH="80" VPOS="288" HPOS="223"/><String WC="0.3266666532" CONTENT="444" HEIGHT="27" WIDTH="58" VPOS="292" HPOS="304"/></TextLine>
<TextLine HEIGHT="50" WIDTH="325" VPOS="310" HPOS="37" STYLEREFS="font5"><String WC="0.3661538363" CONTENT="verPystreutcr" HEIGHT="47" WIDTH="207" VPOS="310" HPOS="37"/><SP WIDTH="58" VPOS="328" HPOS="245"/><String WC="0.2033333331" CONTENT="320" HEIGHT="27" WIDTH="58" VPOS="333" HPOS="304"/></TextLine>
<TextLine HEIGHT="54" WIDTH="323" VPOS="348" HPOS="38" STYLEREFS="font5"><String WC="0.2633333206" CONTENT="der" HEIGHT="36" WIDTH="45" VPOS="348" HPOS="38"/><SP WIDTH="6" VPOS="354" HPOS="83"/><String WC="0.3516666591" CONTENT="Pracht" HEIGHT="46" WIDTH="102" VPOS="354" HPOS="89"/><SP WIDTH="113" VPOS="365" HPOS="191"/><String STYLE="smallcaps" WC="0.1899999976" CONTENT="j" HEIGHT="28" WIDTH="14" VPOS="374" HPOS="304"/><String STYLE="subscript smallcaps" WC="0.3199999928" CONTENT="4" HEIGHT="25" WIDTH="22" VPOS="377" HPOS="321"/><String STYLE="smallcaps" WC="0.150000006" CONTENT="ö" HEIGHT="23" WIDTH="16" VPOS="370" HPOS="345"/></TextLine>
<TextLine HEIGHT="54" WIDTH="321" VPOS="391" HPOS="39" STYLEREFS="font5"><String WC="0.2700000107" CONTENT="der" HEIGHT="35" WIDTH="44" VPOS="391" HPOS="39"/><SP WIDTH="8" VPOS="399" HPOS="84"/><String WC="0.3300000131" CONTENT="Pranger" HEIGHT="44" WIDTH="125" VPOS="399" HPOS="93"/><SP WIDTH="84" VPOS="412" HPOS="219"/><String WC="0.25" CONTENT="49c" HEIGHT="28" WIDTH="56" VPOS="417" HPOS="304"/></TextLine>
<TextLine HEIGHT="44" WIDTH="320" VPOS="442" HPOS="40" STYLEREFS="font5"><String WC="0.8299999833" CONTENT="." HEIGHT="8" WIDTH="7" VPOS="468" HPOS="40"/><SP WIDTH="28" VPOS="442" HPOS="48"/><String WC="0.474999994" CONTENT="predigen" HEIGHT="40" WIDTH="125" VPOS="443" HPOS="77"/><SP WIDTH="94" VPOS="455" HPOS="203"/><String WC="0.6299999952" CONTENT="586" HEIGHT="38" WIDTH="62" VPOS="448" HPOS="298"/></TextLine>
<TextLine HEIGHT="56" WIDTH="324" VPOS="472" HPOS="38" STYLEREFS="font5"><String WC="0.4692307711" CONTENT="derPrebchstul" HEIGHT="55" WIDTH="209" VPOS="472" HPOS="38"/><SP WIDTH="55" VPOS="487" HPOS="247"/><String WC="0.5633333325" CONTENT="570" HEIGHT="28" WIDTH="58" VPOS="499" HPOS="303"/></TextLine>
<TextLine HEIGHT="57" WIDTH="323" VPOS="512" HPOS="39" STYLEREFS="font5"><String WC="0.5124999881" CONTENT="dcrPrcis" HEIGHT="48" WIDTH="128" VPOS="512" HPOS="39"/><SP WIDTH="133" VPOS="530" HPOS="168"/><String WC="0.5933333039" CONTENT="494" HEIGHT="28" WIDTH="60" VPOS="541" HPOS="302"/></TextLine>
<TextLine HEIGHT="45" WIDTH="322" VPOS="566" HPOS="38" STYLEREFS="font5"><String WC="0.5644444227" CONTENT="..prellen" HEIGHT="40" WIDTH="137" VPOS="566" HPOS="38"/><SP WIDTH="126" VPOS="579" HPOS="175"/><String WC="0.6800000072" CONTENT="49°" HEIGHT="28" WIDTH="59" VPOS="583" HPOS="301"/></TextLine>
<TextLine HEIGHT="55" WIDTH="321" VPOS="597" HPOS="37" STYLEREFS="font5"><String WC="0.2666666806" CONTENT="die" HEIGHT="37" WIDTH="41" VPOS="597" HPOS="37"/><SP WIDTH="7" VPOS="606" HPOS="79"/><String WC="0.474999994" CONTENT="Preß" HEIGHT="44" WIDTH="73" VPOS="606" HPOS="87"/><SP WIDTH="139" VPOS="611" HPOS="161"/><String WC="0.2533333302" CONTENT="366" HEIGHT="37" WIDTH="57" VPOS="614" HPOS="301"/></TextLine>
<TextLine HEIGHT="43" WIDTH="289" VPOS="651" HPOS="70"><String WC="0.5757142901" CONTENT="pressen" HEIGHT="39" WIDTH="99" VPOS="651" HPOS="70"/><SP WIDTH="59" VPOS="662" HPOS="170"/><String WC="0.3799999952" CONTENT="s" HEIGHT="24" WIDTH="15" VPOS="662" HPOS="230"/><SP WIDTH="7" VPOS="662" HPOS="246"/><String WC="0.7666666508" CONTENT="18-366" HEIGHT="38" WIDTH="105" VPOS="656" HPOS="254"/></TextLine>
<TextLine HEIGHT="51" WIDTH="322" VPOS="686" HPOS="37"><String WC="0.5500000119" CONTENT="." HEIGHT="8" WIDTH="7" VPOS="717" HPOS="37"/><SP WIDTH="32" VPOS="686" HPOS="45"/><String WC="0.4662500024" CONTENT="Preussen" HEIGHT="49" WIDTH="130" VPOS="687" HPOS="77"/><SP WIDTH="41" VPOS="703" HPOS="207"/><String WC="0.328333348" CONTENT="48.422" HEIGHT="33" WIDTH="111" VPOS="703" HPOS="248"/></TextLine>
<TextLine HEIGHT="60" WIDTH="326" VPOS="717" HPOS="37"><String WC="0.4650000036" CONTENT="depPriapus" HEIGHT="59" WIDTH="176" VPOS="717" HPOS="37"/><SP WIDTH="90" VPOS="742" HPOS="214"/><String WC="0.6233333349" CONTENT="774" HEIGHT="29" WIDTH="58" VPOS="748" HPOS="305"/></TextLine>
<TextLine HEIGHT="51" WIDTH="326" VPOS="768" HPOS="36"><String WC="0.3910000026" CONTENT="derPnester" HEIGHT="50" WIDTH="161" VPOS="768" HPOS="36"/><SP WIDTH="35" VPOS="784" HPOS="197"/><String WC="0.3928571343" CONTENT="462-190" HEIGHT="36" WIDTH="130" VPOS="783" HPOS="232"/></TextLine>
<TextLine HEIGHT="56" WIDTH="172" VPOS="804" HPOS="36"><String WC="0.3529999852" CONTENT="derProphet" HEIGHT="56" WIDTH="172" VPOS="804" HPOS="36"/></TextLine>
<TextLine HEIGHT="43" WIDTH="135" VPOS="854" HPOS="35"><String WC="1." CONTENT="." HEIGHT="6" WIDTH="7" VPOS="886" HPOS="35"/><SP WIDTH="30" VPOS="859" HPOS="43"/><String WC="0.4499999881" CONTENT="prüfen" HEIGHT="42" WIDTH="96" VPOS="855" HPOS="74"/></TextLine>
<TextLine HEIGHT="49" WIDTH="128" VPOS="886" HPOS="33"><String WC="0.25" CONTENT="der" HEIGHT="40" WIDTH="44" VPOS="886" HPOS="33"/><SP WIDTH="8" VPOS="898" HPOS="77"/><String WC="0.7200000286" CONTENT="Puls" HEIGHT="37" WIDTH="76" VPOS="898" HPOS="85"/></TextLine>
<TextLine HEIGHT="52" WIDTH="188" VPOS="928" HPOS="32"><String WC="0.5099999905" CONTENT="d&gt;e" HEIGHT="40" WIDTH="41" VPOS="928" HPOS="32"/><SP WIDTH="8" VPOS="939" HPOS="74"/><String WC="0.6274999976" CONTENT="Pulsader" HEIGHT="41" WIDTH="137" VPOS="939" HPOS="83"/></TextLine>
<TextLine HEIGHT="45" WIDTH="131" VPOS="971" HPOS="31"><String WC="0.4166666567" CONTENT="das" HEIGHT="39" WIDTH="49" VPOS="971" HPOS="31"/><SP WIDTH="9" VPOS="982" HPOS="81"/><String WC="0.4600000083" CONTENT="Pult" HEIGHT="32" WIDTH="71" VPOS="984" HPOS="91"/></TextLine>
<TextLine HEIGHT="45" WIDTH="155" VPOS="1013" HPOS="31"><String WC="0.4711111188" CONTENT="daSPulvel" HEIGHT="45" WIDTH="155" VPOS="1013" HPOS="31"/></TextLine>
<TextLine HEIGHT="42" WIDTH="238" VPOS="1055" HPOS="32"><String WC="0.3485714197" CONTENT="dasStückpulver" HEIGHT="42" WIDTH="238" VPOS="1055" HPOS="32"/></TextLine>
<TextLine HEIGHT="48" WIDTH="226" VPOS="1095" HPOS="32"><String WC="0.4938461483" CONTENT="dasYulverhorn" HEIGHT="48" WIDTH="226" VPOS="1095" HPOS="32"/></TextLine>
<TextLine HEIGHT="50" WIDTH="151" VPOS="1137" HPOS="34"><String WC="0.3712500036" CONTENT="diePumpe" HEIGHT="50" WIDTH="151" VPOS="1137" HPOS="34"/></TextLine>
<TextLine HEIGHT="48" WIDTH="143" VPOS="1177" HPOS="35"><String WC="0.3100000024" CONTENT="derPunet" HEIGHT="48" WIDTH="143" VPOS="1177" HPOS="35"/></TextLine>
<TextLine HEIGHT="54" WIDTH="177" VPOS="1219" HPOS="34"><String WC="0.4059999883" CONTENT="dasPüpchen" HEIGHT="54" WIDTH="177" VPOS="1219" HPOS="34"/></TextLine>
<TextLine HEIGHT="54" WIDTH="164" VPOS="1260" HPOS="36"><String WC="0.3533333242" CONTENT="der" HEIGHT="38" WIDTH="42" VPOS="1260" HPOS="36"/><SP WIDTH="7" VPOS="1272" HPOS="79"/><String WC="0.3216666579" CONTENT="Purpur" HEIGHT="42" WIDTH="113" VPOS="1272" HPOS="87"/></TextLine>
<TextLine HEIGHT="56" WIDTH="259" VPOS="1302" HPOS="36"><String WC="0.4068750143" CONTENT="drrPurpurfthneck" HEIGHT="56" WIDTH="259" VPOS="1302" HPOS="36"/></TextLine>
<TextLine HEIGHT="47" WIDTH="179" VPOS="1351" HPOS="72" STYLEREFS="font6"><String WC="0.4180000126" CONTENT="Pythagoras" HEIGHT="47" WIDTH="179" VPOS="1351" HPOS="72"/></TextLine>
<TextLine HEIGHT="40" WIDTH="43" VPOS="1398" HPOS="169" STYLEREFS="font6"><String WC="0.2899999917" CONTENT="&amp;" HEIGHT="40" WIDTH="43" VPOS="1398" HPOS="169"/></TextLine>
<TextLine HEIGHT="36" WIDTH="111" VPOS="1439" HPOS="76" STYLEREFS="font6"><String STYLEREFS="font5" WC="0.4149999917" CONTENT="&lt;l«acfen" HEIGHT="36" WIDTH="111" VPOS="1439" HPOS="76"/></TextLine>
<TextLine HEIGHT="35" WIDTH="164" VPOS="1480" HPOS="37" STYLEREFS="font6"><String STYLE="italics" STYLEREFS="font3" WC="0.5500000119" CONTENT="." HEIGHT="10" WIDTH="9" VPOS="1502" HPOS="37"/><SP WIDTH="25" VPOS="1480" HPOS="47"/><String WC="0.3149999976" CONTENT="ynackend" HEIGHT="34" WIDTH="128" VPOS="1481" HPOS="73"/></TextLine>
<TextLine HEIGHT="54" WIDTH="226" VPOS="1507" HPOS="36" STYLEREFS="font6"><String STYLEREFS="font5" WC="0.3249999881" CONTENT="derQnacksalber" HEIGHT="54" WIDTH="226" VPOS="1507" HPOS="36"/></TextLine>
<TextLine HEIGHT="50" WIDTH="178" VPOS="1550" HPOS="39" STYLEREFS="font6"><String WC="0.400909096" CONTENT="derO.uadrat" HEIGHT="50" WIDTH="178" VPOS="1550" HPOS="39"/></TextLine>
<TextLine HEIGHT="41" WIDTH="128" VPOS="1600" HPOS="37" STYLEREFS="font6"><String STYLEREFS="font5" WC="0.5920000076" CONTENT="WHual" HEIGHT="41" WIDTH="128" VPOS="1600" HPOS="37"/></TextLine>
<TextLine HEIGHT="47" WIDTH="214" VPOS="1642" HPOS="37" STYLEREFS="font6"><String WC="0.4866666794" CONTENT="-^r" HEIGHT="37" WIDTH="45" VPOS="1642" HPOS="38"/><SP WIDTH="9" VPOS="1643" HPOS="84"/><String WC="0.3863636255" CONTENT="O.uarstrich" HEIGHT="46" WIDTH="158" VPOS="1643" HPOS="93"/></TextLine>
<TextLine HEIGHT="50" WIDTH="221" VPOS="1677" HPOS="37" STYLEREFS="font6"><String WC="0.473333329" CONTENT="?as" HEIGHT="43" WIDTH="47" VPOS="1677" HPOS="37"/><SP WIDTH="10" VPOS="1682" HPOS="84"/><String WC="0.3722222149" CONTENT="OuarLduch" HEIGHT="42" WIDTH="162" VPOS="1685" HPOS="95"/></TextLine>
<TextLine HEIGHT="57" WIDTH="223" VPOS="1714" HPOS="39" STYLEREFS="font6"><String WC="0.4966666698" CONTENT="das" HEIGHT="40" WIDTH="47" VPOS="1714" HPOS="39"/><SP WIDTH="7" VPOS="1724" HPOS="87"/><String WC="0.427272737" CONTENT="Quecksilber" HEIGHT="47" WIDTH="167" VPOS="1724" HPOS="95"/></TextLine>
</TextBlock>
<TextBlock ID="Page1_Block2" HEIGHT="64" WIDTH="647" VPOS="137" HPOS="226" language="de" STYLEREFS="font7"><Shape><Polygon POINTS="228,146 874,146 874,204 228,204 228,146"/></Shape>
<TextLine HEIGHT="49" WIDTH="616" VPOS="147" HPOS="241"><String STYLE="bold" WC="0.6100000143" CONTENT="Kü" HEIGHT="44" WIDTH="45" VPOS="147" HPOS="241"/><SP WIDTH="72" VPOS="149" HPOS="286"/><String STYLE="bold" WC="0.3350000083" CONTENT="pu" HEIGHT="41" WIDTH="47" VPOS="149" HPOS="358"/><SP WIDTH="66" VPOS="154" HPOS="405"/><String STYLE="bold" WC="0.5066666603" CONTENT="qua" HEIGHT="39" WIDTH="69" VPOS="152" HPOS="471"/><SP WIDTH="72" VPOS="154" HPOS="540"/><String STYLE="bold underline" WC="0.2649999857" CONTENT="rv" HEIGHT="32" WIDTH="41" VPOS="153" HPOS="612"/><SP WIDTH="65" VPOS="153" HPOS="653"/><String STYLE="bold underline" WC="0.2549999952" CONTENT="ra" HEIGHT="32" WIDTH="42" VPOS="152" HPOS="718"/><SP WIDTH="63" VPOS="152" HPOS="760"/><String STYLE="bold underline" WC="0.6100000143" CONTENT="xs" HEIGHT="32" WIDTH="34" VPOS="153" HPOS="823"/></TextLine>
</TextBlock>
<TextBlock ID="Page1_Block3" HEIGHT="101" WIDTH="301" VPOS="196" HPOS="375" language="de" STYLEREFS="font5"><Shape><Polygon POINTS="378,204 678,204 678,302 378,302 378,204"/></Shape>
<TextLine HEIGHT="44" WIDTH="297" VPOS="199" HPOS="379"><String WC="0.3566666543" CONTENT="die" HEIGHT="34" WIDTH="41" VPOS="199" HPOS="379"/><SP WIDTH="6" VPOS="200" HPOS="421"/><String WC="0.3300000131" CONTENT="Quelle" HEIGHT="40" WIDTH="103" VPOS="200" HPOS="428"/><SP WIDTH="32" VPOS="210" HPOS="532"/><String WC="0.5550000072" CONTENT="287.4," HEIGHT="34" WIDTH="111" VPOS="209" HPOS="565"/></TextLine>
<TextLine HEIGHT="35" WIDTH="44" VPOS="256" HPOS="520"><String STYLEREFS="font6" WC="0.6600000262" CONTENT="R-" HEIGHT="35" WIDTH="44" VPOS="256" HPOS="520"/></TextLine>
</TextBlock>
<TextBlock ID="Page1_Block4" HEIGHT="631" WIDTH="340" VPOS="316" HPOS="371" language="de" STYLEREFS="font6"><Shape><Polygon POINTS="376,324 524,324 524,332 714,332 714,370 610,370 610,412 714,412 714,570 716,570 716,620 714,620 714,738 716,738 716,862 708,862 708,916 662,916 662,952 572,952 572,950 380,950 380,742 378,742 378,490 376,490 376,448 414,448 414,412 376,412 376,324"/></Shape>
<TextLine HEIGHT="42" WIDTH="329" VPOS="319" HPOS="377"><String WC="0.2866666615" CONTENT="der" HEIGHT="33" WIDTH="45" VPOS="321" HPOS="377"/><SP WIDTH="9" VPOS="320" HPOS="423"/><String WC="0.4650000036" CONTENT="Rabe" HEIGHT="36" WIDTH="84" VPOS="320" HPOS="433"/><SP WIDTH="74" VPOS="327" HPOS="518"/><String STYLEREFS="font4" WC="0.5600000024" CONTENT="90,434" HEIGHT="31" WIDTH="113" VPOS="330" HPOS="593"/></TextLine>
<TextLine HEIGHT="44" WIDTH="227" VPOS="358" HPOS="376"><String WC="0.5766666532" CONTENT="der" HEIGHT="32" WIDTH="48" VPOS="363" HPOS="376"/><SP WIDTH="8" VPOS="363" HPOS="424"/><String WC="0.3179999888" CONTENT="Rabenstein" HEIGHT="43" WIDTH="171" VPOS="359" HPOS="432"/></TextLine>
<TextLine HEIGHT="41" WIDTH="289" VPOS="403" HPOS="413"><String WC="0.4399999976" CONTENT="rächen" HEIGHT="37" WIDTH="96" VPOS="403" HPOS="413"/><SP WIDTH="136" VPOS="411" HPOS="510"/><String WC="0.2733333409" CONTENT="srr" HEIGHT="30" WIDTH="55" VPOS="414" HPOS="647"/></TextLine>
<TextLine HEIGHT="43" WIDTH="327" VPOS="443" HPOS="376"><String WC="0.5333333611" CONTENT="das" HEIGHT="33" WIDTH="52" VPOS="445" HPOS="376"/><SP WIDTH="11" VPOS="444" HPOS="429"/><String WC="0.3249999881" CONTENT="Racket" HEIGHT="35" WIDTH="103" VPOS="444" HPOS="441"/><SP WIDTH="101" VPOS="447" HPOS="545"/><String STYLEREFS="font4" WC="0.6333333254" CONTENT="522" HEIGHT="29" WIDTH="56" VPOS="457" HPOS="647"/></TextLine>
<TextLine HEIGHT="42" WIDTH="330" VPOS="486" HPOS="376"><String WC="0.4900000095" CONTENT="dasRadi" HEIGHT="35" WIDTH="136" VPOS="486" HPOS="376"/><SP WIDTH="7" VPOS="499" HPOS="512"/><String STYLEREFS="font4" WC="0.2800000012" CONTENT="90" HEIGHT="27" WIDTH="37" VPOS="497" HPOS="520"/><String WC="1." CONTENT="." HEIGHT="6" WIDTH="6" VPOS="508" HPOS="563"/><String STYLEREFS="font4" WC="0.5099999905" CONTENT="494^490" HEIGHT="38" WIDTH="132" VPOS="490" HPOS="573"/></TextLine>
<TextLine HEIGHT="42" WIDTH="326" VPOS="526" HPOS="378"><String WC="0.5400000215" CONTENT="mit" HEIGHT="31" WIDTH="48" VPOS="530" HPOS="378"/><SP WIDTH="8" VPOS="531" HPOS="427"/><String WC="0.4900000095" CONTENT="einem" HEIGHT="31" WIDTH="90" VPOS="531" HPOS="436"/><SP WIDTH="7" VPOS="528" HPOS="527"/><String WC="0.3100000024" CONTENT="Rad" HEIGHT="34" WIDTH="68" VPOS="528" HPOS="535"/><SP WIDTH="45" VPOS="530" HPOS="604"/><String STYLEREFS="font4" WC="0.1199999973" CONTENT="322" HEIGHT="28" WIDTH="54" VPOS="540" HPOS="650"/></TextLine>
<TextLine HEIGHT="41" WIDTH="331" VPOS="570" HPOS="376"><String WC="0.323333323" CONTENT="mit" HEIGHT="32" WIDTH="53" VPOS="571" HPOS="376"/><SP WIDTH="40" VPOS="572" HPOS="429"/><String WC="0.3050000072" CONTENT="zveycn" HEIGHT="33" WIDTH="94" VPOS="577" HPOS="469"/><SP WIDTH="27" VPOS="572" HPOS="563"/><String WC="0.4149999917" CONTENT="Rädern" HEIGHT="36" WIDTH="117" VPOS="572" HPOS="590"/></TextLine>
<TextLine HEIGHT="29" WIDTH="58" VPOS="623" HPOS="645"><String STYLEREFS="font4" WC="0.6899999976" CONTENT="52" HEIGHT="28" WIDTH="35" VPOS="624" HPOS="645"/><SP WIDTH="7" VPOS="623" HPOS="681"/><String WC="0.25" CONTENT="2" HEIGHT="17" WIDTH="14" VPOS="623" HPOS="689"/></TextLine>
<TextLine HEIGHT="40" WIDTH="326" VPOS="652" HPOS="377"><String WC="0.4300000072" CONTENT="mit" HEIGHT="33" WIDTH="50" VPOS="653" HPOS="377"/><SP WIDTH="14" VPOS="656" HPOS="428"/><String WC="0.3680000007" CONTENT="vierRadern" HEIGHT="35" WIDTH="176" VPOS="653" HPOS="443"/><SP WIDTH="27" VPOS="662" HPOS="620"/><String STYLE="italics" WC="0.1633333266" CONTENT="322" HEIGHT="26" WIDTH="55" VPOS="666" HPOS="648"/></TextLine>
<TextLine HEIGHT="39" WIDTH="326" VPOS="694" HPOS="376"><String WC="0.6055555344" CONTENT="dicRadaxe" HEIGHT="37" WIDTH="162" VPOS="694" HPOS="376"/><SP WIDTH="110" VPOS="703" HPOS="538"/><String STYLEREFS="font4" WC="0.2333333343" CONTENT="323" HEIGHT="27" WIDTH="54" VPOS="706" HPOS="648"/></TextLine>
<TextLine HEIGHT="43" WIDTH="292" VPOS="735" HPOS="412"><String WC="0.448181808" CONTENT="radbrechen/" HEIGHT="42" WIDTH="178" VPOS="735" HPOS="412"/><SP WIDTH="14" VPOS="739" HPOS="591"/><String WC="0.3449999988" CONTENT="rädern" HEIGHT="33" WIDTH="98" VPOS="739" HPOS="606"/></TextLine>
<TextLine HEIGHT="27" WIDTH="62" VPOS="792" HPOS="642" STYLEREFS="font4"><String WC="0.5" CONTENT="490" HEIGHT="27" WIDTH="62" VPOS="792" HPOS="642"/></TextLine>
<TextLine HEIGHT="47" WIDTH="328" VPOS="815" HPOS="375"><String WC="0.4600000083" CONTENT="die" HEIGHT="33" WIDTH="41" VPOS="818" HPOS="375"/><SP WIDTH="9" VPOS="816" HPOS="417"/><String WC="0.324000001" CONTENT="Radschiene" HEIGHT="45" WIDTH="172" VPOS="816" HPOS="427"/><SP WIDTH="46" VPOS="828" HPOS="600"/><String STYLE="italics" STYLEREFS="font3" WC="0.5866666436" CONTENT="t66" HEIGHT="28" WIDTH="56" VPOS="824" HPOS="647"/></TextLine>
<TextLine HEIGHT="27" WIDTH="64" VPOS="875" HPOS="636" STYLEREFS="font5"><String STYLE="bold" WC="0.150000006" CONTENT="3" HEIGHT="26" WIDTH="13" VPOS="876" HPOS="636"/><SP WIDTH="8" VPOS="876" HPOS="650"/><String STYLE="superscript" WC="0.5400000215" CONTENT="2" HEIGHT="16" WIDTH="12" VPOS="876" HPOS="659"/><SP WIDTH="6" VPOS="875" HPOS="672"/><String STYLE="bold" WC="0.3899999857" CONTENT="4" HEIGHT="27" WIDTH="17" VPOS="875" HPOS="679"/><String WC="0.5400000215" CONTENT="-" HEIGHT="9" WIDTH="2" VPOS="884" HPOS="698"/></TextLine>
<TextLine HEIGHT="43" WIDTH="275" VPOS="900" HPOS="375"><String WC="0.381249994" CONTENT="derRatl)" HEIGHT="39" WIDTH="127" VPOS="900" HPOS="375"/><SP WIDTH="65" VPOS="911" HPOS="502"/><String STYLEREFS="font3" WC="0.2619999945" CONTENT="742.5" HEIGHT="30" WIDTH="83" VPOS="913" HPOS="567"/></TextLine>
</TextBlock>
<TextBlock ID="Page1_Block5" HEIGHT="167" WIDTH="238" VPOS="202" HPOS="684" language="de" STYLEREFS="font6"><Shape><Polygon POINTS="716,206 924,206 924,372 718,372 718,328 716,328 716,286 714,286 714,242 686,242 686,218 716,218 716,206"/></Shape>
<TextLine HEIGHT="37" WIDTH="184" VPOS="204" HPOS="688"><String STYLEREFS="font5" WC="0.2899999917" CONTENT="o" HEIGHT="16" WIDTH="15" VPOS="217" HPOS="688"/><SP WIDTH="12" VPOS="210" HPOS="704"/><String STYLEREFS="font5" WC="0.5" CONTENT="Oie" HEIGHT="25" WIDTH="41" VPOS="211" HPOS="717"/><SP WIDTH="10" VPOS="205" HPOS="759"/><String WC="0.4300000072" CONTENT="Raupe" HEIGHT="36" WIDTH="102" VPOS="205" HPOS="770"/></TextLine>
<TextLine HEIGHT="34" WIDTH="152" VPOS="244" HPOS="715"><String WC="0.5466666818" CONTENT="die" HEIGHT="30" WIDTH="44" VPOS="247" HPOS="715"/><SP WIDTH="8" VPOS="244" HPOS="759"/><String WC="0.4199999869" CONTENT="Raute" HEIGHT="34" WIDTH="100" VPOS="244" HPOS="767"/></TextLine>
<TextLine HEIGHT="35" WIDTH="127" VPOS="286" HPOS="716"><String WC="0.2885714173" CONTENT="dieRede" HEIGHT="35" WIDTH="127" VPOS="286" HPOS="716"/></TextLine>
<TextLine HEIGHT="40" WIDTH="187" VPOS="325" HPOS="718"><String WC="0.5066666603" CONTENT="das" HEIGHT="30" WIDTH="51" VPOS="331" HPOS="718"/><SP WIDTH="10" VPOS="326" HPOS="770"/><String WC="0.4083333313" CONTENT="Rebhun" HEIGHT="40" WIDTH="124" VPOS="325" HPOS="781"/></TextLine>
</TextBlock>
<TextBlock ID="Page1_Block6" HEIGHT="73" WIDTH="135" VPOS="208" HPOS="929" language="de" STYLEREFS="font2"><Shape><Polygon POINTS="932,210 1066,210 1066,282 932,282 932,210"/></Shape>
<TextLine HEIGHT="35" WIDTH="111" VPOS="211" HPOS="937"><String WC="0.8100000024" CONTENT="-r-i" HEIGHT="33" WIDTH="63" VPOS="212" HPOS="937"/><SP WIDTH="7" VPOS="216" HPOS="1001"/><String WC="0.2549999952" CONTENT="24" HEIGHT="31" WIDTH="39" VPOS="211" HPOS="1009"/></TextLine>
<TextLine HEIGHT="29" WIDTH="41" VPOS="247" HPOS="1005"><String STYLE="italics" STYLEREFS="font0" WC="0.200000003" CONTENT="60" HEIGHT="29" WIDTH="41" VPOS="247" HPOS="1005"/></TextLine>
</TextBlock>
<TextBlock ID="Page1_Block7" HEIGHT="838" WIDTH="407" VPOS="938" HPOS="298" language="de" STYLEREFS="font5"><Shape><Polygon POINTS="380,946 714,946 714,998 374,998 374,1028 600,1028 600,1076 548,1076 548,1110 530,1110 530,1144 630,1144 630,1192 578,1192 578,1234 510,1234 510,1270 530,1270 530,1312 562,1312 562,1356 676,1356 676,1402 716,1402 716,1484 600,1484 600,1530 544,1530 544,1564 558,1564 558,1608 614,1608 614,1654 546,1654 546,1782 384,1782 384,1654 382,1654 382,1608 420,1608 420,1572 380,1572 380,1484 418,1484 418,1358 378,1358 378,1312 420,1312 420,1274 378,1274 378,1228 380,1228 380,1146 378,1146 378,1114 308,1114 308,1072 310,1072 310,1036 308,1036 308,994 310,994 310,956 380,956 380,946"/></Shape>
<TextLine HEIGHT="47" WIDTH="396" VPOS="942" HPOS="305" STYLEREFS="font5"><String WC="0.3333333433" CONTENT="i7sder" HEIGHT="39" WIDTH="115" VPOS="945" HPOS="305"/><SP WIDTH="16" VPOS="943" HPOS="421"/><String WC="0.3942857087" CONTENT="kürlMiligcRath" HEIGHT="46" WIDTH="263" VPOS="943" HPOS="438"/></TextLine>
<TextLine HEIGHT="33" WIDTH="59" VPOS="990" HPOS="302"><String STYLEREFS="font3" WC="0.75" CONTENT="Z§2" HEIGHT="33" WIDTH="59" VPOS="990" HPOS="302"/></TextLine>
<TextLine HEIGHT="42" WIDTH="283" VPOS="1022" HPOS="304"><String WC="0.1400000006" CONTENT="502" HEIGHT="24" WIDTH="55" VPOS="1037" HPOS="304"/><SP WIDTH="13" VPOS="1026" HPOS="360"/><String WC="0.4336363673" CONTENT="dasRathhaus" HEIGHT="42" WIDTH="214" VPOS="1022" HPOS="373"/></TextLine>
<TextLine HEIGHT="39" WIDTH="232" VPOS="1064" HPOS="302"><String WC="0.3000000119" CONTENT="962" HEIGHT="34" WIDTH="57" VPOS="1067" HPOS="302"/><SP WIDTH="11" VPOS="1066" HPOS="360"/><String WC="0.4833333194" CONTENT="der" HEIGHT="28" WIDTH="45" VPOS="1066" HPOS="372"/><SP WIDTH="9" VPOS="1065" HPOS="418"/><String WC="0.3533333242" CONTENT="Raiter" HEIGHT="33" WIDTH="106" VPOS="1065" HPOS="428"/></TextLine>
<TextLine HEIGHT="33" WIDTH="143" VPOS="1102" HPOS="372"><String WC="0.3866666555" CONTENT="der" HEIGHT="30" WIDTH="47" VPOS="1103" HPOS="372"/><SP WIDTH="8" VPOS="1103" HPOS="420"/><String WC="0.2899999917" CONTENT="Rand" HEIGHT="32" WIDTH="86" VPOS="1103" HPOS="429"/></TextLine>
<TextLine HEIGHT="42" WIDTH="241" VPOS="1140" HPOS="373"><String WC="0.3400000036" CONTENT="die" HEIGHT="30" WIDTH="41" VPOS="1143" HPOS="373"/><SP WIDTH="9" VPOS="1141" HPOS="415"/><String WC="0.5116666555" CONTENT="Ranbfchrifft" HEIGHT="41" WIDTH="189" VPOS="1141" HPOS="425"/></TextLine>
<TextLine HEIGHT="41" WIDTH="188" VPOS="1181" HPOS="374"><String WC="0.5033333302" CONTENT="bas" HEIGHT="33" WIDTH="50" VPOS="1183" HPOS="374"/><SP WIDTH="9" VPOS="1182" HPOS="425"/><String WC="0.3871428668" CONTENT="Rappier" HEIGHT="40" WIDTH="127" VPOS="1182" HPOS="435"/></TextLine>
<TextLine HEIGHT="41" WIDTH="125" VPOS="1223" HPOS="369"><String WC="0.3266666532" CONTENT="der" HEIGHT="31" WIDTH="48" VPOS="1228" HPOS="369"/><SP WIDTH="8" VPOS="1224" HPOS="417"/><String WC="0.3899999857" CONTENT="Ratz" HEIGHT="40" WIDTH="69" VPOS="1224" HPOS="425"/></TextLine>
<TextLine HEIGHT="38" WIDTH="104" VPOS="1265" HPOS="410"><String WC="0.4583333433" CONTENT="rauben" HEIGHT="38" WIDTH="104" VPOS="1265" HPOS="410"/></TextLine>
<TextLine HEIGHT="40" WIDTH="176" VPOS="1308" HPOS="370"><String WC="0.5299999714" CONTENT="der" HEIGHT="33" WIDTH="46" VPOS="1314" HPOS="370"/><SP WIDTH="9" VPOS="1310" HPOS="417"/><String WC="0.3000000119" CONTENT="Räuber" HEIGHT="38" WIDTH="119" VPOS="1309" HPOS="427"/></TextLine>
<TextLine HEIGHT="40" WIDTH="250" VPOS="1352" HPOS="410"><String WC="0.3214285672" CONTENT="beraubt" HEIGHT="38" WIDTH="114" VPOS="1353" HPOS="410"/><SP WIDTH="24" VPOS="1357" HPOS="524"/><String WC="0.2866666615" CONTENT="werden" HEIGHT="39" WIDTH="111" VPOS="1353" HPOS="549"/></TextLine>
<TextLine HEIGHT="26" WIDTH="62" VPOS="1412" HPOS="636" STYLEREFS="font4"><String WC="0.4300000072" CONTENT="490" HEIGHT="26" WIDTH="62" VPOS="1412" HPOS="636"/></TextLine>
<TextLine HEIGHT="43" WIDTH="291" VPOS="1439" HPOS="408"><String WC="0.3819999993" CONTENT="räuberisch" HEIGHT="42" WIDTH="151" VPOS="1439" HPOS="408"/><SP WIDTH="84" VPOS="1440" HPOS="559"/><String WC="0.1599999964" CONTENT="130" HEIGHT="27" WIDTH="56" VPOS="1452" HPOS="643"/></TextLine>
<TextLine HEIGHT="40" WIDTH="213" VPOS="1479" HPOS="369"><String WC="0.3300000131" CONTENT="derRaubvoget" HEIGHT="40" WIDTH="213" VPOS="1479" HPOS="369"/></TextLine>
<TextLine HEIGHT="39" WIDTH="157" VPOS="1523" HPOS="369"><String WC="0.5066666603" CONTENT="der" HEIGHT="34" WIDTH="47" VPOS="1525" HPOS="369"/><SP WIDTH="8" VPOS="1524" HPOS="417"/><String WC="0.4320000112" CONTENT="Rauch" HEIGHT="38" WIDTH="100" VPOS="1524" HPOS="426"/></TextLine>
<TextLine HEIGHT="36" WIDTH="132" VPOS="1566" HPOS="408"><String WC="0.5037500262" CONTENT="räuchern" HEIGHT="36" WIDTH="132" VPOS="1566" HPOS="408"/></TextLine>
<TextLine HEIGHT="41" WIDTH="225" VPOS="1603" HPOS="370"><String WC="0.3891666532" CONTENT="dasRauchwerk" HEIGHT="41" WIDTH="225" VPOS="1603" HPOS="370"/></TextLine>
<TextLine HEIGHT="39" WIDTH="69" VPOS="1646" HPOS="410"><String WC="0.1800000072" CONTENT="rauh" HEIGHT="39" WIDTH="69" VPOS="1646" HPOS="410"/></TextLine>
<TextLine HEIGHT="38" WIDTH="151" VPOS="1689" HPOS="371" STYLEREFS="font6"><String WC="0.3066666722" CONTENT="der" HEIGHT="33" WIDTH="45" VPOS="1693" HPOS="371"/><SP WIDTH="7" VPOS="1690" HPOS="417"/><String WC="0.3025000095" CONTENT="Raum" HEIGHT="37" WIDTH="97" VPOS="1690" HPOS="425"/></TextLine>
<TextLine HEIGHT="32" WIDTH="114" VPOS="1739" HPOS="412" STYLEREFS="font6"><String STYLE="bold" STYLEREFS="font7" WC="0.3516666591" CONTENT="raumen" HEIGHT="32" WIDTH="114" VPOS="1739" HPOS="412"/></TextLine>
</TextBlock>
<TextBlock ID="Page1_Block8" HEIGHT="661" WIDTH="429" VPOS="294" HPOS="642" language="de" STYLEREFS="font5"><Shape><Polygon POINTS="998,296 1074,296 1074,956 956,956 956,950 720,950 720,454 718,454 718,412 646,412 646,368 998,368 998,296"/></Shape>
<TextLine HEIGHT="27" WIDTH="40" VPOS="297" HPOS="1007" STYLEREFS="font6"><String STYLEREFS="font4" WC="0.4399999976" CONTENT="7" HEIGHT="26" WIDTH="16" VPOS="297" HPOS="1007"/><String WC="0.6100000143" CONTENT="-»" HEIGHT="18" WIDTH="18" VPOS="297" HPOS="1029"/></TextLine>
<TextLine HEIGHT="36" WIDTH="37" VPOS="329" HPOS="1011" STYLEREFS="font4"><String WC="0.2199999988" CONTENT="56" HEIGHT="36" WIDTH="37" VPOS="329" HPOS="1011"/></TextLine>
<TextLine HEIGHT="40" WIDTH="404" VPOS="367" HPOS="645"><String WC="0.2599999905" CONTENT="488" HEIGHT="33" WIDTH="58" VPOS="368" HPOS="645"/><SP WIDTH="15" VPOS="368" HPOS="703"/><String WC="0.2533333302" CONTENT="der" HEIGHT="30" WIDTH="48" VPOS="373" HPOS="718"/><SP WIDTH="11" VPOS="368" HPOS="766"/><String WC="0.3659999967" CONTENT="Reche" HEIGHT="37" WIDTH="95" VPOS="368" HPOS="777"/><SP WIDTH="116" VPOS="375" HPOS="872"/><String WC="0.2199999988" CONTENT="i" HEIGHT="20" WIDTH="11" VPOS="379" HPOS="988"/><SP WIDTH="8" VPOS="376" HPOS="999"/><String WC="0.2599999905" CONTENT="ro" HEIGHT="27" WIDTH="42" VPOS="376" HPOS="1007"/></TextLine>
<TextLine HEIGHT="42" WIDTH="327" VPOS="407" HPOS="718"><String WC="0.4705555439" CONTENT="dieRechenschaffQst" HEIGHT="42" WIDTH="327" VPOS="407" HPOS="718"/></TextLine>
<TextLine HEIGHT="43" WIDTH="272" VPOS="448" HPOS="757"><String WC="0.3707692325" CONTENT="Rcchenschafft" HEIGHT="43" WIDTH="202" VPOS="448" HPOS="757"/><SP WIDTH="24" VPOS="455" HPOS="960"/><String WC="0.4650000036" CONTENT="ge" HEIGHT="32" WIDTH="32" VPOS="459" HPOS="985" SUBS_TYPE="HypPart1" SUBS_CONTENT="geben"/><HYP CONTENT="­"/></TextLine>
<TextLine HEIGHT="42" WIDTH="243" VPOS="491" HPOS="803"><String WC="0.3700000048" CONTENT="ben" HEIGHT="34" WIDTH="51" VPOS="491" HPOS="803" SUBS_TYPE="HypPart2" SUBS_CONTENT="geben"/><SP WIDTH="134" VPOS="499" HPOS="855"/><String WC="0.7566666603" CONTENT="59»" HEIGHT="35" WIDTH="56" VPOS="498" HPOS="990"/></TextLine>
<TextLine HEIGHT="42" WIDTH="289" VPOS="533" HPOS="760"><String WC="0.3319999874" CONTENT="recht" HEIGHT="40" WIDTH="71" VPOS="533" HPOS="760"/><SP WIDTH="119" VPOS="535" HPOS="832"/><String WC="0.3400000036" CONTENT="2,47,4" HEIGHT="31" WIDTH="97" VPOS="543" HPOS="952"/></TextLine>
<TextLine HEIGHT="43" WIDTH="331" VPOS="573" HPOS="718"><String WC="0.75" CONTENT="das" HEIGHT="30" WIDTH="50" VPOS="579" HPOS="718"/><SP WIDTH="8" VPOS="576" HPOS="768"/><String WC="0.3120000064" CONTENT="Recht" HEIGHT="41" WIDTH="91" VPOS="573" HPOS="776"/><SP WIDTH="120" VPOS="576" HPOS="867"/><String WC="0.2899999917" CONTENT="48*" HEIGHT="33" WIDTH="62" VPOS="581" HPOS="987"/></TextLine>
<TextLine HEIGHT="39" WIDTH="325" VPOS="617" HPOS="719"><String WC="0.2466666698" CONTENT="die" HEIGHT="31" WIDTH="42" VPOS="621" HPOS="719"/><SP WIDTH="7" VPOS="617" HPOS="762"/><String WC="0.323333323" CONTENT="Rechte" HEIGHT="37" WIDTH="103" VPOS="617" HPOS="770"/><SP WIDTH="114" VPOS="624" HPOS="874"/><String WC="0.4133333266" CONTENT="14*" HEIGHT="36" WIDTH="55" VPOS="619" HPOS="989"/></TextLine>
<TextLine HEIGHT="40" WIDTH="289" VPOS="659" HPOS="758"><String WC="0.3966666758" CONTENT="rechts" HEIGHT="38" WIDTH="86" VPOS="659" HPOS="758"/><SP WIDTH="65" VPOS="660" HPOS="845"/><String STYLEREFS="font3" WC="0.3814285696" CONTENT="424-474" HEIGHT="34" WIDTH="136" VPOS="663" HPOS="911"/></TextLine>
<TextLine HEIGHT="40" WIDTH="268" VPOS="697" HPOS="757"><String WC="0.3066666722" CONTENT="von" HEIGHT="28" WIDTH="53" VPOS="706" HPOS="757"/><SP WIDTH="22" VPOS="699" HPOS="810"/><String WC="0.2833333313" CONTENT="der" HEIGHT="32" WIDTH="48" VPOS="700" HPOS="832"/><SP WIDTH="19" VPOS="698" HPOS="880"/><String WC="0.4314285815" CONTENT="Rechten" HEIGHT="39" WIDTH="126" VPOS="698" HPOS="899"/></TextLine>
<TextLine HEIGHT="40" WIDTH="66" VPOS="740" HPOS="983" STYLEREFS="font6"><String STYLE="italics" WC="0.5199999809" CONTENT="426" HEIGHT="40" WIDTH="66" VPOS="740" HPOS="983"/></TextLine>
<TextLine HEIGHT="47" WIDTH="296" VPOS="779" HPOS="755"><String WC="0.400000006" CONTENT="zur" HEIGHT="33" WIDTH="45" VPOS="790" HPOS="755"/><SP WIDTH="8" VPOS="780" HPOS="800"/><String WC="0.4228571355" CONTENT="Rechten" HEIGHT="42" WIDTH="126" VPOS="779" HPOS="808"/><SP WIDTH="55" VPOS="791" HPOS="934"/><String WC="0.3433333337" CONTENT="4,6" HEIGHT="40" WIDTH="62" VPOS="784" HPOS="989"/></TextLine>
<TextLine HEIGHT="45" WIDTH="311" VPOS="822" HPOS="718"><String WC="0.349999994" CONTENT="der" HEIGHT="33" WIDTH="47" VPOS="827" HPOS="718"/><SP WIDTH="22" VPOS="833" HPOS="766"/><String WC="0.3928571343" CONTENT="rechte." HEIGHT="40" WIDTH="88" VPOS="823" HPOS="789"/><SP WIDTH="21" VPOS="824" HPOS="878"/><String WC="0.4162499905" CONTENT="Fußsteig" HEIGHT="44" WIDTH="129" VPOS="823" HPOS="900"/></TextLine>
<TextLine HEIGHT="34" WIDTH="62" VPOS="875" HPOS="988" STYLEREFS="font4"><String WC="0.3400000036" CONTENT="414" HEIGHT="34" WIDTH="62" VPOS="875" HPOS="988"/></TextLine>
<TextLine HEIGHT="44" WIDTH="335" VPOS="907" HPOS="711"><String WC="0.4666666687" CONTENT="die" HEIGHT="32" WIDTH="44" VPOS="910" HPOS="711"/><SP WIDTH="13" VPOS="907" HPOS="755"/><String STYLEREFS="font6" WC="0.4850000143" CONTENT="Rede" HEIGHT="35" WIDTH="81" VPOS="907" HPOS="768"/><SP WIDTH="101" VPOS="915" HPOS="849"/><String WC="0.6380000114" CONTENT="4.48®" HEIGHT="34" WIDTH="96" VPOS="917" HPOS="950"/></TextLine>
</TextBlock>
<TextBlock ID="Page1_Block9" HEIGHT="82" WIDTH="74" VPOS="1322" HPOS="291" language="de" STYLEREFS="font5"><Shape><Polygon POINTS="312,1330 352,1330 352,1374 378,1374 378,1412 304,1412 304,1374 312,1374 312,1330"/></Shape>
<TextLine HEIGHT="29" WIDTH="32" VPOS="1326" HPOS="304" STYLEREFS="font4"><String WC="0.1700000018" CONTENT="13" HEIGHT="29" WIDTH="32" VPOS="1326" HPOS="304"/></TextLine>
<TextLine HEIGHT="30" WIDTH="59" VPOS="1370" HPOS="300"><String STYLE="bold" WC="0.3000000119" CONTENT="4" HEIGHT="29" WIDTH="19" VPOS="1371" HPOS="300"/><String WC="0." CONTENT="M" HEIGHT="29" WIDTH="35" VPOS="1370" HPOS="324"/></TextLine>
</TextBlock>
<TextBlock ID="Page1_Block10" HEIGHT="877" WIDTH="445" VPOS="948" HPOS="634" language="de" STYLEREFS="font5"><Shape><Polygon POINTS="754,952 882,952 882,958 1088,958 1088,1826 726,1826 726,1742 724,1742 724,1706 722,1706 722,1656 724,1656 724,1620 722,1620 722,1572 760,1572 760,1538 722,1538 722,1446 790,1446 790,1414 724,1414 724,1372 720,1372 720,1364 648,1364 648,1334 646,1334 646,998 754,998 754,952"/></Shape>
<TextLine HEIGHT="40" WIDTH="296" VPOS="952" HPOS="749"><String WC="0.6100000143" CONTENT="reden" HEIGHT="34" WIDTH="83" VPOS="952" HPOS="749"/><SP WIDTH="58" VPOS="960" HPOS="833"/><String WC="0.4477777779" CONTENT="428.4.70." HEIGHT="33" WIDTH="153" VPOS="959" HPOS="892"/></TextLine>
<TextLine HEIGHT="46" WIDTH="381" VPOS="992" HPOS="646"><String WC="0.3000000119" CONTENT="744]" HEIGHT="42" WIDTH="64" VPOS="993" HPOS="646"/><SP WIDTH="45" VPOS="994" HPOS="710"/><String WC="0.4699999988" CONTENT="mit" HEIGHT="33" WIDTH="53" VPOS="994" HPOS="756"/><SP WIDTH="25" VPOS="996" HPOS="810"/><String WC="0.5559999943" CONTENT="einem" HEIGHT="34" WIDTH="88" VPOS="994" HPOS="836"/><SP WIDTH="17" VPOS="1001" HPOS="925"/><String WC="0.4699999988" CONTENT="reden" HEIGHT="32" WIDTH="84" VPOS="996" HPOS="943"/></TextLine>
<TextLine HEIGHT="35" WIDTH="407" VPOS="1039" HPOS="640" STYLEREFS="font6"><String WC="0.6449999809" CONTENT="48o&gt;" HEIGHT="31" WIDTH="68" VPOS="1039" HPOS="640"/><SP WIDTH="278" VPOS="1039" HPOS="709"/><String STYLEREFS="font4" WC="0.1099999994" CONTENT="79" HEIGHT="26" WIDTH="35" VPOS="1047" HPOS="988"/><String WC="1." CONTENT="»" HEIGHT="21" WIDTH="19" VPOS="1044" HPOS="1028"/></TextLine>
<TextLine HEIGHT="41" WIDTH="403" VPOS="1073" HPOS="642"><String WC="0.2199999988" CONTENT="2" HEIGHT="15" WIDTH="11" VPOS="1084" HPOS="642"/><SP WIDTH="4" VPOS="1083" HPOS="654"/><String WC="0.3831250072" CONTENT="94&gt;rechtausrcVen" HEIGHT="40" WIDTH="278" VPOS="1073" HPOS="659"/><SP WIDTH="18" VPOS="1081" HPOS="938"/><String WC="0.5939999819" CONTENT="2.37z" HEIGHT="32" WIDTH="88" VPOS="1082" HPOS="957"/></TextLine>
<TextLine HEIGHT="47" WIDTH="402" VPOS="1110" HPOS="640"><String WC="0.3950000107" CONTENT="z/^dieRedkunsr" HEIGHT="42" WIDTH="266" VPOS="1110" HPOS="640"/><SP WIDTH="78" VPOS="1119" HPOS="906"/><String WC="0.2333333343" CONTENT="378" HEIGHT="34" WIDTH="58" VPOS="1123" HPOS="984"/></TextLine>
<TextLine HEIGHT="57" WIDTH="403" VPOS="1146" HPOS="646"><String WC="0.2175000012" CONTENT="j6sj" HEIGHT="53" WIDTH="62" VPOS="1146" HPOS="646"/><SP WIDTH="44" VPOS="1147" HPOS="709"/><String WC="0.3971428573" CONTENT="redlich" HEIGHT="38" WIDTH="100" VPOS="1151" HPOS="754"/><SP WIDTH="129" VPOS="1152" HPOS="855"/><String WC="0.4300000072" CONTENT="494" HEIGHT="32" WIDTH="64" VPOS="1170" HPOS="985"/></TextLine>
<TextLine HEIGHT="56" WIDTH="403" VPOS="1186" HPOS="643"><String WC="0.1599999964" CONTENT="5" HEIGHT="27" WIDTH="12" VPOS="1201" HPOS="643"/><String STYLE="superscript" WC="0.2399999946" CONTENT="1" HEIGHT="20" WIDTH="11" VPOS="1198" HPOS="665"/><String WC="0.1899999976" CONTENT="B]" HEIGHT="52" WIDTH="21" VPOS="1186" HPOS="687"/><SP WIDTH="46" VPOS="1186" HPOS="709"/><String WC="0.3770000041" CONTENT="eednerisch" HEIGHT="44" WIDTH="149" VPOS="1192" HPOS="756"/><SP WIDTH="82" VPOS="1194" HPOS="906"/><String STYLE="subscript" WC="0.3549999893" CONTENT="J7" HEIGHT="27" WIDTH="36" VPOS="1214" HPOS="989"/><String WC="0.2399999946" CONTENT="g" HEIGHT="26" WIDTH="15" VPOS="1211" HPOS="1031"/></TextLine>
<TextLine HEIGHT="49" WIDTH="402" VPOS="1233" HPOS="645"><String WC="0.1433333308" CONTENT="rar" HEIGHT="19" WIDTH="55" VPOS="1242" HPOS="645"/><SP WIDTH="14" VPOS="1233" HPOS="700"/><String WC="0.5637500286" CONTENT="depRegen" HEIGHT="45" WIDTH="159" VPOS="1234" HPOS="714"/><SP WIDTH="62" VPOS="1245" HPOS="873"/><String STYLE="italics" STYLEREFS="font0" WC="0.150000006" CONTENT="$" HEIGHT="30" WIDTH="16" VPOS="1250" HPOS="935"/><String STYLE="italics smallcaps" STYLEREFS="font1" WC="0." CONTENT="u" HEIGHT="19" WIDTH="22" VPOS="1253" HPOS="957"/><String STYLE="subscript italics" STYLEREFS="font1" WC="1.999999955e-002" CONTENT="M" HEIGHT="27" WIDTH="40" VPOS="1254" HPOS="982"/><String STYLE="italics" STYLEREFS="font1" WC="0.3199999928" CONTENT="6" HEIGHT="25" WIDTH="20" VPOS="1248" HPOS="1027"/></TextLine>
<TextLine HEIGHT="55" WIDTH="381" VPOS="1269" HPOS="663"><String WC="0.3950000107" CONTENT="-o^der" HEIGHT="51" WIDTH="97" VPOS="1269" HPOS="663"/><SP WIDTH="6" VPOS="1279" HPOS="761"/><String WC="0.4070000052" CONTENT="Platzregen" HEIGHT="43" WIDTH="157" VPOS="1279" HPOS="768"/><SP WIDTH="21" VPOS="1291" HPOS="926"/><String WC="0.5099999905" CONTENT="-" HEIGHT="4" WIDTH="5" VPOS="1305" HPOS="948"/><SP WIDTH="38" VPOS="1278" HPOS="954"/><String WC="0.646666646" CONTENT="&apos;32" HEIGHT="46" WIDTH="51" VPOS="1278" HPOS="993"/></TextLine>
<TextLine HEIGHT="48" WIDTH="408" VPOS="1319" HPOS="638"><String WC="0.2733333409" CONTENT="49°" HEIGHT="30" WIDTH="60" VPOS="1325" HPOS="639"/><SP WIDTH="12" VPOS="1319" HPOS="700"/><String WC="0.5699999928" CONTENT="der" HEIGHT="34" WIDTH="50" VPOS="1320" HPOS="713"/><SP WIDTH="10" VPOS="1322" HPOS="764"/><String WC="0.4679999948" CONTENT="Regenbogen" HEIGHT="44" WIDTH="189" VPOS="1322" HPOS="774"/><SP WIDTH="44" VPOS="1335" HPOS="963"/><String WC="0.400000006" CONTENT="74" HEIGHT="30" WIDTH="39" VPOS="1337" HPOS="1007"/></TextLine>
<TextLine HEIGHT="46" WIDTH="331" VPOS="1363" HPOS="714"><String WC="0.3571428657" CONTENT="derRegenmantel" HEIGHT="45" WIDTH="255" VPOS="1363" HPOS="714"/><SP WIDTH="13" VPOS="1369" HPOS="970"/><String WC="0.4066666663" CONTENT="z&gt;4" HEIGHT="28" WIDTH="61" VPOS="1380" HPOS="984"/></TextLine>
<TextLine HEIGHT="27" WIDTH="58" VPOS="1422" HPOS="983" STYLEREFS="font0"><String STYLEREFS="font3" WC="0.2199999988" CONTENT="Z" HEIGHT="26" WIDTH="12" VPOS="1422" HPOS="983"/><SP WIDTH="7" VPOS="1422" HPOS="996"/><String STYLE="italics" WC="0.4850000143" CONTENT="20" HEIGHT="18" WIDTH="37" VPOS="1423" HPOS="1004"/></TextLine>
<TextLine HEIGHT="46" WIDTH="334" VPOS="1446" HPOS="711"><String WC="0.2833333313" CONTENT="dir" HEIGHT="33" WIDTH="43" VPOS="1446" HPOS="711"/><SP WIDTH="8" VPOS="1447" HPOS="754"/><String WC="0.4629999995" CONTENT="Regenwolke" HEIGHT="43" WIDTH="183" VPOS="1447" HPOS="762"/><SP WIDTH="60" VPOS="1459" HPOS="945"/><String WC="0.5450000167" CONTENT="34" HEIGHT="28" WIDTH="40" VPOS="1464" HPOS="1005"/></TextLine>
<TextLine HEIGHT="42" WIDTH="337" VPOS="1490" HPOS="711"><String WC="0.3066666722" CONTENT="der" HEIGHT="32" WIDTH="46" VPOS="1490" HPOS="711"/><SP WIDTH="10" VPOS="1490" HPOS="758"/><String WC="0.352222234" CONTENT="Regenwurm" HEIGHT="41" WIDTH="187" VPOS="1490" HPOS="769"/><SP WIDTH="29" VPOS="1500" HPOS="957"/><String WC="0.5233333111" CONTENT="124" HEIGHT="34" WIDTH="61" VPOS="1498" HPOS="987"/></TextLine>
<TextLine HEIGHT="44" WIDTH="300" VPOS="1532" HPOS="749"><String WC="0.3512499928" CONTENT="regieren" HEIGHT="38" WIDTH="124" VPOS="1532" HPOS="749"/><SP WIDTH="46" VPOS="1540" HPOS="874"/><String WC="0.4385714233" CONTENT="340.926" HEIGHT="42" WIDTH="128" VPOS="1534" HPOS="921"/></TextLine>
<TextLine HEIGHT="43" WIDTH="338" VPOS="1572" HPOS="710"><String WC="0.5500000119" CONTENT="der" HEIGHT="30" WIDTH="48" VPOS="1574" HPOS="710"/><SP WIDTH="8" VPOS="1572" HPOS="758"/><String WC="0.5337499976" CONTENT="Regierer" HEIGHT="41" WIDTH="142" VPOS="1572" HPOS="766"/><SP WIDTH="52" VPOS="1582" HPOS="908"/><String WC="0.2300000042" CONTENT="•" HEIGHT="6" WIDTH="4" VPOS="1588" HPOS="961"/><SP WIDTH="44" VPOS="1586" HPOS="966"/><String WC="0.2450000048" CONTENT="12" HEIGHT="19" WIDTH="36" VPOS="1586" HPOS="1011"/></TextLine>
<TextLine HEIGHT="47" WIDTH="335" VPOS="1610" HPOS="712"><String WC="0.5066666603" CONTENT="das" HEIGHT="31" WIDTH="52" VPOS="1615" HPOS="712"/><SP WIDTH="14" VPOS="1610" HPOS="765"/><String WC="0.3574999869" CONTENT="Register" HEIGHT="45" WIDTH="126" VPOS="1610" HPOS="780"/><SP WIDTH="81" VPOS="1623" HPOS="907"/><String STYLE="italics" STYLEREFS="font1" WC="0.5049999952" CONTENT="36" HEIGHT="37" WIDTH="37" VPOS="1619" HPOS="989"/><String STYLE="italics" STYLEREFS="font0" WC="0.3000000119" CONTENT="%" HEIGHT="20" WIDTH="16" VPOS="1629" HPOS="1031"/></TextLine>
<TextLine HEIGHT="44" WIDTH="339" VPOS="1656" HPOS="710"><String WC="0.3566666543" CONTENT="die" HEIGHT="30" WIDTH="45" VPOS="1657" HPOS="710"/><SP WIDTH="15" VPOS="1656" HPOS="755"/><String WC="0.359166652" CONTENT="Registerform" HEIGHT="43" WIDTH="199" VPOS="1656" HPOS="770"/><SP WIDTH="22" VPOS="1667" HPOS="969"/><String WC="0.2933333218" CONTENT=";6r" HEIGHT="37" WIDTH="58" VPOS="1661" HPOS="991"/></TextLine>
<TextLine HEIGHT="41" WIDTH="341" VPOS="1698" HPOS="712"><String WC="0.7533333302" CONTENT="das" HEIGHT="30" WIDTH="50" VPOS="1700" HPOS="712"/><SP WIDTH="14" VPOS="1698" HPOS="763"/><String WC="0.2824999988" CONTENT="Rehe" HEIGHT="36" WIDTH="80" VPOS="1698" HPOS="778"/><SP WIDTH="132" VPOS="1708" HPOS="859"/><String STYLE="italics" STYLEREFS="font1" WC="0.6966666579" CONTENT="114" HEIGHT="29" WIDTH="61" VPOS="1710" HPOS="992"/></TextLine>
<TextLine HEIGHT="45" WIDTH="341" VPOS="1739" HPOS="714"><String WC="0.2563636303" CONTENT="derRehebock" HEIGHT="43" WIDTH="193" VPOS="1739" HPOS="714"/><SP WIDTH="86" VPOS="1740" HPOS="908"/><String STYLE="italics" STYLEREFS="font1" WC="0.2800000012" CONTENT="1" HEIGHT="21" WIDTH="10" VPOS="1751" HPOS="995"/><String WC="0.1350000054" CONTENT="14" HEIGHT="29" WIDTH="38" VPOS="1753" HPOS="1017"/></TextLine>
<TextLine HEIGHT="39" WIDTH="177" VPOS="1781" HPOS="877"><String STYLEREFS="font6" WC="0.398888886" CONTENT="dasReibcu" HEIGHT="39" WIDTH="177" VPOS="1781" HPOS="877"/></TextLine>
</TextBlock><GraphicalElement ID="Page1_Block11" HEIGHT="7" WIDTH="482" VPOS="194" HPOS="558"/><GraphicalElement ID="Page1_Block12" HEIGHT="8" WIDTH="327" VPOS="190" HPOS="207"/><GraphicalElement ID="Page1_Block13" HEIGHT="542" WIDTH="9" VPOS="209" HPOS="365"/><GraphicalElement ID="Page1_Block14" HEIGHT="800" WIDTH="9" VPOS="975" HPOS="361"/><GraphicalElement ID="Page1_Block15" HEIGHT="157" WIDTH="6" VPOS="765" HPOS="366"/><GraphicalElement ID="Page1_Block16" HEIGHT="156" WIDTH="5" VPOS="223" HPOS="708"/><GraphicalElement ID="Page1_Block17" HEIGHT="457" WIDTH="8" VPOS="423" HPOS="707"/><GraphicalElement ID="Page1_Block18" HEIGHT="444" WIDTH="8" VPOS="1338" HPOS="702"/>
</PrintSpace>
</Page>
</Layout>
</alto>