﻿<?xml version="1.0" encoding="UTF-8" standalone="yes"?>
<alto xmlns="http://www.loc.gov/standards/alto/ns-v2#" xmlns:xlink="http://www.w3.org/1999/xlink" xmlns:xsi="http://www.w3.org/2001/XMLSchema-instance" xsi:schemaLocation="http://www.loc.gov/standards/alto/ns-v2# http://www.loc.gov/standards/alto/alto-v2.0.xsd">
<Description>
<MeasurementUnit>pixel</MeasurementUnit>
<OCRProcessing ID="IdOcr"><ocrProcessingStep><processingDateTime>2017-03-20</processingDateTime><processingSoftware><softwareCreator>ABBYY</softwareCreator><softwareName>ABBYY FineReader Engine</softwareName><softwareVersion>11</softwareVersion></processingSoftware></ocrProcessingStep></OCRProcessing>
</Description>
<Styles><TextStyle ID="font0" FONTFAMILY="Times New Roman" FONTSIZE="5"/><TextStyle ID="font1" FONTFAMILY="Times New Roman" FONTSIZE="8"/><TextStyle ID="font2" FONTFAMILY="Times New Roman" FONTSIZE="9"/><TextStyle ID="font3" FONTFAMILY="Times New Roman" FONTSIZE="10"/><TextStyle ID="font4" FONTFAMILY="Times New Roman" FONTSIZE="11"/><TextStyle ID="font5" FONTFAMILY="Times New Roman" FONTSIZE="12"/><TextStyle ID="font6" FONTFAMILY="Times New Roman" FONTSIZE="17"/><TextStyle ID="font7" FONTFAMILY="Times New Roman" FONTSIZE="22"/><TextStyle ID="font8" FONTFAMILY="Times New Roman" FONTSIZE="24"/>
</Styles>
<Layout>
<Page ID="Page1" PHYSICAL_IMG_NR="1" HEIGHT="2042" WIDTH="1227">
<TopMargin HEIGHT="136" WIDTH="1227" VPOS="0" HPOS="0">
</TopMargin>
<LeftMargin HEIGHT="1714" WIDTH="114" VPOS="136" HPOS="0">
</LeftMargin>
<BottomMargin HEIGHT="192" WIDTH="1227" VPOS="1850" HPOS="0">
</BottomMargin>
<PrintSpace HEIGHT="1714" WIDTH="1113" VPOS="136" HPOS="114">
<TextBlock ID="Page1_Block1" HEIGHT="54" WIDTH="228" VPOS="136" HPOS="542" language="de" STYLEREFS="font7">
<TextLine HEIGHT="47" WIDTH="212" VPOS="141" HPOS="542"><String WC="1." CONTENT="D" HEIGHT="47" WIDTH="34" VPOS="141" HPOS="542"/><SP WIDTH="24" VPOS="141" HPOS="577"/><String WC="0.25" CONTENT="C" HEIGHT="41" WIDTH="16" VPOS="143" HPOS="602"/><SP WIDTH="25" VPOS="143" HPOS="619"/><String STYLEREFS="font2" WC="0.2199999988" CONTENT="Z" HEIGHT="31" WIDTH="15" VPOS="154" HPOS="645"/><String STYLEREFS="font0" WC="0.6100000143" CONTENT="62" HEIGHT="36" WIDTH="44" VPOS="143" HPOS="667"/><SP WIDTH="25" VPOS="142" HPOS="712"/><String STYLEREFS="font2" WC="0.1599999964" CONTENT=")" HEIGHT="43" WIDTH="16" VPOS="142" HPOS="738"/></TextLine>
</TextBlock>
<TextBlock ID="Page1_Block2" HEIGHT="146" WIDTH="1074" VPOS="206" HPOS="130" language="de" STYLEREFS="font6">
<TextLine HEIGHT="56" WIDTH="193" VPOS="212" HPOS="589"><String WC="0.3899999857" CONTENT="XCIV." HEIGHT="56" WIDTH="193" VPOS="212" HPOS="589"/></TextLine>
<TextLine HEIGHT="73" WIDTH="1059" VPOS="275" HPOS="145" STYLEREFS="font7"><String WC="0.3100000024" CONTENT="Der" HEIGHT="56" WIDTH="115" VPOS="281" HPOS="145"/><SP WIDTH="18" VPOS="275" HPOS="261"/><String WC="0.3359999955" CONTENT="Buchladen." HEIGHT="67" WIDTH="326" VPOS="275" HPOS="280"/><SP WIDTH="186" VPOS="277" HPOS="607"/><String STYLEREFS="font6" WC="0.489166677" CONTENT="Bibliopoüum«" HEIGHT="71" WIDTH="410" VPOS="277" HPOS="794"/></TextLine>
</TextBlock>
<TextBlock ID="Page1_Block3" HEIGHT="40" WIDTH="66" VPOS="478" HPOS="872" language="de" STYLEREFS="font2">
<TextLine HEIGHT="38" WIDTH="66" VPOS="478" HPOS="872"><String WC="0.1299999952" CONTENT="pi" HEIGHT="38" WIDTH="66" VPOS="478" HPOS="872"/></TextLine>
</TextBlock>
<TextBlock ID="Page1_Block4" HEIGHT="258" WIDTH="406" VPOS="1036" HPOS="122" language="de" STYLEREFS="font5">
<TextLine HEIGHT="42" WIDTH="331" VPOS="1048" HPOS="186"><String WC="0.2866666615" CONTENT="Der" HEIGHT="36" WIDTH="65" VPOS="1053" HPOS="186"/><SP WIDTH="9" VPOS="1051" HPOS="252"/><String WC="0.2259999961" CONTENT="Buchführer" HEIGHT="42" WIDTH="224" VPOS="1048" HPOS="262"/><SP WIDTH="15" VPOS="1060" HPOS="487"/><String WC="0.2199999988" CONTENT="1" HEIGHT="20" WIDTH="14" VPOS="1061" HPOS="503"/></TextLine>
<TextLine HEIGHT="36" WIDTH="151" VPOS="1093" HPOS="144"><String WC="0.4781818092" CONTENT="»evfauffe.t" HEIGHT="36" WIDTH="151" VPOS="1093" HPOS="144"/></TextLine>
<TextLine HEIGHT="36" WIDTH="192" VPOS="1132" HPOS="145"><String STYLEREFS="font2" WC="0.223333329" CONTENT="Die" HEIGHT="30" WIDTH="43" VPOS="1135" HPOS="145"/><SP WIDTH="13" VPOS="1132" HPOS="189"/><String STYLEREFS="font2" WC="0.3933333457" CONTENT="Sucher" HEIGHT="36" WIDTH="134" VPOS="1132" HPOS="203"/></TextLine>
<TextLine HEIGHT="41" WIDTH="373" VPOS="1170" HPOS="142"><String STYLE="bold" STYLEREFS="font4" WC="0.3899999857" CONTENT="in" HEIGHT="31" WIDTH="30" VPOS="1173" HPOS="142"/><SP WIDTH="18" VPOS="1175" HPOS="173"/><String WC="0.3828571439" CONTENT="demBuchladeii;" HEIGHT="41" WIDTH="290" VPOS="1170" HPOS="192"/><SP WIDTH="15" VPOS="1181" HPOS="483"/><String WC="0.3000000119" CONTENT="r" HEIGHT="21" WIDTH="16" VPOS="1182" HPOS="499"/></TextLine>
<TextLine HEIGHT="31" WIDTH="79" VPOS="1212" HPOS="139"><String WC="0.3280000091" CONTENT="derer" HEIGHT="31" WIDTH="79" VPOS="1212" HPOS="139"/></TextLine>
<TextLine HEIGHT="42" WIDTH="355" VPOS="1248" HPOS="144"><String WC="0.4059999883" CONTENT="ereiu" HEIGHT="29" WIDTH="82" VPOS="1254" HPOS="144"/><SP WIDTH="11" VPOS="1250" HPOS="227"/><String WC="0.4122222364" CONTENT="Register;" HEIGHT="40" WIDTH="178" VPOS="1250" HPOS="239"/><SP WIDTH="8" VPOS="1250" HPOS="418"/><String WC="0.4480000138" CONTENT="hält." HEIGHT="38" WIDTH="72" VPOS="1248" HPOS="427"/></TextLine>
</TextBlock>
<TextBlock ID="Page1_Block5" HEIGHT="100" WIDTH="396" VPOS="1320" HPOS="122" language="de" STYLEREFS="font5">
<TextLine HEIGHT="38" WIDTH="215" VPOS="1333" HPOS="183"><String WC="0.7533333302" CONTENT="Die" HEIGHT="35" WIDTH="62" VPOS="1336" HPOS="183"/><SP WIDTH="10" VPOS="1335" HPOS="246"/><String WC="0.3449999988" CONTENT="Bücher" HEIGHT="38" WIDTH="141" VPOS="1333" HPOS="257"/></TextLine>
<TextLine HEIGHT="43" WIDTH="363" VPOS="1372" HPOS="140"><String WC="0.275000006" CONTENT="werden" HEIGHT="34" WIDTH="109" VPOS="1378" HPOS="140"/><SP WIDTH="7" VPOS="1382" HPOS="250"/><String WC="0.3688888848" CONTENT="owenstich" HEIGHT="42" WIDTH="149" VPOS="1373" HPOS="258"/><SP WIDTH="7" VPOS="1374" HPOS="408"/><String WC="0.3628571332" CONTENT="gesetzt" HEIGHT="42" WIDTH="87" VPOS="1372" HPOS="416"/></TextLine>
</TextBlock>
<TextBlock ID="Page1_Block6" HEIGHT="70" WIDTH="422" VPOS="1442" HPOS="120" language="de" STYLEREFS="font5">
<TextLine HEIGHT="45" WIDTH="398" VPOS="1460" HPOS="139"><String WC="0.3249999881" CONTENT="ln" HEIGHT="33" WIDTH="31" VPOS="1466" HPOS="139"/><SP WIDTH="7" VPOS="1466" HPOS="171"/><String WC="0.4670588374" CONTENT="dieBüchercahmen/4" HEIGHT="45" WIDTH="358" VPOS="1460" HPOS="179"/></TextLine>
</TextBlock>
<TextBlock ID="Page1_Block7" HEIGHT="260" WIDTH="378" VPOS="1536" HPOS="114" language="de" STYLEREFS="font5">
<TextLine HEIGHT="42" WIDTH="339" VPOS="1552" HPOS="138"><String WC="0.3333333433" CONTENT="und" HEIGHT="31" WIDTH="60" VPOS="1554" HPOS="138"/><SP WIDTH="7" VPOS="1554" HPOS="199"/><String WC="0.3366666734" CONTENT="zum" HEIGHT="31" WIDTH="59" VPOS="1561" HPOS="207"/><SP WIDTH="9" VPOS="1552" HPOS="267"/><String WC="0.397777766" CONTENT="Gebrauch/" HEIGHT="42" WIDTH="200" VPOS="1552" HPOS="277"/></TextLine>
<TextLine HEIGHT="46" WIDTH="274" VPOS="1589" HPOS="141"><String WC="0.2700000107" CONTENT="über" HEIGHT="35" WIDTH="64" VPOS="1589" HPOS="141"/><SP WIDTH="15" VPOS="1597" HPOS="206"/><String WC="0.2866666615" CONTENT="dem" HEIGHT="27" WIDTH="60" VPOS="1597" HPOS="222"/><SP WIDTH="7" VPOS="1594" HPOS="283"/><String WC="0.4025000036" CONTENT="Pult" HEIGHT="43" WIDTH="90" VPOS="1592" HPOS="291"/><SP WIDTH="17" VPOS="1598" HPOS="382"/><String WC="0.2700000107" CONTENT=";" HEIGHT="28" WIDTH="15" VPOS="1604" HPOS="400"/></TextLine>
<TextLine HEIGHT="37" WIDTH="221" VPOS="1631" HPOS="138"><String STYLE="bold" STYLEREFS="font4" WC="0.4339999855" CONTENT="ausaeschlrigen." HEIGHT="37" WIDTH="221" VPOS="1631" HPOS="138"/></TextLine>
<TextLine HEIGHT="38" WIDTH="191" VPOS="1669" HPOS="185"><String WC="0.5500000119" CONTENT="Viel" HEIGHT="34" WIDTH="68" VPOS="1671" HPOS="185"/><SP WIDTH="9" VPOS="1671" HPOS="254"/><String WC="0.3199999928" CONTENT="Bücher" HEIGHT="38" WIDTH="112" VPOS="1669" HPOS="264"/></TextLine>
<TextLine HEIGHT="35" WIDTH="254" VPOS="1712" HPOS="134"><String WC="0.2649999857" CONTENT="werden" HEIGHT="31" WIDTH="107" VPOS="1712" HPOS="134"/><SP WIDTH="14" VPOS="1719" HPOS="242"/><String WC="0.3137499988" CONTENT="genennet" HEIGHT="35" WIDTH="131" VPOS="1712" HPOS="257"/></TextLine>
<TextLine HEIGHT="43" WIDTH="297" VPOS="1748" HPOS="131"><String WC="0.6919999719" CONTENT="-sine" HEIGHT="34" WIDTH="61" VPOS="1750" HPOS="131"/><SP WIDTH="8" VPOS="1750" HPOS="193"/><String WC="0.5044444203" CONTENT="Bücherey," HEIGHT="43" WIDTH="191" VPOS="1748" HPOS="202"/><SP WIDTH="13" VPOS="1753" HPOS="394"/><String STYLE="bold italics" STYLEREFS="font4" WC="0.5" CONTENT="6" HEIGHT="31" WIDTH="20" VPOS="1753" HPOS="408"/></TextLine>
</TextBlock>
<TextBlock ID="Page1_Block8" HEIGHT="252" WIDTH="330" VPOS="1044" HPOS="546" language="de" STYLEREFS="font2"><Shape><Polygon POINTS="552,1044 876,1044 876,1296 546,1296 546,1240 548,1240 548,1214 560,1214 560,1162 548,1162 548,1126 552,1126 552,1044"/></Shape>
<TextLine HEIGHT="37" WIDTH="277" VPOS="1053" HPOS="598"><String STYLE="italics" WC="0.5163636208" CONTENT="Bibliopola." HEIGHT="37" WIDTH="144" VPOS="1053" HPOS="598"/><SP WIDTH="14" VPOS="1062" HPOS="743"/><String STYLEREFS="font5" WC="0.200000003" CONTENT="1" HEIGHT="19" WIDTH="9" VPOS="1062" HPOS="758"/><SP WIDTH="18" VPOS="1062" HPOS="768"/><String STYLEREFS="font5" WC="0.2899999917" CONTENT="ai." HEIGHT="19" WIDTH="38" VPOS="1062" HPOS="787"/><SP WIDTH="21" VPOS="1063" HPOS="826"/><String STYLEREFS="font5" WC="0.2349999994" CONTENT="1»" HEIGHT="20" WIDTH="27" VPOS="1063" HPOS="848"/></TextLine>
<TextLine HEIGHT="27" WIDTH="98" VPOS="1094" HPOS="557"><String WC="0.3350000083" CONTENT="vendit" HEIGHT="27" WIDTH="98" VPOS="1094" HPOS="557"/></TextLine>
<TextLine HEIGHT="27" WIDTH="74" VPOS="1132" HPOS="553"><String STYLE="italics" WC="0.4766666591" CONTENT="tibros" HEIGHT="27" WIDTH="74" VPOS="1132" HPOS="553"/></TextLine>
<TextLine HEIGHT="41" WIDTH="228" VPOS="1170" HPOS="566"><String WC="0.2899999917" CONTENT="n" HEIGHT="17" WIDTH="17" VPOS="1182" HPOS="566"/><SP WIDTH="14" VPOS="1172" HPOS="584"/><String STYLE="italics" WC="0.4881818295" CONTENT="bibliopSlio" HEIGHT="41" WIDTH="136" VPOS="1170" HPOS="599"/><SP WIDTH="13" VPOS="1181" HPOS="736"/><String STYLE="italics" WC="1." CONTENT="■," HEIGHT="20" WIDTH="9" VPOS="1183" HPOS="749"/><SP WIDTH="17" VPOS="1179" HPOS="759"/><String STYLEREFS="font5" WC="0.3000000119" CONTENT="r" HEIGHT="22" WIDTH="17" VPOS="1179" HPOS="777"/></TextLine>
<TextLine HEIGHT="37" WIDTH="316" VPOS="1211" HPOS="553"><String WC="0.3557142913" CONTENT="quorujn" HEIGHT="27" WIDTH="126" VPOS="1221" HPOS="553"/><SP WIDTH="155" VPOS="1211" HPOS="680"/><String WC="0.2150000036" CONTENT="(Z" HEIGHT="37" WIDTH="33" VPOS="1211" HPOS="836"/></TextLine>
<TextLine HEIGHT="41" WIDTH="322" VPOS="1249" HPOS="552" STYLEREFS="font2"><String STYLE="italics" WC="0.4311110973" CONTENT="catdlogum" HEIGHT="36" WIDTH="138" VPOS="1254" HPOS="552"/><SP WIDTH="20" VPOS="1262" HPOS="691"/><String WC="0.3818181753" CONTENT="confcribic." HEIGHT="32" WIDTH="162" VPOS="1249" HPOS="712"/></TextLine>
</TextBlock>
<TextBlock ID="Page1_Block9" HEIGHT="92" WIDTH="212" VPOS="1328" HPOS="546" language="de" STYLEREFS="font2"><Shape><Polygon POINTS="586,1328 758,1328 758,1420 546,1420 546,1368 586,1368 586,1328"/></Shape>
<TextLine HEIGHT="30" WIDTH="76" VPOS="1339" HPOS="600"><String WC="0.3600000143" CONTENT="Libri" HEIGHT="30" WIDTH="76" VPOS="1339" HPOS="600"/></TextLine>
<TextLine HEIGHT="41" WIDTH="191" VPOS="1375" HPOS="552"><String WC="0.4900000095" CONTENT="difponuntur" HEIGHT="41" WIDTH="191" VPOS="1375" HPOS="552"/></TextLine>
</TextBlock>
<TextBlock ID="Page1_Block10" HEIGHT="60" WIDTH="260" VPOS="1452" HPOS="544" language="de" STYLEREFS="font2">
<TextLine HEIGHT="48" WIDTH="245" VPOS="1459" HPOS="544"><String WC="0.2800000012" CONTENT="■per" HEIGHT="31" WIDTH="57" VPOS="1474" HPOS="544"/><SP WIDTH="7" VPOS="1476" HPOS="602"/><String STYLE="italics" WC="0.5318182111" CONTENT="repofttotü," HEIGHT="48" WIDTH="150" VPOS="1459" HPOS="610"/><SP WIDTH="7" VPOS="1467" HPOS="761"/><String WC="0.5199999809" CONTENT="4" HEIGHT="28" WIDTH="20" VPOS="1467" HPOS="769"/></TextLine>
</TextBlock>
<TextBlock ID="Page1_Block11" HEIGHT="256" WIDTH="344" VPOS="1542" HPOS="524" language="de" STYLEREFS="font2"><Shape><Polygon POINTS="544,1542 868,1542 868,1798 524,1798 524,1714 564,1714 564,1678 538,1678 538,1636 542,1636 542,1590 544,1590 544,1542"/></Shape>
<TextLine HEIGHT="46" WIDTH="217" VPOS="1543" HPOS="549" STYLEREFS="font2"><String STYLE="italics" WC="1." CONTENT="&amp;" HEIGHT="25" WIDTH="26" VPOS="1557" HPOS="549"/><SP WIDTH="6" VPOS="1557" HPOS="576"/><String STYLE="italics" WC="9.000000358e-002" CONTENT="ad" HEIGHT="28" WIDTH="36" VPOS="1554" HPOS="583"/><SP WIDTH="6" VPOS="1554" HPOS="620"/><String STYLE="italics" WC="0.4900000095" CONTENT="ufum," HEIGHT="35" WIDTH="81" VPOS="1554" HPOS="627"/><SP WIDTH="50" VPOS="1543" HPOS="709"/><String STYLE="italics" WC="0.2800000012" CONTENT="I" HEIGHT="34" WIDTH="6" VPOS="1543" HPOS="760"/></TextLine>
<TextLine HEIGHT="37" WIDTH="238" VPOS="1595" HPOS="546"><String WC="0.4519999921" CONTENT="fuper" HEIGHT="37" WIDTH="81" VPOS="1595" HPOS="546"/><SP WIDTH="6" VPOS="1603" HPOS="628"/><String STYLE="italics" WC="0.4787499905" CONTENT="plutium," HEIGHT="33" WIDTH="120" VPOS="1597" HPOS="635"/><SP WIDTH="12" VPOS="1603" HPOS="756"/><String WC="0." CONTENT="s" HEIGHT="29" WIDTH="15" VPOS="1603" HPOS="769"/></TextLine>
<TextLine HEIGHT="42" WIDTH="200" VPOS="1636" HPOS="538"><String WC="0.4600000083" CONTENT="|exponuntur." HEIGHT="42" WIDTH="200" VPOS="1636" HPOS="538"/></TextLine>
<TextLine HEIGHT="39" WIDTH="296" VPOS="1672" HPOS="569"><String STYLE="italics" WC="0.352222234" CONTENT="MultitUdo" HEIGHT="30" WIDTH="143" VPOS="1672" HPOS="569"/><SP WIDTH="8" VPOS="1672" HPOS="713"/><String WC="0.3569999933" CONTENT="f,;,libro-" HEIGHT="39" WIDTH="143" VPOS="1672" HPOS="722"/></TextLine>
<TextLine HEIGHT="35" WIDTH="334" VPOS="1714" HPOS="531"><String WC="0.462500006" CONTENT="ivoeätur" HEIGHT="30" WIDTH="134" VPOS="1714" HPOS="531"/><SP WIDTH="119" VPOS="1714" HPOS="666"/><String WC="0.4025000036" CONTENT="£rum" HEIGHT="35" WIDTH="79" VPOS="1714" HPOS="786"/></TextLine>
<TextLine HEIGHT="51" WIDTH="279" VPOS="1742" HPOS="529"><String STYLE="italics" WC="0.383076936" CONTENT="\bibliotbeca." HEIGHT="51" WIDTH="180" VPOS="1742" HPOS="529"/><SP WIDTH="10" VPOS="1757" HPOS="710"/><String WC="0.1400000006" CONTENT="6" HEIGHT="30" WIDTH="16" VPOS="1757" HPOS="721"/><SP WIDTH="10" VPOS="1750" HPOS="738"/><String WC="0.4650000036" CONTENT="f." HEIGHT="34" WIDTH="23" VPOS="1750" HPOS="749"/><SP WIDTH="8" VPOS="1761" HPOS="773"/><String WC="1." CONTENT="I." HEIGHT="22" WIDTH="26" VPOS="1761" HPOS="782"/></TextLine>
</TextBlock>
<TextBlock ID="Page1_Block12" HEIGHT="38" WIDTH="32" VPOS="1682" HPOS="512" language="de">
<TextLine HEIGHT="35" WIDTH="11" VPOS="1682" HPOS="530"><String STYLEREFS="font3" WC="1." CONTENT="1" HEIGHT="35" WIDTH="11" VPOS="1682" HPOS="530"/></TextLine>
</TextBlock>
<TextBlock ID="Page1_Block13" HEIGHT="374" WIDTH="347" VPOS="1064" HPOS="880" language="de" STYLEREFS="font2"><Shape><Polygon POINTS="882,1064 1227,1064 1227,1438 914,1438 914,1400 880,1400 880,1350 884,1350 884,1162 882,1162 882,1064"/></Shape>
<TextLine HEIGHT="34" WIDTH="170" VPOS="1082" HPOS="886"><String WC="0.4212499857" CONTENT="Vendere," HEIGHT="30" WIDTH="118" VPOS="1082" HPOS="886"/><SP WIDTH="7" VPOS="1091" HPOS="1005"/><String WC="0.5849999785" CONTENT="a.3." HEIGHT="25" WIDTH="43" VPOS="1091" HPOS="1013"/></TextLine>
<TextLine HEIGHT="34" WIDTH="293" VPOS="1124" HPOS="886"><String WC="0.5774999857" CONTENT="übei-,m." HEIGHT="29" WIDTH="114" VPOS="1129" HPOS="886"/><SP WIDTH="7" VPOS="1136" HPOS="1001"/><String STYLEREFS="font0" WC="0.5500000119" CONTENT="2" HEIGHT="15" WIDTH="13" VPOS="1136" HPOS="1009"/><String WC="1." CONTENT="." HEIGHT="6" WIDTH="7" VPOS="1146" HPOS="1024"/><SP WIDTH="6" VPOS="1130" HPOS="1032"/><String STYLEREFS="font5" WC="0.5099999905" CONTENT="das" HEIGHT="27" WIDTH="47" VPOS="1130" HPOS="1039"/><SP WIDTH="7" VPOS="1129" HPOS="1087"/><String STYLEREFS="font5" WC="0.4379999936" CONTENT="Ducd-" HEIGHT="33" WIDTH="84" VPOS="1124" HPOS="1095"/></TextLine>
<TextLine HEIGHT="38" WIDTH="322" VPOS="1156" HPOS="887"><String WC="0.4708333313" CONTENT="Bibliopolium" HEIGHT="33" WIDTH="169" VPOS="1161" HPOS="887"/><SP WIDTH="8" VPOS="1169" HPOS="1057"/><String WC="0.8299999833" CONTENT="," HEIGHT="11" WIDTH="7" VPOS="1178" HPOS="1066"/><SP WIDTH="21" VPOS="1169" HPOS="1074"/><String WC="0.6700000167" CONTENT="n." HEIGHT="16" WIDTH="22" VPOS="1169" HPOS="1096"/><SP WIDTH="10" VPOS="1166" HPOS="1119"/><String WC="0.2049999982" CONTENT="z." HEIGHT="17" WIDTH="22" VPOS="1166" HPOS="1130"/><SP WIDTH="14" VPOS="1158" HPOS="1153"/><String WC="0.6200000048" CONTENT="0“" HEIGHT="26" WIDTH="41" VPOS="1156" HPOS="1168"/></TextLine>
<TextLine HEIGHT="29" WIDTH="162" VPOS="1194" HPOS="918" STYLEREFS="font5"><String WC="0.4569999874" CONTENT="Buchladen-" HEIGHT="29" WIDTH="162" VPOS="1194" HPOS="918"/></TextLine>
<TextLine HEIGHT="35" WIDTH="258" VPOS="1236" HPOS="888" STYLEREFS="font1"><String WC="0.4955555499" CONTENT="Catalogus,m.2.b&lt;,&lt;" HEIGHT="35" WIDTH="258" VPOS="1236" HPOS="888"/></TextLine>
<TextLine HEIGHT="30" WIDTH="66" VPOS="1270" HPOS="920" STYLEREFS="font3"><String WC="0.4683333337" CONTENT="gifte," HEIGHT="30" WIDTH="66" VPOS="1270" HPOS="920"/></TextLine>
<TextLine HEIGHT="34" WIDTH="326" VPOS="1297" HPOS="887" STYLEREFS="font1"><String WC="0.519230783" CONTENT="Lonscribei-e," HEIGHT="29" WIDTH="165" VPOS="1302" HPOS="887"/><SP WIDTH="6" VPOS="1309" HPOS="1053"/><String WC="0.3100000024" CONTENT="a." HEIGHT="17" WIDTH="20" VPOS="1309" HPOS="1060"/><SP WIDTH="10" VPOS="1306" HPOS="1081"/><String WC="0.400000006" CONTENT="z&gt;iUnlNU" HEIGHT="32" WIDTH="121" VPOS="1297" HPOS="1092"/></TextLine>
<TextLine HEIGHT="36" WIDTH="227" VPOS="1335" HPOS="880" STYLEREFS="font1"><String STYLEREFS="font3" WC="0.4699999988" CONTENT="1" HEIGHT="21" WIDTH="3" VPOS="1350" HPOS="880"/><SP WIDTH="33" VPOS="1335" HPOS="884"/><String STYLEREFS="font3" WC="0.3650000095" CONTENT="schreiben." HEIGHT="29" WIDTH="135" VPOS="1335" HPOS="918"/><SP WIDTH="47" VPOS="1353" HPOS="1054"/><String STYLEREFS="font3" WC="0.3600000143" CONTENT="." HEIGHT="3" WIDTH="5" VPOS="1361" HPOS="1102"/></TextLine>
<TextLine HEIGHT="50" WIDTH="329" VPOS="1357" HPOS="880" STYLEREFS="font1"><String WC="0.3907692432" CONTENT="[Difpönere,a." HEIGHT="50" WIDTH="158" VPOS="1357" HPOS="880"/><SP WIDTH="9" VPOS="1371" HPOS="1039"/><String WC="0.3636363745" CONTENT="z-ordeNtllw" HEIGHT="35" WIDTH="160" VPOS="1359" HPOS="1049"/></TextLine>
<TextLine HEIGHT="29" WIDTH="86" VPOS="1403" HPOS="917" STYLEREFS="font4"><String STYLE="bold" WC="0.3814285696" CONTENT="setzen." HEIGHT="29" WIDTH="86" VPOS="1403" HPOS="917"/></TextLine>
</TextBlock>
<TextBlock ID="Page1_Block14" HEIGHT="294" WIDTH="346" VPOS="1446" HPOS="878" language="de" STYLEREFS="font3"><Shape><Polygon POINTS="880,1446 1224,1446 1224,1740 878,1740 878,1702 912,1702 912,1672 878,1672 878,1582 880,1582 880,1532 912,1532 912,1492 880,1492 880,1446"/></Shape>
<TextLine HEIGHT="45" WIDTH="325" VPOS="1451" HPOS="883" STYLEREFS="font4"><String STYLE="bold" WC="0.5761538744" CONTENT="Repofit&apos;örium" HEIGHT="40" WIDTH="175" VPOS="1456" HPOS="883"/><SP WIDTH="12" VPOS="1464" HPOS="1059"/><String STYLE="bold" WC="0.7900000215" CONTENT="," HEIGHT="11" WIDTH="7" VPOS="1475" HPOS="1072"/><SP WIDTH="14" VPOS="1466" HPOS="1080"/><String STYLE="bold" WC="0.7649999857" CONTENT="n." HEIGHT="18" WIDTH="21" VPOS="1466" HPOS="1095"/><SP WIDTH="15" VPOS="1463" HPOS="1117"/><String STYLE="bold" WC="0.6549999714" CONTENT="r." HEIGHT="19" WIDTH="23" VPOS="1463" HPOS="1133"/><SP WIDTH="11" VPOS="1455" HPOS="1157"/><String STYLE="bold" WC="0.25" CONTENT="die" HEIGHT="33" WIDTH="39" VPOS="1451" HPOS="1169"/></TextLine>
<TextLine HEIGHT="34" WIDTH="188" VPOS="1490" HPOS="914" STYLEREFS="font4"><String STYLE="bold" WC="0.6125000119" CONTENT="Bückerrah»,." HEIGHT="34" WIDTH="188" VPOS="1490" HPOS="914"/></TextLine>
<TextLine HEIGHT="39" WIDTH="319" VPOS="1535" HPOS="883"><String STYLE="bold" WC="0.3230000138" CONTENT="urus,tn.4." HEIGHT="26" WIDTH="120" VPOS="1546" HPOS="883"/><SP WIDTH="5" VPOS="1542" HPOS="1004"/><String STYLE="bold" WC="0.2633333206" CONTENT="der" HEIGHT="29" WIDTH="43" VPOS="1542" HPOS="1010"/><SP WIDTH="6" VPOS="1545" HPOS="1054"/><String STYLE="bold" WC="0.4212499857" CONTENT="Gebrauch" HEIGHT="39" WIDTH="141" VPOS="1535" HPOS="1061"/></TextLine>
<TextLine HEIGHT="34" WIDTH="308" VPOS="1585" HPOS="882"><String STYLE="bold" WC="0.3337500095" CONTENT="Pluteus," HEIGHT="27" WIDTH="100" VPOS="1589" HPOS="882"/><SP WIDTH="8" VPOS="1597" HPOS="983"/><String STYLE="bold" WC="0.5299999714" CONTENT="m." HEIGHT="18" WIDTH="27" VPOS="1597" HPOS="992"/><SP WIDTH="7" VPOS="1598" HPOS="1020"/><String STYLE="bold" WC="0.6200000048" CONTENT="2." HEIGHT="17" WIDTH="22" VPOS="1598" HPOS="1028"/><SP WIDTH="7" VPOS="1591" HPOS="1051"/><String STYLE="bold" WC="0.5600000024" CONTENT="das" HEIGHT="28" WIDTH="48" VPOS="1591" HPOS="1059"/><SP WIDTH="6" VPOS="1589" HPOS="1108"/><String STYLE="bold" WC="0.3359999955" CONTENT="Pult." HEIGHT="33" WIDTH="75" VPOS="1585" HPOS="1115"/></TextLine>
<TextLine HEIGHT="40" WIDTH="326" VPOS="1627" HPOS="881"><String STYLEREFS="font1" WC="0.4236363769" CONTENT="Exponere.a." HEIGHT="33" WIDTH="153" VPOS="1634" HPOS="881"/><SP WIDTH="14" VPOS="1643" HPOS="1035"/><String STYLEREFS="font1" WC="0.625" CONTENT="3." HEIGHT="23" WIDTH="20" VPOS="1643" HPOS="1050"/><SP WIDTH="12" VPOS="1641" HPOS="1071"/><String STYLEREFS="font1" WC="0.3118181825" CONTENT="atlffctiliV" HEIGHT="35" WIDTH="123" VPOS="1627" HPOS="1084"/></TextLine>
<TextLine HEIGHT="26" WIDTH="58" VPOS="1673" HPOS="915"><String WC="0.4025000036" CONTENT="gen." HEIGHT="26" WIDTH="58" VPOS="1673" HPOS="915"/></TextLine>
<TextLine HEIGHT="30" WIDTH="290" VPOS="1706" HPOS="881" STYLEREFS="font4"><String STYLE="bold" WC="0.4285714328" CONTENT="Vocare," HEIGHT="30" WIDTH="102" VPOS="1706" HPOS="881"/><SP WIDTH="8" VPOS="1715" HPOS="984"/><String STYLE="bold" WC="0.4199999869" CONTENT="n." HEIGHT="18" WIDTH="22" VPOS="1715" HPOS="993"/><SP WIDTH="8" VPOS="1715" HPOS="1016"/><String STYLE="bold" WC="0.5149999857" CONTENT="1." HEIGHT="16" WIDTH="21" VPOS="1715" HPOS="1025"/><SP WIDTH="10" VPOS="1711" HPOS="1047"/><String STYLE="bold" WC="0.3737500012" CONTENT="ueNtteN-" HEIGHT="28" WIDTH="113" VPOS="1707" HPOS="1058"/></TextLine>
</TextBlock>
<TextBlock ID="Page1_Block15" HEIGHT="44" WIDTH="54" VPOS="1806" HPOS="270" language="de" STYLEREFS="font3">
<TextLine HEIGHT="34" WIDTH="44" VPOS="1815" HPOS="280"><String WC="0.5133333206" CONTENT="-V." HEIGHT="34" WIDTH="44" VPOS="1815" HPOS="280"/></TextLine>
</TextBlock>
<TextBlock ID="Page1_Block16" HEIGHT="76" WIDTH="144" VPOS="1774" HPOS="1080" language="de" STYLEREFS="font8">
<TextLine HEIGHT="60" WIDTH="112" VPOS="1787" HPOS="1097"><String STYLE="bold" WC="0.3666666746" CONTENT="Der" HEIGHT="60" WIDTH="112" VPOS="1787" HPOS="1097"/></TextLine>
</TextBlock>
<ComposedBlock ID="Page1_Block17" HEIGHT="635" WIDTH="857" VPOS="378" HPOS="252" TYPE="separatorsBox"><GraphicalElement ID="Page1_Block18" HEIGHT="13" WIDTH="839" VPOS="378" HPOS="266"/><GraphicalElement ID="Page1_Block19" HEIGHT="13" WIDTH="848" VPOS="1000" HPOS="258"/><GraphicalElement ID="Page1_Block20" HEIGHT="621" WIDTH="19" VPOS="388" HPOS="252"/><GraphicalElement ID="Page1_Block21" HEIGHT="628" WIDTH="16" VPOS="384" HPOS="1093"/></ComposedBlock><GraphicalElement ID="Page1_Block22" HEIGHT="14" WIDTH="291" VPOS="186" HPOS="829"/><GraphicalElement ID="Page1_Block23" HEIGHT="10" WIDTH="413" VPOS="190" HPOS="152"/><GraphicalElement ID="Page1_Block24" HEIGHT="5" WIDTH="84" VPOS="195" HPOS="742"/><GraphicalElement ID="Page1_Block25" HEIGHT="6" WIDTH="251" VPOS="408" HPOS="251"/><GraphicalElement ID="Page1_Block26" HEIGHT="5" WIDTH="242" VPOS="462" HPOS="253"/><GraphicalElement ID="Page1_Block27" HEIGHT="2" WIDTH="140" VPOS="504" HPOS="329"/><GraphicalElement ID="Page1_Block28" HEIGHT="7" WIDTH="239" VPOS="562" HPOS="253"/><GraphicalElement ID="Page1_Block29" HEIGHT="8" WIDTH="73" VPOS="484" HPOS="1021"/><GraphicalElement ID="Page1_Block30" HEIGHT="143" WIDTH="10" VPOS="661" HPOS="275"/><GraphicalElement ID="Page1_Block31" HEIGHT="134" WIDTH="6" VPOS="663" HPOS="285"/><GraphicalElement ID="Page1_Block32" HEIGHT="126" WIDTH="5" VPOS="662" HPOS="293"/><GraphicalElement ID="Page1_Block33" HEIGHT="133" WIDTH="4" VPOS="663" HPOS="316"/><GraphicalElement ID="Page1_Block34" HEIGHT="97" WIDTH="3" VPOS="693" HPOS="324"/><GraphicalElement ID="Page1_Block35" HEIGHT="122" WIDTH="3" VPOS="663" HPOS="331"/><GraphicalElement ID="Page1_Block36" HEIGHT="120" WIDTH="3" VPOS="663" HPOS="399"/><GraphicalElement ID="Page1_Block37" HEIGHT="126" WIDTH="9" VPOS="1563" HPOS="533"/><GraphicalElement ID="Page1_Block38" HEIGHT="503" WIDTH="10" VPOS="1060" HPOS="540"/><GraphicalElement ID="Page1_Block39" HEIGHT="283" WIDTH="5" VPOS="378" HPOS="787"/><GraphicalElement ID="Page1_Block40" HEIGHT="120" WIDTH="4" VPOS="451" HPOS="810"/><GraphicalElement ID="Page1_Block41" HEIGHT="442" WIDTH="14" VPOS="1337" HPOS="869"/><GraphicalElement ID="Page1_Block42" HEIGHT="256" WIDTH="7" VPOS="1078" HPOS="877"/><GraphicalElement ID="Page1_Block43" HEIGHT="88" WIDTH="3" VPOS="410" HPOS="1007"/><GraphicalElement ID="Page1_Block44" HEIGHT="51" WIDTH="4" VPOS="417" HPOS="364"/><GraphicalElement ID="Page1_Block45" HEIGHT="83" WIDTH="4" VPOS="382" HPOS="1076"/><GraphicalElement ID="Page1_Block46" HEIGHT="37" WIDTH="3" VPOS="686" HPOS="378"/><Illustration ID="Page1_Block47" HEIGHT="635" WIDTH="857" VPOS="378" HPOS="252"/>
</PrintSpace>
</Page>
</Layout>
</alto>