﻿<?xml version="1.0" encoding="UTF-8" standalone="yes"?>
<alto xmlns="http://www.loc.gov/standards/alto/ns-v2#" xmlns:xlink="http://www.w3.org/1999/xlink" xmlns:xsi="http://www.w3.org/2001/XMLSchema-instance" xsi:schemaLocation="http://www.loc.gov/standards/alto/ns-v2# http://www.loc.gov/standards/alto/alto-v2.0.xsd">
<Description>
<MeasurementUnit>pixel</MeasurementUnit>
<OCRProcessing ID="IdOcr"><ocrProcessingStep><processingDateTime>2017-03-20</processingDateTime><processingSoftware><softwareCreator>ABBYY</softwareCreator><softwareName>ABBYY FineReader Engine</softwareName><softwareVersion>11</softwareVersion></processingSoftware></ocrProcessingStep></OCRProcessing>
</Description>
<Styles><TextStyle ID="font0" FONTFAMILY="Times New Roman" FONTSIZE="9"/><TextStyle ID="font1" FONTFAMILY="Times New Roman" FONTSIZE="10"/><TextStyle ID="font2" FONTFAMILY="Times New Roman" FONTSIZE="12"/><TextStyle ID="font3" FONTFAMILY="Times New Roman" FONTSIZE="16"/><TextStyle ID="font4" FONTFAMILY="Times New Roman" FONTSIZE="18"/>
</Styles>
<Layout>
<Page ID="Page1" PHYSICAL_IMG_NR="1" HEIGHT="2044" WIDTH="1211">
<TopMargin HEIGHT="233" WIDTH="1211" VPOS="0" HPOS="0">
</TopMargin>
<LeftMargin HEIGHT="1608" WIDTH="177" VPOS="233" HPOS="0">
</LeftMargin>
<RightMargin HEIGHT="1608" WIDTH="28" VPOS="233" HPOS="1183">
</RightMargin>
<BottomMargin HEIGHT="203" WIDTH="1211" VPOS="1841" HPOS="0">
</BottomMargin>
<PrintSpace HEIGHT="1608" WIDTH="1006" VPOS="233" HPOS="177">
<ComposedBlock ID="Page1_Block1" HEIGHT="1152" WIDTH="959" VPOS="233" HPOS="177" TYPE="container">
<TextBlock ID="Page1_Block2" HEIGHT="287" WIDTH="871" VPOS="233" HPOS="256" language="de" STYLEREFS="font4">
<TextLine HEIGHT="49" WIDTH="151" VPOS="235" HPOS="619" STYLEREFS="font3"><String WC="0.7239999771" CONTENT="XX!!." HEIGHT="49" WIDTH="151" VPOS="235" HPOS="619"/></TextLine>
<TextLine HEIGHT="77" WIDTH="859" VPOS="434" HPOS="262"><String WC="0.40200001" CONTENT="Raub^" HEIGHT="61" WIDTH="174" VPOS="434" HPOS="262"/><SP WIDTH="18" VPOS="437" HPOS="437"/><String WC="0.5299999714" CONTENT="Vögeln" HEIGHT="68" WIDTH="182" VPOS="435" HPOS="456"/><SP WIDTH="120" VPOS="439" HPOS="639"/><String WC="0.5299999714" CONTENT="X^e8k.3pscc§»" HEIGHT="72" WIDTH="361" VPOS="439" HPOS="760"/></TextLine>
</TextBlock><Illustration ID="Page1_Block3" HEIGHT="871" WIDTH="959" VPOS="514" HPOS="177"/></ComposedBlock>
<TextBlock ID="Page1_Block4" HEIGHT="199" WIDTH="619" VPOS="1605" HPOS="182" language="de" STYLEREFS="font0">
<TextLine HEIGHT="47" WIDTH="567" VPOS="1611" HPOS="228"><String STYLE="bold" STYLEREFS="font2" WC="0.4059999883" CONTENT="DerÄdler/k" HEIGHT="38" WIDTH="206" VPOS="1611" HPOS="228"/><SP WIDTH="81" VPOS="1615" HPOS="435"/><String STYLE="italics" STYLEREFS="font1" WC="0.1800000072" CONTENT=")" HEIGHT="33" WIDTH="9" VPOS="1615" HPOS="517"/><SP WIDTH="41" VPOS="1615" HPOS="527"/><String STYLE="italics" STYLEREFS="font1" WC="0.2983333468" CONTENT="Aquiu." HEIGHT="42" WIDTH="112" VPOS="1616" HPOS="569"/><SP WIDTH="12" VPOS="1627" HPOS="682"/><String STYLE="bold" STYLEREFS="font2" WC="1." CONTENT="i." HEIGHT="20" WIDTH="24" VPOS="1627" HPOS="695"/><SP WIDTH="9" VPOS="1616" HPOS="720"/><String STYLE="bold" STYLEREFS="font2" WC="0.6200000048" CONTENT="k." HEIGHT="31" WIDTH="23" VPOS="1616" HPOS="730"/><SP WIDTH="16" VPOS="1627" HPOS="754"/><String STYLE="bold" STYLEREFS="font2" WC="0.7749999762" CONTENT="&gt;." HEIGHT="22" WIDTH="24" VPOS="1627" HPOS="771"/></TextLine>
<TextLine HEIGHT="50" WIDTH="501" VPOS="1649" HPOS="190"><String STYLE="bold" STYLEREFS="font2" WC="0.6100000143" CONTENT="-er" HEIGHT="33" WIDTH="49" VPOS="1657" HPOS="190"/><SP WIDTH="9" VPOS="1658" HPOS="240"/><String STYLE="bold" STYLEREFS="font2" WC="0.5040000081" CONTENT="Röm&apos;g" HEIGHT="42" WIDTH="109" VPOS="1657" HPOS="250"/><SP WIDTH="12" VPOS="1663" HPOS="360"/><String STYLE="bold" STYLEREFS="font2" WC="0.3179999888" CONTENT="unter" HEIGHT="31" WIDTH="82" VPOS="1657" HPOS="373"/><SP WIDTH="10" VPOS="1654" HPOS="456"/><String STYLE="bold" STYLEREFS="font2" WC="0.739166677" CONTENT="den&apos;««^-»»»," HEIGHT="45" WIDTH="224" VPOS="1649" HPOS="467"/></TextLine>
<TextLine HEIGHT="44" WIDTH="150" VPOS="1694" HPOS="368"><String STYLE="bold" STYLEREFS="font2" WC="0.5642856956" CONTENT="Sögeln;" HEIGHT="44" WIDTH="150" VPOS="1694" HPOS="368"/></TextLine>
<TextLine HEIGHT="43" WIDTH="549" VPOS="1737" HPOS="188" STYLEREFS="font2"><String STYLE="bold" WC="0.2433333397" CONTENT="stehet" HEIGHT="43" WIDTH="80" VPOS="1737" HPOS="188"/><SP WIDTH="10" VPOS="1741" HPOS="269"/><String STYLE="bold" WC="0.3100000024" CONTENT="m" HEIGHT="28" WIDTH="29" VPOS="1748" HPOS="280"/><SP WIDTH="6" VPOS="1742" HPOS="310"/><String STYLE="bold" WC="0.3133333325" CONTENT="die" HEIGHT="34" WIDTH="43" VPOS="1742" HPOS="317"/><SP WIDTH="9" VPOS="1741" HPOS="361"/><String STYLE="bold" WC="0.4140000045" CONTENT="Gon«e" HEIGHT="34" WIDTH="116" VPOS="1741" HPOS="371"/><SP WIDTH="33" VPOS="1737" HPOS="488"/><String STYLE="italics" WC="0.75" CONTENT="fohm" HEIGHT="38" WIDTH="78" VPOS="1737" HPOS="522"/><SP WIDTH="6" VPOS="1741" HPOS="601"/><String STYLE="bold" WC="0.3925000131" CONTENT="imuLrur." HEIGHT="31" WIDTH="129" VPOS="1740" HPOS="608"/></TextLine>
</TextBlock>
<TextBlock ID="Page1_Block5" HEIGHT="205" WIDTH="357" VPOS="1636" HPOS="826" language="de" STYLEREFS="font1">
<TextLine HEIGHT="50" WIDTH="344" VPOS="1642" HPOS="833"><String WC="0.3524999917" CONTENT="Rex," HEIGHT="33" WIDTH="74" VPOS="1659" HPOS="833"/><SP WIDTH="11" VPOS="1667" HPOS="908"/><String WC="0.4433333278" CONTENT="tn," HEIGHT="24" WIDTH="39" VPOS="1667" HPOS="920"/><SP WIDTH="57" VPOS="1654" HPOS="960"/><String WC="0.5780000091" CONTENT="derK^tlkS«" HEIGHT="42" WIDTH="159" VPOS="1642" HPOS="1018"/></TextLine>
<TextLine HEIGHT="48" WIDTH="308" VPOS="1685" HPOS="835"><String WC="0.5142857432" CONTENT="Lvi?,k." HEIGHT="34" WIDTH="102" VPOS="1698" HPOS="835"/><SP WIDTH="12" VPOS="1708" HPOS="938"/><String WC="0.6449999809" CONTENT=";." HEIGHT="25" WIDTH="25" VPOS="1708" HPOS="951"/><SP WIDTH="8" VPOS="1695" HPOS="977"/><String WC="0.4911110997" CONTENT="derVogc!&gt;" HEIGHT="44" WIDTH="157" VPOS="1685" HPOS="986"/></TextLine>
<TextLine HEIGHT="41" WIDTH="321" VPOS="1730" HPOS="838"><String WC="0.7049999833" CONTENT="Sol," HEIGHT="33" WIDTH="55" VPOS="1738" HPOS="838"/><SP WIDTH="10" VPOS="1748" HPOS="894"/><String WC="0.6560000181" CONTENT="m.die" HEIGHT="31" WIDTH="132" VPOS="1735" HPOS="905"/><SP WIDTH="8" VPOS="1733" HPOS="1038"/><String WC="0.4183333218" CONTENT="Sonne-" HEIGHT="35" WIDTH="112" VPOS="1730" HPOS="1047"/></TextLine>
<TextLine HEIGHT="43" WIDTH="337" VPOS="1770" HPOS="838"><String STYLEREFS="font0" WC="0.3342857063" CONTENT="Inmeri," HEIGHT="34" WIDTH="107" VPOS="1779" HPOS="838"/><SP WIDTH="9" VPOS="1788" HPOS="946"/><String STYLEREFS="font0" WC="0.4333333373" CONTENT="ci," HEIGHT="34" WIDTH="27" VPOS="1778" HPOS="956"/><SP WIDTH="8" VPOS="1787" HPOS="984"/><String STYLEREFS="font0" WC="0.8000000119" CONTENT="*" HEIGHT="19" WIDTH="15" VPOS="1787" HPOS="993"/><SP WIDTH="3" VPOS="1787" HPOS="1009"/><String STYLEREFS="font0" WC="0.2800000012" CONTENT=".(Ulf" HEIGHT="41" WIDTH="59" VPOS="1772" HPOS="1013"/><SP WIDTH="3" VPOS="1772" HPOS="1073"/><String STYLEREFS="font0" WC="0.3619999886" CONTENT="kheN&apos;" HEIGHT="39" WIDTH="78" VPOS="1770" HPOS="1077"/><SP WIDTH="6" VPOS="1784" HPOS="1156"/><String STYLEREFS="font0" WC="0.3199999928" CONTENT="„" HEIGHT="7" WIDTH="12" VPOS="1800" HPOS="1163"/></TextLine>
</TextBlock>
<ComposedBlock ID="Page1_Block6" HEIGHT="668" WIDTH="856" VPOS="696" HPOS="260" TYPE="separatorsBox"><GraphicalElement ID="Page1_Block7" HEIGHT="19" WIDTH="466" VPOS="696" HPOS="270"/><GraphicalElement ID="Page1_Block8" HEIGHT="18" WIDTH="349" VPOS="706" HPOS="767"/><GraphicalElement ID="Page1_Block9" HEIGHT="6" WIDTH="136" VPOS="1339" HPOS="976"/><GraphicalElement ID="Page1_Block10" HEIGHT="22" WIDTH="799" VPOS="1341" HPOS="308"/><GraphicalElement ID="Page1_Block11" HEIGHT="405" WIDTH="19" VPOS="953" HPOS="260"/><GraphicalElement ID="Page1_Block12" HEIGHT="237" WIDTH="16" VPOS="699" HPOS="266"/><GraphicalElement ID="Page1_Block13" HEIGHT="650" WIDTH="14" VPOS="714" HPOS="1102"/></ComposedBlock><GraphicalElement ID="Page1_Block14" HEIGHT="4" WIDTH="114" VPOS="773" HPOS="409"/><GraphicalElement ID="Page1_Block15" HEIGHT="9" WIDTH="195" VPOS="802" HPOS="704"/><GraphicalElement ID="Page1_Block16" HEIGHT="6" WIDTH="96" VPOS="934" HPOS="265"/><GraphicalElement ID="Page1_Block17" HEIGHT="9" WIDTH="152" VPOS="1228" HPOS="502"/><GraphicalElement ID="Page1_Block18" HEIGHT="8" WIDTH="137" VPOS="1288" HPOS="457"/><GraphicalElement ID="Page1_Block19" HEIGHT="183" WIDTH="10" VPOS="1620" HPOS="826"/>
</PrintSpace>
</Page>
</Layout>
</alto>