﻿<?xml version="1.0" encoding="UTF-8" standalone="yes"?>
<alto xmlns="http://www.loc.gov/standards/alto/ns-v2#" xmlns:xlink="http://www.w3.org/1999/xlink" xmlns:xsi="http://www.w3.org/2001/XMLSchema-instance" xsi:schemaLocation="http://www.loc.gov/standards/alto/ns-v2# http://www.loc.gov/standards/alto/alto-v2.0.xsd">
<Description>
<MeasurementUnit>pixel</MeasurementUnit>
<OCRProcessing ID="IdOcr"><ocrProcessingStep><processingDateTime>2017-03-20</processingDateTime><processingSoftware><softwareCreator>ABBYY</softwareCreator><softwareName>ABBYY FineReader Engine</softwareName><softwareVersion>11</softwareVersion></processingSoftware></ocrProcessingStep></OCRProcessing>
</Description>
<Styles><TextStyle ID="font0" FONTFAMILY="Times New Roman" FONTSIZE="6"/><TextStyle ID="font1" FONTFAMILY="Times New Roman" FONTSIZE="8"/><TextStyle ID="font2" FONTFAMILY="Times New Roman" FONTSIZE="9"/><TextStyle ID="font3" FONTFAMILY="Times New Roman" FONTSIZE="10"/><TextStyle ID="font4" FONTFAMILY="Times New Roman" FONTSIZE="11"/><TextStyle ID="font5" FONTFAMILY="Times New Roman" FONTSIZE="24"/>
</Styles>
<Layout>
<Page ID="Page1" PHYSICAL_IMG_NR="1" HEIGHT="2042" WIDTH="1244">
<TopMargin HEIGHT="148" WIDTH="1244" VPOS="0" HPOS="0">
</TopMargin>
<LeftMargin HEIGHT="1671" WIDTH="148" VPOS="148" HPOS="0">
</LeftMargin>
<RightMargin HEIGHT="1671" WIDTH="2" VPOS="148" HPOS="1242">
</RightMargin>
<BottomMargin HEIGHT="223" WIDTH="1244" VPOS="1819" HPOS="0">
</BottomMargin>
<PrintSpace HEIGHT="1671" WIDTH="1094" VPOS="148" HPOS="148">
<TextBlock ID="Page1_Block1" HEIGHT="60" WIDTH="184" VPOS="148" HPOS="606" language="de" STYLEREFS="font4">
<TextLine HEIGHT="45" WIDTH="155" VPOS="158" HPOS="619"><String WC="0.1599999964" CONTENT="(" HEIGHT="44" WIDTH="16" VPOS="159" HPOS="619"/><SP WIDTH="26" VPOS="159" HPOS="636"/><String WC="0.4866666794" CONTENT="Z66" HEIGHT="40" WIDTH="70" VPOS="160" HPOS="663"/><SP WIDTH="24" VPOS="158" HPOS="734"/><String WC="0.200000003" CONTENT=")" HEIGHT="42" WIDTH="15" VPOS="158" HPOS="759"/></TextLine>
</TextBlock>
<TextBlock ID="Page1_Block2" HEIGHT="204" WIDTH="336" VPOS="230" HPOS="150" language="de" STYLEREFS="font4">
<TextLine HEIGHT="37" WIDTH="180" VPOS="234" HPOS="207"><String STYLE="bold" WC="0.2775000036" CONTENT="Henk" HEIGHT="37" WIDTH="79" VPOS="234" HPOS="207"/><SP WIDTH="7" VPOS="238" HPOS="287"/><String STYLE="bold" WC="0.2700000107" CONTENT="zu" HEIGHT="29" WIDTH="30" VPOS="241" HPOS="295"/><SP WIDTH="12" VPOS="238" HPOS="326"/><String STYLE="bold" WC="0.2733333409" CONTENT="tag" HEIGHT="33" WIDTH="48" VPOS="238" HPOS="339"/></TextLine>
<TextLine HEIGHT="40" WIDTH="267" VPOS="270" HPOS="166" STYLEREFS="font4"><String STYLE="bold" WC="0.3783333302" CONTENT="bindet" HEIGHT="31" WIDTH="95" VPOS="273" HPOS="166"/><SP WIDTH="12" VPOS="275" HPOS="262"/><String STYLE="bold" WC="0.2599999905" CONTENT="die" HEIGHT="30" WIDTH="40" VPOS="274" HPOS="275"/><SP WIDTH="6" VPOS="273" HPOS="316"/><String STYLE="bold" WC="0.2700000107" CONTENT="Bücher" HEIGHT="40" WIDTH="110" VPOS="270" HPOS="323"/></TextLine>
<TextLine HEIGHT="40" WIDTH="295" VPOS="310" HPOS="165"><String WC="0.3899999857" CONTENT="der" HEIGHT="30" WIDTH="49" VPOS="313" HPOS="165"/><SP WIDTH="8" VPOS="310" HPOS="215"/><String WC="0.348181814" CONTENT="Buchbinder/" HEIGHT="40" WIDTH="236" VPOS="310" HPOS="224"/></TextLine>
<TextLine HEIGHT="35" WIDTH="302" VPOS="352" HPOS="167"><String STYLE="bold" WC="0.2460000068" CONTENT="Zudem" HEIGHT="30" WIDTH="91" VPOS="352" HPOS="167"/><SP WIDTH="8" VPOS="359" HPOS="259"/><String STYLE="bold" WC="0.2599999905" CONTENT="er" HEIGHT="23" WIDTH="28" VPOS="360" HPOS="268"/><SP WIDTH="9" VPOS="357" HPOS="297"/><String STYLE="bold" WC="0.646666646" CONTENT="die" HEIGHT="30" WIDTH="40" VPOS="354" HPOS="307"/><SP WIDTH="5" VPOS="354" HPOS="348"/><String STYLE="bold" WC="0.3966666758" CONTENT="Bogen/" HEIGHT="33" WIDTH="115" VPOS="354" HPOS="354"/></TextLine>
<TextLine HEIGHT="40" WIDTH="286" VPOS="391" HPOS="167"><String STYLE="bold" WC="0.3224999905" CONTENT="wann" HEIGHT="29" WIDTH="85" VPOS="394" HPOS="167"/><SP WIDTH="8" VPOS="391" HPOS="253"/><String STYLE="bold" WC="0.3761538565" CONTENT="fiegeplanirt/" HEIGHT="40" WIDTH="191" VPOS="391" HPOS="262"/></TextLine>
</TextBlock>
<TextBlock ID="Page1_Block3" HEIGHT="48" WIDTH="156" VPOS="470" HPOS="152" language="de" STYLEREFS="font4">
<TextLine HEIGHT="36" WIDTH="136" VPOS="478" HPOS="167"><String WC="0.3077777922" CONTENT="trocknet;" HEIGHT="36" WIDTH="136" VPOS="478" HPOS="167"/></TextLine>
</TextBlock>
<TextBlock ID="Page1_Block4" HEIGHT="272" WIDTH="328" VPOS="232" HPOS="560" language="de" STYLEREFS="font2"><Shape><Polygon POINTS="560,232 888,232 888,504 568,504 568,320 560,320 560,232"/></Shape>
<TextLine HEIGHT="28" WIDTH="94" VPOS="237" HPOS="613"><String WC="0.3039999902" CONTENT="Hodie" HEIGHT="28" WIDTH="94" VPOS="237" HPOS="613"/></TextLine>
<TextLine HEIGHT="45" WIDTH="272" VPOS="270" HPOS="563"><String WC="0.4199999869" CONTENT="jcompingic" HEIGHT="45" WIDTH="168" VPOS="270" HPOS="563"/><SP WIDTH="12" VPOS="277" HPOS="732"/><String WC="0.328333348" CONTENT="Iibros" HEIGHT="30" WIDTH="90" VPOS="276" HPOS="745"/></TextLine>
<TextLine HEIGHT="38" WIDTH="237" VPOS="316" HPOS="571"><String STYLE="italics" WC="0.4963636398" CONTENT="cornpaSor-," HEIGHT="38" WIDTH="144" VPOS="316" HPOS="571"/><SP WIDTH="14" VPOS="326" HPOS="716"/><String WC="0.4480000138" CONTENT="in.;." HEIGHT="24" WIDTH="77" VPOS="326" HPOS="731"/></TextLine>
<TextLine HEIGHT="27" WIDTH="210" VPOS="356" HPOS="573"><String WC="0.276666671" CONTENT="dum" HEIGHT="27" WIDTH="67" VPOS="356" HPOS="573"/><SP WIDTH="9" VPOS="366" HPOS="641"/><String WC="0.2528571486" CONTENT="charcas" HEIGHT="27" WIDTH="110" VPOS="356" HPOS="651"/><SP WIDTH="12" VPOS="365" HPOS="762"/><String WC="0.8399999738" CONTENT="." HEIGHT="8" WIDTH="8" VPOS="374" HPOS="775"/></TextLine>
<TextLine HEIGHT="38" WIDTH="316" VPOS="396" HPOS="572"><String STYLE="italics" WC="0.4424999952" CONTENT="aqua" HEIGHT="28" WIDTH="64" VPOS="405" HPOS="572"/><SP WIDTH="11" VPOS="405" HPOS="637"/><String STYLE="italics" WC="0.4833333194" CONTENT="glutinösä" HEIGHT="38" WIDTH="128" VPOS="396" HPOS="649"/><SP WIDTH="21" VPOS="396" HPOS="778"/><String WC="0.2060000002" CONTENT="mace," HEIGHT="19" WIDTH="88" VPOS="403" HPOS="800"/></TextLine>
<TextLine HEIGHT="35" WIDTH="104" VPOS="436" HPOS="784"><String STYLEREFS="font4" WC="0.3357142806" CONTENT="(ratas;" HEIGHT="35" WIDTH="104" VPOS="436" HPOS="784"/></TextLine>
<TextLine HEIGHT="24" WIDTH="146" VPOS="480" HPOS="573"><String WC="0.3228571415" CONTENT="ccrget;" HEIGHT="23" WIDTH="108" VPOS="481" HPOS="573"/><SP WIDTH="11" VPOS="480" HPOS="682"/><String WC="0.6349999905" CONTENT="r." HEIGHT="19" WIDTH="25" VPOS="480" HPOS="694"/></TextLine>
</TextBlock>
<TextBlock ID="Page1_Block5" HEIGHT="56" WIDTH="838" VPOS="506" HPOS="160" language="de" STYLEREFS="font4">
<TextLine HEIGHT="56" WIDTH="834" VPOS="506" HPOS="164"><String STYLE="bold" WC="0.2585714161" CONTENT="darnach" HEIGHT="39" WIDTH="120" VPOS="516" HPOS="164"/><SP WIDTH="13" VPOS="519" HPOS="285"/><String STYLE="bold" WC="0.4912500083" CONTENT="faltzek/" HEIGHT="38" WIDTH="98" VPOS="519" HPOS="299"/><SP WIDTH="8" VPOS="527" HPOS="398"/><String STYLE="bold" WC="0.2399999946" CONTENT="r" HEIGHT="27" WIDTH="13" VPOS="529" HPOS="407"/><SP WIDTH="17" VPOS="527" HPOS="421"/><String STYLE="bold" WC="0.4961904883" CONTENT="anfdem^eindccompUcat," HEIGHT="49" WIDTH="416" VPOS="506" HPOS="439"/><SP WIDTH="11" VPOS="525" HPOS="856"/><String STYLE="bold" WC="0.5274999738" CONTENT="z.^comxl" HEIGHT="53" WIDTH="130" VPOS="509" HPOS="868"/></TextLine>
</TextBlock>
<TextBlock ID="Page1_Block6" HEIGHT="258" WIDTH="348" VPOS="268" HPOS="894" language="de" STYLEREFS="font4"><Shape><Polygon POINTS="894,268 1242,268 1242,490 1216,490 1216,520 1000,520 1000,526 902,526 902,490 894,490 894,268"/></Shape>
<TextLine HEIGHT="57" WIDTH="330" VPOS="275" HPOS="900" STYLEREFS="font4"><String STYLE="bold" WC="0.7742857337" CONTENT="^Comp!nge,e,a," HEIGHT="50" WIDTH="195" VPOS="282" HPOS="900"/><SP WIDTH="7" VPOS="291" HPOS="1096"/><String STYLE="bold" WC="0.3799999952" CONTENT="z," HEIGHT="23" WIDTH="19" VPOS="291" HPOS="1104"/><SP WIDTH="8" VPOS="286" HPOS="1124"/><String STYLE="bold" WC="0.3771428466" CONTENT="einbl!^" HEIGHT="33" WIDTH="97" VPOS="275" HPOS="1133"/></TextLine>
<TextLine HEIGHT="39" WIDTH="303" VPOS="337" HPOS="894" STYLEREFS="font1"><String WC="0.5699999928" CONTENT="!" HEIGHT="34" WIDTH="4" VPOS="337" HPOS="894"/><SP WIDTH="7" VPOS="337" HPOS="899"/><String WC="0.3412500024" CONTENT="Liber,m." HEIGHT="29" WIDTH="111" VPOS="346" HPOS="907"/><SP WIDTH="5" VPOS="356" HPOS="1019"/><String WC="0.6100000143" CONTENT="2." HEIGHT="16" WIDTH="23" VPOS="356" HPOS="1025"/><SP WIDTH="7" VPOS="350" HPOS="1049"/><String WC="0.6399999857" CONTENT="das" HEIGHT="26" WIDTH="48" VPOS="350" HPOS="1057"/><SP WIDTH="5" VPOS="347" HPOS="1106"/><String WC="0.7059999704" CONTENT="Duch&gt;" HEIGHT="33" WIDTH="85" VPOS="342" HPOS="1112"/></TextLine>
<TextLine HEIGHT="37" WIDTH="273" VPOS="388" HPOS="898"><String STYLEREFS="font1" WC="0.3000000119" CONTENT="&apos;" HEIGHT="3" WIDTH="3" VPOS="396" HPOS="898"/><SP WIDTH="5" VPOS="391" HPOS="902"/><String STYLEREFS="font1" WC="0.4199999869" CONTENT="A.qna" HEIGHT="33" WIDTH="68" VPOS="391" HPOS="908"/><SP WIDTH="13" VPOS="401" HPOS="977"/><String STYLEREFS="font1" WC="0.4900000095" CONTENT="glntinofä," HEIGHT="34" WIDTH="120" VPOS="391" HPOS="991"/><SP WIDTH="6" VPOS="388" HPOS="1112"/><String STYLEREFS="font1" WC="0.6150000095" CONTENT="f." HEIGHT="26" WIDTH="16" VPOS="388" HPOS="1119"/><SP WIDTH="14" VPOS="394" HPOS="1136"/><String STYLEREFS="font1" WC="1." CONTENT="I-" HEIGHT="18" WIDTH="20" VPOS="394" HPOS="1151"/></TextLine>
<TextLine HEIGHT="33" WIDTH="207" VPOS="424" HPOS="939"><String STYLE="bold" WC="0.3492857218" CONTENT="Planjerwasier." HEIGHT="33" WIDTH="207" VPOS="424" HPOS="939"/></TextLine>
<TextLine HEIGHT="34" WIDTH="321" VPOS="452" HPOS="906"><String WC="0.7807142735" CONTENT="^Isceräre.s.i." HEIGHT="30" WIDTH="174" VPOS="453" HPOS="906"/><SP WIDTH="7" VPOS="462" HPOS="1081"/><String WC="0.5419999957" CONTENT="planiere&quot;&apos;" HEIGHT="34" WIDTH="138" VPOS="452" HPOS="1089"/></TextLine>
<TextLine HEIGHT="40" WIDTH="311" VPOS="482" HPOS="899"><String WC="0.5221052766" CONTENT="&gt;-rßsr-,L2.trÜckU«W" HEIGHT="40" WIDTH="311" VPOS="482" HPOS="899"/></TextLine>
</TextBlock>
<TextBlock ID="Page1_Block7" HEIGHT="28" WIDTH="124" VPOS="526" HPOS="994" language="de" STYLEREFS="font1">
<TextLine HEIGHT="22" WIDTH="117" VPOS="528" HPOS="996"><String WC="0.6928571463" CONTENT="icare,a" HEIGHT="22" WIDTH="95" VPOS="528" HPOS="996"/><SP WIDTH="14" VPOS="529" HPOS="1092"/><String WC="0.3400000036" CONTENT="1" HEIGHT="15" WIDTH="6" VPOS="529" HPOS="1107"/></TextLine>
</TextBlock>
<TextBlock ID="Page1_Block8" HEIGHT="358" WIDTH="410" VPOS="554" HPOS="150" language="de" STYLEREFS="font4"><Shape><Polygon POINTS="362,554 560,554 560,874 504,874 504,912 150,912 150,590 362,590 362,554"/></Shape>
<TextLine HEIGHT="40" WIDTH="179" VPOS="558" HPOS="377"><String STYLE="bold" WC="0.5181818008" CONTENT="Hefft-Bretk" HEIGHT="40" WIDTH="179" VPOS="558" HPOS="377"/></TextLine>
<TextLine HEIGHT="41" WIDTH="386" VPOS="594" HPOS="168"><String STYLE="bold" WC="0.3300000131" CONTENT="und" HEIGHT="32" WIDTH="56" VPOS="598" HPOS="168"/><SP WIDTH="14" VPOS="597" HPOS="225"/><String STYLE="bold" WC="0.3628571332" CONTENT="schlack" HEIGHT="40" WIDTH="114" VPOS="594" HPOS="240"/><SP WIDTH="28" VPOS="601" HPOS="355"/><String STYLE="bold" WC="1." CONTENT="^" HEIGHT="16" WIDTH="17" VPOS="613" HPOS="384"/><SP WIDTH="25" VPOS="609" HPOS="402"/><String STYLE="bold" WC="0.2633333206" CONTENT="auf" HEIGHT="34" WIDTH="50" VPOS="601" HPOS="428"/><SP WIDTH="17" VPOS="601" HPOS="479"/><String STYLE="bold" WC="0.3533333242" CONTENT="dem" HEIGHT="29" WIDTH="57" VPOS="601" HPOS="497"/></TextLine>
<TextLine HEIGHT="40" WIDTH="237" VPOS="637" HPOS="319"><String STYLE="bold" WC="0.3358333409" CONTENT="sSchiagstein" HEIGHT="40" WIDTH="237" VPOS="637" HPOS="319"/></TextLine>
<TextLine HEIGHT="38" WIDTH="292" VPOS="676" HPOS="168"><String STYLE="bold" WC="0.3642857075" CONTENT="alsdann" HEIGHT="33" WIDTH="124" VPOS="676" HPOS="168"/><SP WIDTH="15" VPOS="680" HPOS="293"/><String STYLE="bold" WC="0.3685714304" CONTENT="dcffttc" HEIGHT="36" WIDTH="92" VPOS="678" HPOS="309"/><SP WIDTH="10" VPOS="685" HPOS="402"/><String STYLE="bold" WC="1." CONTENT="/" HEIGHT="21" WIDTH="10" VPOS="688" HPOS="413"/><SP WIDTH="21" VPOS="688" HPOS="424"/><String STYLE="bold" WC="0.1400000006" CONTENT="s" HEIGHT="24" WIDTH="14" VPOS="690" HPOS="446"/></TextLine>
<TextLine HEIGHT="38" WIDTH="96" VPOS="714" HPOS="166"><String STYLE="bold" WC="0.8814285994" CONTENT="presset" HEIGHT="38" WIDTH="96" VPOS="714" HPOS="166"/></TextLine>
<TextLine HEIGHT="42" WIDTH="264" VPOS="754" HPOS="166"><String STYLE="bold" WC="0.3849999905" CONTENT="in" HEIGHT="29" WIDTH="31" VPOS="756" HPOS="166"/><SP WIDTH="14" VPOS="756" HPOS="198"/><String STYLE="bold" WC="0.7333333492" CONTENT="der" HEIGHT="29" WIDTH="45" VPOS="756" HPOS="213"/><SP WIDTH="9" VPOS="756" HPOS="259"/><String STYLE="bold" WC="0.6357142925" CONTENT="Presse/" HEIGHT="41" WIDTH="124" VPOS="755" HPOS="269"/><SP WIDTH="17" VPOS="754" HPOS="394"/><String STYLE="bold italics" STYLEREFS="font3" WC="0.9200000167" CONTENT="6" HEIGHT="28" WIDTH="18" VPOS="754" HPOS="412"/></TextLine>
<TextLine HEIGHT="36" WIDTH="178" VPOS="793" HPOS="166"><String STYLE="bold" WC="0.5157142878" CONTENT="(welche" HEIGHT="36" WIDTH="120" VPOS="793" HPOS="166"/><SP WIDTH="8" VPOS="794" HPOS="287"/><String STYLE="bold" WC="0.4225000143" CONTENT="sink" HEIGHT="31" WIDTH="48" VPOS="794" HPOS="296"/></TextLine>
<TextLine HEIGHT="39" WIDTH="365" VPOS="831" HPOS="167" STYLEREFS="font4"><String STYLE="bold" WC="0.2866666615" CONTENT="rwo" HEIGHT="30" WIDTH="57" VPOS="839" HPOS="167"/><SP WIDTH="13" VPOS="831" HPOS="225"/><String WC="0.3459999859" CONTENT="Schrauben/" HEIGHT="38" WIDTH="230" VPOS="831" HPOS="239"/><SP WIDTH="14" VPOS="837" HPOS="470"/><String STYLE="bold" WC="0.6700000167" CONTENT="7" HEIGHT="24" WIDTH="16" VPOS="843" HPOS="485"/><SP WIDTH="15" VPOS="832" HPOS="502"/><String STYLE="bold" WC="1." CONTENT=")" HEIGHT="38" WIDTH="14" VPOS="832" HPOS="518"/></TextLine>
<TextLine HEIGHT="37" WIDTH="334" VPOS="869" HPOS="166" STYLEREFS="font4"><String WC="0.474999994" CONTENT="am" HEIGHT="25" WIDTH="49" VPOS="880" HPOS="166"/><SP WIDTH="19" VPOS="870" HPOS="216"/><String WC="0.4149999917" CONTENT="Rücken" HEIGHT="37" WIDTH="140" VPOS="869" HPOS="236"/><SP WIDTH="17" VPOS="876" HPOS="377"/><String WC="0.4642857015" CONTENT="icimer/" HEIGHT="30" WIDTH="105" VPOS="876" HPOS="395"/></TextLine>
</TextBlock>
<TextBlock ID="Page1_Block9" HEIGHT="46" WIDTH="110" VPOS="510" HPOS="1124" language="de" STYLEREFS="font4">
<TextLine HEIGHT="37" WIDTH="96" VPOS="514" HPOS="1132"><String STYLE="bold" WC="0.4712499976" CONTENT="saltze»&apos;" HEIGHT="37" WIDTH="96" VPOS="514" HPOS="1132"/></TextLine>
</TextBlock>
<TextBlock ID="Page1_Block10" HEIGHT="50" WIDTH="416" VPOS="908" HPOS="148" language="de">
<TextLine HEIGHT="41" WIDTH="395" VPOS="912" HPOS="164"><String STYLEREFS="font4" WC="0.2624999881" CONTENT="mitdemSchmcchobe" HEIGHT="41" WIDTH="361" VPOS="912" HPOS="164"/><String STYLEREFS="font2" WC="0.1850000024" CONTENT="!8" HEIGHT="32" WIDTH="29" VPOS="915" HPOS="530"/></TextLine>
</TextBlock>
<TextBlock ID="Page1_Block11" HEIGHT="340" WIDTH="488" VPOS="574" HPOS="562" language="de" STYLEREFS="font1"><Shape><Polygon POINTS="568,574 1050,574 1050,626 902,626 902,666 858,666 858,914 562,914 562,864 568,864 568,574"/></Shape>
<TextLine HEIGHT="40" WIDTH="478" VPOS="581" HPOS="572"><String WC="0.5199999809" CONTENT="L" HEIGHT="25" WIDTH="24" VPOS="586" HPOS="572"/><SP WIDTH="8" VPOS="586" HPOS="597"/><String WC="0.678571403" CONTENT="mailear" HEIGHT="31" WIDTH="113" VPOS="581" HPOS="606"/><SP WIDTH="12" VPOS="584" HPOS="720"/><String WC="0.2540000081" CONTENT="luxer" HEIGHT="34" WIDTH="80" VPOS="584" HPOS="733"/><SP WIDTH="14" VPOS="585" HPOS="814"/><String WC="0.7547059059" CONTENT="Iapi-iMalIeLrs,a," HEIGHT="36" WIDTH="221" VPOS="585" HPOS="829"/></TextLine>
<TextLine HEIGHT="40" WIDTH="86" VPOS="618" HPOS="818"><String STYLEREFS="font4" WC="0.4979999959" CONTENT="(604&apos;" HEIGHT="40" WIDTH="86" VPOS="618" HPOS="818"/></TextLine>
<TextLine HEIGHT="36" WIDTH="230" VPOS="668" HPOS="575"><String WC="0.224999994" CONTENT="mm" HEIGHT="18" WIDTH="60" VPOS="681" HPOS="575"/><SP WIDTH="13" VPOS="680" HPOS="636"/><String WC="0.275000006" CONTENT="confuit," HEIGHT="35" WIDTH="122" VPOS="668" HPOS="650"/><SP WIDTH="16" VPOS="678" HPOS="773"/><String WC="0.2599999905" CONTENT=";" HEIGHT="26" WIDTH="15" VPOS="678" HPOS="790"/></TextLine>
<TextLine HEIGHT="36" WIDTH="166" VPOS="707" HPOS="573"><String WC="0.2536363602" CONTENT="compriiiiic" HEIGHT="36" WIDTH="166" VPOS="707" HPOS="573"/></TextLine>
<TextLine HEIGHT="37" WIDTH="116" VPOS="745" HPOS="573"><String STYLE="italics" STYLEREFS="font2" WC="0.3840000033" CONTENT="prelo" HEIGHT="35" WIDTH="68" VPOS="747" HPOS="573"/><String STYLEREFS="font2" WC="0.5500000119" CONTENT="." HEIGHT="6" WIDTH="7" VPOS="764" HPOS="644"/><SP WIDTH="18" VPOS="745" HPOS="652"/><String STYLEREFS="font2" WC="1." CONTENT="6" HEIGHT="26" WIDTH="18" VPOS="745" HPOS="671"/></TextLine>
<TextLine HEIGHT="38" WIDTH="193" VPOS="784" HPOS="574"><String STYLEREFS="font2" WC="0.4939999878" CONTENT="(quod" HEIGHT="37" WIDTH="91" VPOS="785" HPOS="574"/><SP WIDTH="13" VPOS="784" HPOS="666"/><String STYLEREFS="font2" WC="0.2540000081" CONTENT="habet" HEIGHT="30" WIDTH="87" VPOS="784" HPOS="680"/></TextLine>
<TextLine HEIGHT="38" WIDTH="249" VPOS="826" HPOS="574"><String WC="0.3799999952" CONTENT="duascofh/frif," HEIGHT="35" WIDTH="199" VPOS="826" HPOS="574"/><SP WIDTH="16" VPOS="839" HPOS="774"/><String WC="0.2949999869" CONTENT="7)" HEIGHT="36" WIDTH="32" VPOS="828" HPOS="791"/></TextLine>
<TextLine HEIGHT="46" WIDTH="287" VPOS="864" HPOS="565"><String STYLEREFS="font2" WC="0.2199999988" CONTENT="j" HEIGHT="46" WIDTH="4" VPOS="864" HPOS="565"/><String STYLE="italics" STYLEREFS="font2" WC="0.4600000083" CONTENT="dorfo" HEIGHT="37" WIDTH="67" VPOS="868" HPOS="574"/><SP WIDTH="8" VPOS="879" HPOS="642"/><String STYLEREFS="font2" WC="0.3676923215" CONTENT="cotiglütinat;" HEIGHT="40" WIDTH="201" VPOS="868" HPOS="651"/></TextLine>
</TextBlock>
<TextBlock ID="Page1_Block12" HEIGHT="48" WIDTH="160" VPOS="572" HPOS="1064" language="de">
<TextLine HEIGHT="35" WIDTH="154" VPOS="581" HPOS="1066"><String STYLEREFS="font4" WC="0.358461529" CONTENT="i-kl/lftSC*!&apos;" HEIGHT="35" WIDTH="154" VPOS="581" HPOS="1066"/></TextLine>
</TextBlock>
<TextBlock ID="Page1_Block13" HEIGHT="38" WIDTH="254" VPOS="906" HPOS="570" language="de" STYLEREFS="font2">
<TextLine HEIGHT="29" WIDTH="233" VPOS="910" HPOS="575"><String STYLE="italics" WC="0.5457142591" CONTENT="rotundä" HEIGHT="26" WIDTH="103" VPOS="910" HPOS="575"/><SP WIDTH="12" VPOS="910" HPOS="679"/><String STYLE="italics" WC="0.5616666675" CONTENT="cultro" HEIGHT="27" WIDTH="80" VPOS="910" HPOS="692"/><SP WIDTH="19" VPOS="913" HPOS="773"/><String WC="0.2199999988" CONTENT="8" HEIGHT="26" WIDTH="15" VPOS="913" HPOS="793"/></TextLine>
</TextBlock>
<TextBlock ID="Page1_Block14" HEIGHT="138" WIDTH="264" VPOS="988" HPOS="154" language="de" STYLEREFS="font4">
<TextLine HEIGHT="41" WIDTH="189" VPOS="999" HPOS="169"><String STYLE="bold" WC="0.4133333266" CONTENT="beschneidet;" HEIGHT="41" WIDTH="189" VPOS="999" HPOS="169"/></TextLine>
<TextLine HEIGHT="35" WIDTH="103" VPOS="1039" HPOS="170"><String STYLE="bold" WC="0.4242857099" CONTENT="endlich" HEIGHT="35" WIDTH="103" VPOS="1039" HPOS="170"/></TextLine>
<TextLine HEIGHT="42" WIDTH="232" VPOS="1079" HPOS="169"><String STYLE="bold" WC="0.5199999809" CONTENT="mit" HEIGHT="32" WIDTH="53" VPOS="1079" HPOS="169"/><SP WIDTH="14" VPOS="1079" HPOS="223"/><String STYLE="bold" WC="0.4157142937" CONTENT="permeuc" HEIGHT="42" WIDTH="163" VPOS="1079" HPOS="238"/></TextLine>
</TextBlock>
<TextBlock ID="Page1_Block15" HEIGHT="50" WIDTH="158" VPOS="1160" HPOS="408" language="de" STYLEREFS="font4">
<TextLine HEIGHT="39" WIDTH="136" VPOS="1167" HPOS="424"><String WC="0.3644444346" CONTENT="gesprengt" HEIGHT="39" WIDTH="136" VPOS="1167" HPOS="424"/></TextLine>
</TextBlock>
<TextBlock ID="Page1_Block16" HEIGHT="204" WIDTH="412" VPOS="1162" HPOS="152" language="de"><Shape><Polygon POINTS="152,1162 402,1162 402,1276 564,1276 564,1366 152,1366 152,1162"/></Shape>
<TextLine HEIGHT="39" WIDTH="229" VPOS="1165" HPOS="169"><String STYLEREFS="font4" WC="0.2824999988" CONTENT="oder" HEIGHT="31" WIDTH="66" VPOS="1165" HPOS="169"/><SP WIDTH="13" VPOS="1165" HPOS="236"/><String STYLEREFS="font4" WC="0.4099999964" CONTENT="Leder" HEIGHT="36" WIDTH="112" VPOS="1165" HPOS="250"/><SP WIDTH="18" VPOS="1175" HPOS="363"/><String STYLEREFS="font4" WC="0.1800000072" CONTENT="?" HEIGHT="23" WIDTH="16" VPOS="1181" HPOS="382"/></TextLine>
<TextLine HEIGHT="37" WIDTH="162" VPOS="1204" HPOS="167"><String STYLEREFS="font4" WC="0.4289999902" CONTENT="uderzeugt/" HEIGHT="37" WIDTH="162" VPOS="1204" HPOS="167"/></TextLine>
<TextLine HEIGHT="38" WIDTH="180" VPOS="1243" HPOS="170"><String STYLEREFS="font4" WC="0.4120000005" CONTENT="ausmachet/" HEIGHT="38" WIDTH="180" VPOS="1243" HPOS="170"/></TextLine>
<TextLine HEIGHT="42" WIDTH="389" VPOS="1280" HPOS="170"><String STYLEREFS="font4" WC="0.2533333302" CONTENT="und" HEIGHT="31" WIDTH="58" VPOS="1281" HPOS="170"/><SP WIDTH="7" VPOS="1280" HPOS="229"/><String STYLEREFS="font4" WC="0.3000000119" CONTENT="ihnen" HEIGHT="33" WIDTH="81" VPOS="1280" HPOS="237"/><SP WIDTH="15" VPOS="1290" HPOS="319"/><String STYLEREFS="font4" WC="0.3440000117" CONTENT="anschlaget" HEIGHT="37" WIDTH="151" VPOS="1285" HPOS="335"/><SP WIDTH="19" VPOS="1285" HPOS="487"/><String STYLEREFS="font4" WC="0.5566666722" CONTENT="(10" HEIGHT="36" WIDTH="52" VPOS="1285" HPOS="507"/></TextLine>
<TextLine HEIGHT="45" WIDTH="396" VPOS="1317" HPOS="168"><String STYLEREFS="font4" WC="0.2833333313" CONTENT="die" HEIGHT="36" WIDTH="44" VPOS="1319" HPOS="168"/><SP WIDTH="6" VPOS="1317" HPOS="213"/><String STYLEREFS="font4" WC="0.2731249928" CONTENT="CiaufuvenCWpm.)," HEIGHT="45" WIDTH="344" VPOS="1317" HPOS="220"/></TextLine>
</TextBlock>
<TextBlock ID="Page1_Block17" HEIGHT="330" WIDTH="350" VPOS="646" HPOS="892" language="de" STYLEREFS="font1"><Shape><Polygon POINTS="906,646 1242,646 1242,976 938,976 938,938 904,938 904,904 940,904 940,876 904,876 904,800 906,800 906,770 892,770 892,666 906,666 906,646"/></Shape>
<TextLine HEIGHT="33" WIDTH="289" VPOS="649" HPOS="910"><String WC="0.5585714579" CONTENT="Cojifi&apos;iere.a." HEIGHT="30" WIDTH="145" VPOS="649" HPOS="910"/><SP WIDTH="10" VPOS="660" HPOS="1056"/><String WC="0.5699999928" CONTENT="3." HEIGHT="22" WIDTH="18" VPOS="660" HPOS="1067"/><SP WIDTH="7" VPOS="652" HPOS="1086"/><String WC="0.4777777791" CONTENT="k-&apos;sitc&quot;-" HEIGHT="30" WIDTH="105" VPOS="650" HPOS="1094"/></TextLine>
<TextLine HEIGHT="38" WIDTH="320" VPOS="676" HPOS="909"><String WC="0.5153846145" CONTENT="C6mprimeie,a." HEIGHT="32" WIDTH="190" VPOS="681" HPOS="909"/><SP WIDTH="6" VPOS="691" HPOS="1100"/><String WC="0.1620000005" CONTENT="3.versieg," HEIGHT="38" WIDTH="122" VPOS="676" HPOS="1107"/></TextLine>
<TextLine HEIGHT="36" WIDTH="291" VPOS="707" HPOS="910"><String WC="0.5600000024" CONTENT="Pielnpi,n." HEIGHT="31" WIDTH="125" VPOS="710" HPOS="910"/><String STYLE="bold" STYLEREFS="font0" WC="0.3100000024" CONTENT="2" HEIGHT="14" WIDTH="13" VPOS="722" HPOS="1043"/><String WC="0.4354545474" CONTENT=".öte®rc(T&apos;‘" HEIGHT="36" WIDTH="141" VPOS="707" HPOS="1060"/></TextLine>
<TextLine HEIGHT="36" WIDTH="326" VPOS="740" HPOS="901"><String WC="0.4079999924" CONTENT="|Duo," HEIGHT="27" WIDTH="69" VPOS="743" HPOS="901"/><SP WIDTH="9" VPOS="751" HPOS="971"/><String WC="0.4979999959" CONTENT="a;pl." HEIGHT="32" WIDTH="64" VPOS="744" HPOS="981"/><SP WIDTH="6" VPOS="745" HPOS="1046"/><String WC="0.3514285684" CONTENT="jtpcci!" HEIGHT="28" WIDTH="82" VPOS="745" HPOS="1053"/><SP WIDTH="41" VPOS="740" HPOS="1136"/><String WC="0.2566666603" CONTENT="[6*" HEIGHT="34" WIDTH="49" VPOS="740" HPOS="1178"/></TextLine>
<TextLine HEIGHT="32" WIDTH="320" VPOS="774" HPOS="909"><String WC="0.5669999719" CONTENT="Cochlea,f." HEIGHT="26" WIDTH="136" VPOS="774" HPOS="909"/><SP WIDTH="9" VPOS="783" HPOS="1046"/><String WC="0.51692307" CONTENT="i-dieScl&quot;&apos;!U^" HEIGHT="32" WIDTH="173" VPOS="774" HPOS="1056"/></TextLine>
<TextLine HEIGHT="37" WIDTH="319" VPOS="805" HPOS="909"><String WC="0.4562500119" CONTENT="Dorfiim," HEIGHT="27" WIDTH="103" VPOS="806" HPOS="909"/><SP WIDTH="8" VPOS="816" HPOS="1013"/><String WC="0.6200000048" CONTENT="n." HEIGHT="15" WIDTH="19" VPOS="816" HPOS="1022"/><SP WIDTH="7" VPOS="815" HPOS="1042"/><String STYLE="bold" STYLEREFS="font0" WC="0.25" CONTENT="2" HEIGHT="14" WIDTH="11" VPOS="815" HPOS="1050"/><String WC="1." CONTENT="." HEIGHT="5" WIDTH="4" VPOS="825" HPOS="1066"/><SP WIDTH="17" VPOS="809" HPOS="1071"/><String WC="0.3266666532" CONTENT="der" HEIGHT="26" WIDTH="42" VPOS="809" HPOS="1089"/><SP WIDTH="7" VPOS="810" HPOS="1132"/><String WC="0.395714283" CONTENT="Rsich&apos;&apos;" HEIGHT="37" WIDTH="88" VPOS="805" HPOS="1140"/></TextLine>
<TextLine HEIGHT="45" WIDTH="322" VPOS="834" HPOS="908"><String WC="0.4931249917" CONTENT="Conglutm&amp;re,a.i." HEIGHT="39" WIDTH="224" VPOS="840" HPOS="908"/><SP WIDTH="7" VPOS="845" HPOS="1133"/><String WC="0.5637500286" CONTENT="äuffllÜ&apos;" HEIGHT="38" WIDTH="89" VPOS="834" HPOS="1141"/></TextLine>
<TextLine HEIGHT="36" WIDTH="103" VPOS="869" HPOS="943"><String WC="0.3824999928" CONTENT="Ictmcii." HEIGHT="36" WIDTH="103" VPOS="869" HPOS="943"/></TextLine>
<TextLine HEIGHT="32" WIDTH="323" VPOS="906" HPOS="904" STYLEREFS="font1"><String WC="0.4518181682" CONTENT="iRottindtis" HEIGHT="32" WIDTH="132" VPOS="906" HPOS="904"/><SP WIDTH="16" VPOS="916" HPOS="1037"/><String WC="0.46875" CONTENT="ciilter," HEIGHT="27" WIDTH="86" VPOS="907" HPOS="1054"/><SP WIDTH="21" VPOS="912" HPOS="1141"/><String WC="0.6050000191" CONTENT="m." HEIGHT="16" WIDTH="27" VPOS="912" HPOS="1163"/><SP WIDTH="17" VPOS="912" HPOS="1191"/><String WC="1." CONTENT="—" HEIGHT="8" WIDTH="18" VPOS="912" HPOS="1209"/></TextLine>
<TextLine HEIGHT="34" WIDTH="246" VPOS="937" HPOS="942"><String WC="0.2937499881" CONTENT="verSchuitkbvbkl." HEIGHT="34" WIDTH="246" VPOS="937" HPOS="942"/></TextLine>
</TextBlock>
<TextBlock ID="Page1_Block18" HEIGHT="118" WIDTH="216" VPOS="990" HPOS="572" language="de" STYLEREFS="font2">
<TextLine HEIGHT="39" WIDTH="196" VPOS="996" HPOS="575" STYLEREFS="font4"><String STYLE="bold" WC="0.4054545462" CONTENT="demärginat}" HEIGHT="39" WIDTH="196" VPOS="996" HPOS="575"/></TextLine>
<TextLine HEIGHT="27" WIDTH="116" VPOS="1037" HPOS="578" STYLEREFS="font1"><String WC="0.5771428347" CONTENT="landein" HEIGHT="27" WIDTH="116" VPOS="1037" HPOS="578"/></TextLine>
<TextLine HEIGHT="29" WIDTH="146" VPOS="1075" HPOS="575"><String STYLE="italics" WC="0.2762500048" CONTENT="membränä" HEIGHT="29" WIDTH="146" VPOS="1075" HPOS="575"/></TextLine>
</TextBlock>
<TextBlock ID="Page1_Block19" HEIGHT="50" WIDTH="324" VPOS="1156" HPOS="574" language="de" STYLEREFS="font2">
<TextLine HEIGHT="40" WIDTH="315" VPOS="1162" HPOS="578"><String WC="0.5933333039" CONTENT="vel" HEIGHT="29" WIDTH="46" VPOS="1163" HPOS="578"/><SP WIDTH="18" VPOS="1163" HPOS="625"/><String STYLE="italics" WC="0.5" CONTENT="coriö" HEIGHT="30" WIDTH="63" VPOS="1162" HPOS="644"/><SP WIDTH="10" VPOS="1162" HPOS="708"/><String WC="0.425555557" CONTENT="variegato" HEIGHT="38" WIDTH="144" VPOS="1164" HPOS="719"/><SP WIDTH="12" VPOS="1174" HPOS="864"/><String WC="0.150000006" CONTENT="9" HEIGHT="23" WIDTH="16" VPOS="1178" HPOS="877"/></TextLine>
</TextBlock>
<TextBlock ID="Page1_Block20" HEIGHT="80" WIDTH="330" VPOS="1198" HPOS="414" language="de" STYLEREFS="font2"><Shape><Polygon POINTS="414,1198 696,1198 696,1238 744,1238 744,1278 576,1278 576,1250 414,1250 414,1198"/></Shape>
<TextLine HEIGHT="48" WIDTH="261" VPOS="1202" HPOS="417"><String WC="0.5249999762" CONTENT="(Leder/," HEIGHT="43" WIDTH="155" VPOS="1207" HPOS="417"/><SP WIDTH="4" VPOS="1213" HPOS="573"/><String WC="0.2114285678" CONTENT="vesiic." HEIGHT="33" WIDTH="100" VPOS="1202" HPOS="578"/></TextLine>
<TextLine HEIGHT="33" WIDTH="146" VPOS="1241" HPOS="580"><String WC="0.4177777767" CONTENT="efFormat," HEIGHT="33" WIDTH="146" VPOS="1241" HPOS="580"/></TextLine>
</TextBlock>
<TextBlock ID="Page1_Block21" HEIGHT="80" WIDTH="212" VPOS="1278" HPOS="574" language="de" STYLEREFS="font2">
<TextLine HEIGHT="38" WIDTH="183" VPOS="1282" HPOS="578"><String WC="0.3700000048" CONTENT="Är" HEIGHT="26" WIDTH="25" VPOS="1285" HPOS="578"/><SP WIDTH="7" VPOS="1284" HPOS="604"/><String WC="0.3420000076" CONTENT="illis" HEIGHT="29" WIDTH="54" VPOS="1282" HPOS="612"/><SP WIDTH="7" VPOS="1293" HPOS="667"/><String WC="0.6000000238" CONTENT="affigic" HEIGHT="37" WIDTH="86" VPOS="1283" HPOS="675"/></TextLine>
<TextLine HEIGHT="30" WIDTH="192" VPOS="1323" HPOS="577"><String STYLE="italics" WC="0.3544444442" CONTENT="untinulos" HEIGHT="30" WIDTH="127" VPOS="1323" HPOS="577"/><String WC="0.5799999833" CONTENT="," HEIGHT="12" WIDTH="9" VPOS="1340" HPOS="706"/><SP WIDTH="16" VPOS="1331" HPOS="716"/><String WC="0.6200000048" CONTENT="io" HEIGHT="21" WIDTH="36" VPOS="1331" HPOS="733"/></TextLine>
</TextBlock>
<TextBlock ID="Page1_Block22" HEIGHT="38" WIDTH="50" VPOS="982" HPOS="1192" language="de">
<TextLine HEIGHT="29" WIDTH="36" VPOS="986" HPOS="1195"><String STYLE="italics" STYLEREFS="font4" WC="0.3199999928" CONTENT="W" HEIGHT="29" WIDTH="36" VPOS="986" HPOS="1195"/></TextLine>
</TextBlock>
<TextBlock ID="Page1_Block23" HEIGHT="146" WIDTH="328" VPOS="992" HPOS="906" language="de" STYLEREFS="font1"><Shape><Polygon POINTS="908,992 1118,992 1118,1028 1234,1028 1234,1138 938,1138 938,1106 906,1106 906,1062 908,1062 908,992"/></Shape>
<TextLine HEIGHT="33" WIDTH="207" VPOS="995" HPOS="911"><String WC="0.2933333218" CONTENT="Demarginare," HEIGHT="33" WIDTH="176" VPOS="995" HPOS="911"/><SP WIDTH="24" VPOS="1005" HPOS="1088"/><String WC="0.2399999946" CONTENT="r" HEIGHT="14" WIDTH="5" VPOS="1005" HPOS="1113"/></TextLine>
<TextLine HEIGHT="30" WIDTH="138" VPOS="1028" HPOS="943"><String STYLE="bold" STYLEREFS="font4" WC="0.3580000103" CONTENT="Rimtiöcii." HEIGHT="30" WIDTH="138" VPOS="1028" HPOS="943"/></TextLine>
<TextLine HEIGHT="44" WIDTH="198" VPOS="1062" HPOS="906"><String WC="0.4366666675" CONTENT="[Membrana,f." HEIGHT="44" WIDTH="171" VPOS="1062" HPOS="906"/><SP WIDTH="8" VPOS="1080" HPOS="1078"/><String STYLE="bold" STYLEREFS="font0" WC="0.5699999928" CONTENT="1" HEIGHT="16" WIDTH="8" VPOS="1080" HPOS="1087"/><String WC="0.6000000238" CONTENT="." HEIGHT="7" WIDTH="5" VPOS="1089" HPOS="1099"/></TextLine>
<TextLine HEIGHT="26" WIDTH="85" VPOS="1107" HPOS="941"><String STYLE="bold" STYLEREFS="font3" WC="0.4519999921" CONTENT="ment." HEIGHT="26" WIDTH="85" VPOS="1107" HPOS="941"/></TextLine>
</TextBlock>
<TextBlock ID="Page1_Block24" HEIGHT="248" WIDTH="338" VPOS="1150" HPOS="904" language="de" STYLEREFS="font1"><Shape><Polygon POINTS="904,1150 1242,1150 1242,1398 908,1398 908,1282 906,1282 906,1236 904,1236 904,1150"/></Shape>
<TextLine HEIGHT="35" WIDTH="305" VPOS="1157" HPOS="908"><String WC="0.6511111259" CONTENT="Corium,n." HEIGHT="28" WIDTH="132" VPOS="1162" HPOS="908"/><SP WIDTH="9" VPOS="1170" HPOS="1041"/><String STYLE="bold" STYLEREFS="font0" WC="0.2399999946" CONTENT="2" HEIGHT="17" WIDTH="12" VPOS="1170" HPOS="1051"/><String WC="1." CONTENT="." HEIGHT="6" WIDTH="4" VPOS="1182" HPOS="1067"/><SP WIDTH="8" VPOS="1164" HPOS="1072"/><String WC="0.4966666698" CONTENT="das" HEIGHT="28" WIDTH="47" VPOS="1164" HPOS="1081"/><SP WIDTH="7" VPOS="1161" HPOS="1129"/><String WC="0.2479999959" CONTENT="Leder" HEIGHT="33" WIDTH="76" VPOS="1157" HPOS="1137"/></TextLine>
<TextLine HEIGHT="39" WIDTH="320" VPOS="1198" HPOS="908"><String WC="0.6079999804" CONTENT="Veftire,a." HEIGHT="26" WIDTH="123" VPOS="1206" HPOS="908"/><String WC="0.9100000262" CONTENT="4" HEIGHT="24" WIDTH="16" VPOS="1213" HPOS="1038"/><String WC="1." CONTENT="." HEIGHT="5" WIDTH="4" VPOS="1224" HPOS="1057"/><SP WIDTH="13" VPOS="1203" HPOS="1062"/><String STYLE="bold" STYLEREFS="font3" WC="0.375454545" CONTENT="überiiedeN&apos;" HEIGHT="35" WIDTH="152" VPOS="1198" HPOS="1076"/></TextLine>
<TextLine HEIGHT="43" WIDTH="322" VPOS="1235" HPOS="908" STYLEREFS="font1"><String WC="0.6415384412" CONTENT="Ntkormare,!&gt;," HEIGHT="29" WIDTH="155" VPOS="1249" HPOS="908"/><SP WIDTH="3" VPOS="1257" HPOS="1064"/><String WC="1." CONTENT="1." HEIGHT="16" WIDTH="19" VPOS="1257" HPOS="1068"/><SP WIDTH="2" VPOS="1255" HPOS="1088"/><String WC="0.397777766" CONTENT="aUslNacl!" HEIGHT="37" WIDTH="119" VPOS="1239" HPOS="1091"/><SP WIDTH="2" VPOS="1235" HPOS="1211"/><String WC="0.3700000048" CONTENT="l," HEIGHT="29" WIDTH="16" VPOS="1235" HPOS="1214"/></TextLine>
<TextLine HEIGHT="42" WIDTH="317" VPOS="1284" HPOS="912"><String WC="0.4309090972" CONTENT="Affigere,a." HEIGHT="33" WIDTH="130" VPOS="1293" HPOS="912"/><String STYLE="bold" STYLEREFS="font0" WC="0.25" CONTENT="3" HEIGHT="23" WIDTH="10" VPOS="1301" HPOS="1045"/><String WC="0.5699999928" CONTENT="-" HEIGHT="7" WIDTH="6" VPOS="1307" HPOS="1059"/><SP WIDTH="7" VPOS="1297" HPOS="1066"/><String WC="0.3842857182" CONTENT="öllftlf" HEIGHT="32" WIDTH="70" VPOS="1286" HPOS="1074"/><SP WIDTH="4" VPOS="1284" HPOS="1145"/><String WC="0.3171428442" CONTENT="fafien-" HEIGHT="27" WIDTH="79" VPOS="1284" HPOS="1150"/></TextLine>
<TextLine HEIGHT="36" WIDTH="318" VPOS="1316" HPOS="911"><String WC="0.3744444549" CONTENT="Uncinulus" HEIGHT="26" WIDTH="128" VPOS="1326" HPOS="911"/><SP WIDTH="17" VPOS="1334" HPOS="1040"/><String WC="0.5500000119" CONTENT="." HEIGHT="8" WIDTH="6" VPOS="1341" HPOS="1058"/><SP WIDTH="77" VPOS="1322" HPOS="1065"/><String STYLE="superscript" WC="0.2399999946" CONTENT="2" HEIGHT="15" WIDTH="13" VPOS="1322" HPOS="1143"/><String WC="0.2399999946" CONTENT="." HEIGHT="4" WIDTH="10" VPOS="1346" HPOS="1155"/><SP WIDTH="26" VPOS="1316" HPOS="1166"/><String WC="0.4099999964" CONTENT="die" HEIGHT="25" WIDTH="36" VPOS="1316" HPOS="1193"/></TextLine>
<TextLine HEIGHT="47" WIDTH="303" VPOS="1346" HPOS="927" STYLEREFS="font4"><String WC="0.3605263233" CONTENT="ClaufurldasÄksper-/" HEIGHT="47" WIDTH="303" VPOS="1346" HPOS="927"/></TextLine>
</TextBlock>
<TextBlock ID="Page1_Block25" HEIGHT="87" WIDTH="146" VPOS="1732" HPOS="1096" language="de" STYLEREFS="font5">
<TextLine HEIGHT="70" WIDTH="116" VPOS="1749" HPOS="1113"><String WC="0.6700000167" CONTENT="Das" HEIGHT="70" WIDTH="116" VPOS="1749" HPOS="1113"/></TextLine>
</TextBlock><GraphicalElement ID="Page1_Block26" HEIGHT="17" WIDTH="1048" VPOS="207" HPOS="170"/><GraphicalElement ID="Page1_Block27" HEIGHT="340" WIDTH="7" VPOS="554" HPOS="561"/><GraphicalElement ID="Page1_Block28" HEIGHT="152" WIDTH="8" VPOS="1239" HPOS="562"/><GraphicalElement ID="Page1_Block29" HEIGHT="172" WIDTH="4" VPOS="350" HPOS="563"/><GraphicalElement ID="Page1_Block30" HEIGHT="266" WIDTH="5" VPOS="938" HPOS="567"/><GraphicalElement ID="Page1_Block31" HEIGHT="601" WIDTH="8" VPOS="796" HPOS="900"/>
</PrintSpace>
</Page>
</Layout>
</alto>