﻿<?xml version="1.0" encoding="UTF-8" standalone="yes"?>
<alto xmlns="http://www.loc.gov/standards/alto/ns-v2#" xmlns:xlink="http://www.w3.org/1999/xlink" xmlns:xsi="http://www.w3.org/2001/XMLSchema-instance" xsi:schemaLocation="http://www.loc.gov/standards/alto/ns-v2# http://www.loc.gov/standards/alto/alto-v2.0.xsd">
<Description>
<MeasurementUnit>pixel</MeasurementUnit>
<OCRProcessing ID="IdOcr"><ocrProcessingStep><processingDateTime>2017-03-20</processingDateTime><processingSoftware><softwareCreator>ABBYY</softwareCreator><softwareName>ABBYY FineReader Engine</softwareName><softwareVersion>11</softwareVersion></processingSoftware></ocrProcessingStep></OCRProcessing>
</Description>
<Styles><TextStyle ID="font0" FONTFAMILY="Times New Roman" FONTSIZE="8"/><TextStyle ID="font1" FONTFAMILY="Times New Roman" FONTSIZE="9"/><TextStyle ID="font2" FONTFAMILY="Times New Roman" FONTSIZE="10"/><TextStyle ID="font3" FONTFAMILY="Times New Roman" FONTSIZE="11"/><TextStyle ID="font4" FONTFAMILY="Times New Roman" FONTSIZE="39"/>
</Styles>
<Layout>
<Page ID="Page1" PHYSICAL_IMG_NR="1" HEIGHT="2060" WIDTH="1238">
<PrintSpace HEIGHT="2060" WIDTH="1238" VPOS="0" HPOS="0"><Illustration ID="Page1_Block1" HEIGHT="2060" WIDTH="1238" VPOS="0" HPOS="0"/>
<TextBlock ID="Page1_Block2" HEIGHT="584" WIDTH="271" VPOS="213" HPOS="10" language="de" STYLEREFS="font1">
<TextLine HEIGHT="29" WIDTH="121" VPOS="219" HPOS="18"><String WC="0.3819999993" CONTENT="gant," HEIGHT="29" WIDTH="73" VPOS="219" HPOS="18"/><SP WIDTH="8" VPOS="222" HPOS="92"/><String WC="0.5950000286" CONTENT="m." HEIGHT="18" WIDTH="38" VPOS="222" HPOS="101"/></TextLine>
<TextLine HEIGHT="40" WIDTH="228" VPOS="254" HPOS="18"><String WC="0.3829999864" CONTENT="gantelets," HEIGHT="36" WIDTH="140" VPOS="254" HPOS="18"/><SP WIDTH="11" VPOS="265" HPOS="159"/><String WC="0.6200000048" CONTENT="p,m." HEIGHT="29" WIDTH="75" VPOS="265" HPOS="171"/></TextLine>
<TextLine HEIGHT="38" WIDTH="166" VPOS="294" HPOS="19"><String WC="0.5249999762" CONTENT="garce," HEIGHT="28" WIDTH="87" VPOS="304" HPOS="19"/><SP WIDTH="11" VPOS="294" HPOS="107"/><String WC="0.5849999785" CONTENT="f." HEIGHT="30" WIDTH="21" VPOS="294" HPOS="119"/><SP WIDTH="34" VPOS="300" HPOS="141"/><String WC="0.6600000262" CONTENT="&apos;" HEIGHT="17" WIDTH="9" VPOS="300" HPOS="176"/></TextLine>
<TextLine HEIGHT="30" WIDTH="162" VPOS="346" HPOS="19"><String WC="0.5724999905" CONTENT="garijon." HEIGHT="30" WIDTH="111" VPOS="346" HPOS="19"/><SP WIDTH="8" VPOS="348" HPOS="131"/><String WC="0.3600000143" CONTENT="m." HEIGHT="19" WIDTH="41" VPOS="348" HPOS="140"/></TextLine>
<TextLine HEIGHT="31" WIDTH="210" VPOS="387" HPOS="17"><String WC="0.5519999862" CONTENT="gar^onnct," HEIGHT="31" WIDTH="159" VPOS="387" HPOS="17"/><SP WIDTH="11" VPOS="389" HPOS="177"/><String WC="0.2899999917" CONTENT="m»" HEIGHT="19" WIDTH="38" VPOS="389" HPOS="189"/></TextLine>
<TextLine HEIGHT="35" WIDTH="225" VPOS="421" HPOS="18"><String WC="0.3433333337" CONTENT="garde-" HEIGHT="33" WIDTH="96" VPOS="423" HPOS="18"/><SP WIDTH="8" VPOS="421" HPOS="115"/><String WC="0.3459999859" CONTENT="bras." HEIGHT="29" WIDTH="68" VPOS="421" HPOS="124"/><SP WIDTH="9" VPOS="431" HPOS="193"/><String WC="0.2949999869" CONTENT="m," HEIGHT="22" WIDTH="40" VPOS="431" HPOS="203"/></TextLine>
<TextLine HEIGHT="38" WIDTH="123" VPOS="462" HPOS="20"><String WC="0.3899999857" CONTENT="garde." HEIGHT="37" WIDTH="88" VPOS="463" HPOS="20"/><SP WIDTH="11" VPOS="462" HPOS="109"/><String WC="0.4199999869" CONTENT="f." HEIGHT="29" WIDTH="22" VPOS="462" HPOS="121"/></TextLine>
<TextLine HEIGHT="39" WIDTH="222" VPOS="504" HPOS="17"><String WC="0.2399999946" CONTENT="~" HEIGHT="8" WIDTH="15" VPOS="517" HPOS="17"/><SP WIDTH="40" VPOS="517" HPOS="33"/><String WC="0.3700000048" CONTENT="-" HEIGHT="7" WIDTH="11" VPOS="523" HPOS="74"/><SP WIDTH="41" VPOS="504" HPOS="86"/><String WC="0.5" CONTENT="d’" HEIGHT="29" WIDTH="24" VPOS="504" HPOS="128"/><SP WIDTH="9" VPOS="512" HPOS="153"/><String WC="0.2140000015" CONTENT="epee." HEIGHT="29" WIDTH="76" VPOS="514" HPOS="163"/></TextLine>
<TextLine HEIGHT="35" WIDTH="247" VPOS="547" HPOS="18"><String WC="1." CONTENT="-" HEIGHT="6" WIDTH="11" VPOS="559" HPOS="18"/><SP WIDTH="43" VPOS="559" HPOS="30"/><String WC="1." CONTENT="-" HEIGHT="7" WIDTH="14" VPOS="561" HPOS="74"/><SP WIDTH="40" VPOS="547" HPOS="89"/><String WC="0.150000006" CONTENT="de" HEIGHT="27" WIDTH="31" VPOS="547" HPOS="130"/><SP WIDTH="9" VPOS="556" HPOS="162"/><String WC="0.3983333409" CONTENT="corps," HEIGHT="29" WIDTH="93" VPOS="553" HPOS="172"/></TextLine>
<TextLine HEIGHT="41" WIDTH="213" VPOS="585" HPOS="17"><String WC="0.2349999994" CONTENT="le" HEIGHT="30" WIDTH="24" VPOS="585" HPOS="17"/><SP WIDTH="10" VPOS="598" HPOS="42"/><String WC="0.2939999998" CONTENT="corps" HEIGHT="29" WIDTH="79" VPOS="597" HPOS="53"/><SP WIDTH="9" VPOS="588" HPOS="133"/><String WC="0.6349999905" CONTENT="de" HEIGHT="27" WIDTH="31" VPOS="588" HPOS="143"/><SP WIDTH="40" VPOS="597" HPOS="175"/><String WC="1." CONTENT="-" HEIGHT="8" WIDTH="14" VPOS="602" HPOS="216"/></TextLine>
<TextLine HEIGHT="31" WIDTH="242" VPOS="627" HPOS="17"><String WC="0.1650000066" CONTENT="fe" HEIGHT="30" WIDTH="24" VPOS="627" HPOS="17"/><SP WIDTH="11" VPOS="630" HPOS="42"/><String WC="0.1683333367" CONTENT="donner" HEIGHT="28" WIDTH="108" VPOS="630" HPOS="54"/><SP WIDTH="8" VPOS="628" HPOS="163"/><String WC="0.1850000024" CONTENT="de" HEIGHT="28" WIDTH="34" VPOS="628" HPOS="172"/><SP WIDTH="41" VPOS="638" HPOS="207"/><String WC="0.5799999833" CONTENT="-" HEIGHT="7" WIDTH="10" VPOS="643" HPOS="249"/></TextLine>
<TextLine HEIGHT="38" WIDTH="256" VPOS="672" HPOS="19"><String STYLEREFS="font2" WC="0." CONTENT="y" HEIGHT="28" WIDTH="16" VPOS="680" HPOS="19"/><SP WIDTH="10" VPOS="680" HPOS="36"/><String WC="0.1928571463" CONTENT="prendre" HEIGHT="38" WIDTH="114" VPOS="672" HPOS="47"/><SP WIDTH="42" VPOS="681" HPOS="162"/><String WC="1." CONTENT="-" HEIGHT="6" WIDTH="13" VPOS="687" HPOS="205"/><SP WIDTH="40" VPOS="684" HPOS="219"/><String WC="0.5500000119" CONTENT="-" HEIGHT="8" WIDTH="15" VPOS="684" HPOS="260"/></TextLine>
<TextLine HEIGHT="37" WIDTH="254" VPOS="714" HPOS="21"><String WC="0.4480000138" CONTENT="garde" HEIGHT="36" WIDTH="82" VPOS="714" HPOS="21"/><SP WIDTH="9" VPOS="724" HPOS="104"/><String WC="0.3100000024" CONTENT="manger," HEIGHT="28" WIDTH="121" VPOS="723" HPOS="114"/><SP WIDTH="10" VPOS="722" HPOS="236"/><String WC="0.1400000006" CONTENT="m" HEIGHT="20" WIDTH="28" VPOS="722" HPOS="247"/></TextLine>
<TextLine HEIGHT="37" WIDTH="262" VPOS="756" HPOS="19"><String WC="0.3742857277" CONTENT="garder." HEIGHT="35" WIDTH="103" VPOS="756" HPOS="19"/><SP WIDTH="38" VPOS="767" HPOS="123"/><String STYLE="smallcaps" WC="0.4442857206" CONTENT="ioj.ij;" HEIGHT="29" WIDTH="119" VPOS="764" HPOS="162"/></TextLine>
</TextBlock>
<TextBlock ID="Page1_Block3" HEIGHT="677" WIDTH="580" VPOS="217" HPOS="442" language="de" STYLEREFS="font1">
<TextLine HEIGHT="56" WIDTH="560" VPOS="218" HPOS="456" STYLEREFS="font2"><String WC="0.3166666627" CONTENT="241" HEIGHT="31" WIDTH="55" VPOS="218" HPOS="456"/><SP WIDTH="12" VPOS="219" HPOS="512"/><String WC="0.4742857218" CONTENT="gemeau," HEIGHT="30" WIDTH="121" VPOS="222" HPOS="525"/><SP WIDTH="12" VPOS="226" HPOS="647"/><String WC="0.3199999928" CONTENT="m." HEIGHT="24" WIDTH="41" VPOS="226" HPOS="660"/><SP WIDTH="244" VPOS="238" HPOS="702"/><String WC="0.2300000042" CONTENT="469" HEIGHT="41" WIDTH="69" VPOS="233" HPOS="947"/></TextLine>
<TextLine HEIGHT="55" WIDTH="569" VPOS="260" HPOS="448" STYLEREFS="font2"><String WC="0.1766666621" CONTENT="549" HEIGHT="30" WIDTH="64" VPOS="260" HPOS="448"/><SP WIDTH="9" VPOS="262" HPOS="513"/><String WC="0.5230769515" CONTENT="gemeaiix.p.m," HEIGHT="36" WIDTH="222" VPOS="263" HPOS="523"/><SP WIDTH="203" VPOS="282" HPOS="746"/><String WC="0.1466666609" CONTENT="399" HEIGHT="33" WIDTH="67" VPOS="282" HPOS="950"/></TextLine>
<TextLine HEIGHT="56" WIDTH="567" VPOS="298" HPOS="453" STYLEREFS="font2"><String WC="0.2899999917" CONTENT="4}9gemir," HEIGHT="37" WIDTH="163" VPOS="298" HPOS="453"/><SP WIDTH="358" VPOS="319" HPOS="617"/><String WC="0.8199999928" CONTENT="87" HEIGHT="34" WIDTH="44" VPOS="320" HPOS="976"/></TextLine>
<TextLine HEIGHT="58" WIDTH="576" VPOS="339" HPOS="445" STYLEREFS="font2"><String WC="0.3899999857" CONTENT="475" HEIGHT="30" WIDTH="66" VPOS="342" HPOS="445"/><SP WIDTH="10" VPOS="343" HPOS="512"/><String WC="0.5680000186" CONTENT="gcnd&apos;" HEIGHT="37" WIDTH="78" VPOS="339" HPOS="523"/><SP WIDTH="8" VPOS="340" HPOS="602"/><String WC="0.4499999881" CONTENT="arme," HEIGHT="23" WIDTH="81" VPOS="349" HPOS="611"/><SP WIDTH="9" VPOS="355" HPOS="693"/><String WC="0.6349999905" CONTENT="m»" HEIGHT="25" WIDTH="42" VPOS="355" HPOS="703"/><SP WIDTH="206" VPOS="364" HPOS="746"/><String WC="3.999999911e-002" CONTENT="5" HEIGHT="32" WIDTH="20" VPOS="364" HPOS="953"/><SP WIDTH="2" VPOS="364" HPOS="974"/><String WC="0.6999999881" CONTENT="4" HEIGHT="32" WIDTH="20" VPOS="365" HPOS="977"/><SP WIDTH="1" VPOS="365" HPOS="998"/><String WC="0." CONTENT="9" HEIGHT="31" WIDTH="21" VPOS="366" HPOS="1000"/></TextLine>
<TextLine HEIGHT="59" WIDTH="574" VPOS="380" HPOS="446" STYLEREFS="font2"><String STYLE="bold" WC="0.3866666555" CONTENT="•J3" HEIGHT="28" WIDTH="43" VPOS="384" HPOS="446"/><SP WIDTH="7" VPOS="384" HPOS="490"/><String STYLE="bold" STYLEREFS="font3" WC="0.25" CONTENT="3" HEIGHT="28" WIDTH="12" VPOS="384" HPOS="498"/><String STYLE="bold" WC="0.5233333111" CONTENT="jg^ne." HEIGHT="39" WIDTH="83" VPOS="381" HPOS="517"/><SP WIDTH="10" VPOS="380" HPOS="601"/><String STYLE="bold" STYLEREFS="font3" WC="0.9800000191" CONTENT="5" HEIGHT="30" WIDTH="16" VPOS="380" HPOS="612"/><String STYLE="bold" WC="1." CONTENT="." HEIGHT="6" WIDTH="6" VPOS="404" HPOS="625"/><SP WIDTH="318" VPOS="404" HPOS="632"/><String STYLE="bold" WC="0.1266666651" CONTENT="489" HEIGHT="37" WIDTH="69" VPOS="402" HPOS="951"/></TextLine>
<TextLine HEIGHT="55" WIDTH="565" VPOS="423" HPOS="456" STYLEREFS="font2"><String STYLE="bold" STYLEREFS="font1" WC="0.3799999952" CONTENT="549" HEIGHT="29" WIDTH="57" VPOS="425" HPOS="456"/><SP WIDTH="9" VPOS="423" HPOS="514"/><String WC="0.5062500238" CONTENT="General," HEIGHT="31" WIDTH="123" VPOS="423" HPOS="524"/><SP WIDTH="9" VPOS="436" HPOS="648"/><String STYLE="italics" WC="0.4900000095" CONTENT="adj," HEIGHT="36" WIDTH="54" VPOS="425" HPOS="658"/><SP WIDTH="12" VPOS="438" HPOS="713"/><String WC="0.2899999917" CONTENT="m." HEIGHT="21" WIDTH="38" VPOS="438" HPOS="726"/><SP WIDTH="184" VPOS="446" HPOS="765"/><String WC="0.3000000119" CONTENT="547" HEIGHT="32" WIDTH="71" VPOS="446" HPOS="950"/></TextLine>
<TextLine HEIGHT="54" WIDTH="566" VPOS="465" HPOS="457"><String WC="0.3000000119" CONTENT="45" HEIGHT="30" WIDTH="36" VPOS="468" HPOS="457"/><String STYLE="bold" WC="0.2700000107" CONTENT="5" HEIGHT="24" WIDTH="9" VPOS="472" HPOS="500"/><SP WIDTH="13" VPOS="465" HPOS="510"/><String WC="0.46875" CONTENT="General." HEIGHT="29" WIDTH="125" VPOS="465" HPOS="524"/><String STYLE="italics" WC="0.6083333492" CONTENT="fubft." HEIGHT="41" WIDTH="77" VPOS="467" HPOS="655"/><SP WIDTH="140" VPOS="481" HPOS="733"/><String STYLE="bold" WC="0.4474999905" CONTENT="559&quot;" HEIGHT="35" WIDTH="75" VPOS="481" HPOS="874"/><SP WIDTH="11" VPOS="489" HPOS="950"/><String WC="0.4433333278" CONTENT="5^5" HEIGHT="34" WIDTH="61" VPOS="485" HPOS="962"/></TextLine>
<TextLine HEIGHT="49" WIDTH="563" VPOS="510" HPOS="458"><String WC="0.2533333302" CONTENT="ffi" HEIGHT="28" WIDTH="54" VPOS="510" HPOS="458"/><SP WIDTH="10" VPOS="511" HPOS="513"/><String WC="0.4575000107" CONTENT="genevre." HEIGHT="28" WIDTH="125" VPOS="517" HPOS="524"/><SP WIDTH="7" VPOS="519" HPOS="650"/><String WC="0.275000006" CONTENT="m." HEIGHT="25" WIDTH="41" VPOS="519" HPOS="658"/><SP WIDTH="278" VPOS="530" HPOS="700"/><String WC="0.4300000072" CONTENT="57" HEIGHT="32" WIDTH="42" VPOS="527" HPOS="979"/></TextLine>
<TextLine HEIGHT="48" WIDTH="565" VPOS="550" HPOS="457"><String WC="0.9599999785" CONTENT="55" HEIGHT="28" WIDTH="33" VPOS="550" HPOS="457"/><SP WIDTH="8" VPOS="550" HPOS="491"/><String WC="0.9200000167" CONTENT="5" HEIGHT="25" WIDTH="12" VPOS="552" HPOS="500"/><SP WIDTH="10" VPOS="552" HPOS="513"/><String WC="0.7811111212" CONTENT="genou.rn»" HEIGHT="29" WIDTH="151" VPOS="558" HPOS="524"/><SP WIDTH="281" VPOS="568" HPOS="676"/><String WC="0.2300000042" CONTENT="149" HEIGHT="30" WIDTH="64" VPOS="568" HPOS="958"/></TextLine>
<TextLine HEIGHT="49" WIDTH="564" VPOS="592" HPOS="458"><String WC="0.3199999928" CONTENT="5" HEIGHT="27" WIDTH="12" VPOS="594" HPOS="458"/><String WC="0.5199999809" CONTENT=")&apos;J" HEIGHT="29" WIDTH="31" VPOS="592" HPOS="478"/><SP WIDTH="12" VPOS="592" HPOS="510"/><String WC="0.4237500131" CONTENT="agenom?." HEIGHT="30" WIDTH="143" VPOS="600" HPOS="523"/><SP WIDTH="206" VPOS="608" HPOS="667"/><String WC="0.4099999964" CONTENT="445.569" HEIGHT="40" WIDTH="148" VPOS="601" HPOS="874"/></TextLine>
<TextLine HEIGHT="45" WIDTH="561" VPOS="634" HPOS="455"><String WC="0.4933333397" CONTENT="317" HEIGHT="28" WIDTH="57" VPOS="636" HPOS="455"/><SP WIDTH="8" VPOS="636" HPOS="513"/><String WC="0.4118181765" CONTENT="genouillet»" HEIGHT="37" WIDTH="160" VPOS="634" HPOS="522"/><SP WIDTH="7" VPOS="645" HPOS="683"/><String WC="0.5" CONTENT="m." HEIGHT="20" WIDTH="40" VPOS="645" HPOS="691"/><SP WIDTH="241" VPOS="649" HPOS="732"/><String WC="0.3600000143" CONTENT="7" HEIGHT="30" WIDTH="22" VPOS="649" HPOS="974"/><String STYLE="superscript" WC="0.5400000215" CONTENT="1" HEIGHT="21" WIDTH="13" VPOS="652" HPOS="1003"/></TextLine>
<TextLine HEIGHT="48" WIDTH="565" VPOS="677" HPOS="457"><String WC="0.25" CONTENT=";rs" HEIGHT="28" WIDTH="53" VPOS="677" HPOS="457"/><SP WIDTH="10" VPOS="679" HPOS="511"/><String WC="0.6633333564" CONTENT="agerioux." HEIGHT="29" WIDTH="144" VPOS="685" HPOS="522"/><SP WIDTH="199" VPOS="690" HPOS="667"/><String WC="0.3628571332" CONTENT="445.569" HEIGHT="42" WIDTH="155" VPOS="683" HPOS="867"/></TextLine>
<TextLine HEIGHT="44" WIDTH="558" VPOS="719" HPOS="455"><String STYLE="superscript" WC="0.2399999946" CONTENT="3" HEIGHT="19" WIDTH="13" VPOS="719" HPOS="455"/><String WC="0.6700000167" CONTENT="75" HEIGHT="30" WIDTH="38" VPOS="719" HPOS="472"/><String WC="0.5037500262" CONTENT="genre.m." HEIGHT="31" WIDTH="136" VPOS="726" HPOS="521"/><SP WIDTH="290" VPOS="734" HPOS="658"/><String WC="0.2949999869" CONTENT="46" HEIGHT="37" WIDTH="44" VPOS="726" HPOS="949"/><String STYLE="superscript italics" WC="0.3300000131" CONTENT="1" HEIGHT="20" WIDTH="11" VPOS="733" HPOS="1002"/></TextLine>
<TextLine HEIGHT="43" WIDTH="566" VPOS="752" HPOS="452"><String WC="0.4699999988" CONTENT="569" HEIGHT="36" WIDTH="59" VPOS="752" HPOS="452"/><SP WIDTH="12" VPOS="762" HPOS="512"/><String WC="0.6299999952" CONTENT="-" HEIGHT="6" WIDTH="7" VPOS="776" HPOS="525"/><SP WIDTH="40" VPOS="775" HPOS="533"/><String WC="0.5500000119" CONTENT="-" HEIGHT="6" WIDTH="11" VPOS="775" HPOS="574"/><SP WIDTH="43" VPOS="761" HPOS="586"/><String WC="0.3528571427" CONTENT="humain." HEIGHT="31" WIDTH="121" VPOS="761" HPOS="630"/><SP WIDTH="199" VPOS="768" HPOS="752"/><String WC="0.3639999926" CONTENT="ibid." HEIGHT="30" WIDTH="66" VPOS="765" HPOS="952"/></TextLine>
<TextLine HEIGHT="44" WIDTH="563" VPOS="802" HPOS="453"><String WC="0.3600000143" CONTENT="4" HEIGHT="26" WIDTH="19" VPOS="803" HPOS="453"/><String STYLE="superscript" WC="0.2399999946" CONTENT="a" HEIGHT="18" WIDTH="15" VPOS="804" HPOS="476"/><String WC="0.4199999869" CONTENT="7" HEIGHT="25" WIDTH="12" VPOS="807" HPOS="496"/><String WC="0.3779999912" CONTENT="gen$." HEIGHT="30" WIDTH="78" VPOS="811" HPOS="522"/><SP WIDTH="8" VPOS="802" HPOS="601"/><String WC="0.5299999714" CONTENT="f." HEIGHT="29" WIDTH="21" VPOS="802" HPOS="610"/><SP WIDTH="315" VPOS="817" HPOS="632"/><String WC="0.3133333325" CONTENT="455" HEIGHT="30" WIDTH="68" VPOS="816" HPOS="948"/></TextLine>
<TextLine HEIGHT="49" WIDTH="561" VPOS="839" HPOS="456" STYLEREFS="font1"><String WC="0.4199999869" CONTENT="-87" HEIGHT="33" WIDTH="55" VPOS="839" HPOS="456"/><SP WIDTH="9" VPOS="845" HPOS="512"/><String WC="1." CONTENT="-" HEIGHT="7" WIDTH="12" VPOS="859" HPOS="522"/><SP WIDTH="41" VPOS="859" HPOS="535"/><String WC="1." CONTENT="-" HEIGHT="7" WIDTH="14" VPOS="859" HPOS="577"/><SP WIDTH="43" VPOS="844" HPOS="592"/><String WC="0.625" CONTENT="de" HEIGHT="30" WIDTH="32" VPOS="844" HPOS="636"/><SP WIDTH="8" VPOS="844" HPOS="669"/><String WC="0.5199999809" CONTENT="bien" HEIGHT="32" WIDTH="66" VPOS="844" HPOS="678"/><SP WIDTH="5" VPOS="845" HPOS="745"/><String WC="0.3770000041" CONTENT="(craignans" HEIGHT="43" WIDTH="159" VPOS="845" HPOS="751"/><SP WIDTH="6" VPOS="849" HPOS="911"/><String WC="0.6875" CONTENT="Dien" HEIGHT="29" WIDTH="71" VPOS="849" HPOS="918"/><SP WIDTH="10" VPOS="850" HPOS="990"/><String WC="0.1700000018" CONTENT=")" HEIGHT="34" WIDTH="16" VPOS="850" HPOS="1001"/></TextLine>
</TextBlock>
<TextBlock ID="Page1_Block4" HEIGHT="467" WIDTH="299" VPOS="830" HPOS="7" language="de" STYLEREFS="font1">
<TextLine HEIGHT="38" WIDTH="213" VPOS="835" HPOS="17"><String WC="0.5172727108" CONTENT="garderobbe," HEIGHT="36" WIDTH="178" VPOS="837" HPOS="17"/><SP WIDTH="13" VPOS="835" HPOS="196"/><String WC="0.6349999905" CONTENT="f." HEIGHT="30" WIDTH="20" VPOS="835" HPOS="210"/></TextLine>
<TextLine HEIGHT="31" WIDTH="173" VPOS="879" HPOS="19"><String WC="0.6349999905" CONTENT="Gafdien.m." HEIGHT="31" WIDTH="173" VPOS="879" HPOS="19"/></TextLine>
<TextLine HEIGHT="32" WIDTH="131" VPOS="926" HPOS="17"><String WC="0.2866666615" CONTENT="garentir." HEIGHT="32" WIDTH="131" VPOS="926" HPOS="17"/></TextLine>
<TextLine HEIGHT="34" WIDTH="129" VPOS="965" HPOS="18"><String WC="0.4271428585" CONTENT="garite," HEIGHT="32" WIDTH="93" VPOS="967" HPOS="18"/><SP WIDTH="11" VPOS="965" HPOS="112"/><String WC="0.4199999869" CONTENT="f." HEIGHT="30" WIDTH="23" VPOS="965" HPOS="124"/></TextLine>
<TextLine HEIGHT="31" WIDTH="217" VPOS="1009" HPOS="16"><String WC="0.5281817913" CONTENT="garnernent." HEIGHT="31" WIDTH="167" VPOS="1009" HPOS="16"/><SP WIDTH="7" VPOS="1010" HPOS="184"/><String WC="0.4399999976" CONTENT="m." HEIGHT="20" WIDTH="41" VPOS="1010" HPOS="192"/></TextLine>
<TextLine HEIGHT="31" WIDTH="96" VPOS="1051" HPOS="15"><String WC="0.5185714364" CONTENT="garnir." HEIGHT="31" WIDTH="96" VPOS="1051" HPOS="15"/></TextLine>
<TextLine HEIGHT="29" WIDTH="150" VPOS="1096" HPOS="16"><String WC="0.4271428585" CONTENT="garrot." HEIGHT="29" WIDTH="100" VPOS="1096" HPOS="16"/><SP WIDTH="9" VPOS="1100" HPOS="117"/><String WC="0.3849999905" CONTENT="m," HEIGHT="19" WIDTH="39" VPOS="1100" HPOS="127"/></TextLine>
<TextLine HEIGHT="38" WIDTH="130" VPOS="1133" HPOS="14"><String WC="0.3170000017" CONTENT="gafpiller." HEIGHT="38" WIDTH="130" VPOS="1133" HPOS="14"/></TextLine>
<TextLine HEIGHT="36" WIDTH="154" VPOS="1171" HPOS="13"><String WC="0.4414285719" CONTENT="gäteau." HEIGHT="36" WIDTH="107" VPOS="1171" HPOS="13"/><SP WIDTH="5" VPOS="1184" HPOS="121"/><String WC="0.5899999738" CONTENT="m." HEIGHT="18" WIDTH="40" VPOS="1184" HPOS="127"/></TextLine>
<TextLine HEIGHT="33" WIDTH="82" VPOS="1215" HPOS="14"><String WC="0.4600000083" CONTENT="glter." HEIGHT="33" WIDTH="82" VPOS="1215" HPOS="14"/></TextLine>
<TextLine HEIGHT="39" WIDTH="291" VPOS="1251" HPOS="15" STYLEREFS="font1"><String WC="0.4662500024" CONTENT="gairche." HEIGHT="32" WIDTH="111" VPOS="1258" HPOS="15"/><SP WIDTH="8" VPOS="1266" HPOS="127"/><String STYLE="italics" WC="0.3300000131" CONTENT="adj." HEIGHT="39" WIDTH="53" VPOS="1251" HPOS="136"/><SP WIDTH="7" VPOS="1253" HPOS="190"/><String STYLE="italics" WC="0.4350000024" CONTENT="Scßibfi," HEIGHT="38" WIDTH="108" VPOS="1252" HPOS="198"/></TextLine>
</TextBlock>
<TextBlock ID="Page1_Block5" HEIGHT="553" WIDTH="248" VPOS="920" HPOS="510" language="de" STYLEREFS="font1">
<TextLine HEIGHT="37" WIDTH="234" VPOS="926" HPOS="524"><String WC="0.4900000095" CONTENT="-" HEIGHT="5" WIDTH="12" VPOS="943" HPOS="524"/><SP WIDTH="39" VPOS="943" HPOS="537"/><String WC="1." CONTENT="-" HEIGHT="6" WIDTH="13" VPOS="945" HPOS="577"/><SP WIDTH="40" VPOS="926" HPOS="591"/><String WC="0.125" CONTENT="de" HEIGHT="31" WIDTH="32" VPOS="926" HPOS="632"/><SP WIDTH="10" VPOS="936" HPOS="665"/><String WC="0.4485714138" CONTENT="tralic," HEIGHT="35" WIDTH="82" VPOS="928" HPOS="676"/></TextLine>
<TextLine HEIGHT="41" WIDTH="237" VPOS="968" HPOS="521"><String WC="0.5885714293" CONTENT="gentil," HEIGHT="40" WIDTH="97" VPOS="968" HPOS="521"/><SP WIDTH="8" VPOS="982" HPOS="619"/><String STYLE="italics" WC="0.3414285779" CONTENT="adjtci." HEIGHT="39" WIDTH="91" VPOS="970" HPOS="628"/><SP WIDTH="11" VPOS="983" HPOS="720"/><String WC="0.200000003" CONTENT="m" HEIGHT="18" WIDTH="26" VPOS="983" HPOS="732"/></TextLine>
<TextLine HEIGHT="36" WIDTH="237" VPOS="1013" HPOS="521"><String WC="0.8799999952" CONTENT="-" HEIGHT="5" WIDTH="12" VPOS="1027" HPOS="521"/><SP WIDTH="42" VPOS="1027" HPOS="534"/><String WC="1." CONTENT="-" HEIGHT="5" WIDTH="11" VPOS="1029" HPOS="577"/><SP WIDTH="39" VPOS="1013" HPOS="589"/><String WC="0.3433333337" CONTENT="homme," HEIGHT="36" WIDTH="129" VPOS="1013" HPOS="629"/></TextLine>
<TextLine HEIGHT="38" WIDTH="224" VPOS="1054" HPOS="521"><String WC="0.6842857003" CONTENT="gentil." HEIGHT="36" WIDTH="91" VPOS="1054" HPOS="521"/><SP WIDTH="9" VPOS="1057" HPOS="613"/><String STYLE="italics" WC="0.7400000095" CONTENT="fubft." HEIGHT="37" WIDTH="70" VPOS="1055" HPOS="623"/><SP WIDTH="8" VPOS="1066" HPOS="694"/><String WC="0.3799999952" CONTENT="m," HEIGHT="24" WIDTH="42" VPOS="1066" HPOS="703"/></TextLine>
<TextLine HEIGHT="30" WIDTH="197" VPOS="1104" HPOS="521"><String WC="0.4577777684" CONTENT="geometre." HEIGHT="30" WIDTH="146" VPOS="1104" HPOS="521"/><SP WIDTH="9" VPOS="1108" HPOS="668"/><String WC="0.6549999714" CONTENT="m." HEIGHT="19" WIDTH="40" VPOS="1108" HPOS="678"/></TextLine>
<TextLine HEIGHT="38" WIDTH="187" VPOS="1139" HPOS="520"><String WC="0.4727272689" CONTENT="geotnetrie." HEIGHT="38" WIDTH="155" VPOS="1139" HPOS="520"/><SP WIDTH="8" VPOS="1139" HPOS="676"/><String STYLE="italics" WC="0.3600000143" CONTENT="f." HEIGHT="30" WIDTH="22" VPOS="1139" HPOS="685"/></TextLine>
<TextLine HEIGHT="36" WIDTH="229" VPOS="1183" HPOS="519"><String WC="0.5184615254" CONTENT="geometriejue." HEIGHT="36" WIDTH="195" VPOS="1183" HPOS="519"/><SP WIDTH="7" VPOS="1189" HPOS="715"/><String WC="0.275000006" CONTENT="c«" HEIGHT="20" WIDTH="25" VPOS="1189" HPOS="723"/></TextLine>
<TextLine HEIGHT="39" WIDTH="121" VPOS="1220" HPOS="519"><String WC="0.2983333468" CONTENT="gerbe," HEIGHT="39" WIDTH="87" VPOS="1220" HPOS="519"/><SP WIDTH="11" VPOS="1220" HPOS="607"/><String STYLE="italics" WC="0.400000006" CONTENT="f." HEIGHT="27" WIDTH="21" VPOS="1220" HPOS="619"/></TextLine>
<TextLine HEIGHT="37" WIDTH="189" VPOS="1261" HPOS="518"><String WC="0.34375" CONTENT="Germain," HEIGHT="32" WIDTH="138" VPOS="1261" HPOS="518"/><SP WIDTH="8" VPOS="1272" HPOS="657"/><String STYLE="italics" WC="0.375" CONTENT="m," HEIGHT="26" WIDTH="41" VPOS="1272" HPOS="666"/></TextLine>
<TextLine HEIGHT="42" WIDTH="221" VPOS="1302" HPOS="517" STYLEREFS="font1"><String STYLE="bold" WC="0.3545454443" CONTENT="getmandree," HEIGHT="41" WIDTH="190" VPOS="1302" HPOS="517"/><SP WIDTH="6" VPOS="1307" HPOS="708"/><String STYLE="italics" WC="0.4900000095" CONTENT="f" HEIGHT="32" WIDTH="15" VPOS="1307" HPOS="715"/><String STYLE="italics" WC="1." CONTENT="," HEIGHT="12" WIDTH="10" VPOS="1332" HPOS="728"/></TextLine>
<TextLine HEIGHT="32" WIDTH="114" VPOS="1353" HPOS="515" STYLEREFS="font1"><String WC="0.4742857218" CONTENT="germ?r." HEIGHT="32" WIDTH="114" VPOS="1353" HPOS="515"/></TextLine>
<TextLine HEIGHT="42" WIDTH="113" VPOS="1385" HPOS="517" STYLEREFS="font1"><String WC="0.5316666961" CONTENT="gerle." HEIGHT="42" WIDTH="79" VPOS="1385" HPOS="517"/><SP WIDTH="12" VPOS="1389" HPOS="597"/><String WC="0.4650000036" CONTENT="f." HEIGHT="27" WIDTH="20" VPOS="1389" HPOS="610"/></TextLine>
<TextLine HEIGHT="38" WIDTH="134" VPOS="1429" HPOS="516" STYLEREFS="font1"><String WC="0.646666646" CONTENT="gefte*" HEIGHT="38" WIDTH="81" VPOS="1429" HPOS="516"/><SP WIDTH="10" VPOS="1437" HPOS="598"/><String WC="0.4449999928" CONTENT="M," HEIGHT="25" WIDTH="41" VPOS="1437" HPOS="609"/></TextLine>
</TextBlock>
<TextBlock ID="Page1_Block6" HEIGHT="175" WIDTH="171" VPOS="1332" HPOS="6" language="de" STYLEREFS="font1">
<TextLine HEIGHT="34" WIDTH="116" VPOS="1340" HPOS="13"><String WC="0.3183333278" CONTENT="gaule," HEIGHT="31" WIDTH="84" VPOS="1343" HPOS="13"/><SP WIDTH="9" VPOS="1340" HPOS="98"/><String WC="0.3899999857" CONTENT="f." HEIGHT="31" WIDTH="21" VPOS="1340" HPOS="108"/></TextLine>
<TextLine HEIGHT="32" WIDTH="127" VPOS="1384" HPOS="12"><String WC="0.417142868" CONTENT="gäicte," HEIGHT="32" WIDTH="94" VPOS="1384" HPOS="12"/><SP WIDTH="7" VPOS="1384" HPOS="107"/><String WC="0.3149999976" CONTENT="£-" HEIGHT="29" WIDTH="24" VPOS="1384" HPOS="115"/></TextLine>
<TextLine HEIGHT="31" WIDTH="141" VPOS="1427" HPOS="12"><String WC="0.3216666579" CONTENT="8*7on." HEIGHT="31" WIDTH="94" VPOS="1427" HPOS="12"/><SP WIDTH="8" VPOS="1436" HPOS="107"/><String WC="0.6600000262" CONTENT="m." HEIGHT="19" WIDTH="37" VPOS="1436" HPOS="116"/></TextLine>
<TextLine HEIGHT="33" WIDTH="158" VPOS="1468" HPOS="12"><String STYLE="bold" STYLEREFS="font0" WC="0.4045454562" CONTENT="S^aauillers" HEIGHT="33" WIDTH="158" VPOS="1468" HPOS="12"/></TextLine>
</TextBlock>
<TextBlock ID="Page1_Block7" HEIGHT="265" WIDTH="244" VPOS="1587" HPOS="460" language="de" STYLEREFS="font1">
<TextLine HEIGHT="110" WIDTH="190" VPOS="1587" HPOS="505"><String STYLEREFS="font4" WC="0.4600000083" CONTENT="I" HEIGHT="110" WIDTH="9" VPOS="1587" HPOS="505"/><String WC="0.5519999862" CONTENT="Gibeciere," HEIGHT="37" WIDTH="150" VPOS="1593" HPOS="516"/><SP WIDTH="6" VPOS="1595" HPOS="667"/><String WC="0.375" CONTENT="f." HEIGHT="32" WIDTH="21" VPOS="1595" HPOS="674"/></TextLine>
<TextLine HEIGHT="40" WIDTH="127" VPOS="1636" HPOS="516"><String WC="0.5666666627" CONTENT="gibet." HEIGHT="40" WIDTH="80" VPOS="1636" HPOS="516"/><SP WIDTH="8" VPOS="1648" HPOS="597"/><String WC="0.7049999833" CONTENT="m." HEIGHT="19" WIDTH="37" VPOS="1648" HPOS="606"/></TextLine>
<TextLine HEIGHT="37" WIDTH="182" VPOS="1681" HPOS="470"><String WC="0.3549999893" CONTENT="o/gigot." HEIGHT="37" WIDTH="131" VPOS="1681" HPOS="470"/><SP WIDTH="9" VPOS="1690" HPOS="602"/><String WC="0.4099999964" CONTENT="m." HEIGHT="22" WIDTH="40" VPOS="1690" HPOS="612"/></TextLine>
<TextLine HEIGHT="37" WIDTH="204" VPOS="1722" HPOS="467" STYLEREFS="font1"><String WC="0.3950000107" CONTENT="99" HEIGHT="29" WIDTH="37" VPOS="1727" HPOS="467"/><SP WIDTH="10" VPOS="1731" HPOS="505"/><String WC="0.5411111116" CONTENT="giroflee." HEIGHT="37" WIDTH="119" VPOS="1722" HPOS="516"/><SP WIDTH="10" VPOS="1723" HPOS="636"/><String WC="0.3799999952" CONTENT="f." HEIGHT="33" WIDTH="24" VPOS="1723" HPOS="647"/></TextLine>
<TextLine HEIGHT="38" WIDTH="232" VPOS="1765" HPOS="466" STYLEREFS="font1"><String STYLE="bold" WC="0.200000003" CONTENT="3" HEIGHT="27" WIDTH="13" VPOS="1770" HPOS="466"/><SP WIDTH="11" VPOS="1770" HPOS="480"/><String STYLE="bold" WC="0." CONTENT="5" HEIGHT="25" WIDTH="11" VPOS="1771" HPOS="492"/><SP WIDTH="12" VPOS="1771" HPOS="504"/><String STYLE="bold" WC="0.3580000103" CONTENT="girouetce," HEIGHT="37" WIDTH="145" VPOS="1765" HPOS="517"/><SP WIDTH="10" VPOS="1766" HPOS="663"/><String STYLE="bold" WC="0.2899999917" CONTENT="f„" HEIGHT="37" WIDTH="24" VPOS="1766" HPOS="674"/></TextLine>
<TextLine HEIGHT="50" WIDTH="165" VPOS="1796" HPOS="460" STYLEREFS="font1"><String WC="0.3670000136" CONTENT="&gt;id,|gfje." HEIGHT="50" WIDTH="115" VPOS="1796" HPOS="460"/><SP WIDTH="9" VPOS="1818" HPOS="576"/><String WC="0.4199999869" CONTENT="jüs." HEIGHT="21" WIDTH="39" VPOS="1818" HPOS="586"/></TextLine>
</TextBlock>
<TextBlock ID="Page1_Block8" HEIGHT="200" WIDTH="173" VPOS="1631" HPOS="4" language="de" STYLEREFS="font2">
<TextLine HEIGHT="32" WIDTH="128" VPOS="1634" HPOS="12"><String STYLEREFS="font1" WC="0.8600000143" CONTENT="&quot;e„." HEIGHT="26" WIDTH="71" VPOS="1634" HPOS="12"/><SP WIDTH="13" VPOS="1642" HPOS="84"/><String STYLEREFS="font1" WC="0.75" CONTENT="m-»" HEIGHT="24" WIDTH="42" VPOS="1642" HPOS="98"/></TextLine>
<TextLine HEIGHT="32" WIDTH="137" VPOS="1673" HPOS="12"><String WC="0.4325000048" CONTENT="8&apos;ant.m." HEIGHT="32" WIDTH="137" VPOS="1673" HPOS="12"/></TextLine>
<TextLine HEIGHT="38" WIDTH="161" VPOS="1710" HPOS="10"><String WC="0.3925000131" CONTENT="S&apos;benne." HEIGHT="37" WIDTH="130" VPOS="1710" HPOS="10"/><SP WIDTH="7" VPOS="1715" HPOS="141"/><String STYLEREFS="font1" WC="0.2399999946" CONTENT="f»" HEIGHT="33" WIDTH="22" VPOS="1715" HPOS="149"/></TextLine>
<TextLine HEIGHT="37" WIDTH="70" VPOS="1750" HPOS="10"><String STYLEREFS="font1" WC="0.7774999738" CONTENT="g6e." HEIGHT="37" WIDTH="70" VPOS="1750" HPOS="10"/></TextLine>
<TextLine HEIGHT="38" WIDTH="80" VPOS="1791" HPOS="10"><String WC="0.2716666758" CONTENT="geler," HEIGHT="38" WIDTH="80" VPOS="1791" HPOS="10"/></TextLine>
</TextBlock><GraphicalElement ID="Page1_Block9" HEIGHT="17" WIDTH="437" VPOS="49" HPOS="336"/><GraphicalElement ID="Page1_Block10" HEIGHT="14" WIDTH="260" VPOS="52" HPOS="833"/><GraphicalElement ID="Page1_Block11" HEIGHT="10" WIDTH="336" VPOS="195" HPOS="14"/><GraphicalElement ID="Page1_Block12" HEIGHT="8" WIDTH="127" VPOS="195" HPOS="380"/><GraphicalElement ID="Page1_Block13" HEIGHT="8" WIDTH="130" VPOS="198" HPOS="539"/><GraphicalElement ID="Page1_Block14" HEIGHT="269" WIDTH="10" VPOS="1277" HPOS="504"/><GraphicalElement ID="Page1_Block15" HEIGHT="203" WIDTH="8" VPOS="1561" HPOS="506"/><GraphicalElement ID="Page1_Block16" HEIGHT="899" WIDTH="10" VPOS="378" HPOS="511"/><GraphicalElement ID="Page1_Block17" HEIGHT="142" WIDTH="4" VPOS="218" HPOS="517"/><GraphicalElement ID="Page1_Block18" HEIGHT="549" WIDTH="6" VPOS="607" HPOS="1172"/><GraphicalElement ID="Page1_Block19" HEIGHT="84" WIDTH="2" VPOS="1275" HPOS="1175"/><GraphicalElement ID="Page1_Block20" HEIGHT="347" WIDTH="5" VPOS="424" HPOS="1182"/><GraphicalElement ID="Page1_Block21" HEIGHT="2" WIDTH="25" VPOS="195" HPOS="84"/>
</PrintSpace>
</Page>
</Layout>
</alto>