﻿<?xml version="1.0" encoding="UTF-8" standalone="yes"?>
<alto xmlns="http://www.loc.gov/standards/alto/ns-v2#" xmlns:xlink="http://www.w3.org/1999/xlink" xmlns:xsi="http://www.w3.org/2001/XMLSchema-instance" xsi:schemaLocation="http://www.loc.gov/standards/alto/ns-v2# http://www.loc.gov/standards/alto/alto-v2.0.xsd">
<Description>
<MeasurementUnit>pixel</MeasurementUnit>
<OCRProcessing ID="IdOcr"><ocrProcessingStep><processingDateTime>2017-03-20</processingDateTime><processingSoftware><softwareCreator>ABBYY</softwareCreator><softwareName>ABBYY FineReader Engine</softwareName><softwareVersion>11</softwareVersion></processingSoftware></ocrProcessingStep></OCRProcessing>
</Description>
<Styles><TextStyle ID="font0" FONTFAMILY="Times New Roman" FONTSIZE="8"/><TextStyle ID="font1" FONTFAMILY="Times New Roman" FONTSIZE="9"/><TextStyle ID="font2" FONTFAMILY="Times New Roman" FONTSIZE="10"/><TextStyle ID="font3" FONTFAMILY="Times New Roman" FONTSIZE="11"/><TextStyle ID="font4" FONTFAMILY="Times New Roman" FONTSIZE="12"/>
</Styles>
<Layout>
<Page ID="Page1" PHYSICAL_IMG_NR="1" HEIGHT="2070" WIDTH="1278">
<TopMargin HEIGHT="117" WIDTH="1278" VPOS="0" HPOS="0">
</TopMargin>
<LeftMargin HEIGHT="1794" WIDTH="189" VPOS="117" HPOS="0">
</LeftMargin>
<BottomMargin HEIGHT="159" WIDTH="1278" VPOS="1911" HPOS="0">
</BottomMargin>
<PrintSpace HEIGHT="1794" WIDTH="1089" VPOS="117" HPOS="189">
<TextBlock ID="Page1_Block1" HEIGHT="239" WIDTH="406" VPOS="195" HPOS="205" language="de" STYLEREFS="font3"><Shape><Polygon POINTS="264,214 666,214 666,270 656,270 656,370 664,370 664,394 662,394 662,440 264,440 264,214"/></Shape>
<TextLine HEIGHT="50" WIDTH="383" VPOS="207" HPOS="223"><String STYLE="bold" WC="0.3163636327" CONTENT="vbgefordert" HEIGHT="41" WIDTH="161" VPOS="214" HPOS="223"/><SP WIDTH="7" VPOS="216" HPOS="383"/><String STYLE="bold" WC="0.3733333349" CONTENT="von" HEIGHT="29" WIDTH="48" VPOS="218" HPOS="391"/><SP WIDTH="6" VPOS="212" HPOS="439"/><String STYLE="bold" WC="0.3829999864" CONTENT="denHevden/" HEIGHT="43" WIDTH="161" VPOS="207" HPOS="445"/></TextLine>
<TextLine HEIGHT="48" WIDTH="353" VPOS="277" HPOS="225"><String STYLE="bold" WC="0.3925000131" CONTENT="samt" HEIGHT="37" WIDTH="70" VPOS="288" HPOS="225"/><SP WIDTH="7" VPOS="286" HPOS="295"/><String STYLE="bold" WC="0.4616666734" CONTENT="seinen" HEIGHT="38" WIDTH="81" VPOS="283" HPOS="302"/><SP WIDTH="6" VPOS="285" HPOS="383"/><String STYLE="bold" WC="0.3659999967" CONTENT="Nachkommen" HEIGHT="38" WIDTH="189" VPOS="279" HPOS="389"/></TextLine>
<TextLine HEIGHT="46" WIDTH="381" VPOS="347" HPOS="228"><String STYLE="bold" WC="0.3300000131" CONTENT="Mit" HEIGHT="35" WIDTH="52" VPOS="358" HPOS="228"/><SP WIDTH="7" VPOS="359" HPOS="280"/><String STYLE="bold" WC="0.5766666532" CONTENT="dem" HEIGHT="32" WIDTH="57" VPOS="358" HPOS="287"/><SP WIDTH="7" VPOS="355" HPOS="344"/><String STYLE="bold" WC="0.3377777636" CONTENT="Sacrament" HEIGHT="36" WIDTH="157" VPOS="350" HPOS="351"/><SP WIDTH="7" VPOS="350" HPOS="508"/><String STYLE="bold" WC="0.323333323" CONTENT="derWe-" HEIGHT="33" WIDTH="94" VPOS="347" HPOS="515"/></TextLine>
<TextLine HEIGHT="40" WIDTH="181" VPOS="382" HPOS="426"><String STYLE="bold" WC="0.5116666555" CONTENT="(schneidung." HEIGHT="40" WIDTH="181" VPOS="382" HPOS="426"/></TextLine>
</TextBlock>
<TextBlock ID="Page1_Block2" HEIGHT="299" WIDTH="274" VPOS="117" HPOS="607" language="de" STYLEREFS="font1"><Shape><Polygon POINTS="674,144 938,144 938,298 896,298 896,348 934,348 934,398 916,398 916,436 706,436 706,398 666,398 666,220 674,220 674,144"/></Shape>
<TextLine HEIGHT="59" WIDTH="266" VPOS="132" HPOS="613"><String STYLE="bold" STYLEREFS="font3" WC="0.4466666579" CONTENT="&gt;‘(" HEIGHT="48" WIDTH="62" VPOS="139" HPOS="613"/><String STYLEREFS="font4" WC="0.1650000066" CONTENT="57" HEIGHT="40" WIDTH="45" VPOS="148" HPOS="685"/><String STYLE="underline" STYLEREFS="font4" WC="0.400000006" CONTENT="8" HEIGHT="39" WIDTH="21" VPOS="144" HPOS="733"/><String STYLE="bold underline" STYLEREFS="font3" WC="0.3950000107" CONTENT="):" HEIGHT="48" WIDTH="37" VPOS="136" HPOS="764"/><SP WIDTH="12" VPOS="134" HPOS="800"/><String STYLE="bold underline" STYLEREFS="font3" WC="1." CONTENT="H" HEIGHT="53" WIDTH="51" VPOS="132" HPOS="811"/><String STYLE="bold" STYLEREFS="font3" WC="0.1800000072" CONTENT="i" HEIGHT="28" WIDTH="6" VPOS="146" HPOS="872"/></TextLine>
<TextLine HEIGHT="45" WIDTH="265" VPOS="198" HPOS="613"><String WC="0.2855555415" CONTENT="avocätusi" HEIGHT="37" WIDTH="146" VPOS="201" HPOS="613"/><SP WIDTH="12" VPOS="205" HPOS="759"/><String WC="0.2899999917" CONTENT="gentili-" HEIGHT="37" WIDTH="107" VPOS="201" HPOS="771"/></TextLine>
<TextLine HEIGHT="36" WIDTH="70" VPOS="235" HPOS="809"><String WC="0.3199999928" CONTENT="(bus," HEIGHT="36" WIDTH="70" VPOS="235" HPOS="809"/></TextLine>
<TextLine HEIGHT="40" WIDTH="168" VPOS="269" HPOS="615" STYLEREFS="font1"><String STYLE="italics" WC="0.2166666687" CONTENT="cum" HEIGHT="20" WIDTH="59" VPOS="283" HPOS="616"/><SP WIDTH="4" VPOS="279" HPOS="676"/><String STYLE="italics" WC="0.4925000072" CONTENT="pößeris," HEIGHT="38" WIDTH="103" VPOS="269" HPOS="680"/></TextLine>
<TextLine HEIGHT="38" WIDTH="260" VPOS="335" HPOS="618" STYLEREFS="font1"><String STYLE="italics" WC="0.6376470327" CONTENT="SacramentoCircum-" HEIGHT="38" WIDTH="260" VPOS="335" HPOS="618"/></TextLine>
<TextLine HEIGHT="38" WIDTH="103" VPOS="369" HPOS="756" STYLEREFS="font1"><String STYLE="italics" WC="0.6722221971" CONTENT="[cijionis" HEIGHT="38" WIDTH="103" VPOS="369" HPOS="756"/></TextLine>
</TextBlock>
<TextBlock ID="Page1_Block3" HEIGHT="56" WIDTH="181" VPOS="484" HPOS="214" language="de" STYLEREFS="font3"><Shape><Polygon POINTS="264,496 444,496 444,546 264,546 264,496"/></Shape>
<TextLine HEIGHT="39" WIDTH="147" VPOS="496" HPOS="232"><String STYLE="bold" WC="0.3863636255" CONTENT="bezeichnet/" HEIGHT="39" WIDTH="147" VPOS="496" HPOS="232"/></TextLine>
</TextBlock>
<TextBlock ID="Page1_Block4" HEIGHT="48" WIDTH="135" VPOS="467" HPOS="614" language="de" STYLEREFS="font3"><Shape><Polygon POINTS="664,490 798,490 798,534 664,534 664,490"/></Shape>
<TextLine HEIGHT="29" WIDTH="114" VPOS="481" HPOS="620"><String STYLE="bold" WC="0.3425000012" CONTENT="notatus," HEIGHT="29" WIDTH="114" VPOS="481" HPOS="620"/></TextLine>
</TextBlock>
<TextBlock ID="Page1_Block5" HEIGHT="187" WIDTH="663" VPOS="528" HPOS="226" language="de" STYLEREFS="font3"><Shape><Polygon POINTS="274,554 896,554 896,568 936,568 936,608 934,608 934,638 926,638 926,722 274,722 274,554"/></Shape>
<TextLine HEIGHT="68" WIDTH="652" VPOS="537" HPOS="234"><String WC="0.349999994" CONTENT="hat" HEIGHT="33" WIDTH="45" VPOS="569" HPOS="235"/><SP WIDTH="18" VPOS="570" HPOS="280"/><String WC="0.5400000215" CONTENT="ei«" HEIGHT="30" WIDTH="42" VPOS="566" HPOS="299"/><SP WIDTH="20" VPOS="563" HPOS="341"/><String WC="0.3354545534" CONTENT="sonderbares" HEIGHT="38" WIDTH="162" VPOS="558" HPOS="361"/><SP WIDTH="12" VPOS="555" HPOS="523"/><String WC="0.4914285839" CONTENT="Volck^nZuiaiem" HEIGHT="55" WIDTH="244" VPOS="541" HPOS="535"/><SP WIDTH="29" VPOS="550" HPOS="779"/><String STYLE="bold italics" STYLEREFS="font2" WC="0.4659999907" CONTENT="popu-" HEIGHT="30" WIDTH="78" VPOS="547" HPOS="808"/></TextLine>
<TextLine HEIGHT="64" WIDTH="652" VPOS="573" HPOS="234"><String WC="0.5633333325" CONTENT="u«d" HEIGHT="32" WIDTH="54" VPOS="603" HPOS="235"/><SP WIDTH="7" VPOS="603" HPOS="289"/><String WC="0.3519999981" CONTENT="unter" HEIGHT="30" WIDTH="75" VPOS="602" HPOS="296"/><SP WIDTH="5" VPOS="598" HPOS="371"/><String WC="0.4633333385" CONTENT="demstlbigen/" HEIGHT="40" WIDTH="176" VPOS="589" HPOS="376"/><SP WIDTH="68" VPOS="590" HPOS="552"/><String STYLEREFS="font1" WC="1." CONTENT="«" HEIGHT="19" WIDTH="27" VPOS="589" HPOS="620"/><SP WIDTH="7" VPOS="588" HPOS="647"/><String STYLE="italics" STYLEREFS="font1" WC="0.3199999928" CONTENT="m" HEIGHT="20" WIDTH="27" VPOS="587" HPOS="654"/><SP WIDTH="7" VPOS="586" HPOS="681"/><String STYLE="smallcaps" STYLEREFS="font1" WC="0.2049999982" CONTENT="cö" HEIGHT="26" WIDTH="33" VPOS="579" HPOS="688"/><SP WIDTH="63" VPOS="577" HPOS="721"/><String STYLE="italics" STYLEREFS="font1" WC="0.603333354" CONTENT=".„Q" HEIGHT="43" WIDTH="61" VPOS="577" HPOS="784"/><String STYLE="superscript italics" STYLEREFS="font1" WC="0.3400000036" CONTENT="um" HEIGHT="20" WIDTH="42" VPOS="584" HPOS="844"/></TextLine>
<TextLine HEIGHT="42" WIDTH="267" VPOS="608" HPOS="614"><String STYLEREFS="font1" WC="0.3300000131" CONTENT="{" HEIGHT="27" WIDTH="5" VPOS="623" HPOS="614"/><SP WIDTH="160" VPOS="611" HPOS="619"/><String STYLEREFS="font1" WC="0.323333323" CONTENT="(ltituic;" HEIGHT="34" WIDTH="102" VPOS="608" HPOS="779"/></TextLine>
<TextLine HEIGHT="69" WIDTH="649" VPOS="638" HPOS="234" STYLEREFS="font3"><String STYLE="bold" WC="0.4633333385" CONTENT="die.Mrche" HEIGHT="36" WIDTH="136" VPOS="668" HPOS="235"/><SP WIDTH="8" VPOS="668" HPOS="371"/><String STYLE="bold" WC="0.4256249964" CONTENT="GOltesgestifftet" HEIGHT="43" WIDTH="229" VPOS="656" HPOS="379"/><SP WIDTH="16" VPOS="647" HPOS="607"/><String STYLE="italics" STYLEREFS="font2" WC="0.2828571498" CONTENT="EccJJßm" HEIGHT="53" WIDTH="129" VPOS="642" HPOS="622"/><SP WIDTH="12" VPOS="643" HPOS="750"/><String STYLE="bold" WC="0.3833333254" CONTENT="Dei" HEIGHT="28" WIDTH="51" VPOS="642" HPOS="762"/><SP WIDTH="13" VPOS="643" HPOS="813"/><String STYLE="bold" WC="0.200000003" CONTENT="com" HEIGHT="22" WIDTH="56" VPOS="651" HPOS="826"/></TextLine>
<TextLine HEIGHT="33" WIDTH="522" VPOS="680" HPOS="307" STYLEREFS="font2"><String WC="0.6499999762" CONTENT="-" HEIGHT="3" WIDTH="5" VPOS="705" HPOS="307"/><SP WIDTH="7" VPOS="704" HPOS="313"/><String WC="0.3350000083" CONTENT=".c" HEIGHT="9" WIDTH="21" VPOS="703" HPOS="321"/><SP WIDTH="30" VPOS="708" HPOS="344"/><String WC="0.2844444513" CONTENT="rw_.ir.fi" HEIGHT="13" WIDTH="77" VPOS="697" HPOS="386"/><SP WIDTH="152" VPOS="687" HPOS="464"/><String WC="0.2300000042" CONTENT="I" HEIGHT="16" WIDTH="5" VPOS="687" HPOS="616"/><SP WIDTH="38" VPOS="686" HPOS="621"/><String WC="0.4875000119" CONTENT="Huir" HEIGHT="14" WIDTH="65" VPOS="688" HPOS="660"/><SP WIDTH="6" VPOS="688" HPOS="726"/><String WC="0.25" CONTENT="nnmi" HEIGHT="14" WIDTH="67" VPOS="685" HPOS="733"/><SP WIDTH="9" VPOS="685" HPOS="801"/><String WC="0.25" CONTENT="n" HEIGHT="13" WIDTH="18" VPOS="684" HPOS="811"/></TextLine>
</TextBlock>
<TextBlock ID="Page1_Block6" HEIGHT="911" WIDTH="298" VPOS="668" HPOS="619" language="de" STYLEREFS="font1"><Shape><Polygon POINTS="692,694 878,694 878,726 886,726 886,862 934,862 934,910 932,910 932,1598 658,1598 658,1550 660,1550 660,1518 662,1518 662,1460 658,1460 658,1412 660,1412 660,1314 712,1314 712,1280 660,1280 660,1238 670,1238 670,1208 660,1208 660,1174 664,1174 664,1132 710,1132 710,1074 658,1074 658,1032 694,1032 694,1002 660,1002 660,964 662,964 662,910 660,910 660,794 662,794 662,764 664,764 664,726 692,726 692,694"/></Shape>
<TextLine HEIGHT="41" WIDTH="174" VPOS="675" HPOS="656"><String WC="0.3160000145" CONTENT="Huicpöpulo" HEIGHT="41" WIDTH="174" VPOS="675" HPOS="656"/></TextLine>
<TextLine HEIGHT="39" WIDTH="196" VPOS="711" HPOS="626"><String WC="0.3616666794" CONTENT="poltea" HEIGHT="34" WIDTH="86" VPOS="716" HPOS="626"/><SP WIDTH="7" VPOS="715" HPOS="712"/><String WC="0.3219999969" CONTENT="DEUS," HEIGHT="34" WIDTH="103" VPOS="711" HPOS="719"/></TextLine>
<TextLine HEIGHT="39" WIDTH="178" VPOS="746" HPOS="627"><String WC="0.6200000048" CONTENT="per" HEIGHT="29" WIDTH="47" VPOS="756" HPOS="627"/><SP WIDTH="5" VPOS="750" HPOS="674"/><String STYLE="italics" WC="0.3149999976" CONTENT="Aiofen" HEIGHT="34" WIDTH="96" VPOS="747" HPOS="680"/><String WC="0.5" CONTENT=",;" HEIGHT="27" WIDTH="29" VPOS="753" HPOS="776"/></TextLine>
<TextLine HEIGHT="42" WIDTH="218" VPOS="778" HPOS="627"><String WC="0.4449999928" CONTENT="in" HEIGHT="26" WIDTH="27" VPOS="786" HPOS="627"/><SP WIDTH="5" VPOS="793" HPOS="655"/><String STYLE="italics" WC="0.5279999971" CONTENT="monte" HEIGHT="26" WIDTH="77" VPOS="785" HPOS="661"/><SP WIDTH="4" VPOS="781" HPOS="739"/><String STYLE="italics" WC="0.6383333206" CONTENT="Sinai," HEIGHT="35" WIDTH="77" VPOS="779" HPOS="744"/><SP WIDTH="7" VPOS="788" HPOS="821"/><String WC="0.5099999905" CONTENT="4" HEIGHT="25" WIDTH="17" VPOS="788" HPOS="828"/></TextLine>
<TextLine HEIGHT="39" WIDTH="158" VPOS="816" HPOS="630"><String WC="0.4575000107" CONTENT="!uam" HEIGHT="26" WIDTH="66" VPOS="820" HPOS="630"/><SP WIDTH="6" VPOS="818" HPOS="697"/><String STYLE="italics" WC="0.3766666651" CONTENT="legem," HEIGHT="36" WIDTH="84" VPOS="816" HPOS="704"/></TextLine>
<TextLine HEIGHT="44" WIDTH="272" VPOS="843" HPOS="622"><String WC="0.5222222209" CONTENT="-fcriptam" HEIGHT="38" WIDTH="125" VPOS="848" HPOS="622"/><SP WIDTH="10" VPOS="850" HPOS="747"/><String STYLE="italics" WC="0.5849999785" CONTENT="digitd" HEIGHT="36" WIDTH="76" VPOS="847" HPOS="758"/><SP WIDTH="13" VPOS="846" HPOS="834"/><String WC="0.349999994" CONTENT="fuo" HEIGHT="29" WIDTH="45" VPOS="844" HPOS="848"/></TextLine>
<TextLine HEIGHT="44" WIDTH="261" VPOS="906" HPOS="632"><String WC="0.4449999928" CONTENT="in" HEIGHT="26" WIDTH="27" VPOS="916" HPOS="632"/><SP WIDTH="6" VPOS="918" HPOS="659"/><String STYLE="italics" WC="0.5771428347" CONTENT="tabulis" HEIGHT="30" WIDTH="88" VPOS="911" HPOS="665"/><SP WIDTH="11" VPOS="912" HPOS="754"/><String WC="0.5469999909" CONTENT="!apideis,s" HEIGHT="37" WIDTH="127" VPOS="908" HPOS="766"/></TextLine>
<TextLine HEIGHT="42" WIDTH="129" VPOS="941" HPOS="625"><String WC="0.4981818199" CONTENT="(exlubiJit." HEIGHT="42" WIDTH="129" VPOS="941" HPOS="625"/></TextLine>
<TextLine HEIGHT="37" WIDTH="226" VPOS="977" HPOS="666" STYLEREFS="font1"><String WC="0.2720000148" CONTENT="Porro" HEIGHT="30" WIDTH="84" VPOS="983" HPOS="666"/><SP WIDTH="13" VPOS="992" HPOS="750"/><String WC="0.4622222185" CONTENT="ordinävii" HEIGHT="34" WIDTH="129" VPOS="977" HPOS="763"/></TextLine>
<TextLine HEIGHT="48" WIDTH="260" VPOS="1007" HPOS="625" STYLEREFS="font1"><String STYLE="italics" WC="0.6890000105" CONTENT="\manducati" HEIGHT="45" WIDTH="147" VPOS="1010" HPOS="625"/><String STYLE="italics" STYLEREFS="font2" WC="0.3300000131" CONTENT="6" HEIGHT="28" WIDTH="13" VPOS="1016" HPOS="772"/><String STYLE="italics" WC="0.3799999952" CONTENT="nem" HEIGHT="19" WIDTH="54" VPOS="1025" HPOS="785"/><SP WIDTH="16" VPOS="1015" HPOS="839"/><String STYLE="italics" WC="0.5899999738" CONTENT="A" HEIGHT="28" WIDTH="30" VPOS="1014" HPOS="855"/></TextLine>
<TextLine HEIGHT="43" WIDTH="211" VPOS="1047" HPOS="684" STYLEREFS="font1"><String WC="0.3824999928" CONTENT="(gni" HEIGHT="36" WIDTH="55" VPOS="1054" HPOS="684"/><SP WIDTH="6" VPOS="1053" HPOS="739"/><String STYLE="italics" WC="0.3588888943" CONTENT="tq)ibalis" HEIGHT="38" WIDTH="126" VPOS="1048" HPOS="745"/><String STYLE="italics" STYLEREFS="font2" WC="1." CONTENT=",6" HEIGHT="24" WIDTH="23" VPOS="1055" HPOS="872"/></TextLine>
<TextLine HEIGHT="33" WIDTH="3" VPOS="1081" HPOS="899" STYLEREFS="font3"><String STYLE="bold" WC="0.1599999964" CONTENT="!" HEIGHT="33" WIDTH="3" VPOS="1081" HPOS="899"/></TextLine>
<TextLine HEIGHT="44" WIDTH="261" VPOS="1116" HPOS="636"><String STYLE="bold" STYLEREFS="font3" WC="0.5899999738" CONTENT="&amp;" HEIGHT="25" WIDTH="21" VPOS="1126" HPOS="636"/><SP WIDTH="8" VPOS="1124" HPOS="657"/><String STYLE="italics" STYLEREFS="font2" WC="0.4212499857" CONTENT="Saaifnia" HEIGHT="39" WIDTH="124" VPOS="1120" HPOS="665"/><String STYLE="bold" STYLEREFS="font3" WC="0.3100000024" CONTENT="," HEIGHT="10" WIDTH="7" VPOS="1138" HPOS="801"/><SP WIDTH="13" VPOS="1120" HPOS="808"/><String STYLE="bold" STYLEREFS="font3" WC="0.5279999971" CONTENT="ho!o-" HEIGHT="29" WIDTH="76" VPOS="1117" HPOS="821"/></TextLine>
<TextLine HEIGHT="47" WIDTH="268" VPOS="1146" HPOS="636"><String WC="0.5342857242" CONTENT="viftmas" HEIGHT="31" WIDTH="116" VPOS="1156" HPOS="636"/><SP WIDTH="42" VPOS="1153" HPOS="752"/><String WC="0.275000006" CONTENT="(cauftaj" HEIGHT="42" WIDTH="110" VPOS="1146" HPOS="794"/></TextLine>
<TextLine HEIGHT="37" WIDTH="122" VPOS="1188" HPOS="647"><String WC="0.3700000048" CONTENT="n" HEIGHT="16" WIDTH="14" VPOS="1202" HPOS="648"/><SP WIDTH="9" VPOS="1201" HPOS="663"/><String STYLE="italics" WC="0.473333329" CONTENT="altari" HEIGHT="30" WIDTH="76" VPOS="1189" HPOS="672"/><SP WIDTH="1" VPOS="1192" HPOS="749"/><String STYLE="italics" WC="0.3549999893" CONTENT="j." HEIGHT="25" WIDTH="20" VPOS="1197" HPOS="749"/></TextLine>
<TextLine HEIGHT="36" WIDTH="141" VPOS="1221" HPOS="640"><String WC="0.5580000281" CONTENT="ofFerenda," HEIGHT="36" WIDTH="141" VPOS="1221" HPOS="640"/></TextLine>
<TextLine HEIGHT="45" WIDTH="235" VPOS="1260" HPOS="639" STYLEREFS="font1"><String STYLE="bold" STYLEREFS="font3" WC="0.349999994" CONTENT="," HEIGHT="11" WIDTH="8" VPOS="1294" HPOS="640"/><SP WIDTH="44" VPOS="1266" HPOS="648"/><String STYLE="italics" STYLEREFS="font2" WC="0.5163636208" CONTENT="Sacerdites;" HEIGHT="37" WIDTH="156" VPOS="1261" HPOS="692"/><SP WIDTH="12" VPOS="1266" HPOS="848"/><String STYLE="bold" STYLEREFS="font3" WC="0.1800000072" CONTENT="8" HEIGHT="25" WIDTH="14" VPOS="1265" HPOS="860"/></TextLine>
<TextLine HEIGHT="40" WIDTH="166" VPOS="1297" HPOS="642" STYLEREFS="font1"><String STYLE="italics" WC="0.3310000002" CONTENT="tXfuffitus" HEIGHT="38" WIDTH="117" VPOS="1299" HPOS="642"/><SP WIDTH="11" VPOS="1308" HPOS="759"/><String WC="0.349999994" CONTENT=";" HEIGHT="19" WIDTH="9" VPOS="1309" HPOS="770"/><SP WIDTH="12" VPOS="1305" HPOS="779"/><String WC="0." CONTENT="9" HEIGHT="26" WIDTH="17" VPOS="1304" HPOS="791"/></TextLine>
<TextLine HEIGHT="39" WIDTH="171" VPOS="1329" HPOS="643" STYLEREFS="font1"><String STYLE="bold" WC="0.3000000119" CONTENT="&amp;" HEIGHT="24" WIDTH="24" VPOS="1338" HPOS="643"/><SP WIDTH="9" VPOS="1337" HPOS="667"/><String STYLE="bold" WC="0.4466666579" CONTENT="juiiit" HEIGHT="33" WIDTH="66" VPOS="1333" HPOS="676"/><SP WIDTH="13" VPOS="1331" HPOS="742"/><String STYLE="bold" WC="0.4149999917" CONTENT="fi" HEIGHT="28" WIDTH="20" VPOS="1330" HPOS="755"/><SP WIDTH="16" VPOS="1335" HPOS="775"/><String STYLE="bold" WC="0.3549999893" CONTENT="ri" HEIGHT="18" WIDTH="23" VPOS="1338" HPOS="791"/></TextLine>
<TextLine HEIGHT="36" WIDTH="221" VPOS="1361" HPOS="643" STYLEREFS="font1"><String STYLE="italics" WC="0.3254545331" CONTENT="taberndudum" HEIGHT="35" WIDTH="179" VPOS="1362" HPOS="643"/><SP WIDTH="10" VPOS="1370" HPOS="822"/><String STYLE="smallcaps" WC="0.2800000012" CONTENT="tq" HEIGHT="19" WIDTH="32" VPOS="1369" HPOS="832"/></TextLine>
<TextLine HEIGHT="55" WIDTH="273" VPOS="1386" HPOS="637" STYLEREFS="font1"><String STYLE="bold italics" STYLEREFS="font2" WC="0.3849999905" CONTENT="\cum" HEIGHT="48" WIDTH="68" VPOS="1393" HPOS="637"/><SP WIDTH="7" VPOS="1399" HPOS="705"/><String STYLE="bold italics" STYLEREFS="font2" WC="0.3366666734" CONTENT="Are" HEIGHT="28" WIDTH="54" VPOS="1398" HPOS="712"/><SP WIDTH="2" VPOS="1398" HPOS="766"/><String STYLE="bold italics" STYLEREFS="font2" WC="0.2300000042" CONTENT="d" HEIGHT="28" WIDTH="17" VPOS="1397" HPOS="766"/><SP WIDTH="15" VPOS="1396" HPOS="783"/><String STYLE="bold italics" STYLEREFS="font2" WC="0.5224999785" CONTENT="Faderis;" HEIGHT="37" WIDTH="112" VPOS="1392" HPOS="798"/></TextLine>
<TextLine HEIGHT="42" WIDTH="261" VPOS="1428" HPOS="647" STYLEREFS="font1"><String WC="0.4971428514" CONTENT="praetei" HEIGHT="32" WIDTH="88" VPOS="1438" HPOS="647"/><SP WIDTH="7" VPOS="1443" HPOS="735"/><String WC="0.6000000238" CONTENT="ea" HEIGHT="18" WIDTH="30" VPOS="1443" HPOS="742"/><SP WIDTH="8" VPOS="1441" HPOS="772"/><String WC="0.2980000079" CONTENT="erigi" HEIGHT="35" WIDTH="62" VPOS="1430" HPOS="780"/><SP WIDTH="16" VPOS="1431" HPOS="842"/><String WC="0.2566666603" CONTENT="(tx" HEIGHT="34" WIDTH="50" VPOS="1429" HPOS="858"/></TextLine>
<TextLine HEIGHT="44" WIDTH="263" VPOS="1460" HPOS="648" STYLEREFS="font1"><String WC="0.5883333087" CONTENT="aen-mm" HEIGHT="24" WIDTH="100" VPOS="1477" HPOS="649"/><SP WIDTH="26" VPOS="1464" HPOS="749"/><String STYLE="italics" WC="0.4480000138" CONTENT="\erpentem," HEIGHT="40" WIDTH="136" VPOS="1460" HPOS="775"/></TextLine>
<TextLine HEIGHT="47" WIDTH="271" VPOS="1497" HPOS="640"><String WC="0.4699999988" CONTENT="!contra" HEIGHT="34" WIDTH="96" VPOS="1510" HPOS="641"/><String STYLE="italics" WC="0.4366666675" CONTENT="morfum" HEIGHT="34" WIDTH="104" VPOS="1500" HPOS="744"/><SP WIDTH="14" VPOS="1499" HPOS="848"/><String WC="0.3566666543" CONTENT="(iä" HEIGHT="35" WIDTH="49" VPOS="1497" HPOS="862"/></TextLine>
<TextLine HEIGHT="42" WIDTH="272" VPOS="1531" HPOS="641"><String WC="0.3740000129" CONTENT="iferpentum" HEIGHT="38" WIDTH="158" VPOS="1535" HPOS="641"/><SP WIDTH="20" VPOS="1536" HPOS="799"/><String WC="0.3916666806" CONTENT="igneo-" HEIGHT="34" WIDTH="94" VPOS="1533" HPOS="819"/></TextLine>
</TextBlock>
<TextBlock ID="Page1_Block7" HEIGHT="1221" WIDTH="1070" VPOS="690" HPOS="206" language="de" STYLEREFS="font3"><Shape><Polygon POINTS="298,704 510,704 510,734 592,734 592,870 658,870 658,924 656,924 656,1554 658,1554 658,1610 654,1610 654,1740 1254,1740 1254,1752 1282,1752 1282,1918 248,1918 248,734 298,734 298,704"/></Shape>
<TextLine HEIGHT="36" WIDTH="192" VPOS="698" HPOS="273"><String WC="0.4499999881" CONTENT="Dicstm" HEIGHT="32" WIDTH="106" VPOS="702" HPOS="273"/><SP WIDTH="7" VPOS="701" HPOS="379"/><String WC="0.5059999824" CONTENT="Bolck" HEIGHT="32" WIDTH="79" VPOS="698" HPOS="386"/></TextLine>
<TextLine HEIGHT="43" WIDTH="296" VPOS="728" HPOS="235"><String STYLE="bold" WC="0.2700000107" CONTENT="har" HEIGHT="31" WIDTH="45" VPOS="740" HPOS="235"/><SP WIDTH="6" VPOS="743" HPOS="280"/><String STYLE="bold" WC="0.5787500143" CONTENT="nachmals" HEIGHT="33" WIDTH="130" VPOS="734" HPOS="286"/><SP WIDTH="6" VPOS="734" HPOS="416"/><String STYLE="bold" WC="0.4424999952" CONTENT="GOTT" HEIGHT="34" WIDTH="109" VPOS="728" HPOS="422"/></TextLine>
<TextLine HEIGHT="39" WIDTH="192" VPOS="765" HPOS="238"><String STYLEREFS="font1" WC="0.1720000058" CONTENT="durch" HEIGHT="29" WIDTH="75" VPOS="773" HPOS="238"/><SP WIDTH="8" VPOS="769" HPOS="313"/><String STYLEREFS="font1" WC="0.4699999988" CONTENT="Mose/9" HEIGHT="36" WIDTH="109" VPOS="765" HPOS="321"/></TextLine>
<TextLine HEIGHT="49" WIDTH="313" VPOS="791" HPOS="237"><String STYLE="bold" WC="0.3858823478" CONTENT="aufdemBergSinai/4" HEIGHT="49" WIDTH="313" VPOS="791" HPOS="237"/></TextLine>
<TextLine HEIGHT="40" WIDTH="163" VPOS="835" HPOS="238"><String STYLE="bold" WC="0.2700000107" CONTENT="sein" HEIGHT="34" WIDTH="51" VPOS="841" HPOS="238"/><SP WIDTH="6" VPOS="839" HPOS="289"/><String STYLE="bold" WC="0.3600000143" CONTENT="Gesetze/" HEIGHT="35" WIDTH="106" VPOS="835" HPOS="295"/></TextLine>
<TextLine HEIGHT="53" WIDTH="384" VPOS="860" HPOS="235"><String STYLE="bold" WC="0.4136363566" CONTENT="geschrieben" HEIGHT="42" WIDTH="151" VPOS="871" HPOS="235"/><SP WIDTH="14" VPOS="877" HPOS="386"/><String STYLE="bold" WC="0.426666677" CONTENT="mit" HEIGHT="34" WIDTH="51" VPOS="867" HPOS="400"/><SP WIDTH="12" VPOS="868" HPOS="451"/><String STYLE="bold" WC="0.3566666543" CONTENT="seinem" HEIGHT="38" WIDTH="91" VPOS="863" HPOS="463"/><SP WIDTH="5" VPOS="862" HPOS="554"/><String STYLE="bold" WC="0.3600000143" CONTENT="Fin" HEIGHT="36" WIDTH="50" VPOS="860" HPOS="559" SUBS_TYPE="HypPart1" SUBS_CONTENT="Finger/"/><HYP CONTENT="­"/></TextLine>
<TextLine HEIGHT="26" WIDTH="51" VPOS="901" HPOS="566"><String STYLE="bold" WC="0.6524999738" CONTENT="ger/" HEIGHT="26" WIDTH="51" VPOS="901" HPOS="566" SUBS_TYPE="HypPart2" SUBS_CONTENT="Finger/"/></TextLine>
<TextLine HEIGHT="46" WIDTH="295" VPOS="931" HPOS="235" STYLEREFS="font2"><String WC="0.4647368491" CONTENT="«mssteinerneTafel/t" HEIGHT="46" WIDTH="295" VPOS="931" HPOS="235"/></TextLine>
<TextLine HEIGHT="37" WIDTH="117" VPOS="975" HPOS="238" STYLEREFS="font2"><String STYLEREFS="font1" WC="0.3899999857" CONTENT="gegeben." HEIGHT="37" WIDTH="117" VPOS="975" HPOS="238"/></TextLine>
<TextLine HEIGHT="49" WIDTH="326" VPOS="994" HPOS="278" STYLEREFS="font3"><String STYLE="bold" WC="0.2783333361" CONTENT="Ferner" HEIGHT="38" WIDTH="92" VPOS="1005" HPOS="278"/><SP WIDTH="6" VPOS="1003" HPOS="369"/><String STYLE="bold" WC="0.2666666806" CONTENT="hat" HEIGHT="34" WIDTH="44" VPOS="1001" HPOS="375"/><SP WIDTH="9" VPOS="999" HPOS="419"/><String STYLE="bold" WC="0.3899999857" CONTENT="Er" HEIGHT="32" WIDTH="37" VPOS="998" HPOS="428"/><SP WIDTH="6" VPOS="1005" HPOS="465"/><String STYLE="bold" WC="0.398888886" CONTENT="verordnet" HEIGHT="36" WIDTH="133" VPOS="994" HPOS="471"/></TextLine>
<TextLine HEIGHT="49" WIDTH="382" VPOS="1030" HPOS="239" STYLEREFS="font3"><String STYLE="bold" WC="0.5" CONTENT="das" HEIGHT="32" WIDTH="49" VPOS="1045" HPOS="239"/><SP WIDTH="5" VPOS="1042" HPOS="288"/><String STYLE="bold" WC="0.2440000027" CONTENT="Essen" HEIGHT="37" WIDTH="75" VPOS="1040" HPOS="293"/><SP WIDTH="6" VPOS="1040" HPOS="368"/><String STYLE="bold" WC="0.7466666698" CONTENT="des" HEIGHT="33" WIDTH="45" VPOS="1038" HPOS="374"/><SP WIDTH="6" VPOS="1036" HPOS="419"/><String STYLE="bold" WC="0.3408333361" CONTENT="Qster-Lamws;" HEIGHT="41" WIDTH="195" VPOS="1030" HPOS="425"/></TextLine>
<TextLine HEIGHT="34" WIDTH="33" VPOS="1066" HPOS="590"><String STYLE="bold" WC="0.5849999785" CONTENT="(6" HEIGHT="34" WIDTH="33" VPOS="1066" HPOS="590"/></TextLine>
<TextLine HEIGHT="51" WIDTH="398" VPOS="1131" HPOS="227"><String STYLE="bold" WC="1." CONTENT="^" HEIGHT="3" WIDTH="3" VPOS="1155" HPOS="227"/><SP WIDTH="10" VPOS="1154" HPOS="231"/><String STYLE="bold" WC="0.3686956465" CONTENT="unddieLpjser/Brand-Opf-" HEIGHT="50" WIDTH="384" VPOS="1131" HPOS="241"/></TextLine>
<TextLine HEIGHT="48" WIDTH="382" VPOS="1168" HPOS="244"><String STYLE="bold" WC="0.372666657" CONTENT="Scblachl-Ooffer" HEIGHT="43" WIDTH="238" VPOS="1173" HPOS="244"/><SP WIDTH="78" VPOS="1172" HPOS="482"/><String STYLE="bold" WC="0.2919999957" CONTENT="(fer/" HEIGHT="36" WIDTH="66" VPOS="1168" HPOS="560"/></TextLine>
<TextLine HEIGHT="39" WIDTH="214" VPOS="1209" HPOS="245"><String STYLE="bold" WC="0.3666666746" CONTENT="auf" HEIGHT="31" WIDTH="45" VPOS="1217" HPOS="245"/><SP WIDTH="8" VPOS="1216" HPOS="290"/><String STYLE="bold" WC="0.2633333206" CONTENT="dem" HEIGHT="29" WIDTH="54" VPOS="1216" HPOS="298"/><SP WIDTH="9" VPOS="1213" HPOS="352"/><String STYLE="bold" WC="0.5860000253" CONTENT="Altar" HEIGHT="33" WIDTH="77" VPOS="1210" HPOS="361"/><SP WIDTH="8" VPOS="1218" HPOS="438"/><String STYLE="bold" WC="0.6100000143" CONTENT="-&gt;" HEIGHT="19" WIDTH="13" VPOS="1219" HPOS="446"/></TextLine>
<TextLine HEIGHT="37" WIDTH="145" VPOS="1248" HPOS="244"><String STYLE="bold" WC="0.3350000083" CONTENT="zu" HEIGHT="27" WIDTH="29" VPOS="1258" HPOS="244"/><SP WIDTH="10" VPOS="1258" HPOS="273"/><String STYLE="bold" WC="0.3937500119" CONTENT="opffern/" HEIGHT="35" WIDTH="106" VPOS="1248" HPOS="283"/></TextLine>
<TextLine HEIGHT="44" WIDTH="275" VPOS="1272" HPOS="244"><String STYLE="bold" WC="0.2560000122" CONTENT="durch" HEIGHT="31" WIDTH="77" VPOS="1285" HPOS="244"/><SP WIDTH="6" VPOS="1285" HPOS="321"/><String STYLE="bold" WC="0.4361538589" CONTENT="biePciesterzz" HEIGHT="41" WIDTH="192" VPOS="1272" HPOS="327"/></TextLine>
<TextLine HEIGHT="42" WIDTH="279" VPOS="1308" HPOS="244"><String STYLE="bold" WC="0.4375" CONTENT="rnid" HEIGHT="29" WIDTH="54" VPOS="1320" HPOS="244"/><SP WIDTH="6" VPOS="1319" HPOS="298"/><String STYLE="bold" WC="0.3216666579" CONTENT="Rauchwclcke:" HEIGHT="39" WIDTH="192" VPOS="1309" HPOS="304"/><SP WIDTH="10" VPOS="1317" HPOS="496"/><String STYLE="bold" WC="0.5699999928" CONTENT="9" HEIGHT="23" WIDTH="17" VPOS="1316" HPOS="506"/></TextLine>
<TextLine HEIGHT="45" WIDTH="317" VPOS="1340" HPOS="247"><String STYLE="bold" WC="0.4666666687" CONTENT="und" HEIGHT="29" WIDTH="54" VPOS="1353" HPOS="247"/><SP WIDTH="9" VPOS="1353" HPOS="301"/><String STYLE="bold" WC="0.2466666698" CONTENT="bar" HEIGHT="27" WIDTH="44" VPOS="1353" HPOS="310"/><SP WIDTH="7" VPOS="1351" HPOS="354"/><String STYLE="bold" WC="0.3828571439" CONTENT="heissen" HEIGHT="36" WIDTH="91" VPOS="1345" HPOS="361"/><SP WIDTH="6" VPOS="1351" HPOS="452"/><String STYLE="bold" WC="0.3000000119" CONTENT="machen" HEIGHT="37" WIDTH="106" VPOS="1340" HPOS="458"/></TextLine>
<TextLine HEIGHT="52" WIDTH="386" VPOS="1367" HPOS="249"><String STYLE="bold" WC="0.5199999809" CONTENT="die" HEIGHT="30" WIDTH="41" VPOS="1385" HPOS="249"/><SP WIDTH="7" VPOS="1387" HPOS="290"/><String STYLE="bold" WC="0.3823076785" CONTENT="Stiffrs-Hütte" HEIGHT="41" WIDTH="207" VPOS="1376" HPOS="297"/><SP WIDTH="11" VPOS="1384" HPOS="504"/><String STYLE="bold" WC="0.7599999905" CONTENT="ic&gt;" HEIGHT="19" WIDTH="33" VPOS="1383" HPOS="515"/><SP WIDTH="84" VPOS="1367" HPOS="548"/><String STYLE="superscript bold" WC="0.2399999946" CONTENT="1" HEIGHT="15" WIDTH="2" VPOS="1367" HPOS="632"/></TextLine>
<TextLine HEIGHT="42" WIDTH="337" VPOS="1408" HPOS="249"><String STYLE="bold" WC="0.349999994" CONTENT="mit" HEIGHT="31" WIDTH="52" VPOS="1418" HPOS="249"/><SP WIDTH="5" VPOS="1420" HPOS="302"/><String STYLE="bold" WC="0.3100000024" CONTENT="d-r" HEIGHT="27" WIDTH="40" VPOS="1419" HPOS="308"/><SP WIDTH="7" VPOS="1418" HPOS="348"/><String STYLE="bold" WC="0.3954545557" CONTENT="Bunds-Lade;" HEIGHT="37" WIDTH="190" VPOS="1410" HPOS="355"/><SP WIDTH="13" VPOS="1415" HPOS="545"/><String STYLE="bold" WC="1." CONTENT="&gt;" HEIGHT="15" WIDTH="4" VPOS="1416" HPOS="559"/><SP WIDTH="10" VPOS="1413" HPOS="563"/><String STYLE="bold" WC="0.1599999964" CONTENT="x" HEIGHT="21" WIDTH="13" VPOS="1412" HPOS="573"/></TextLine>
<TextLine HEIGHT="41" WIDTH="263" VPOS="1444" HPOS="250"><String STYLE="bold" WC="0.3788235188" CONTENT="nberdaSaufrichten" HEIGHT="41" WIDTH="263" VPOS="1444" HPOS="250"/></TextLine>
<TextLine HEIGHT="43" WIDTH="322" VPOS="1478" HPOS="252"><String STYLE="bold" WC="0.2700000107" CONTENT="die" HEIGHT="31" WIDTH="39" VPOS="1488" HPOS="252"/><SP WIDTH="7" VPOS="1494" HPOS="291"/><String STYLE="bold" WC="0.2619999945" CONTENT="ehrne" HEIGHT="33" WIDTH="74" VPOS="1484" HPOS="298"/><SP WIDTH="8" VPOS="1484" HPOS="372"/><String STYLE="bold" WC="0.4688888788" CONTENT="Schlange;" HEIGHT="38" WIDTH="149" VPOS="1479" HPOS="380"/><SP WIDTH="11" VPOS="1485" HPOS="529"/><String STYLE="bold" WC="0.2300000042" CONTENT="r-" HEIGHT="20" WIDTH="32" VPOS="1484" HPOS="541"/></TextLine>
<TextLine HEIGHT="38" WIDTH="191" VPOS="1515" HPOS="253"><String STYLE="bold" WC="0.3079999983" CONTENT="wider" HEIGHT="31" WIDTH="77" VPOS="1522" HPOS="253"/><SP WIDTH="5" VPOS="1518" HPOS="330"/><String STYLE="bold" WC="0.3400000036" CONTENT="den" HEIGHT="29" WIDTH="47" VPOS="1517" HPOS="335"/><SP WIDTH="5" VPOS="1517" HPOS="382"/><String STYLE="bold" WC="0.276666671" CONTENT="Biß" HEIGHT="31" WIDTH="57" VPOS="1515" HPOS="387"/></TextLine>
<TextLine HEIGHT="51" WIDTH="387" VPOS="1540" HPOS="252"><String STYLE="bold" WC="0.2666666806" CONTENT="der" HEIGHT="31" WIDTH="45" VPOS="1559" HPOS="252"/><SP WIDTH="19" VPOS="1554" HPOS="297"/><String STYLE="bold" WC="0.4375" CONTENT="feurigen" HEIGHT="41" WIDTH="113" VPOS="1548" HPOS="316"/><SP WIDTH="14" VPOS="1549" HPOS="429"/><String STYLE="bold" WC="0.4280000031" CONTENT="Schlange!!" HEIGHT="36" WIDTH="150" VPOS="1544" HPOS="443"/><SP WIDTH="19" VPOS="1541" HPOS="592"/><String STYLE="bold" WC="0.25" CONTENT="in" HEIGHT="30" WIDTH="27" VPOS="1540" HPOS="611"/></TextLine>
<TextLine HEIGHT="42" WIDTH="177" VPOS="1574" HPOS="461"><String STYLE="bold" WC="0.3149999976" CONTENT="(der" HEIGHT="33" WIDTH="56" VPOS="1581" HPOS="461"/><SP WIDTH="7" VPOS="1578" HPOS="517"/><String STYLE="bold" WC="0.6942856908" CONTENT="Wüste»." HEIGHT="40" WIDTH="114" VPOS="1574" HPOS="524"/></TextLine>
<TextLine HEIGHT="43" WIDTH="188" VPOS="1614" HPOS="286"><String STYLE="bold" WC="0.5008333325" CONTENT="Welchesakles" HEIGHT="43" WIDTH="188" VPOS="1614" HPOS="286"/></TextLine>
<TextLine HEIGHT="39" WIDTH="235" VPOS="1654" HPOS="257"><String STYLE="bold" WC="0.351111114" CONTENT="Vorbilder" HEIGHT="36" WIDTH="144" VPOS="1657" HPOS="257"/><SP WIDTH="7" VPOS="1660" HPOS="401"/><String STYLE="bold" WC="0.4449999928" CONTENT="wac»" HEIGHT="28" WIDTH="84" VPOS="1654" HPOS="408"/></TextLine>
<TextLine HEIGHT="49" WIDTH="319" VPOS="1678" HPOS="257"><String STYLE="bold" WC="0.4799999893" CONTENT="des" HEIGHT="29" WIDTH="45" VPOS="1696" HPOS="257"/><SP WIDTH="7" VPOS="1694" HPOS="302"/><String STYLE="bold" WC="0.4600000083" CONTENT="küusskigcn" HEIGHT="38" WIDTH="137" VPOS="1687" HPOS="309"/><SP WIDTH="7" VPOS="1684" HPOS="446"/><String STYLE="bold" WC="0.5362499952" CONTENT="Meffias/" HEIGHT="39" WIDTH="123" VPOS="1678" HPOS="453"/></TextLine>
<TextLine HEIGHT="67" WIDTH="956" VPOS="1695" HPOS="258" STYLEREFS="font2"><String WC="0.6000000238" CONTENT="auf" HEIGHT="32" WIDTH="51" VPOS="1729" HPOS="258"/><SP WIDTH="7" VPOS="1729" HPOS="309"/><String WC="0.4214285612" CONTENT="welchen" HEIGHT="32" WIDTH="105" VPOS="1726" HPOS="316"/><SP WIDTH="7" VPOS="1723" HPOS="421"/><String WC="0.7699999809" CONTENT="dis" HEIGHT="31" WIDTH="39" VPOS="1720" HPOS="428"/><SP WIDTH="8" VPOS="1718" HPOS="467"/><String WC="0.324000001" CONTENT="Juden" HEIGHT="40" WIDTH="93" VPOS="1715" HPOS="475"/><SP WIDTH="76" VPOS="1718" HPOS="568"/><String WC="0.4099999964" CONTENT="iquemimitti" HEIGHT="31" WIDTH="184" VPOS="1714" HPOS="644"/><SP WIDTH="93" VPOS="1712" HPOS="828"/><String WC="0.1819999963" CONTENT="lueicmj.ij" HEIGHT="22" WIDTH="147" VPOS="1706" HPOS="921"/><SP WIDTH="9" VPOS="1706" HPOS="1068"/><String WC="0.1400000006" CONTENT="a" HEIGHT="14" WIDTH="14" VPOS="1706" HPOS="1078"/><SP WIDTH="11" VPOS="1705" HPOS="1093"/><String WC="0.2933333218" CONTENT="V,v" HEIGHT="15" WIDTH="39" VPOS="1705" HPOS="1105"/><SP WIDTH="9" VPOS="1704" HPOS="1145"/><String WC="1." CONTENT="—" HEIGHT="11" WIDTH="31" VPOS="1703" HPOS="1155"/><SP WIDTH="21" VPOS="1702" HPOS="1187"/><String WC="0.3799999952" CONTENT="■" HEIGHT="5" WIDTH="4" VPOS="1703" HPOS="1209"/></TextLine>
<TextLine HEIGHT="86" WIDTH="981" VPOS="1708" HPOS="257" STYLEREFS="font2"><String WC="0.4842857122" CONTENT="aiinoch" HEIGHT="31" WIDTH="99" VPOS="1763" HPOS="257"/><SP WIDTH="12" VPOS="1762" HPOS="356"/><String WC="0.2771428525" CONTENT="warten:" HEIGHT="29" WIDTH="109" VPOS="1759" HPOS="368"/><SP WIDTH="90" VPOS="1747" HPOS="477"/><String WC="0.6549999714" CONTENT="(bensgdbuc" HEIGHT="41" WIDTH="172" VPOS="1741" HPOS="567"/><SP WIDTH="8" VPOS="1747" HPOS="739"/><String WC="0.550999999" CONTENT="expeüant.-" HEIGHT="38" WIDTH="154" VPOS="1731" HPOS="747"/><SP WIDTH="28" VPOS="1733" HPOS="901"/><String WC="0.8080000281" CONTENT="0rnnis,c.;" HEIGHT="37" WIDTH="149" VPOS="1728" HPOS="929"/><SP WIDTH="11" VPOS="1735" HPOS="1078"/><String WC="0.6999999881" CONTENT="e.n.-" HEIGHT="24" WIDTH="64" VPOS="1728" HPOS="1089"/><SP WIDTH="14" VPOS="1723" HPOS="1154"/><String WC="0.6016666889" CONTENT="allcs-" HEIGHT="36" WIDTH="69" VPOS="1708" HPOS="1168"/></TextLine>
<TextLine HEIGHT="90" WIDTH="1005" VPOS="1742" HPOS="258" STYLEREFS="font2"><String WC="0.3899999857" CONTENT="allein" HEIGHT="31" WIDTH="77" VPOS="1797" HPOS="259"/><SP WIDTH="5" VPOS="1803" HPOS="337"/><String STYLEREFS="font1" WC="1." CONTENT="/" HEIGHT="21" WIDTH="12" VPOS="1803" HPOS="343"/><SP WIDTH="9" VPOS="1796" HPOS="355"/><String STYLEREFS="font1" WC="0.5533333421" CONTENT="sie" HEIGHT="34" WIDTH="32" VPOS="1795" HPOS="364"/><SP WIDTH="4" VPOS="1801" HPOS="397"/><String WC="0.5466666818" CONTENT="warten" HEIGHT="31" WIDTH="97" VPOS="1793" HPOS="401"/><SP WIDTH="7" VPOS="1793" HPOS="498"/><String WC="0.5766666532" CONTENT="wsl" HEIGHT="32" WIDTH="51" VPOS="1785" HPOS="505"/><SP WIDTH="5" VPOS="1784" HPOS="556"/><String WC="0.3540000021" CONTENT="verge" HEIGHT="28" WIDTH="74" VPOS="1787" HPOS="561"/><SP WIDTH="13" VPOS="1783" HPOS="635"/><String WC="0.6449999809" CONTENT="ist,5." HEIGHT="31" WIDTH="62" VPOS="1776" HPOS="648"/><SP WIDTH="6" VPOS="1784" HPOS="710"/><String WC="0.4460000098" CONTENT="uttra" HEIGHT="28" WIDTH="68" VPOS="1773" HPOS="716"/><SP WIDTH="4" VPOS="1776" HPOS="784"/><String WC="0.5688889027" CONTENT="expettanc" HEIGHT="36" WIDTH="135" VPOS="1765" HPOS="788"/><SP WIDTH="6" VPOS="1768" HPOS="923"/><String WC="0.5820000172" CONTENT="1&apos;)&apos;p„k-m.2.das" HEIGHT="44" WIDTH="213" VPOS="1759" HPOS="929"/><SP WIDTH="6" VPOS="1753" HPOS="1141"/><String WC="0.354285717" CONTENT="Dorblw&apos;" HEIGHT="39" WIDTH="115" VPOS="1742" HPOS="1147"/></TextLine>
<TextLine HEIGHT="91" WIDTH="1001" VPOS="1777" HPOS="260" STYLEREFS="font2"><String WC="0.4250000119" CONTENT="aufden/dkk" HEIGHT="40" WIDTH="160" VPOS="1828" HPOS="261"/><SP WIDTH="12" VPOS="1825" HPOS="420"/><String WC="0.5659999847" CONTENT="ftlwn" HEIGHT="36" WIDTH="73" VPOS="1823" HPOS="432"/><SP WIDTH="12" VPOS="1828" HPOS="506"/><String WC="0.354285717" CONTENT="vorlangstjsu.n" HEIGHT="44" WIDTH="200" VPOS="1806" HPOS="518"/><SP WIDTH="13" VPOS="1817" HPOS="718"/><String STYLEREFS="font1" WC="0.7433333397" CONTENT="qui" HEIGHT="38" WIDTH="43" VPOS="1804" HPOS="731"/><SP WIDTH="13" VPOS="1803" HPOS="774"/><String WC="0.6924999952" CONTENT=",!&gt;m" HEIGHT="26" WIDTH="52" VPOS="1809" HPOS="787"/><SP WIDTH="15" VPOS="1803" HPOS="839"/><String STYLEREFS="font1" WC="0.5637037158" CONTENT="düclüVöinurur,a,um,küNilN&gt;&apos;" HEIGHT="57" WIDTH="407" VPOS="1777" HPOS="854"/></TextLine>
<TextLine HEIGHT="63" WIDTH="483" VPOS="1832" HPOS="449" STYLEREFS="font3"><String WC="0.4618181884" CONTENT="(erschienen" HEIGHT="43" WIDTH="152" VPOS="1852" HPOS="449"/><SP WIDTH="6" VPOS="1849" HPOS="600"/><String WC="0.4724999964" CONTENT="ist^" HEIGHT="34" WIDTH="46" VPOS="1847" HPOS="606"/><SP WIDTH="130" VPOS="1837" HPOS="652"/><String WC="0.2672727406" CONTENT="(apparuic.)" HEIGHT="44" WIDTH="150" VPOS="1832" HPOS="782"/></TextLine>
<TextLine HEIGHT="34" WIDTH="84" VPOS="1848" HPOS="1180"><String STYLE="bold" WC="0.6833333373" CONTENT="(TW" HEIGHT="34" WIDTH="84" VPOS="1848" HPOS="1180"/></TextLine>
</TextBlock>
<TextBlock ID="Page1_Block8" HEIGHT="1380" WIDTH="393" VPOS="181" HPOS="885" language="de" STYLEREFS="font1"><Shape><Polygon POINTS="944,220 1291,220 1291,341 1283,341 1283,348 1300,348 1300,1558 1222,1558 1222,1590 966,1590 966,1558 936,1558 936,1438 964,1438 964,1358 936,1358 936,1236 938,1236 938,1208 942,1208 942,1118 936,1118 936,1076 938,1076 938,1024 934,1024 934,964 936,964 936,886 932,886 932,834 938,834 938,678 936,678 936,562 940,562 940,494 942,494 942,424 972,424 972,396 940,396 940,362 944,362 944,220"/></Shape>
<TextLine HEIGHT="46" WIDTH="342" VPOS="193" HPOS="885" STYLEREFS="font3"><String STYLE="bold" WC="0.4172727168" CONTENT="lAdvocätus," HEIGHT="34" WIDTH="163" VPOS="199" HPOS="885"/><SP WIDTH="7" VPOS="205" HPOS="1048"/><String STYLE="bold" WC="0.6200000048" CONTENT="a," HEIGHT="25" WIDTH="23" VPOS="204" HPOS="1055"/><SP WIDTH="9" VPOS="206" HPOS="1078"/><String STYLE="bold" WC="0.7350000143" CONTENT="um" HEIGHT="20" WIDTH="44" VPOS="205" HPOS="1087"/><SP WIDTH="9" VPOS="205" HPOS="1132"/><String STYLE="bold" WC="0.5299999714" CONTENT=",abgt»" HEIGHT="38" WIDTH="86" VPOS="193" HPOS="1141"/></TextLine>
<TextLine HEIGHT="35" WIDTH="104" VPOS="234" HPOS="925" STYLEREFS="font3"><String STYLE="bold" WC="0.5" CONTENT="fordert-" HEIGHT="35" WIDTH="104" VPOS="234" HPOS="925"/></TextLine>
<TextLine HEIGHT="45" WIDTH="334" VPOS="261" HPOS="892" STYLEREFS="font3"><String STYLE="bold" WC="0.704444468" CONTENT="Pölteii-m.r.pl.dje" HEIGHT="42" WIDTH="243" VPOS="264" HPOS="892"/><SP WIDTH="5" VPOS="265" HPOS="1135"/><String STYLE="bold" WC="0.3179999888" CONTENT="Nacht" HEIGHT="36" WIDTH="86" VPOS="261" HPOS="1140"/></TextLine>
<TextLine HEIGHT="34" WIDTH="120" VPOS="300" HPOS="925" STYLEREFS="font3"><String STYLE="bold" WC="0.5842857361" CONTENT="kommen-" HEIGHT="34" WIDTH="120" VPOS="300" HPOS="925"/></TextLine>
<TextLine HEIGHT="45" WIDTH="340" VPOS="324" HPOS="885"><String WC="0.6706249714" CONTENT="!8acran&gt;ancum,n." HEIGHT="42" WIDTH="249" VPOS="326" HPOS="885"/><String STYLE="bold" STYLEREFS="font3" WC="0.3766666651" CONTENT="düs" HEIGHT="30" WIDTH="47" VPOS="330" HPOS="1178"/></TextLine>
<TextLine HEIGHT="45" WIDTH="189" VPOS="367" HPOS="907" STYLEREFS="font3"><String STYLE="bold" WC="0.5400000215" CONTENT="," HEIGHT="7" WIDTH="8" VPOS="405" HPOS="908"/><SP WIDTH="10" VPOS="372" HPOS="916"/><String STYLE="bold" WC="0.3880000114" CONTENT="Sacrament." HEIGHT="36" WIDTH="170" VPOS="367" HPOS="926"/></TextLine>
<TextLine HEIGHT="44" WIDTH="335" VPOS="396" HPOS="895" STYLEREFS="font3"><String STYLEREFS="font1" WC="0.5899999738" CONTENT="üirLuin.ilio.ii;." HEIGHT="40" WIDTH="223" VPOS="399" HPOS="895"/><SP WIDTH="8" VPOS="402" HPOS="1118"/><String STYLE="bold" WC="0.2533333302" CONTENT="die" HEIGHT="32" WIDTH="40" VPOS="401" HPOS="1126"/><SP WIDTH="8" VPOS="401" HPOS="1166"/><String STYLE="bold" WC="0.2549999952" CONTENT="Wt" HEIGHT="30" WIDTH="56" VPOS="400" HPOS="1174"/></TextLine>
<TextLine HEIGHT="39" WIDTH="159" VPOS="434" HPOS="928" STYLEREFS="font3"><String STYLE="bold" WC="0.5690000057" CONTENT="schmidung." HEIGHT="39" WIDTH="159" VPOS="434" HPOS="928"/></TextLine>
<TextLine HEIGHT="48" WIDTH="341" VPOS="464" HPOS="890"><String WC="0.5185714364" CONTENT="^orätus" HEIGHT="39" WIDTH="116" VPOS="473" HPOS="890"/><String STYLE="bold" STYLEREFS="font3" WC="0.75" CONTENT="," HEIGHT="11" WIDTH="9" VPOS="491" HPOS="1014"/><SP WIDTH="7" VPOS="481" HPOS="1023"/><String STYLE="italics" STYLEREFS="font2" WC="0.5849999785" CONTENT="2," HEIGHT="23" WIDTH="22" VPOS="480" HPOS="1030"/><SP WIDTH="8" VPOS="481" HPOS="1052"/><String WC="0.6349999905" CONTENT="um" HEIGHT="20" WIDTH="44" VPOS="477" HPOS="1060"/><String STYLE="bold" STYLEREFS="font3" WC="0.5799999833" CONTENT="," HEIGHT="12" WIDTH="9" VPOS="486" HPOS="1110"/><SP WIDTH="8" VPOS="467" HPOS="1119"/><String WC="0.3312500119" CONTENT="bezeichn" HEIGHT="40" WIDTH="104" VPOS="464" HPOS="1127"/></TextLine>
<TextLine HEIGHT="30" WIDTH="53" VPOS="509" HPOS="927" STYLEREFS="font3"><String STYLE="bold" WC="0.5149999857" CONTENT="net." HEIGHT="30" WIDTH="53" VPOS="509" HPOS="927"/></TextLine>
<TextLine HEIGHT="44" WIDTH="336" VPOS="534" HPOS="894" STYLEREFS="font3"><String STYLEREFS="font1" WC="0.4609999955" CONTENT="Singulär»," HEIGHT="37" WIDTH="148" VPOS="540" HPOS="894"/><String STYLE="bold" WC="0.5899999738" CONTENT="c,3" HEIGHT="27" WIDTH="37" VPOS="546" HPOS="1043"/><SP WIDTH="13" VPOS="546" HPOS="1080"/><String STYLE="bold" WC="0.374545455" CONTENT="e,n.9.fött#" HEIGHT="37" WIDTH="137" VPOS="535" HPOS="1093"/></TextLine>
<TextLine HEIGHT="33" WIDTH="96" VPOS="574" HPOS="929" STYLEREFS="font3"><String STYLE="bold" WC="0.4485714138" CONTENT="derbar-" HEIGHT="33" WIDTH="96" VPOS="574" HPOS="929"/></TextLine>
<TextLine HEIGHT="45" WIDTH="333" VPOS="601" HPOS="896"><String WC="0.4670000076" CONTENT="Pdpu.us,m," HEIGHT="39" WIDTH="158" VPOS="607" HPOS="896"/><SP WIDTH="7" VPOS="618" HPOS="1055"/><String WC="0.2399999946" CONTENT="2." HEIGHT="18" WIDTH="22" VPOS="617" HPOS="1063"/><SP WIDTH="7" VPOS="608" HPOS="1085"/><String WC="0.5666666627" CONTENT="dasVvlck." HEIGHT="36" WIDTH="137" VPOS="601" HPOS="1092"/></TextLine>
<TextLine HEIGHT="45" WIDTH="317" VPOS="634" HPOS="899"><String WC="0.2545454502" CONTENT="Ecclefu.fr." HEIGHT="40" WIDTH="160" VPOS="639" HPOS="899"/><SP WIDTH="9" VPOS="644" HPOS="1059"/><String WC="0.4166666567" CONTENT="die" HEIGHT="29" WIDTH="39" VPOS="642" HPOS="1068"/><SP WIDTH="8" VPOS="642" HPOS="1107"/><String WC="0.3514285684" CONTENT="Kirche." HEIGHT="33" WIDTH="101" VPOS="639" HPOS="1115"/></TextLine>
<TextLine HEIGHT="47" WIDTH="314" VPOS="668" HPOS="901"><String WC="0.3125" CONTENT="Mofas,m." HEIGHT="35" WIDTH="130" VPOS="674" HPOS="901"/><SP WIDTH="8" VPOS="685" HPOS="1032"/><String WC="0.1299999952" CONTENT="9" HEIGHT="25" WIDTH="10" VPOS="684" HPOS="1041"/><SP WIDTH="6" VPOS="684" HPOS="1052"/><String WC="1." CONTENT="." HEIGHT="3" WIDTH="3" VPOS="697" HPOS="1059"/><SP WIDTH="55" VPOS="675" HPOS="1062"/><String WC="0.5411111116" CONTENT="SK!&gt;(&apos;«#•" HEIGHT="36" WIDTH="98" VPOS="672" HPOS="1117"/></TextLine>
<TextLine HEIGHT="45" WIDTH="333" VPOS="701" HPOS="900"><String WC="0.4160000086" CONTENT="Mons,m.9.Sinni," HEIGHT="40" WIDTH="229" VPOS="706" HPOS="900"/><SP WIDTH="11" VPOS="717" HPOS="1130"/><String WC="0.2160000056" CONTENT="mcecL" HEIGHT="34" WIDTH="92" VPOS="701" HPOS="1141"/></TextLine>
<TextLine HEIGHT="44" WIDTH="225" VPOS="738" HPOS="933"><String WC="0.4399999976" CONTENT="der" HEIGHT="31" WIDTH="41" VPOS="745" HPOS="934"/><SP WIDTH="8" VPOS="743" HPOS="975"/><String WC="0.5024999976" CONTENT="Berg" HEIGHT="39" WIDTH="72" VPOS="741" HPOS="983"/><SP WIDTH="9" VPOS="744" HPOS="1055"/><String WC="0.3783333302" CONTENT="Sinai." HEIGHT="33" WIDTH="93" VPOS="741" HPOS="1064"/></TextLine>
<TextLine HEIGHT="46" WIDTH="311" VPOS="771" HPOS="903"><String WC="0.3199999928" CONTENT="Lex," HEIGHT="31" WIDTH="64" VPOS="780" HPOS="903"/><SP WIDTH="7" VPOS="784" HPOS="967"/><String WC="0.1850000024" CONTENT="t:" HEIGHT="29" WIDTH="17" VPOS="778" HPOS="974"/><SP WIDTH="9" VPOS="778" HPOS="992"/><String WC="0.5699999928" CONTENT="3." HEIGHT="25" WIDTH="22" VPOS="786" HPOS="1001"/><SP WIDTH="11" VPOS="782" HPOS="1023"/><String WC="0.3899999857" CONTENT="bas" HEIGHT="30" WIDTH="47" VPOS="780" HPOS="1034"/><SP WIDTH="9" VPOS="779" HPOS="1081"/><String STYLE="bold" STYLEREFS="font3" WC="0.5166666508" CONTENT="Gescn." HEIGHT="35" WIDTH="90" VPOS="775" HPOS="1090"/><SP WIDTH="27" VPOS="793" HPOS="1180"/><String STYLE="bold" STYLEREFS="font3" WC="0.8299999833" CONTENT="." HEIGHT="5" WIDTH="7" VPOS="802" HPOS="1207"/></TextLine>
<TextLine HEIGHT="47" WIDTH="336" VPOS="805" HPOS="901"><String WC="0.4366666675" CONTENT="S;-riptus.a," HEIGHT="39" WIDTH="155" VPOS="810" HPOS="901"/><SP WIDTH="9" VPOS="823" HPOS="1056"/><String WC="0.4174999893" CONTENT="um,geschr&gt;e&gt;" HEIGHT="42" WIDTH="172" VPOS="805" HPOS="1065"/></TextLine>
<TextLine HEIGHT="29" WIDTH="55" VPOS="848" HPOS="940"><String WC="0.5099999905" CONTENT="den." HEIGHT="29" WIDTH="55" VPOS="848" HPOS="940"/></TextLine>
<TextLine HEIGHT="46" WIDTH="333" VPOS="871" HPOS="905"><String STYLEREFS="font2" WC="0.5437499881" CONTENT="Digitus," HEIGHT="37" WIDTH="116" VPOS="877" HPOS="905"/><SP WIDTH="2" VPOS="887" HPOS="1021"/><String STYLE="bold" STYLEREFS="font3" WC="0.5950000286" CONTENT="m," HEIGHT="21" WIDTH="36" VPOS="886" HPOS="1022"/><SP WIDTH="3" VPOS="885" HPOS="1058"/><String STYLE="bold" STYLEREFS="font3" WC="0.3400000036" CONTENT="2." HEIGHT="19" WIDTH="23" VPOS="884" HPOS="1061"/><SP WIDTH="6" VPOS="878" HPOS="1084"/><String STYLE="bold" STYLEREFS="font3" WC="0.3779999912" CONTENT="bctgmflef*" HEIGHT="38" WIDTH="148" VPOS="873" HPOS="1090"/></TextLine>
<TextLine HEIGHT="47" WIDTH="301" VPOS="903" HPOS="907"><String WC="0.2899999917" CONTENT="Täbula" HEIGHT="30" WIDTH="99" VPOS="911" HPOS="907"/><SP WIDTH="8" VPOS="910" HPOS="1006"/><String WC="0.5799999833" CONTENT="f." HEIGHT="30" WIDTH="21" VPOS="909" HPOS="1014"/><SP WIDTH="12" VPOS="919" HPOS="1035"/><String WC="1." CONTENT="I." HEIGHT="19" WIDTH="20" VPOS="918" HPOS="1047"/><SP WIDTH="9" VPOS="913" HPOS="1067"/><String WC="0.2733333409" CONTENT="die" HEIGHT="31" WIDTH="39" VPOS="909" HPOS="1076"/><SP WIDTH="7" VPOS="910" HPOS="1115"/><String WC="0.5283333063" CONTENT="Tafel." HEIGHT="36" WIDTH="86" VPOS="907" HPOS="1122"/></TextLine>
<TextLine HEIGHT="50" WIDTH="332" VPOS="936" HPOS="907"><String WC="0.5619999766" CONTENT="Lapideus,z,iim," HEIGHT="45" WIDTH="214" VPOS="939" HPOS="907"/><SP WIDTH="8" VPOS="944" HPOS="1121"/><String WC="0.5220000148" CONTENT="strinertt&apos;" HEIGHT="39" WIDTH="110" VPOS="940" HPOS="1129"/></TextLine>
<TextLine HEIGHT="45" WIDTH="284" VPOS="975" HPOS="908"><String WC="0.5653846264" CONTENT="Manducätio.f," HEIGHT="38" WIDTH="195" VPOS="978" HPOS="908"/><SP WIDTH="10" VPOS="987" HPOS="1103"/><String STYLE="bold" STYLEREFS="font3" WC="0.4050000012" CONTENT="9." HEIGHT="26" WIDTH="23" VPOS="987" HPOS="1113"/><SP WIDTH="9" VPOS="981" HPOS="1136"/><String STYLE="bold" STYLEREFS="font3" WC="0.4166666567" CONTENT="das" HEIGHT="29" WIDTH="47" VPOS="980" HPOS="1145"/></TextLine>
<TextLine HEIGHT="36" WIDTH="51" VPOS="1016" HPOS="939"><String STYLE="bold" STYLEREFS="font3" WC="0.3680000007" CONTENT="feit." HEIGHT="36" WIDTH="51" VPOS="1016" HPOS="939"/></TextLine>
<TextLine HEIGHT="48" WIDTH="331" VPOS="1041" HPOS="909" STYLEREFS="font1"><String WC="0.3625000119" CONTENT="Agnus.m." HEIGHT="37" WIDTH="153" VPOS="1052" HPOS="909"/><SP WIDTH="12" VPOS="1060" HPOS="1063"/><String WC="0.8199999928" CONTENT="2." HEIGHT="17" WIDTH="21" VPOS="1059" HPOS="1076"/><SP WIDTH="15" VPOS="1059" HPOS="1097"/><String WC="0.3127272725" CONTENT="pafcVtnliS*" HEIGHT="41" WIDTH="128" VPOS="1041" HPOS="1112"/></TextLine>
<TextLine HEIGHT="48" WIDTH="301" VPOS="1073" HPOS="941"><String WC="0.5" CONTENT="c.;" HEIGHT="25" WIDTH="39" VPOS="1094" HPOS="942"/><SP WIDTH="18" VPOS="1088" HPOS="981"/><String WC="0.5133333206" CONTENT="das" HEIGHT="30" WIDTH="47" VPOS="1087" HPOS="999"/><SP WIDTH="7" VPOS="1085" HPOS="1046"/><String WC="0.2899999917" CONTENT="Oster" HEIGHT="34" WIDTH="76" VPOS="1083" HPOS="1053"/><SP WIDTH="5" VPOS="1090" HPOS="1129"/><String WC="1." CONTENT="i" HEIGHT="15" WIDTH="9" VPOS="1096" HPOS="1135"/><SP WIDTH="5" VPOS="1077" HPOS="1144"/><String WC="0.5433333516" CONTENT="Law&gt;&quot;i" HEIGHT="39" WIDTH="93" VPOS="1073" HPOS="1149"/></TextLine>
<TextLine HEIGHT="44" WIDTH="332" VPOS="1110" HPOS="912"><String WC="0.2619999945" CONTENT="Sacriücium" HEIGHT="33" WIDTH="160" VPOS="1118" HPOS="912"/><SP WIDTH="16" VPOS="1127" HPOS="1073"/><String WC="0.6299999952" CONTENT="," HEIGHT="11" WIDTH="8" VPOS="1137" HPOS="1090"/><SP WIDTH="18" VPOS="1127" HPOS="1099"/><String WC="0.75" CONTENT="n." HEIGHT="18" WIDTH="25" VPOS="1127" HPOS="1118"/><SP WIDTH="14" VPOS="1124" HPOS="1144"/><String WC="0.3849999905" CONTENT="3." HEIGHT="21" WIDTH="23" VPOS="1123" HPOS="1159"/><SP WIDTH="16" VPOS="1113" HPOS="1182"/><String WC="0.7466666698" CONTENT="d&lt;&quot;" HEIGHT="28" WIDTH="46" VPOS="1110" HPOS="1198"/></TextLine>
<TextLine HEIGHT="47" WIDTH="265" VPOS="1148" HPOS="945" STYLEREFS="font3"><String STYLE="bold" WC="0.7014285922" CONTENT="Opffer." HEIGHT="37" WIDTH="99" VPOS="1153" HPOS="945"/><SP WIDTH="115" VPOS="1173" HPOS="1044"/><String STYLE="bold" WC="0.5799999833" CONTENT="." HEIGHT="8" WIDTH="9" VPOS="1180" HPOS="1159"/><SP WIDTH="29" VPOS="1178" HPOS="1168"/><String STYLE="bold" WC="1." CONTENT="^" HEIGHT="9" WIDTH="13" VPOS="1178" HPOS="1197"/></TextLine>
<TextLine HEIGHT="48" WIDTH="305" VPOS="1177" HPOS="915"><String WC="0.573333323" CONTENT="Al-aie.n." HEIGHT="32" WIDTH="128" VPOS="1188" HPOS="916"/><SP WIDTH="10" VPOS="1194" HPOS="1045"/><String WC="0.349090904" CONTENT="z.derAltak." HEIGHT="43" WIDTH="166" VPOS="1177" HPOS="1054"/></TextLine>
<TextLine HEIGHT="45" WIDTH="328" VPOS="1211" HPOS="917"><String WC="0.8033333421" CONTENT="0iketendi&gt;5," HEIGHT="40" WIDTH="174" VPOS="1216" HPOS="917"/><SP WIDTH="8" VPOS="1229" HPOS="1091"/><String WC="1." CONTENT="a," HEIGHT="19" WIDTH="30" VPOS="1228" HPOS="1099"/><SP WIDTH="13" VPOS="1223" HPOS="1130"/><String WC="0.2433333397" CONTENT="um-" HEIGHT="21" WIDTH="59" VPOS="1219" HPOS="1144"/><SP WIDTH="14" VPOS="1220" HPOS="1204"/><String WC="1." CONTENT="s&quot;" HEIGHT="20" WIDTH="26" VPOS="1216" HPOS="1219"/></TextLine>
<TextLine HEIGHT="35" WIDTH="83" VPOS="1389" HPOS="951"><String WC="0.474999994" CONTENT="wcrck-" HEIGHT="35" WIDTH="83" VPOS="1389" HPOS="951"/></TextLine>
<TextLine HEIGHT="49" WIDTH="323" VPOS="1408" HPOS="928"><String WC="0.9466666579" CONTENT="fal" HEIGHT="29" WIDTH="41" VPOS="1428" HPOS="928"/><SP WIDTH="12" VPOS="1429" HPOS="969"/><String WC="0.8199999928" CONTENT="oruäcuIi&apos;M.n," HEIGHT="40" WIDTH="196" VPOS="1411" HPOS="981"/><SP WIDTH="8" VPOS="1419" HPOS="1177"/><String WC="0.5649999976" CONTENT="2," HEIGHT="17" WIDTH="22" VPOS="1419" HPOS="1185"/><SP WIDTH="6" VPOS="1410" HPOS="1208"/><String WC="0.3100000024" CONTENT="Df*" HEIGHT="25" WIDTH="35" VPOS="1408" HPOS="1215"/></TextLine>
<TextLine HEIGHT="49" WIDTH="229" VPOS="1440" HPOS="937" STYLEREFS="font3"><String STYLE="bold" WC="0.4366666675" CONTENT="/Stifftsr" HEIGHT="46" WIDTH="131" VPOS="1443" HPOS="937"/><SP WIDTH="8" VPOS="1448" HPOS="1068"/><String STYLE="bold" WC="0.3966666758" CONTENT="Hätte." HEIGHT="40" WIDTH="90" VPOS="1441" HPOS="1076"/></TextLine>
<TextLine HEIGHT="47" WIDTH="329" VPOS="1476" HPOS="923"><String WC="0.2599999905" CONTENT="ArcaL" HEIGHT="37" WIDTH="93" VPOS="1486" HPOS="923"/><SP WIDTH="14" VPOS="1485" HPOS="1016"/><String WC="0.6150000095" CONTENT="i-" HEIGHT="14" WIDTH="18" VPOS="1495" HPOS="1030"/><SP WIDTH="8" VPOS="1483" HPOS="1048"/><String WC="0.6600000262" CONTENT="federis," HEIGHT="37" WIDTH="121" VPOS="1479" HPOS="1056"/><SP WIDTH="12" VPOS="1482" HPOS="1177"/><String WC="0.25" CONTENT="N" HEIGHT="20" WIDTH="17" VPOS="1482" HPOS="1189"/><SP WIDTH="23" VPOS="1481" HPOS="1206"/><String WC="0.8199999928" CONTENT="»*" HEIGHT="20" WIDTH="23" VPOS="1480" HPOS="1229"/></TextLine>
<TextLine HEIGHT="41" WIDTH="234" VPOS="1513" HPOS="957"><String WC="0.3266666532" CONTENT="die" HEIGHT="31" WIDTH="40" VPOS="1520" HPOS="957"/><SP WIDTH="9" VPOS="1519" HPOS="997"/><String STYLE="bold" STYLEREFS="font3" WC="0.5383333564" CONTENT="Bunds-" HEIGHT="36" WIDTH="104" VPOS="1516" HPOS="1006"/><SP WIDTH="10" VPOS="1519" HPOS="1110"/><String WC="0.4539999962" CONTENT="Lade." HEIGHT="34" WIDTH="71" VPOS="1515" HPOS="1120"/></TextLine>
</TextBlock>
<TextBlock ID="Page1_Block9" HEIGHT="197" WIDTH="574" VPOS="1535" HPOS="698" language="de" STYLEREFS="font3"><Shape><Polygon POINTS="714,1574 1284,1574 1284,1724 1264,1724 1264,1760 934,1760 934,1724 932,1724 932,1632 714,1632 714,1574"/></Shape>
<TextLine HEIGHT="59" WIDTH="550" VPOS="1546" HPOS="704" STYLEREFS="font1"><String STYLE="bold" WC="0.5" CONTENT="(," HEIGHT="35" WIDTH="23" VPOS="1570" HPOS="704"/><SP WIDTH="6" VPOS="1580" HPOS="727"/><String STYLE="bold" WC="0.3000000119" CONTENT="um" HEIGHT="20" WIDTH="43" VPOS="1578" HPOS="734"/><SP WIDTH="6" VPOS="1571" HPOS="778"/><String STYLE="bold" WC="1." CONTENT="in" HEIGHT="26" WIDTH="26" VPOS="1570" HPOS="785"/><SP WIDTH="6" VPOS="1567" HPOS="811"/><String STYLE="italics" WC="0.4375" CONTENT="deferlo■" HEIGHT="36" WIDTH="96" VPOS="1564" HPOS="817"/><SP WIDTH="5" VPOS="1568" HPOS="914"/><String STYLE="bold" WC="0.3185714185" CONTENT="jAerie." HEIGHT="40" WIDTH="85" VPOS="1558" HPOS="919"/><SP WIDTH="11" VPOS="1564" HPOS="1004"/><String STYLE="bold" WC="0.8249999881" CONTENT="s," HEIGHT="24" WIDTH="22" VPOS="1563" HPOS="1015"/><SP WIDTH="7" VPOS="1564" HPOS="1037"/><String STYLE="bold" WC="0.7799999714" CONTENT="a," HEIGHT="25" WIDTH="22" VPOS="1563" HPOS="1044"/><SP WIDTH="7" VPOS="1565" HPOS="1066"/><String STYLE="bold" WC="0.7599999905" CONTENT="um," HEIGHT="21" WIDTH="53" VPOS="1563" HPOS="1073"/><SP WIDTH="12" VPOS="1559" HPOS="1126"/><String STYLE="bold" WC="0.4237500131" CONTENT="ebruei&apos;!" HEIGHT="34" WIDTH="116" VPOS="1546" HPOS="1138"/></TextLine>
<TextLine HEIGHT="60" WIDTH="335" VPOS="1569" HPOS="920"><String STYLE="bold" WC="0.5045833588" CONTENT="!Serpeni.c.;.bieSel)!a&quot;&apos;" HEIGHT="60" WIDTH="335" VPOS="1569" HPOS="920"/></TextLine>
<TextLine HEIGHT="39" WIDTH="76" VPOS="1623" HPOS="918"><String STYLE="bold" WC="0.3000000119" CONTENT="!" HEIGHT="36" WIDTH="6" VPOS="1625" HPOS="918"/><SP WIDTH="33" VPOS="1624" HPOS="924"/><String STYLE="bold" WC="0.5500000119" CONTENT="ge." HEIGHT="30" WIDTH="36" VPOS="1631" HPOS="958"/></TextLine>
<TextLine HEIGHT="59" WIDTH="328" VPOS="1645" HPOS="919" STYLEREFS="font1"><String STYLE="bold" WC="0.4050000012" CONTENT="(Morfus," HEIGHT="40" WIDTH="120" VPOS="1656" HPOS="919"/><SP WIDTH="7" VPOS="1670" HPOS="1039"/><String WC="0.5749999881" CONTENT="m." HEIGHT="19" WIDTH="35" VPOS="1669" HPOS="1047"/><SP WIDTH="8" VPOS="1667" HPOS="1083"/><String WC="0." CONTENT="4" HEIGHT="23" WIDTH="15" VPOS="1666" HPOS="1092"/><SP WIDTH="15" VPOS="1656" HPOS="1107"/><String STYLE="bold" WC="0.3600000143" CONTENT="P" HEIGHT="39" WIDTH="17" VPOS="1655" HPOS="1121"/><String STYLE="superscript bold" WC="0.2700000107" CONTENT="e" HEIGHT="21" WIDTH="10" VPOS="1660" HPOS="1139"/><String STYLE="bold" WC="0.2783333361" CONTENT="fjPuc," HEIGHT="52" WIDTH="96" VPOS="1645" HPOS="1151"/></TextLine>
<TextLine HEIGHT="55" WIDTH="301" VPOS="1677" HPOS="922" STYLEREFS="font1"><String WC="0.5210000277" CONTENT="iDeiertü.n" HEIGHT="38" WIDTH="145" VPOS="1692" HPOS="923"/><SP WIDTH="9" VPOS="1701" HPOS="1068"/><String WC="0.2399999946" CONTENT="2" HEIGHT="19" WIDTH="14" VPOS="1701" HPOS="1078"/><SP WIDTH="11" VPOS="1692" HPOS="1093"/><String WC="0.3833333254" CONTENT="die" HEIGHT="30" WIDTH="40" VPOS="1689" HPOS="1104"/><SP WIDTH="7" VPOS="1685" HPOS="1144"/><String WC="0.6200000048" CONTENT="tlö," HEIGHT="45" WIDTH="49" VPOS="1680" HPOS="1151"/><SP WIDTH="9" VPOS="1678" HPOS="1199"/><String WC="0.6100000143" CONTENT="!&gt;" HEIGHT="31" WIDTH="15" VPOS="1677" HPOS="1207"/></TextLine>
</TextBlock>
<TextBlock ID="Page1_Block10" HEIGHT="154" WIDTH="222" VPOS="1594" HPOS="647" language="de" STYLEREFS="font1"><Shape><Polygon POINTS="692,1620 870,1620 870,1658 880,1658 880,1726 840,1726 840,1768 662,1768 662,1726 660,1726 660,1658 692,1658 692,1620"/></Shape>
<TextLine HEIGHT="41" WIDTH="171" VPOS="1601" HPOS="684"><String STYLE="italics smallcaps" WC="0.2133333385" CONTENT="Qjx" HEIGHT="38" WIDTH="74" VPOS="1604" HPOS="684"/><SP WIDTH="6" VPOS="1613" HPOS="758"/><String WC="0.3549999893" CONTENT="omma" HEIGHT="22" WIDTH="89" VPOS="1609" HPOS="765"/></TextLine>
<TextLine HEIGHT="38" WIDTH="133" VPOS="1640" HPOS="652"><String STYLE="italics" WC="0.6750000119" CONTENT="typi" HEIGHT="35" WIDTH="49" VPOS="1643" HPOS="652"/><SP WIDTH="9" VPOS="1643" HPOS="701"/><String STYLEREFS="font0" WC="0.4580000043" CONTENT="Grant" HEIGHT="25" WIDTH="74" VPOS="1642" HPOS="710"/></TextLine>
<TextLine HEIGHT="36" WIDTH="214" VPOS="1666" HPOS="655"><String WC="0.25" CONTENT="venrun" HEIGHT="22" WIDTH="102" VPOS="1680" HPOS="655"/><SP WIDTH="9" VPOS="1673" HPOS="757"/><String WC="0.448333323" CONTENT="Meffi»" HEIGHT="31" WIDTH="102" VPOS="1666" HPOS="766"/></TextLine>
<TextLine HEIGHT="42" WIDTH="171" VPOS="1701" HPOS="656"><String WC="0.3199999928" CONTENT="quem" HEIGHT="28" WIDTH="79" VPOS="1715" HPOS="656"/><SP WIDTH="12" VPOS="1707" HPOS="735"/><String WC="0.2450000048" CONTENT="Judsei" HEIGHT="37" WIDTH="80" VPOS="1701" HPOS="747"/></TextLine>
</TextBlock><GraphicalElement ID="Page1_Block11" HEIGHT="16" WIDTH="247" VPOS="189" HPOS="230"/><GraphicalElement ID="Page1_Block12" HEIGHT="14" WIDTH="266" VPOS="176" HPOS="953"/><GraphicalElement ID="Page1_Block13" HEIGHT="1066" WIDTH="33" VPOS="687" HPOS="617"/><GraphicalElement ID="Page1_Block14" HEIGHT="323" WIDTH="11" VPOS="223" HPOS="607"/><GraphicalElement ID="Page1_Block15" HEIGHT="1203" WIDTH="35" VPOS="300" HPOS="883"/><GraphicalElement ID="Page1_Block16" HEIGHT="125" WIDTH="11" VPOS="1594" HPOS="917"/><GraphicalElement ID="Page1_Block17" HEIGHT="90" WIDTH="6" VPOS="210" HPOS="883"/>
</PrintSpace>
</Page>
</Layout>
</alto>