﻿<?xml version="1.0" encoding="UTF-8" standalone="yes"?>
<alto xmlns="http://www.loc.gov/standards/alto/ns-v2#" xmlns:xlink="http://www.w3.org/1999/xlink" xmlns:xsi="http://www.w3.org/2001/XMLSchema-instance" xsi:schemaLocation="http://www.loc.gov/standards/alto/ns-v2# http://www.loc.gov/standards/alto/alto-v2.0.xsd">
<Description>
<MeasurementUnit>pixel</MeasurementUnit>
<OCRProcessing ID="IdOcr"><ocrProcessingStep><processingDateTime>2017-03-20</processingDateTime><processingSoftware><softwareCreator>ABBYY</softwareCreator><softwareName>ABBYY FineReader Engine</softwareName><softwareVersion>11</softwareVersion></processingSoftware></ocrProcessingStep></OCRProcessing>
</Description>
<Styles><TextStyle ID="font0" FONTFAMILY="Times New Roman" FONTSIZE="9"/><TextStyle ID="font1" FONTFAMILY="Times New Roman" FONTSIZE="10"/><TextStyle ID="font2" FONTFAMILY="Times New Roman" FONTSIZE="11"/><TextStyle ID="font3" FONTFAMILY="Times New Roman" FONTSIZE="12"/>
</Styles>
<Layout>
<Page ID="Page1" PHYSICAL_IMG_NR="1" HEIGHT="2062" WIDTH="1244">
<TopMargin HEIGHT="134" WIDTH="1244" VPOS="0" HPOS="0">
</TopMargin>
<LeftMargin HEIGHT="1730" WIDTH="201" VPOS="134" HPOS="0">
</LeftMargin>
<RightMargin HEIGHT="1730" WIDTH="2" VPOS="134" HPOS="1242">
</RightMargin>
<BottomMargin HEIGHT="198" WIDTH="1244" VPOS="1864" HPOS="0">
</BottomMargin>
<PrintSpace HEIGHT="1730" WIDTH="1041" VPOS="134" HPOS="201">
<TextBlock ID="Page1_Block1" HEIGHT="83" WIDTH="805" VPOS="134" HPOS="310" language="de" STYLEREFS="font2"><Shape><Polygon POINTS="330,146 1134,146 1134,220 330,220 330,146"/></Shape>
<TextLine HEIGHT="62" WIDTH="760" VPOS="151" HPOS="325"><String WC="0.3066666722" CONTENT="dia" HEIGHT="33" WIDTH="52" VPOS="162" HPOS="326"/><SP WIDTH="24" VPOS="160" HPOS="378"/><String WC="0.2800000012" CONTENT="die" HEIGHT="38" WIDTH="53" VPOS="159" HPOS="402"/><SP WIDTH="29" VPOS="162" HPOS="456"/><String WC="0.2166666687" CONTENT="dif" HEIGHT="40" WIDTH="55" VPOS="158" HPOS="485"/><SP WIDTH="18" VPOS="158" HPOS="540"/><String WC="0.1533333361" CONTENT="dig" HEIGHT="51" WIDTH="57" VPOS="159" HPOS="558"/><SP WIDTH="24" VPOS="156" HPOS="615"/><String WC="0.2633333206" CONTENT="dil" HEIGHT="36" WIDTH="41" VPOS="155" HPOS="639"/><SP WIDTH="25" VPOS="155" HPOS="680"/><String WC="0.453333348" CONTENT="dim" HEIGHT="35" WIDTH="68" VPOS="155" HPOS="705"/><SP WIDTH="27" VPOS="155" HPOS="773"/><String WC="0.1700000018" CONTENT="dm" HEIGHT="37" WIDTH="54" VPOS="154" HPOS="800"/><SP WIDTH="27" VPOS="156" HPOS="854"/><String WC="0.2333333343" CONTENT="dip" HEIGHT="50" WIDTH="55" VPOS="155" HPOS="881"/><SP WIDTH="26" VPOS="159" HPOS="936"/><String WC="0.2933333218" CONTENT="dir" HEIGHT="36" WIDTH="49" VPOS="158" HPOS="962"/><SP WIDTH="28" VPOS="158" HPOS="1011"/><String WC="0.6266666651" CONTENT="dis" HEIGHT="35" WIDTH="46" VPOS="158" HPOS="1039"/></TextLine>
</TextBlock>
<TextBlock ID="Page1_Block2" HEIGHT="1477" WIDTH="532" VPOS="221" HPOS="201" language="de" STYLEREFS="font2"><Shape><Polygon POINTS="220,226 536,226 536,558 494,558 494,686 612,686 612,980 582,980 582,1564 738,1564 738,1614 386,1614 386,1652 424,1652 424,1700 220,1700 220,226"/></Shape>
<TextLine HEIGHT="35" WIDTH="147" VPOS="228" HPOS="216"><String STYLEREFS="font0" WC="0.2730000019" CONTENT="diatnante," HEIGHT="35" WIDTH="147" VPOS="228" HPOS="216"/></TextLine>
<TextLine HEIGHT="32" WIDTH="126" VPOS="268" HPOS="217"><String STYLEREFS="font0" WC="0.3466666639" CONTENT="Diana." HEIGHT="28" WIDTH="95" VPOS="271" HPOS="217"/><SP WIDTH="10" VPOS="269" HPOS="313"/><String STYLEREFS="font0" WC="1." CONTENT="5." HEIGHT="31" WIDTH="19" VPOS="268" HPOS="324"/></TextLine>
<TextLine HEIGHT="38" WIDTH="165" VPOS="309" HPOS="220"><String STYLEREFS="font0" WC="0.4099999964" CONTENT="diavolo." HEIGHT="32" WIDTH="116" VPOS="309" HPOS="220"/><SP WIDTH="7" VPOS="321" HPOS="337"/><String STYLEREFS="font0" WC="0.3650000095" CONTENT="m," HEIGHT="24" WIDTH="40" VPOS="321" HPOS="345"/></TextLine>
<TextLine HEIGHT="34" WIDTH="156" VPOS="351" HPOS="221"><String STYLEREFS="font0" WC="0.4550000131" CONTENT="dichiarare.," HEIGHT="34" WIDTH="156" VPOS="351" HPOS="221"/></TextLine>
<TextLine HEIGHT="35" WIDTH="81" VPOS="394" HPOS="222"><String STYLEREFS="font0" WC="0.4900000095" CONTENT="dieci»" HEIGHT="35" WIDTH="81" VPOS="394" HPOS="222"/></TextLine>
<TextLine HEIGHT="35" WIDTH="112" VPOS="436" HPOS="222"><String STYLEREFS="font0" WC="0.3083333373" CONTENT="dieta," HEIGHT="34" WIDTH="81" VPOS="437" HPOS="222"/><SP WIDTH="9" VPOS="438" HPOS="303"/><String STYLEREFS="font0" WC="0.875" CONTENT="5." HEIGHT="33" WIDTH="22" VPOS="437" HPOS="312"/></TextLine>
<TextLine HEIGHT="41" WIDTH="293" VPOS="475" HPOS="222"><String STYLEREFS="font0" WC="1." CONTENT="-" HEIGHT="8" WIDTH="15" VPOS="497" HPOS="222"/><SP WIDTH="41" VPOS="496" HPOS="238"/><String STYLEREFS="font0" WC="1." CONTENT="-" HEIGHT="9" WIDTH="13" VPOS="496" HPOS="280"/><SP WIDTH="43" VPOS="476" HPOS="294"/><String STYLEREFS="font0" WC="0.3600000143" CONTENT="d’elettione," HEIGHT="39" WIDTH="177" VPOS="475" HPOS="338"/></TextLine>
<TextLine HEIGHT="41" WIDTH="249" VPOS="521" HPOS="225"><String STYLEREFS="font0" WC="1." CONTENT="-" HEIGHT="9" WIDTH="15" VPOS="538" HPOS="225"/><SP WIDTH="39" VPOS="538" HPOS="241"/><String STYLEREFS="font0" WC="1." CONTENT="-" HEIGHT="5" WIDTH="15" VPOS="539" HPOS="281"/><SP WIDTH="39" VPOS="532" HPOS="297"/><String STYLEREFS="font0" WC="0.472222209" CONTENT="generale," HEIGHT="39" WIDTH="138" VPOS="521" HPOS="336"/></TextLine>
<TextLine HEIGHT="39" WIDTH="245" VPOS="561" HPOS="226"><String STYLEREFS="font0" WC="0.417142868" CONTENT="dietro," HEIGHT="36" WIDTH="102" VPOS="564" HPOS="226"/><SP WIDTH="8" VPOS="563" HPOS="329"/><String STYLEREFS="font0" WC="0.3477777839" CONTENT="didiatro," HEIGHT="35" WIDTH="133" VPOS="561" HPOS="338"/></TextLine>
<TextLine HEIGHT="32" WIDTH="151" VPOS="603" HPOS="225"><String STYLEREFS="font0" WC="0.3529999852" CONTENT="difendere." HEIGHT="32" WIDTH="151" VPOS="603" HPOS="225"/></TextLine>
<TextLine HEIGHT="36" WIDTH="156" VPOS="644" HPOS="227"><String STYLEREFS="font0" WC="0.2636363506" CONTENT="difenderfi»" HEIGHT="36" WIDTH="156" VPOS="644" HPOS="227"/></TextLine>
<TextLine HEIGHT="33" WIDTH="189" VPOS="686" HPOS="228"><String STYLEREFS="font0" WC="0.3445454538" CONTENT="diferifivo." HEIGHT="33" WIDTH="140" VPOS="686" HPOS="228"/><SP WIDTH="8" VPOS="698" HPOS="369"/><String STYLEREFS="font0" WC="0.3149999976" CONTENT="m." HEIGHT="19" WIDTH="39" VPOS="698" HPOS="378"/></TextLine>
<TextLine HEIGHT="47" WIDTH="366" VPOS="725" HPOS="229"><String STYLEREFS="font0" WC="0.4659999907" CONTENT="dit&apos;erenza" HEIGHT="33" WIDTH="137" VPOS="728" HPOS="229"/><SP WIDTH="10" VPOS="731" HPOS="366"/><String STYLEREFS="font0" WC="0.3484615386" CONTENT="(differenza)." HEIGHT="44" WIDTH="188" VPOS="726" HPOS="376"/><SP WIDTH="8" VPOS="725" HPOS="564"/><String STYLEREFS="font0" WC="0.2399999946" CONTENT="f," HEIGHT="34" WIDTH="23" VPOS="725" HPOS="572"/></TextLine>
<TextLine HEIGHT="35" WIDTH="119" VPOS="772" HPOS="228"><String STYLEREFS="font0" WC="0.4055555463" CONTENT="diferire," HEIGHT="35" WIDTH="119" VPOS="772" HPOS="228"/></TextLine>
<TextLine HEIGHT="30" WIDTH="175" VPOS="813" HPOS="228"><String STYLEREFS="font0" WC="0.5274999738" CONTENT="difforme" HEIGHT="30" WIDTH="129" VPOS="813" HPOS="228"/><SP WIDTH="21" VPOS="823" HPOS="357"/><String STYLE="bold italics" STYLEREFS="font0" WC="0.5600000024" CONTENT="e." HEIGHT="17" WIDTH="25" VPOS="823" HPOS="378"/></TextLine>
<TextLine HEIGHT="37" WIDTH="170" VPOS="854" HPOS="225"><String STYLEREFS="font0" WC="0.4785714149" CONTENT="digamo." HEIGHT="37" WIDTH="122" VPOS="854" HPOS="225"/><SP WIDTH="8" VPOS="862" HPOS="348"/><String STYLEREFS="font0" WC="0.4449999928" CONTENT="m." HEIGHT="18" WIDTH="38" VPOS="862" HPOS="357"/></TextLine>
<TextLine HEIGHT="43" WIDTH="160" VPOS="895" HPOS="229"><String STYLEREFS="font0" WC="0.4936363697" CONTENT="digrignare." HEIGHT="43" WIDTH="160" VPOS="895" HPOS="229"/></TextLine>
<TextLine HEIGHT="35" WIDTH="122" VPOS="939" HPOS="227"><String STYLEREFS="font0" WC="0.3799999952" CONTENT="dilatare." HEIGHT="35" WIDTH="122" VPOS="939" HPOS="227"/></TextLine>
<TextLine HEIGHT="42" WIDTH="175" VPOS="981" HPOS="229"><String STYLEREFS="font0" WC="0.4009999931" CONTENT="dSligente." HEIGHT="42" WIDTH="136" VPOS="981" HPOS="229"/><SP WIDTH="10" VPOS="990" HPOS="366"/><String STYLEREFS="font0" WC="0.1899999976" CONTENT="cv" HEIGHT="22" WIDTH="27" VPOS="990" HPOS="377"/></TextLine>
<TextLine HEIGHT="42" WIDTH="177" VPOS="1022" HPOS="230"><String STYLEREFS="font0" WC="0.4499999881" CONTENT="diligenza." HEIGHT="41" WIDTH="144" VPOS="1023" HPOS="230"/><SP WIDTH="10" VPOS="1022" HPOS="374"/><String STYLEREFS="font0" WC="0.6399999857" CONTENT="k&gt;" HEIGHT="31" WIDTH="23" VPOS="1022" HPOS="384"/></TextLine>
<TextLine HEIGHT="25" WIDTH="183" VPOS="1075" HPOS="228"><String STYLEREFS="font0" WC="1." CONTENT="-" HEIGHT="10" WIDTH="15" VPOS="1082" HPOS="228"/><SP WIDTH="41" VPOS="1082" HPOS="244"/><String STYLEREFS="font0" WC="1." CONTENT="-" HEIGHT="6" WIDTH="12" VPOS="1083" HPOS="286"/><SP WIDTH="43" VPOS="1075" HPOS="299"/><String STYLEREFS="font0" WC="0.5649999976" CONTENT="con," HEIGHT="23" WIDTH="68" VPOS="1075" HPOS="343"/></TextLine>
<TextLine HEIGHT="31" WIDTH="159" VPOS="1107" HPOS="228"><String STYLEREFS="font0" WC="0.9362499714" CONTENT="diluvis." HEIGHT="31" WIDTH="112" VPOS="1107" HPOS="228"/><SP WIDTH="9" VPOS="1118" HPOS="340"/><String STYLEREFS="font0" WC="0.75" CONTENT="in." HEIGHT="19" WIDTH="38" VPOS="1117" HPOS="349"/></TextLine>
<TextLine HEIGHT="35" WIDTH="229" VPOS="1148" HPOS="231"><String STYLEREFS="font0" WC="0.5759999752" CONTENT="diman" HEIGHT="33" WIDTH="94" VPOS="1150" HPOS="231"/><SP WIDTH="8" VPOS="1149" HPOS="326"/><String STYLEREFS="font0" WC="0.6512500048" CONTENT="domatl:." HEIGHT="32" WIDTH="125" VPOS="1148" HPOS="335"/></TextLine>
<TextLine HEIGHT="33" WIDTH="152" VPOS="1191" HPOS="232"><String STYLEREFS="font0" WC="0.571111083" CONTENT="dimonare." HEIGHT="33" WIDTH="152" VPOS="1191" HPOS="232"/></TextLine>
<TextLine HEIGHT="32" WIDTH="229" VPOS="1231" HPOS="231"><String STYLEREFS="font0" WC="1." CONTENT="-" HEIGHT="8" WIDTH="15" VPOS="1250" HPOS="231"/><SP WIDTH="20" VPOS="1250" HPOS="247"/><String STYLEREFS="font0" WC="0.5400000215" CONTENT="." HEIGHT="5" WIDTH="3" VPOS="1257" HPOS="268"/><SP WIDTH="16" VPOS="1251" HPOS="272"/><String STYLEREFS="font0" WC="1." CONTENT="-" HEIGHT="6" WIDTH="14" VPOS="1251" HPOS="289"/><SP WIDTH="41" VPOS="1235" HPOS="304"/><String STYLEREFS="font0" WC="0.6100000143" CONTENT="la" HEIGHT="26" WIDTH="24" VPOS="1235" HPOS="346"/><SP WIDTH="8" VPOS="1243" HPOS="371"/><String STYLEREFS="font0" WC="0.6679999828" CONTENT="cods." HEIGHT="30" WIDTH="80" VPOS="1231" HPOS="380"/></TextLine>
<TextLine HEIGHT="45" WIDTH="343" VPOS="1270" HPOS="231"><String STYLEREFS="font0" WC="1." CONTENT="-" HEIGHT="9" WIDTH="15" VPOS="1291" HPOS="231"/><SP WIDTH="41" VPOS="1291" HPOS="247"/><String STYLEREFS="font0" WC="1." CONTENT="-" HEIGHT="7" WIDTH="13" VPOS="1292" HPOS="289"/><SP WIDTH="41" VPOS="1285" HPOS="303"/><String STYLEREFS="font0" WC="0.4099999964" CONTENT="e" HEIGHT="18" WIDTH="14" VPOS="1285" HPOS="345"/><SP WIDTH="7" VPOS="1285" HPOS="360"/><String STYLEREFS="font0" WC="0.5260000229" CONTENT="mani," HEIGHT="30" WIDTH="82" VPOS="1274" HPOS="368"/><SP WIDTH="9" VPOS="1284" HPOS="451"/><String STYLEREFS="font0" WC="0.5899999738" CONTENT="c“" HEIGHT="29" WIDTH="22" VPOS="1271" HPOS="461"/><SP WIDTH="11" VPOS="1271" HPOS="484"/><String STYLEREFS="font0" WC="0.3366666734" CONTENT="pledi," HEIGHT="42" WIDTH="78" VPOS="1270" HPOS="496"/></TextLine>
<TextLine HEIGHT="33" WIDTH="258" VPOS="1313" HPOS="229"><String STYLEREFS="font0" WC="1." CONTENT="-" HEIGHT="10" WIDTH="13" VPOS="1331" HPOS="230"/><SP WIDTH="38" VPOS="1331" HPOS="244"/><String STYLEREFS="font0" WC="1." CONTENT="-" HEIGHT="8" WIDTH="15" VPOS="1331" HPOS="283"/><SP WIDTH="41" VPOS="1326" HPOS="299"/><String STYLEREFS="font0" WC="0.4011111259" CONTENT="avicenda." HEIGHT="31" WIDTH="147" VPOS="1313" HPOS="340"/></TextLine>
<TextLine HEIGHT="33" WIDTH="152" VPOS="1355" HPOS="231"><String STYLEREFS="font0" WC="0.4339999855" CONTENT="dimenarfi." HEIGHT="33" WIDTH="152" VPOS="1355" HPOS="231"/></TextLine>
<TextLine HEIGHT="41" WIDTH="246" VPOS="1396" HPOS="234"><String STYLEREFS="font0" WC="0.496923089" CONTENT="dimenticanza," HEIGHT="41" WIDTH="211" VPOS="1396" HPOS="234"/><SP WIDTH="10" VPOS="1397" HPOS="445"/><String STYLEREFS="font0" WC="0.8500000238" CONTENT="5«" HEIGHT="35" WIDTH="25" VPOS="1397" HPOS="455"/></TextLine>
<TextLine HEIGHT="33" WIDTH="144" VPOS="1440" HPOS="234"><String STYLEREFS="font0" WC="0.5" CONTENT="dimora." HEIGHT="33" WIDTH="114" VPOS="1440" HPOS="234"/><SP WIDTH="8" VPOS="1441" HPOS="349"/><String STYLEREFS="font0" WC="0.3700000048" CONTENT="f." HEIGHT="29" WIDTH="20" VPOS="1441" HPOS="358"/></TextLine>
<TextLine HEIGHT="32" WIDTH="120" VPOS="1482" HPOS="234"><String STYLEREFS="font0" WC="0.34375" CONTENT="dinanzi." HEIGHT="32" WIDTH="120" VPOS="1482" HPOS="234"/></TextLine>
<TextLine HEIGHT="35" WIDTH="154" VPOS="1522" HPOS="235"><String STYLEREFS="font0" WC="0.625" CONTENT="al" HEIGHT="30" WIDTH="27" VPOS="1527" HPOS="235"/><SP WIDTH="7" VPOS="1524" HPOS="263"/><String STYLEREFS="font0" WC="0.5237500072" CONTENT="dinanzi." HEIGHT="32" WIDTH="118" VPOS="1522" HPOS="271"/></TextLine>
<TextLine HEIGHT="48" WIDTH="491" VPOS="1560" HPOS="237" STYLEREFS="font0"><String WC="0.3816666603" CONTENT="Dio^Iddio.;»" HEIGHT="44" WIDTH="212" VPOS="1563" HPOS="237"/><SP WIDTH="24" VPOS="1576" HPOS="450"/><String WC="0.3833333254" CONTENT="ii." HEIGHT="19" WIDTH="46" VPOS="1575" HPOS="475"/><SP WIDTH="13" VPOS="1575" HPOS="522"/><String WC="0.5114285946" CONTENT="iz.573." HEIGHT="31" WIDTH="123" VPOS="1573" HPOS="536"/><SP WIDTH="11" VPOS="1575" HPOS="660"/><String WC="0.6000000238" CONTENT="57s" HEIGHT="30" WIDTH="56" VPOS="1573" HPOS="672"/></TextLine>
<TextLine HEIGHT="42" WIDTH="146" VPOS="1610" HPOS="236" STYLEREFS="font0"><String WC="0.3518181741" CONTENT="«jipingere." HEIGHT="42" WIDTH="146" VPOS="1610" HPOS="236"/></TextLine>
<TextLine HEIGHT="39" WIDTH="182" VPOS="1653" HPOS="234"><String STYLEREFS="font0" WC="0.3766666651" CONTENT="dipintore.tn" HEIGHT="39" WIDTH="182" VPOS="1653" HPOS="234"/></TextLine>
</TextBlock>
<TextBlock ID="Page1_Block3" HEIGHT="180" WIDTH="514" VPOS="1684" HPOS="216" language="de" STYLEREFS="font0"><Shape><Polygon POINTS="220,1690 600,1690 600,1694 722,1694 722,1730 732,1730 732,1866 220,1866 220,1690"/></Shape>
<TextLine HEIGHT="48" WIDTH="482" VPOS="1686" HPOS="233"><String WC="0.296666652" CONTENT="dipimura." HEIGHT="39" WIDTH="144" VPOS="1695" HPOS="233"/><SP WIDTH="11" VPOS="1693" HPOS="377"/><String WC="0.6100000143" CONTENT="f." HEIGHT="27" WIDTH="20" VPOS="1693" HPOS="388"/><SP WIDTH="8" VPOS="1689" HPOS="408"/><String WC="0.2936363518" CONTENT="(pitttira.)" HEIGHT="43" WIDTH="141" VPOS="1687" HPOS="416"/><SP WIDTH="102" VPOS="1688" HPOS="557"/><String WC="0.3899999857" CONTENT="ibid" HEIGHT="28" WIDTH="56" VPOS="1690" HPOS="659"/></TextLine>
<TextLine HEIGHT="44" WIDTH="490" VPOS="1732" HPOS="233"><String WC="0.4250000119" CONTENT="&lt;|ire," HEIGHT="39" WIDTH="68" VPOS="1737" HPOS="233"/><SP WIDTH="22" VPOS="1748" HPOS="302"/><String WC="0.4333333373" CONTENT="49." HEIGHT="30" WIDTH="48" VPOS="1745" HPOS="325"/><SP WIDTH="12" VPOS="1745" HPOS="374"/><String WC="0.4877777696" CONTENT="51*381.42^.427,447" HEIGHT="39" WIDTH="336" VPOS="1734" HPOS="387"/></TextLine>
<TextLine HEIGHT="42" WIDTH="436" VPOS="1773" HPOS="286"><String WC="0.6800000072" CONTENT="-" HEIGHT="5" WIDTH="14" VPOS="1796" HPOS="286"/><SP WIDTH="43" VPOS="1788" HPOS="301"/><String WC="0.3774999976" CONTENT="chevupl." HEIGHT="39" WIDTH="132" VPOS="1775" HPOS="345"/><SP WIDTH="193" VPOS="1785" HPOS="477"/><String WC="0.1299999952" CONTENT="y" HEIGHT="26" WIDTH="16" VPOS="1785" HPOS="670"/><SP WIDTH="4" VPOS="1781" HPOS="686"/><String WC="0.1700000018" CONTENT="3" HEIGHT="25" WIDTH="13" VPOS="1781" HPOS="690"/><SP WIDTH="8" VPOS="1781" HPOS="703"/><String WC="0.1700000018" CONTENT="3" HEIGHT="25" WIDTH="11" VPOS="1786" HPOS="711"/></TextLine>
<TextLine HEIGHT="47" WIDTH="494" VPOS="1813" HPOS="231"><String WC="0.3645454645" CONTENT="&quot;Ibendire.." HEIGHT="41" WIDTH="152" VPOS="1817" HPOS="231"/><SP WIDTH="198" VPOS="1827" HPOS="384"/><String WC="0.5674999952" CONTENT="379*" HEIGHT="30" WIDTH="70" VPOS="1825" HPOS="583"/><SP WIDTH="16" VPOS="1828" HPOS="654"/><String WC="0.1700000018" CONTENT="573" HEIGHT="29" WIDTH="54" VPOS="1826" HPOS="671"/></TextLine>
</TextBlock>
<TextBlock ID="Page1_Block4" HEIGHT="1477" WIDTH="552" VPOS="216" HPOS="513" language="de" STYLEREFS="font0"><Shape><Polygon POINTS="570,226 966,226 966,274 1076,274 1076,988 916,988 916,1030 1032,1030 1032,1652 910,1652 910,1700 674,1700 674,1610 742,1610 742,1320 596,1320 596,814 670,814 670,690 528,690 528,560 570,560 570,226"/></Shape>
<TextLine HEIGHT="42" WIDTH="262" VPOS="222" HPOS="669"><String WC="1." CONTENT="49" HEIGHT="26" WIDTH="38" VPOS="234" HPOS="669"/><SP WIDTH="13" VPOS="224" HPOS="707"/><String WC="0.4040000141" CONTENT="diree" HEIGHT="28" WIDTH="70" VPOS="224" HPOS="720"/><SP WIDTH="13" VPOS="234" HPOS="791"/><String WC="0.4633333385" CONTENT="per" HEIGHT="29" WIDTH="48" VPOS="234" HPOS="804"/><SP WIDTH="8" VPOS="234" HPOS="852"/><String WC="0.4650000036" CONTENT="non." HEIGHT="21" WIDTH="69" VPOS="233" HPOS="861"/></TextLine>
<TextLine HEIGHT="42" WIDTH="348" VPOS="267" HPOS="653" STYLEREFS="font0"><String STYLE="bold" WC="0.2700000107" CONTENT="5" HEIGHT="26" WIDTH="11" VPOS="277" HPOS="653"/><SP WIDTH="8" VPOS="277" HPOS="665"/><String STYLE="bold" WC="0.2899999917" CONTENT="7" HEIGHT="24" WIDTH="13" VPOS="277" HPOS="674"/><SP WIDTH="8" VPOS="277" HPOS="688"/><String STYLE="bold" WC="0.2599999905" CONTENT="5" HEIGHT="25" WIDTH="8" VPOS="277" HPOS="697"/><SP WIDTH="14" VPOS="276" HPOS="706"/><String WC="0.6600000262" CONTENT="-" HEIGHT="5" WIDTH="13" VPOS="282" HPOS="721"/><SP WIDTH="39" VPOS="282" HPOS="735"/><String WC="1." CONTENT="-" HEIGHT="4" WIDTH="13" VPOS="283" HPOS="775"/><SP WIDTH="40" VPOS="277" HPOS="789"/><String WC="0.3866666555" CONTENT="per" HEIGHT="29" WIDTH="47" VPOS="275" HPOS="830"/><SP WIDTH="8" VPOS="275" HPOS="878"/><String WC="0.4399999976" CONTENT="meglio," HEIGHT="40" WIDTH="114" VPOS="267" HPOS="887"/></TextLine>
<TextLine HEIGHT="48" WIDTH="358" VPOS="301" HPOS="578" STYLEREFS="font0"><String WC="0.3731249869" CONTENT="143.595&apos;diritto," HEIGHT="46" WIDTH="244" VPOS="302" HPOS="578"/><SP WIDTH="16" VPOS="319" HPOS="823"/><String STYLE="italics" WC="0.4600000083" CONTENT="adjcä," HEIGHT="40" WIDTH="96" VPOS="306" HPOS="840"/></TextLine>
<TextLine HEIGHT="39" WIDTH="204" VPOS="347" HPOS="657"><String WC="0." CONTENT="5" HEIGHT="25" WIDTH="11" VPOS="361" HPOS="658"/><SP WIDTH="9" VPOS="354" HPOS="669"/><String WC="0.2199999988" CONTENT="8" HEIGHT="28" WIDTH="12" VPOS="354" HPOS="678"/><SP WIDTH="8" VPOS="354" HPOS="690"/><String WC="0.150000006" CONTENT="3" HEIGHT="26" WIDTH="12" VPOS="360" HPOS="699"/><SP WIDTH="14" VPOS="348" HPOS="711"/><String WC="0.3700000048" CONTENT="dirizzare," HEIGHT="35" WIDTH="136" VPOS="347" HPOS="725"/></TextLine>
<TextLine HEIGHT="63" WIDTH="353" VPOS="381" HPOS="568"><String WC="0.2425000072" CONTENT="377*" HEIGHT="31" WIDTH="69" VPOS="400" HPOS="568"/><SP WIDTH="10" VPOS="403" HPOS="638"/><String WC="0.3400000036" CONTENT="f" HEIGHT="26" WIDTH="13" VPOS="403" HPOS="649"/><SP WIDTH="7" VPOS="397" HPOS="663"/><String WC="0.200000003" CONTENT="8" HEIGHT="27" WIDTH="11" VPOS="397" HPOS="671"/><SP WIDTH="6" VPOS="397" HPOS="683"/><String WC="0.5559999943" CONTENT="7-&apos;|-" HEIGHT="60" WIDTH="48" VPOS="383" HPOS="690"/><SP WIDTH="42" VPOS="405" HPOS="739"/><String WC="1." CONTENT="-" HEIGHT="5" WIDTH="13" VPOS="408" HPOS="782"/><SP WIDTH="42" VPOS="390" HPOS="796"/><String WC="0.3860000074" CONTENT="bene," HEIGHT="37" WIDTH="82" VPOS="389" HPOS="839"/></TextLine>
<TextLine HEIGHT="44" WIDTH="373" VPOS="431" HPOS="658"><String WC="0.2399999946" CONTENT="503" HEIGHT="27" WIDTH="54" VPOS="443" HPOS="658"/><SP WIDTH="18" VPOS="442" HPOS="712"/><String WC="0.5699999928" CONTENT="-" HEIGHT="5" WIDTH="13" VPOS="450" HPOS="730"/><SP WIDTH="40" VPOS="450" HPOS="743"/><String WC="1." CONTENT="-" HEIGHT="5" WIDTH="14" VPOS="450" HPOS="783"/><SP WIDTH="42" VPOS="444" HPOS="797"/><String WC="0.3224999905" CONTENT="allo" HEIGHT="27" WIDTH="55" VPOS="434" HPOS="839"/><SP WIDTH="10" VPOS="434" HPOS="894"/><String WC="0.2624999881" CONTENT="fquadro," HEIGHT="42" WIDTH="127" VPOS="431" HPOS="904"/></TextLine>
<TextLine HEIGHT="45" WIDTH="229" VPOS="469" HPOS="660"><String WC="0.380769223" CONTENT="547icfii&apos;up0," HEIGHT="45" WIDTH="176" VPOS="469" HPOS="660"/><SP WIDTH="8" VPOS="473" HPOS="837"/><String WC="0.7174999714" CONTENT="&apos;na." HEIGHT="30" WIDTH="43" VPOS="473" HPOS="846"/></TextLine>
<TextLine HEIGHT="41" WIDTH="238" VPOS="506" HPOS="652"><String WC="0.5028571486" CONTENT="ibidjdifaftro." HEIGHT="41" WIDTH="191" VPOS="506" HPOS="652"/><SP WIDTH="7" VPOS="527" HPOS="844"/><String WC="0.5699999928" CONTENT="m." HEIGHT="18" WIDTH="38" VPOS="527" HPOS="852"/></TextLine>
<TextLine HEIGHT="56" WIDTH="429" VPOS="552" HPOS="519"><String WC="0.358799994" CONTENT="147,149.567jdifcetidente." HEIGHT="55" WIDTH="390" VPOS="553" HPOS="519"/><SP WIDTH="11" VPOS="569" HPOS="910"/><String STYLE="italics" WC="0.6600000262" CONTENT="c," HEIGHT="24" WIDTH="26" VPOS="569" HPOS="922"/></TextLine>
<TextLine HEIGHT="66" WIDTH="406" VPOS="587" HPOS="517"><String WC="0.4783333242" CONTENT="131.153.15-7" HEIGHT="33" WIDTH="201" VPOS="607" HPOS="517"/><SP WIDTH="4" VPOS="589" HPOS="719"/><String WC="0.3100000024" CONTENT="ji" HEIGHT="61" WIDTH="17" VPOS="589" HPOS="723"/><SP WIDTH="8" VPOS="597" HPOS="740"/><String WC="0.4116666615" CONTENT="difcendenti." HEIGHT="38" WIDTH="173" VPOS="595" HPOS="749"/></TextLine>
<TextLine HEIGHT="40" WIDTH="284" VPOS="638" HPOS="664"><String WC="0.3866666555" CONTENT="567" HEIGHT="36" WIDTH="56" VPOS="642" HPOS="664"/><SP WIDTH="11" VPOS="640" HPOS="720"/><String WC="0.4041666687" CONTENT="difcendenza," HEIGHT="35" WIDTH="188" VPOS="638" HPOS="731"/><SP WIDTH="10" VPOS="641" HPOS="919"/><String WC="0.5950000286" CONTENT="f." HEIGHT="27" WIDTH="19" VPOS="641" HPOS="929"/></TextLine>
<TextLine HEIGHT="43" WIDTH="265" VPOS="680" HPOS="665"><String WC="0.2866666615" CONTENT="549" HEIGHT="27" WIDTH="55" VPOS="693" HPOS="665"/><SP WIDTH="11" VPOS="683" HPOS="721"/><String WC="0.4720000029" CONTENT="difcepoio." HEIGHT="41" WIDTH="144" VPOS="681" HPOS="733"/><SP WIDTH="13" VPOS="693" HPOS="878"/><String WC="0.2199999988" CONTENT="in." HEIGHT="20" WIDTH="38" VPOS="692" HPOS="892"/></TextLine>
<TextLine HEIGHT="38" WIDTH="231" VPOS="724" HPOS="660"><String WC="0.1800000072" CONTENT="485" HEIGHT="31" WIDTH="60" VPOS="731" HPOS="660"/><SP WIDTH="13" VPOS="727" HPOS="720"/><String WC="0.4118181765" CONTENT="difcernere," HEIGHT="36" WIDTH="158" VPOS="724" HPOS="733"/></TextLine>
<TextLine HEIGHT="41" WIDTH="204" VPOS="761" HPOS="663"><String WC="0.2349999994" CONTENT="43" HEIGHT="26" WIDTH="35" VPOS="776" HPOS="663"/><SP WIDTH="8" VPOS="776" HPOS="699"/><String WC="0.3350000083" CONTENT="5&apos;difcela," HEIGHT="41" WIDTH="129" VPOS="761" HPOS="708"/><SP WIDTH="8" VPOS="767" HPOS="838"/><String WC="0.5950000286" CONTENT="f." HEIGHT="28" WIDTH="20" VPOS="767" HPOS="847"/></TextLine>
<TextLine HEIGHT="58" WIDTH="391" VPOS="792" HPOS="669"><String STYLE="superscript" WC="0.25" CONTENT="1" HEIGHT="18" WIDTH="12" VPOS="814" HPOS="669"/><String WC="0.4300000072" CONTENT="7" HEIGHT="24" WIDTH="18" VPOS="814" HPOS="686"/><String STYLE="superscript" WC="0.6600000262" CONTENT="," HEIGHT="18" WIDTH="6" VPOS="813" HPOS="713"/><String WC="0.8149999976" CONTENT="j-" HEIGHT="54" WIDTH="22" VPOS="795" HPOS="726"/><SP WIDTH="40" VPOS="822" HPOS="748"/><String WC="0.5500000119" CONTENT="-" HEIGHT="5" WIDTH="13" VPOS="822" HPOS="789"/><SP WIDTH="37" VPOS="808" HPOS="803"/><String WC="0.4449999928" CONTENT="ftabocchevole," HEIGHT="40" WIDTH="219" VPOS="806" HPOS="841"/></TextLine>
<TextLine HEIGHT="45" WIDTH="226" VPOS="845" HPOS="667" STYLEREFS="font0"><String WC="0.4212499857" CONTENT="591&apos;difcolparii." HEIGHT="45" WIDTH="226" VPOS="845" HPOS="667"/></TextLine>
<TextLine HEIGHT="50" WIDTH="270" VPOS="888" HPOS="623" STYLEREFS="font0"><String WC="0.5450000167" CONTENT="9." HEIGHT="30" WIDTH="29" VPOS="908" HPOS="623"/><SP WIDTH="12" VPOS="905" HPOS="652"/><String WC="0.349999994" CONTENT="447" HEIGHT="30" WIDTH="58" VPOS="902" HPOS="665"/><SP WIDTH="10" VPOS="890" HPOS="724"/><String WC="0.4545454681" CONTENT="difcorrere," HEIGHT="38" WIDTH="157" VPOS="888" HPOS="735"/></TextLine>
<TextLine HEIGHT="46" WIDTH="251" VPOS="929" HPOS="667" STYLEREFS="font0"><String WC="0.150000006" CONTENT="j" HEIGHT="27" WIDTH="12" VPOS="948" HPOS="668"/><SP WIDTH="9" VPOS="948" HPOS="681"/><String WC="0.2599999905" CONTENT="57" HEIGHT="26" WIDTH="32" VPOS="946" HPOS="691"/><String STYLE="subscript" WC="0.3199999928" CONTENT=";" HEIGHT="13" WIDTH="2" VPOS="958" HPOS="728"/><String WC="0.3544444442" CONTENT="difcorfo," HEIGHT="34" WIDTH="129" VPOS="930" HPOS="735"/><SP WIDTH="12" VPOS="941" HPOS="865"/><String WC="0.4399999976" CONTENT="m," HEIGHT="23" WIDTH="40" VPOS="940" HPOS="878"/></TextLine>
<TextLine HEIGHT="46" WIDTH="317" VPOS="973" HPOS="588"><String WC="0.4099999964" CONTENT=",27," HEIGHT="29" WIDTH="64" VPOS="990" HPOS="588"/><SP WIDTH="12" VPOS="990" HPOS="653"/><String WC="0.2133333385" CONTENT="435" HEIGHT="28" WIDTH="60" VPOS="988" HPOS="666"/><SP WIDTH="8" VPOS="976" HPOS="727"/><String WC="0.3700000048" CONTENT="difcofto." HEIGHT="31" WIDTH="123" VPOS="973" HPOS="736"/><SP WIDTH="8" VPOS="984" HPOS="860"/><String WC="0.400000006" CONTENT="m," HEIGHT="23" WIDTH="36" VPOS="984" HPOS="869"/></TextLine>
<TextLine HEIGHT="41" WIDTH="219" VPOS="1017" HPOS="663"><String WC="0.1199999973" CONTENT="43" HEIGHT="26" WIDTH="36" VPOS="1032" HPOS="664"/><SP WIDTH="9" VPOS="1031" HPOS="701"/><String WC="0.2599999905" CONTENT="3" HEIGHT="27" WIDTH="11" VPOS="1030" HPOS="710"/><SP WIDTH="15" VPOS="1019" HPOS="721"/><String WC="0.5350000262" CONTENT="difegnare," HEIGHT="40" WIDTH="146" VPOS="1017" HPOS="736"/></TextLine>
<TextLine HEIGHT="40" WIDTH="179" VPOS="1059" HPOS="665"><String WC="0.1599999964" CONTENT="6" HEIGHT="26" WIDTH="14" VPOS="1067" HPOS="665"/><SP WIDTH="4" VPOS="1067" HPOS="680"/><String WC="0.2300000042" CONTENT="©" HEIGHT="19" WIDTH="19" VPOS="1073" HPOS="685"/><SP WIDTH="4" VPOS="1072" HPOS="705"/><String WC="0.1949999928" CONTENT="3!" HEIGHT="37" WIDTH="21" VPOS="1062" HPOS="710"/><SP WIDTH="5" VPOS="1062" HPOS="732"/><String WC="0.6100000143" CONTENT="di" HEIGHT="27" WIDTH="25" VPOS="1062" HPOS="738"/><SP WIDTH="4" VPOS="1063" HPOS="764"/><String WC="0.296666652" CONTENT="sfare." HEIGHT="32" WIDTH="75" VPOS="1059" HPOS="769"/></TextLine>
<TextLine HEIGHT="53" WIDTH="307" VPOS="1099" HPOS="667"><String WC="0.4727272689" CONTENT="j77jdisfida" HEIGHT="51" WIDTH="163" VPOS="1101" HPOS="667"/><SP WIDTH="9" VPOS="1106" HPOS="830"/><String WC="0.326000005" CONTENT="(distido)," HEIGHT="38" WIDTH="135" VPOS="1099" HPOS="839"/></TextLine>
<TextLine HEIGHT="42" WIDTH="359" VPOS="1142" HPOS="664" STYLEREFS="font0"><String WC="0.125" CONTENT="43" HEIGHT="28" WIDTH="35" VPOS="1156" HPOS="664"/><SP WIDTH="10" VPOS="1156" HPOS="700"/><String WC="0.3238888979" CONTENT="fldishoneftiffimo." HEIGHT="38" WIDTH="260" VPOS="1143" HPOS="711"/><SP WIDTH="11" VPOS="1156" HPOS="972"/><String WC="0.2349999994" CONTENT="m." HEIGHT="19" WIDTH="39" VPOS="1155" HPOS="984"/></TextLine>
<TextLine HEIGHT="55" WIDTH="245" VPOS="1180" HPOS="687"><String WC="0.4038888812" CONTENT="95jdi(intirizzare." HEIGHT="55" WIDTH="245" VPOS="1180" HPOS="687"/></TextLine>
<TextLine HEIGHT="37" WIDTH="306" VPOS="1226" HPOS="657"><String WC="0.4972222149" CONTENT="ibid.;disordinato." HEIGHT="33" WIDTH="252" VPOS="1227" HPOS="657"/><SP WIDTH="13" VPOS="1239" HPOS="910"/><String WC="0.4366666675" CONTENT="in," HEIGHT="22" WIDTH="39" VPOS="1238" HPOS="924"/></TextLine>
<TextLine HEIGHT="48" WIDTH="261" VPOS="1260" HPOS="666"><String WC="0.3455555439" CONTENT="337idifor5line.nl." HEIGHT="48" WIDTH="261" VPOS="1260" HPOS="666"/></TextLine>
<TextLine HEIGHT="39" WIDTH="133" VPOS="1311" HPOS="738"><String WC="0.3899999857" CONTENT="difparire." HEIGHT="39" WIDTH="133" VPOS="1311" HPOS="738"/></TextLine>
<TextLine HEIGHT="38" WIDTH="158" VPOS="1352" HPOS="738"><String WC="0.4222222269" CONTENT="difpenfa." HEIGHT="38" WIDTH="127" VPOS="1352" HPOS="738"/><SP WIDTH="8" VPOS="1352" HPOS="866"/><String WC="0.4300000072" CONTENT="f." HEIGHT="27" WIDTH="21" VPOS="1352" HPOS="875"/></TextLine>
<TextLine HEIGHT="42" WIDTH="276" VPOS="1388" HPOS="738"><String WC="0.5090909004" CONTENT="difpenfiere" HEIGHT="40" WIDTH="157" VPOS="1390" HPOS="738"/><SP WIDTH="12" VPOS="1394" HPOS="895"/><String WC="0.7275000215" CONTENT="(ro)" HEIGHT="37" WIDTH="60" VPOS="1390" HPOS="907"/><SP WIDTH="9" VPOS="1390" HPOS="967"/><String WC="0.3799999952" CONTENT="m." HEIGHT="22" WIDTH="38" VPOS="1398" HPOS="976"/></TextLine>
<TextLine HEIGHT="41" WIDTH="142" VPOS="1431" HPOS="739"><String WC="0.3936363757" CONTENT="dilperarfi." HEIGHT="41" WIDTH="142" VPOS="1431" HPOS="739"/></TextLine>
<TextLine HEIGHT="42" WIDTH="152" VPOS="1475" HPOS="740"><String WC="0.2169999927" CONTENT="difponere." HEIGHT="42" WIDTH="152" VPOS="1475" HPOS="740"/></TextLine>
<TextLine HEIGHT="42" WIDTH="216" VPOS="1518" HPOS="741"><String WC="0.3237499893" CONTENT="dilpötto" HEIGHT="40" WIDTH="115" VPOS="1520" HPOS="741"/><SP WIDTH="12" VPOS="1531" HPOS="857"/><String WC="1." CONTENT="a" HEIGHT="18" WIDTH="14" VPOS="1531" HPOS="870"/><SP WIDTH="9" VPOS="1524" HPOS="885"/><String WC="0.2975000143" CONTENT="(di)" HEIGHT="39" WIDTH="55" VPOS="1518" HPOS="895"/><String STYLE="subscript" WC="0.349999994" CONTENT=";" HEIGHT="18" WIDTH="3" VPOS="1536" HPOS="954"/></TextLine>
<TextLine HEIGHT="35" WIDTH="153" VPOS="1562" HPOS="741"><String WC="0.6208333373" CONTENT="diftanza.’f." HEIGHT="35" WIDTH="153" VPOS="1562" HPOS="741"/></TextLine>
<TextLine HEIGHT="43" WIDTH="170" VPOS="1601" HPOS="671" STYLEREFS="font0"><String WC="0.4466666579" CONTENT="3oo" HEIGHT="28" WIDTH="57" VPOS="1616" HPOS="672"/><String STYLE="superscript" WC="0.2800000012" CONTENT="l" HEIGHT="19" WIDTH="4" VPOS="1602" HPOS="732"/><String WC="0.5612499714" CONTENT="diftare." HEIGHT="30" WIDTH="101" VPOS="1604" HPOS="740"/></TextLine>
<TextLine HEIGHT="40" WIDTH="228" VPOS="1646" HPOS="673" STYLEREFS="font0"><String WC="0.4226666689" CONTENT="3po!diftendcre," HEIGHT="40" WIDTH="228" VPOS="1646" HPOS="673"/></TextLine>
</TextBlock>
<TextBlock ID="Page1_Block5" HEIGHT="49" WIDTH="80" VPOS="554" HPOS="1069" language="de" STYLEREFS="font0"><Shape><Polygon POINTS="1084,566 1164,566 1164,614 1084,614 1084,566"/></Shape>
<TextLine HEIGHT="36" WIDTH="68" VPOS="562" HPOS="1076"><String WC="0.2349999994" CONTENT="463," HEIGHT="36" WIDTH="68" VPOS="562" HPOS="1076"/></TextLine>
</TextBlock>
<TextBlock ID="Page1_Block6" HEIGHT="37" WIDTH="68" VPOS="1357" HPOS="589" language="de" STYLEREFS="font0"><Shape><Polygon POINTS="596,1364 664,1364 664,1400 596,1400 596,1364"/></Shape>
<TextLine HEIGHT="28" WIDTH="47" VPOS="1362" HPOS="605"><String WC="0.8050000072" CONTENT="2-7-" HEIGHT="28" WIDTH="47" VPOS="1362" HPOS="605"/></TextLine>
</TextBlock>
<TextBlock ID="Page1_Block7" HEIGHT="249" WIDTH="145" VPOS="1316" HPOS="587" language="de" STYLEREFS="font0"><Shape><Polygon POINTS="670,1324 736,1324 736,1450 738,1450 738,1488 736,1488 736,1572 672,1572 672,1538 594,1538 594,1400 670,1400 670,1324"/></Shape>
<TextLine HEIGHT="29" WIDTH="57" VPOS="1321" HPOS="667"><String WC="0.4033333361" CONTENT="237" HEIGHT="29" WIDTH="57" VPOS="1321" HPOS="667"/></TextLine>
<TextLine HEIGHT="27" WIDTH="56" VPOS="1362" HPOS="666"><String WC="0.4233333468" CONTENT="735" HEIGHT="27" WIDTH="56" VPOS="1362" HPOS="666"/></TextLine>
<TextLine HEIGHT="35" WIDTH="53" VPOS="1392" HPOS="669"><String WC="0.6133333445" CONTENT="1^5" HEIGHT="35" WIDTH="53" VPOS="1392" HPOS="669"/></TextLine>
<TextLine HEIGHT="31" WIDTH="58" VPOS="1445" HPOS="669"><String WC="0.2700000107" CONTENT="J75" HEIGHT="31" WIDTH="58" VPOS="1445" HPOS="669"/></TextLine>
<TextLine HEIGHT="32" WIDTH="134" VPOS="1491" HPOS="592"><String STYLE="bold italics" WC="0.6800000072" CONTENT="177-" HEIGHT="30" WIDTH="66" VPOS="1493" HPOS="592"/><SP WIDTH="12" VPOS="1493" HPOS="658"/><String STYLE="bold italics" WC="0.3799999952" CONTENT="799" HEIGHT="27" WIDTH="56" VPOS="1491" HPOS="670"/></TextLine>
<TextLine HEIGHT="28" WIDTH="56" VPOS="1533" HPOS="671"><String WC="0.7666666508" CONTENT="147" HEIGHT="28" WIDTH="56" VPOS="1533" HPOS="671"/></TextLine>
</TextBlock>
<TextBlock ID="Page1_Block8" HEIGHT="1300" WIDTH="226" VPOS="213" HPOS="1012" language="de" STYLEREFS="font0"><Shape><Polygon POINTS="1172,226 1244,226 1244,1484 1240,1484 1240,1512 1176,1512 1176,1524 1102,1524 1102,1420 1170,1420 1170,1134 1024,1134 1024,934 1086,934 1086,634 1166,634 1166,268 1172,268 1172,226"/></Shape>
<TextLine HEIGHT="33" WIDTH="51" VPOS="219" HPOS="1155" STYLEREFS="font0"><String STYLE="italics" WC="0.1299999952" CONTENT="nt" HEIGHT="33" WIDTH="51" VPOS="219" HPOS="1155"/></TextLine>
<TextLine HEIGHT="36" WIDTH="55" VPOS="260" HPOS="1151"><String WC="0.1233333349" CONTENT="427" HEIGHT="36" WIDTH="55" VPOS="260" HPOS="1151"/></TextLine>
<TextLine HEIGHT="25" WIDTH="19" VPOS="313" HPOS="1152"><String WC="0.3000000119" CONTENT="4" HEIGHT="25" WIDTH="19" VPOS="313" HPOS="1152"/></TextLine>
<TextLine HEIGHT="32" WIDTH="56" VPOS="341" HPOS="1154"><String STYLE="italics" WC="0.2866666615" CONTENT="200" HEIGHT="32" WIDTH="56" VPOS="341" HPOS="1154"/></TextLine>
<TextLine HEIGHT="39" WIDTH="48" VPOS="382" HPOS="1159"><String WC="0.4833333194" CONTENT="34*" HEIGHT="39" WIDTH="48" VPOS="382" HPOS="1159"/></TextLine>
<TextLine HEIGHT="34" WIDTH="51" VPOS="423" HPOS="1160"><String WC="0.2866666615" CONTENT="«4?" HEIGHT="34" WIDTH="51" VPOS="423" HPOS="1160"/></TextLine>
<TextLine HEIGHT="31" WIDTH="26" VPOS="467" HPOS="1184" STYLEREFS="font0"><String STYLE="italics" WC="0.375" CONTENT="11" HEIGHT="31" WIDTH="26" VPOS="467" HPOS="1184"/></TextLine>
<TextLine HEIGHT="39" WIDTH="50" VPOS="506" HPOS="1159" STYLEREFS="font0"><String WC="0.3100000024" CONTENT="44" HEIGHT="31" WIDTH="35" VPOS="514" HPOS="1159"/><String STYLE="superscript italics" WC="0.7400000095" CONTENT="1" HEIGHT="21" WIDTH="9" VPOS="506" HPOS="1200"/></TextLine>
<TextLine HEIGHT="37" WIDTH="47" VPOS="550" HPOS="1162" STYLEREFS="font0"><String STYLE="italics" WC="0.7166666389" CONTENT="779" HEIGHT="37" WIDTH="47" VPOS="550" HPOS="1162"/></TextLine>
<TextLine HEIGHT="42" WIDTH="51" VPOS="587" HPOS="1160" STYLEREFS="font0"><String WC="0.1466666609" CONTENT="4*7" HEIGHT="42" WIDTH="51" VPOS="587" HPOS="1160"/></TextLine>
<TextLine HEIGHT="34" WIDTH="47" VPOS="631" HPOS="1163"><String WC="0.1466666609" CONTENT="i4&gt;" HEIGHT="34" WIDTH="47" VPOS="631" HPOS="1163"/></TextLine>
<TextLine HEIGHT="38" WIDTH="30" VPOS="753" HPOS="1183" STYLEREFS="font0"><String WC="0.2399999946" CONTENT="37" HEIGHT="38" WIDTH="30" VPOS="753" HPOS="1183"/></TextLine>
<TextLine HEIGHT="56" WIDTH="67" VPOS="791" HPOS="1149" STYLEREFS="font0"><String STYLE="italics" WC="0.25" CONTENT="&apos;H" HEIGHT="56" WIDTH="67" VPOS="791" HPOS="1149"/></TextLine>
<TextLine HEIGHT="41" WIDTH="50" VPOS="836" HPOS="1165" STYLEREFS="font0"><String WC="0.3799999952" CONTENT="487" HEIGHT="41" WIDTH="50" VPOS="836" HPOS="1165"/></TextLine>
<TextLine HEIGHT="39" WIDTH="50" VPOS="878" HPOS="1166" STYLEREFS="font0"><String WC="0.1733333319" CONTENT="39?" HEIGHT="39" WIDTH="50" VPOS="878" HPOS="1166"/></TextLine>
<TextLine HEIGHT="45" WIDTH="82" VPOS="921" HPOS="1133" STYLEREFS="font0"><String STYLE="bold" STYLEREFS="font1" WC="0.8000000119" CONTENT="7" HEIGHT="26" WIDTH="11" VPOS="940" HPOS="1134"/><String WC="0.4399999976" CONTENT="-" HEIGHT="7" WIDTH="6" VPOS="949" HPOS="1151"/><String STYLE="bold" STYLEREFS="font1" WC="0.3549999893" CONTENT="37" HEIGHT="33" WIDTH="30" VPOS="928" HPOS="1167"/><String WC="0.5699999928" CONTENT="»" HEIGHT="28" WIDTH="15" VPOS="921" HPOS="1200"/></TextLine>
<TextLine HEIGHT="46" WIDTH="202" VPOS="965" HPOS="1016" STYLEREFS="font0"><String WC="0.3524999917" CONTENT="305,539." HEIGHT="30" WIDTH="136" VPOS="981" HPOS="1016"/><String STYLE="bold" STYLEREFS="font1" WC="0.9800000191" CONTENT="7" HEIGHT="30" WIDTH="12" VPOS="974" HPOS="1167"/><String STYLE="italics" STYLEREFS="font1" WC="0.2399999946" CONTENT="7" HEIGHT="29" WIDTH="13" VPOS="968" HPOS="1184"/><String STYLE="italics" STYLEREFS="font3" WC="0." CONTENT="\" HEIGHT="37" WIDTH="16" VPOS="965" HPOS="1202"/></TextLine>
<TextLine HEIGHT="30" WIDTH="69" VPOS="1023" HPOS="1086" STYLEREFS="font0"><String WC="0.2975000143" CONTENT="300." HEIGHT="30" WIDTH="69" VPOS="1023" HPOS="1086"/></TextLine>
<TextLine HEIGHT="42" WIDTH="46" VPOS="1082" HPOS="1172"><String STYLE="subscript" WC="0.2700000107" CONTENT="f" HEIGHT="27" WIDTH="11" VPOS="1097" HPOS="1172"/><SP WIDTH="7" VPOS="1091" HPOS="1184"/><String WC="0.4850000143" CONTENT=".7" HEIGHT="31" WIDTH="26" VPOS="1082" HPOS="1192"/></TextLine>
<TextLine HEIGHT="41" WIDTH="46" VPOS="1125" HPOS="1170" STYLEREFS="font0"><String STYLE="italics" WC="0.3199999928" CONTENT="f1" HEIGHT="33" WIDTH="30" VPOS="1133" HPOS="1170"/><String STYLE="superscript italics" WC="0.9599999785" CONTENT="f" HEIGHT="28" WIDTH="12" VPOS="1125" HPOS="1204"/></TextLine>
<TextLine HEIGHT="39" WIDTH="49" VPOS="1207" HPOS="1169" STYLEREFS="font0"><String WC="0." CONTENT="4" HEIGHT="25" WIDTH="17" VPOS="1221" HPOS="1169"/><String STYLE="superscript" WC="0.2899999917" CONTENT="j" HEIGHT="20" WIDTH="12" VPOS="1214" HPOS="1191"/><String WC="0.5299999714" CONTENT="7" HEIGHT="27" WIDTH="13" VPOS="1207" HPOS="1205"/></TextLine>
<TextLine HEIGHT="41" WIDTH="48" VPOS="1247" HPOS="1172" STYLEREFS="font0"><String WC="0.4499999881" CONTENT="4)?" HEIGHT="41" WIDTH="48" VPOS="1247" HPOS="1172"/></TextLine>
<TextLine HEIGHT="39" WIDTH="46" VPOS="1291" HPOS="1171" STYLEREFS="font0"><String WC="0.3966666758" CONTENT="5-7" HEIGHT="39" WIDTH="46" VPOS="1291" HPOS="1171"/></TextLine>
<TextLine HEIGHT="38" WIDTH="44" VPOS="1330" HPOS="1171" STYLEREFS="font0"><String STYLE="italics" WC="0.5866666436" CONTENT="tlf" HEIGHT="38" WIDTH="44" VPOS="1330" HPOS="1171"/></TextLine>
<TextLine HEIGHT="33" WIDTH="44" VPOS="1372" HPOS="1170" STYLEREFS="font0"><String STYLE="italics" WC="0.4566666782" CONTENT="jif" HEIGHT="33" WIDTH="44" VPOS="1372" HPOS="1170"/></TextLine>
<TextLine HEIGHT="44" WIDTH="52" VPOS="1411" HPOS="1167" STYLEREFS="font2"><String STYLEREFS="font0" WC="0.150000006" CONTENT="44" HEIGHT="34" WIDTH="35" VPOS="1421" HPOS="1168"/><SP WIDTH="2" VPOS="1411" HPOS="1203"/><String STYLEREFS="font0" WC="0." CONTENT="7" HEIGHT="31" WIDTH="15" VPOS="1411" HPOS="1204"/></TextLine>
<TextLine HEIGHT="54" WIDTH="119" VPOS="1454" HPOS="1100" STYLEREFS="font0"><String WC="0.275000006" CONTENT="*1" HEIGHT="22" WIDTH="33" VPOS="1481" HPOS="1100"/><String STYLE="italics" WC="0.4025000036" CONTENT="7-rf" HEIGHT="46" WIDTH="63" VPOS="1461" HPOS="1138"/><String STYLE="superscript italics" WC="0.5199999809" CONTENT="9" HEIGHT="32" WIDTH="16" VPOS="1454" HPOS="1203"/></TextLine>
</TextBlock>
<TextBlock ID="Page1_Block9" HEIGHT="41" WIDTH="78" VPOS="1346" HPOS="1083" language="de" STYLEREFS="font0"><Shape><Polygon POINTS="1090,1358 1168,1358 1168,1398 1090,1398 1090,1358"/></Shape>
<TextLine HEIGHT="31" WIDTH="61" VPOS="1352" HPOS="1096"><String STYLE="italics" WC="0.5966666937" CONTENT="nt-" HEIGHT="31" WIDTH="61" VPOS="1352" HPOS="1096"/></TextLine>
</TextBlock>
<TextBlock ID="Page1_Block10" HEIGHT="87" WIDTH="83" VPOS="1495" HPOS="1154" language="de" STYLEREFS="font0"><Shape><Polygon POINTS="1160,1508 1242,1508 1242,1594 1160,1594 1160,1508"/></Shape>
<TextLine HEIGHT="38" WIDTH="49" VPOS="1498" HPOS="1169"><String WC="0.1733333319" CONTENT="44!" HEIGHT="38" WIDTH="49" VPOS="1498" HPOS="1169"/></TextLine>
<TextLine HEIGHT="41" WIDTH="44" VPOS="1535" HPOS="1176" STYLEREFS="font0"><String WC="0.3833333254" CONTENT="3?‘" HEIGHT="41" WIDTH="44" VPOS="1535" HPOS="1176"/></TextLine>
</TextBlock>
<TextBlock ID="Page1_Block11" HEIGHT="36" WIDTH="33" VPOS="1588" HPOS="1157" language="de"><Shape><Polygon POINTS="1162,1600 1194,1600 1194,1636 1162,1636 1162,1600"/></Shape>
<TextLine HEIGHT="27" WIDTH="12" VPOS="1593" HPOS="1173"><String STYLE="italics" STYLEREFS="font0" WC="0.3000000119" CONTENT="3" HEIGHT="27" WIDTH="12" VPOS="1593" HPOS="1173"/></TextLine>
</TextBlock>
<TextBlock ID="Page1_Block12" HEIGHT="37" WIDTH="53" VPOS="1573" HPOS="1189" language="de" STYLEREFS="font0"><Shape><Polygon POINTS="1194,1586 1246,1586 1246,1622 1194,1622 1194,1586"/></Shape>
<TextLine HEIGHT="27" WIDTH="29" VPOS="1577" HPOS="1191"><String STYLE="italics" WC="0.9700000286" CONTENT="»7" HEIGHT="27" WIDTH="29" VPOS="1577" HPOS="1191"/></TextLine>
</TextBlock>
<TextBlock ID="Page1_Block13" HEIGHT="168" WIDTH="215" VPOS="1682" HPOS="735" language="de" STYLEREFS="font0"><Shape><Polygon POINTS="740,1692 952,1692 952,1858 738,1858 738,1732 740,1732 740,1692"/></Shape>
<TextLine HEIGHT="32" WIDTH="193" VPOS="1687" HPOS="740"><String WC="0.4190908968" CONTENT="diftillare," HEIGHT="31" WIDTH="131" VPOS="1688" HPOS="740"/><SP WIDTH="9" VPOS="1688" HPOS="871"/><String WC="0.5966666937" CONTENT="&amp;c." HEIGHT="29" WIDTH="53" VPOS="1687" HPOS="880"/></TextLine>
<TextLine HEIGHT="38" WIDTH="173" VPOS="1730" HPOS="736"><String WC="0.5207692385" CONTENT="diftiiiguere." HEIGHT="38" WIDTH="173" VPOS="1730" HPOS="736"/></TextLine>
<TextLine HEIGHT="37" WIDTH="165" VPOS="1770" HPOS="740"><String WC="0.3874999881" CONTENT="diftribuere," HEIGHT="37" WIDTH="165" VPOS="1770" HPOS="740"/></TextLine>
<TextLine HEIGHT="34" WIDTH="147" VPOS="1812" HPOS="739"><String WC="0.2918181717" CONTENT="difubidire." HEIGHT="34" WIDTH="147" VPOS="1812" HPOS="739"/></TextLine>
</TextBlock>
<TextBlock ID="Page1_Block14" HEIGHT="165" WIDTH="131" VPOS="1634" HPOS="1026" language="de" STYLEREFS="font0"><Shape><Polygon POINTS="1030,1646 1160,1646 1160,1810 1030,1810 1030,1646"/></Shape>
<TextLine HEIGHT="34" WIDTH="51" VPOS="1638" HPOS="1098"><String WC="0.2300000042" CONTENT="if?" HEIGHT="34" WIDTH="51" VPOS="1638" HPOS="1098"/></TextLine>
<TextLine HEIGHT="29" WIDTH="44" VPOS="1684" HPOS="1112" STYLEREFS="font0"><String WC="0.2833333313" CONTENT="33&apos;" HEIGHT="29" WIDTH="44" VPOS="1684" HPOS="1112"/></TextLine>
<TextLine HEIGHT="36" WIDTH="127" VPOS="1725" HPOS="1030" STYLEREFS="font0"><String WC="0.71714288" CONTENT="&lt;35-37&quot;" HEIGHT="36" WIDTH="127" VPOS="1725" HPOS="1030"/></TextLine>
<TextLine HEIGHT="30" WIDTH="53" VPOS="1764" HPOS="1098" STYLEREFS="font0"><String STYLE="bold italics" WC="0.223333329" CONTENT="iS9" HEIGHT="30" WIDTH="53" VPOS="1764" HPOS="1098"/></TextLine>
</TextBlock>
<TextBlock ID="Page1_Block15" HEIGHT="247" WIDTH="92" VPOS="1615" HPOS="1148" language="de" STYLEREFS="font0"><Shape><Polygon POINTS="1170,1628 1242,1628 1242,1874 1150,1874 1150,1830 1166,1830 1166,1668 1170,1668 1170,1628"/></Shape>
<TextLine HEIGHT="34" WIDTH="46" VPOS="1659" HPOS="1175" STYLEREFS="font0"><String WC="0.426666677" CONTENT="rri" HEIGHT="34" WIDTH="46" VPOS="1659" HPOS="1175"/></TextLine>
<TextLine HEIGHT="60" WIDTH="48" VPOS="1701" HPOS="1174"><String WC="0.4600000083" CONTENT="37;" HEIGHT="60" WIDTH="48" VPOS="1701" HPOS="1174"/></TextLine>
<TextLine HEIGHT="40" WIDTH="51" VPOS="1781" HPOS="1171"><String WC="0.3650000095" CONTENT="47" HEIGHT="30" WIDTH="34" VPOS="1791" HPOS="1171"/><String STYLE="superscript" WC="0.2399999946" CONTENT="1" HEIGHT="22" WIDTH="11" VPOS="1781" HPOS="1211"/></TextLine>
<TextLine HEIGHT="37" WIDTH="59" VPOS="1821" HPOS="1164" STYLEREFS="font0"><String WC="0.8500000238" CONTENT="dil»&quot;" HEIGHT="37" WIDTH="59" VPOS="1821" HPOS="1164"/></TextLine>
</TextBlock><GraphicalElement ID="Page1_Block16" HEIGHT="12" WIDTH="477" VPOS="211" HPOS="212"/><GraphicalElement ID="Page1_Block17" HEIGHT="5" WIDTH="161" VPOS="210" HPOS="720"/><GraphicalElement ID="Page1_Block18" HEIGHT="7" WIDTH="134" VPOS="213" HPOS="909"/><GraphicalElement ID="Page1_Block19" HEIGHT="144" WIDTH="6" VPOS="1691" HPOS="729"/><GraphicalElement ID="Page1_Block20" HEIGHT="119" WIDTH="6" VPOS="1329" HPOS="728"/><GraphicalElement ID="Page1_Block21" HEIGHT="121" WIDTH="3" VPOS="1464" HPOS="732"/><GraphicalElement ID="Page1_Block22" HEIGHT="5" WIDTH="93" VPOS="472" HPOS="233"/>
</PrintSpace>
</Page>
</Layout>
</alto>