﻿<?xml version="1.0" encoding="UTF-8" standalone="yes"?>
<alto xmlns="http://www.loc.gov/standards/alto/ns-v2#" xmlns:xlink="http://www.w3.org/1999/xlink" xmlns:xsi="http://www.w3.org/2001/XMLSchema-instance" xsi:schemaLocation="http://www.loc.gov/standards/alto/ns-v2# http://www.loc.gov/standards/alto/alto-v2.0.xsd">
<Description>
<MeasurementUnit>pixel</MeasurementUnit>
<OCRProcessing ID="IdOcr"><ocrProcessingStep><processingDateTime>2017-03-20</processingDateTime><processingSoftware><softwareCreator>ABBYY</softwareCreator><softwareName>ABBYY FineReader Engine</softwareName><softwareVersion>11</softwareVersion></processingSoftware></ocrProcessingStep></OCRProcessing>
</Description>
<Styles><TextStyle ID="font0" FONTFAMILY="Times New Roman" FONTSIZE="8"/><TextStyle ID="font1" FONTFAMILY="Times New Roman" FONTSIZE="9"/>
</Styles>
<Layout>
<Page ID="Page1" PHYSICAL_IMG_NR="1" HEIGHT="2049" WIDTH="1255">
<TopMargin HEIGHT="114" WIDTH="1255" VPOS="0" HPOS="0">
</TopMargin>
<RightMargin HEIGHT="1026" WIDTH="213" VPOS="114" HPOS="1042">
</RightMargin>
<BottomMargin HEIGHT="909" WIDTH="1255" VPOS="1140" HPOS="0">
</BottomMargin>
<PrintSpace HEIGHT="1026" WIDTH="1042" VPOS="114" HPOS="0">
<TextBlock ID="Page1_Block1" HEIGHT="75" WIDTH="307" VPOS="119" HPOS="385" language="de" STYLEREFS="font1"><Shape><Polygon POINTS="414,130 720,130 720,200 414,200 414,130"/></Shape>
<TextLine HEIGHT="52" WIDTH="218" VPOS="135" HPOS="468"><String STYLE="bold" WC="0.2333333343" CONTENT="f-r" HEIGHT="36" WIDTH="70" VPOS="151" HPOS="468"/><SP WIDTH="31" VPOS="137" HPOS="538"/><String STYLE="bold" WC="0.4900000095" CONTENT=")-O-" HEIGHT="50" WIDTH="117" VPOS="135" HPOS="569"/></TextLine>
</TextBlock>
<TextBlock ID="Page1_Block2" HEIGHT="934" WIDTH="515" VPOS="206" HPOS="0" language="de"><Shape><Polygon POINTS="24,214 536,214 536,296 538,296 538,354 522,354 522,508 538,508 538,558 500,558 500,1140 24,1140 24,214"/></Shape>
<TextLine HEIGHT="39" WIDTH="97" VPOS="217" HPOS="16" STYLEREFS="font1"><String WC="0.4250000119" CONTENT="I&apos;" HEIGHT="29" WIDTH="18" VPOS="219" HPOS="16"/><SP WIDTH="9" VPOS="226" HPOS="34"/><String WC="0.7179999948" CONTENT="allro" HEIGHT="33" WIDTH="70" VPOS="222" HPOS="43"/></TextLine>
<TextLine HEIGHT="51" WIDTH="488" VPOS="257" HPOS="17"><String STYLEREFS="font1" WC="0.5068181753" CONTENT="ripiglia,(albalzo,odal" HEIGHT="49" WIDTH="360" VPOS="259" HPOS="17"/><SP WIDTH="16" VPOS="260" HPOS="378"/><String STYLEREFS="font1" WC="0.4074999988" CONTENT="volo" HEIGHT="30" WIDTH="67" VPOS="258" HPOS="395"/><SP WIDTH="15" VPOS="258" HPOS="463"/><String STYLE="italics" STYLEREFS="font1" WC="0.8299999833" CONTENT="di" HEIGHT="27" WIDTH="26" VPOS="257" HPOS="479"/></TextLine>
<TextLine HEIGHT="48" WIDTH="108" VPOS="296" HPOS="399"><String STYLEREFS="font0" WC="0.241428569" CONTENT="[porta)" HEIGHT="48" WIDTH="108" VPOS="296" HPOS="399"/></TextLine>
<TextLine HEIGHT="43" WIDTH="296" VPOS="343" HPOS="17"><String STYLEREFS="font1" WC="0.5466666818" CONTENT="«lo" HEIGHT="30" WIDTH="51" VPOS="347" HPOS="17"/><SP WIDTH="9" VPOS="358" HPOS="69"/><String STYLEREFS="font1" WC="0.3285714388" CONTENT="sbalza," HEIGHT="38" WIDTH="105" VPOS="347" HPOS="79"/><SP WIDTH="9" VPOS="359" HPOS="184"/><String STYLE="italics" STYLEREFS="font1" WC="0.4828571379" CONTENT="rimanda" HEIGHT="33" WIDTH="120" VPOS="346" HPOS="193"/></TextLine>
<TextLine HEIGHT="45" WIDTH="255" VPOS="388" HPOS="19"><String STYLEREFS="font1" WC="0.4600000083" CONTENT="colla" HEIGHT="29" WIDTH="69" VPOS="391" HPOS="19"/><SP WIDTH="9" VPOS="399" HPOS="89"/><String STYLEREFS="font1" WC="0.4839999974" CONTENT="raccbetta;" HEIGHT="38" WIDTH="149" VPOS="388" HPOS="99"/><SP WIDTH="12" VPOS="400" HPOS="249"/><String STYLEREFS="font1" WC="0.2399999946" CONTENT="j" HEIGHT="27" WIDTH="12" VPOS="402" HPOS="262"/></TextLine>
<TextLine HEIGHT="42" WIDTH="277" VPOS="427" HPOS="20"><String STYLEREFS="font1" WC="0.2700000107" CONTENT="e" HEIGHT="18" WIDTH="14" VPOS="439" HPOS="20"/><SP WIDTH="10" VPOS="438" HPOS="34"/><String STYLEREFS="font1" WC="0.4499999881" CONTENT="qurfto" HEIGHT="39" WIDTH="96" VPOS="429" HPOS="44"/><SP WIDTH="7" VPOS="430" HPOS="140"/><String STYLEREFS="font1" WC="0.7099999785" CONTENT="fi" HEIGHT="31" WIDTH="20" VPOS="430" HPOS="147"/><SP WIDTH="8" VPOS="429" HPOS="167"/><String STYLEREFS="font1" WC="0.4900000095" CONTENT="e" HEIGHT="18" WIDTH="15" VPOS="442" HPOS="176"/><SP WIDTH="6" VPOS="433" HPOS="191"/><String STYLEREFS="font1" WC="0.5350000262" CONTENT="in" HEIGHT="28" WIDTH="30" VPOS="433" HPOS="197"/><SP WIDTH="9" VPOS="431" HPOS="227"/><String STYLEREFS="font1" WC="0.4359999895" CONTENT="fatti" HEIGHT="30" WIDTH="61" VPOS="431" HPOS="236"/></TextLine>
<TextLine HEIGHT="55" WIDTH="477" VPOS="464" HPOS="18"><String STYLEREFS="font1" WC="0.3549999893" CONTENT="un" HEIGHT="23" WIDTH="38" VPOS="479" HPOS="18"/><SP WIDTH="7" VPOS="482" HPOS="57"/><String STYLEREFS="font1" WC="0.5649999976" CONTENT="giuöco" HEIGHT="41" WIDTH="102" VPOS="472" HPOS="64"/><SP WIDTH="8" VPOS="474" HPOS="166"/><String STYLEREFS="font1" WC="0.4250000119" CONTENT="da" HEIGHT="30" WIDTH="32" VPOS="474" HPOS="175"/><SP WIDTH="8" VPOS="486" HPOS="208"/><String STYLEREFS="font1" WC="0.2987500131" CONTENT="gentilhuomojwud/" HEIGHT="52" WIDTH="279" VPOS="464" HPOS="216"/></TextLine>
<TextLine HEIGHT="39" WIDTH="77" VPOS="507" HPOS="435"><String STYLE="italics" STYLEREFS="font0" WC="0.2759999931" CONTENT="Qiere" HEIGHT="39" WIDTH="77" VPOS="507" HPOS="435"/></TextLine>
<TextLine HEIGHT="43" WIDTH="343" VPOS="554" HPOS="24"><String STYLEREFS="font1" WC="0.2899999917" CONTENT="per" HEIGHT="28" WIDTH="46" VPOS="563" HPOS="24"/><SP WIDTH="9" VPOS="565" HPOS="70"/><String STYLEREFS="font1" WC="0.4911110997" CONTENT="eflerdtio" HEIGHT="32" WIDTH="129" VPOS="557" HPOS="79"/><SP WIDTH="10" VPOS="558" HPOS="208"/><String STYLEREFS="font1" WC="0.7699999809" CONTENT="del" HEIGHT="29" WIDTH="42" VPOS="557" HPOS="218"/><SP WIDTH="10" VPOS="557" HPOS="260"/><String STYLEREFS="font1" WC="0.6833333373" CONTENT="corpo," HEIGHT="32" WIDTH="97" VPOS="561" HPOS="270"/></TextLine>
<TextLine HEIGHT="52" WIDTH="425" VPOS="590" HPOS="24"><String STYLEREFS="font1" WC="0.2450000048" CONTENT="öc" HEIGHT="31" WIDTH="26" VPOS="596" HPOS="24"/><SP WIDTH="8" VPOS="605" HPOS="51"/><String STYLEREFS="font1" WC="0.5366666913" CONTENT="per" HEIGHT="30" WIDTH="47" VPOS="608" HPOS="59"/><SP WIDTH="6" VPOS="601" HPOS="107"/><String STYLEREFS="font1" WC="0.3385714293" CONTENT="difintirizzare" HEIGHT="34" WIDTH="184" VPOS="599" HPOS="114"/><SP WIDTH="11" VPOS="608" HPOS="299"/><String STYLEREFS="font1" WC="0.5400000215" CONTENT="gii" HEIGHT="41" WIDTH="40" VPOS="596" HPOS="310"/><SP WIDTH="6" VPOS="595" HPOS="350"/><String STYLEREFS="font1" WC="0.3774999976" CONTENT="fpiriti," HEIGHT="44" WIDTH="91" VPOS="590" HPOS="357"/></TextLine>
<TextLine HEIGHT="46" WIDTH="172" VPOS="694" HPOS="63"><String STYLEREFS="font1" WC="1." CONTENT="U" HEIGHT="30" WIDTH="22" VPOS="697" HPOS="63"/><SP WIDTH="10" VPOS="697" HPOS="85"/><String STYLEREFS="font1" WC="0.5314285755" CONTENT="pallone" HEIGHT="40" WIDTH="110" VPOS="700" HPOS="95"/><SP WIDTH="8" VPOS="710" HPOS="206"/><String STYLEREFS="font1" WC="0.3799999952" CONTENT="4" HEIGHT="27" WIDTH="20" VPOS="709" HPOS="215"/></TextLine>
<TextLine HEIGHT="48" WIDTH="426" VPOS="768" HPOS="32"><String STYLEREFS="font1" WC="0.2939999998" CONTENT="gonßo" HEIGHT="33" WIDTH="92" VPOS="774" HPOS="32"/><SP WIDTH="13" VPOS="776" HPOS="125"/><String STYLEREFS="font1" WC="0.8299999833" CONTENT="di" HEIGHT="29" WIDTH="27" VPOS="776" HPOS="139"/><SP WIDTH="9" VPOS="777" HPOS="167"/><String STYLEREFS="font1" WC="0.400000006" CONTENT="vento," HEIGHT="32" WIDTH="100" VPOS="781" HPOS="177"/><SP WIDTH="8" VPOS="771" HPOS="278"/><String STYLE="italics" STYLEREFS="font1" WC="0.6750000119" CONTENT="d&apos;" HEIGHT="30" WIDTH="24" VPOS="770" HPOS="287"/><SP WIDTH="10" VPOS="772" HPOS="312"/><String STYLE="italics" STYLEREFS="font1" WC="0.2549999952" CONTENT="den," HEIGHT="36" WIDTH="65" VPOS="771" HPOS="323"/><SP WIDTH="9" VPOS="782" HPOS="389"/><String STYLE="italics" STYLEREFS="font1" WC="0.25" CONTENT="tria" HEIGHT="30" WIDTH="59" VPOS="771" HPOS="399"/></TextLine>
<TextLine HEIGHT="48" WIDTH="345" VPOS="846" HPOS="34"><String STYLEREFS="font1" WC="0.2466666698" CONTENT="Per" HEIGHT="30" WIDTH="46" VPOS="852" HPOS="34"/><SP WIDTH="7" VPOS="856" HPOS="81"/><String STYLEREFS="font1" WC="0.4600000083" CONTENT="mezzo" HEIGHT="27" WIDTH="96" VPOS="857" HPOS="89"/><SP WIDTH="7" VPOS="851" HPOS="186"/><String STYLEREFS="font1" WC="0.5659999847" CONTENT="della" HEIGHT="32" WIDTH="67" VPOS="849" HPOS="194"/><SP WIDTH="8" VPOS="848" HPOS="262"/><String STYLEREFS="font1" WC="0.4485714138" CONTENT="fninga," HEIGHT="44" WIDTH="108" VPOS="846" HPOS="271"/></TextLine>
<TextLine HEIGHT="56" WIDTH="407" VPOS="918" HPOS="35"><String STYLEREFS="font1" WC="0.5123077035" CONTENT="firipercuote," HEIGHT="51" WIDTH="198" VPOS="922" HPOS="35"/><SP WIDTH="14" VPOS="946" HPOS="233"/><String STYLE="italics" STYLEREFS="font1" WC="0.2133333385" CONTENT="sbal%*" HEIGHT="37" WIDTH="95" VPOS="933" HPOS="247"/><SP WIDTH="11" VPOS="935" HPOS="342"/><String STYLE="italics" STYLEREFS="font1" WC="0.421666652" CONTENT="&apos;nalto" HEIGHT="31" WIDTH="88" VPOS="932" HPOS="354"/></TextLine>
<TextLine HEIGHT="49" WIDTH="375" VPOS="1008" HPOS="37"><String STYLEREFS="font1" WC="0.3600000143" CONTENT="•ol" HEIGHT="29" WIDTH="45" VPOS="1013" HPOS="37"/><SP WIDTH="10" VPOS="1013" HPOS="82"/><String STYLEREFS="font1" WC="0.6366666555" CONTENT="bracciale" HEIGHT="32" WIDTH="132" VPOS="1012" HPOS="92"/><SP WIDTH="6" VPOS="1025" HPOS="224"/><String STYLEREFS="font1" WC="0.7799999714" CONTENT="al" HEIGHT="28" WIDTH="26" VPOS="1014" HPOS="230"/><SP WIDTH="10" VPOS="1014" HPOS="256"/><String STYLEREFS="font1" WC="0.6639999747" CONTENT="pugno" HEIGHT="29" WIDTH="98" VPOS="1024" HPOS="266"/><SP WIDTH="11" VPOS="1023" HPOS="364"/><String STYLEREFS="font1" WC="0.7099999785" CONTENT=";" HEIGHT="22" WIDTH="10" VPOS="1025" HPOS="375"/><SP WIDTH="13" VPOS="1025" HPOS="385"/><String STYLEREFS="font1" WC="0.5600000024" CONTENT="j" HEIGHT="25" WIDTH="14" VPOS="1025" HPOS="398"/></TextLine>
<TextLine HEIGHT="46" WIDTH="432" VPOS="1087" HPOS="38"><String STYLEREFS="font1" WC="0.4920000136" CONTENT="alla," HEIGHT="35" WIDTH="63" VPOS="1093" HPOS="38"/><SP WIDTH="8" VPOS="1093" HPOS="102"/><String STYLE="italics" STYLEREFS="font1" WC="0.6549999714" CONTENT="in" HEIGHT="27" WIDTH="28" VPOS="1093" HPOS="110"/><SP WIDTH="6" VPOS="1103" HPOS="139"/><String STYLEREFS="font1" WC="0.2771428525" CONTENT="piazza," HEIGHT="39" WIDTH="112" VPOS="1092" HPOS="146"/><SP WIDTH="9" VPOS="1090" HPOS="258"/><String STYLE="italics" STYLEREFS="font1" WC="0.3400000036" CONTENT="dria" HEIGHT="31" WIDTH="60" VPOS="1089" HPOS="267"/><SP WIDTH="8" VPOS="1090" HPOS="327"/><String STYLEREFS="font1" WC="0.3300000131" CONTENT="fcoperta." HEIGHT="39" WIDTH="135" VPOS="1088" HPOS="335"/></TextLine>
</TextBlock>
<TextBlock ID="Page1_Block3" HEIGHT="932" WIDTH="530" VPOS="198" HPOS="512" language="de" STYLEREFS="font1"><Shape><Polygon POINTS="540,214 1056,214 1056,1138 550,1138 550,1006 552,1006 552,894 548,894 548,812 546,812 546,762 582,762 582,644 542,644 542,582 544,582 544,468 540,468 540,424 542,424 542,256 540,256 540,214"/></Shape>
<TextLine HEIGHT="37" WIDTH="106" VPOS="214" HPOS="512"><String WC="0.5533333421" CONTENT="|1’" HEIGHT="36" WIDTH="23" VPOS="215" HPOS="512"/><SP WIDTH="9" VPOS="215" HPOS="535"/><String WC="0.6439999938" CONTENT="autre" HEIGHT="21" WIDTH="72" VPOS="221" HPOS="545"/></TextLine>
<TextLine HEIGHT="53" WIDTH="463" VPOS="243" HPOS="522"><String WC="0.5662500262" CONTENT="reprend," HEIGHT="42" WIDTH="123" VPOS="253" HPOS="522"/><SP WIDTH="6" VPOS="250" HPOS="646"/><String WC="0.7433333397" CONTENT="(au" HEIGHT="40" WIDTH="49" VPOS="249" HPOS="653"/><SP WIDTH="7" VPOS="247" HPOS="703"/><String WC="0.5371428728" CONTENT="bond,ou" HEIGHT="38" WIDTH="129" VPOS="245" HPOS="711"/><SP WIDTH="9" VPOS="246" HPOS="841"/><String WC="0.3249999881" CONTENT="de" HEIGHT="33" WIDTH="32" VPOS="245" HPOS="851"/><SP WIDTH="7" VPOS="258" HPOS="884"/><String WC="0.2466666698" CONTENT="volee)" HEIGHT="43" WIDTH="93" VPOS="247" HPOS="892"/></TextLine>
<TextLine HEIGHT="38" WIDTH="272" VPOS="334" HPOS="521"><String WC="0.2599999905" CONTENT="fait" HEIGHT="30" WIDTH="48" VPOS="340" HPOS="521"/><SP WIDTH="6" VPOS="338" HPOS="570"/><String WC="0.3785714209" CONTENT="bondir;" HEIGHT="36" WIDTH="116" VPOS="335" HPOS="577"/><SP WIDTH="8" VPOS="345" HPOS="694"/><String STYLE="italics" WC="0.5014285445" CONTENT="reittte" HEIGHT="30" WIDTH="90" VPOS="334" HPOS="703"/></TextLine>
<TextLine HEIGHT="41" WIDTH="274" VPOS="379" HPOS="517"><String WC="0.4079999924" CONTENT="iavec" HEIGHT="27" WIDTH="70" VPOS="386" HPOS="517"/><SP WIDTH="8" VPOS="382" HPOS="588"/><String WC="0.4509090781" CONTENT="iaraquette;" HEIGHT="40" WIDTH="169" VPOS="379" HPOS="597"/><SP WIDTH="11" VPOS="384" HPOS="767"/><String WC="0.2700000107" CONTENT=";" HEIGHT="26" WIDTH="12" VPOS="385" HPOS="779"/></TextLine>
<TextLine HEIGHT="42" WIDTH="260" VPOS="418" HPOS="516"><String WC="0.5600000024" CONTENT="l&amp;e’eftälaverite" HEIGHT="42" WIDTH="260" VPOS="418" HPOS="516"/></TextLine>
<TextLine HEIGHT="50" WIDTH="490" VPOS="449" HPOS="526"><String WC="0.6800000072" CONTENT="un" HEIGHT="20" WIDTH="36" VPOS="477" HPOS="526"/><SP WIDTH="14" VPOS="475" HPOS="563"/><String WC="0.5170000196" CONTENT="tres-noble" HEIGHT="35" WIDTH="164" VPOS="461" HPOS="578"/><SP WIDTH="10" VPOS="461" HPOS="743"/><String WC="0.7049999833" CONTENT="jeu," HEIGHT="32" WIDTH="53" VPOS="460" HPOS="754"/><SP WIDTH="7" VPOS="456" HPOS="808"/><String STYLE="italics" WC="0.5199999809" CONTENT="jea" HEIGHT="36" WIDTH="41" VPOS="455" HPOS="816"/><SP WIDTH="7" VPOS="452" HPOS="858"/><String STYLE="italics" WC="0.4189999998" CONTENT="degentils-" HEIGHT="45" WIDTH="150" VPOS="449" HPOS="866"/></TextLine>
<TextLine HEIGHT="43" WIDTH="299" VPOS="492" HPOS="720"><String STYLE="italics" WC="0.2714285851" CONTENT="(btmmes" HEIGHT="36" WIDTH="124" VPOS="499" HPOS="720"/><SP WIDTH="12" VPOS="495" HPOS="844"/><String STYLE="italics" WC="0.6050000191" CONTENT="de" HEIGHT="30" WIDTH="30" VPOS="494" HPOS="856"/><SP WIDTH="8" VPOS="505" HPOS="887"/><String STYLE="italics" WC="0.3400000036" CONTENT="cvuuUitr" HEIGHT="30" WIDTH="124" VPOS="497" HPOS="895"/></TextLine>
<TextLine HEIGHT="51" WIDTH="384" VPOS="538" HPOS="519"><String WC="0.5279999971" CONTENT=".pour" HEIGHT="31" WIDTH="79" VPOS="558" HPOS="519"/><SP WIDTH="11" VPOS="548" HPOS="598"/><String STYLE="italics" WC="1.999999955e-002" CONTENT="P" HEIGHT="29" WIDTH="23" VPOS="547" HPOS="609"/><SP WIDTH="9" VPOS="547" HPOS="632"/><String WC="0.3587499857" CONTENT="exercice" HEIGHT="31" WIDTH="120" VPOS="543" HPOS="641"/><SP WIDTH="7" VPOS="540" HPOS="761"/><String WC="0.2099999934" CONTENT="du" HEIGHT="28" WIDTH="35" VPOS="540" HPOS="768"/><SP WIDTH="8" VPOS="548" HPOS="803"/><String WC="0.4716666639" CONTENT="corps," HEIGHT="30" WIDTH="91" VPOS="546" HPOS="812"/></TextLine>
<TextLine HEIGHT="57" WIDTH="423" VPOS="575" HPOS="529"><String WC="0.9399999976" CONTENT="&amp;" HEIGHT="27" WIDTH="26" VPOS="595" HPOS="529"/><SP WIDTH="11" VPOS="594" HPOS="556"/><String WC="0.7724999785" CONTENT="pour" HEIGHT="32" WIDTH="70" VPOS="599" HPOS="568"/><SP WIDTH="11" VPOS="586" HPOS="639"/><String WC="0.2566666603" CONTENT="degourdirles" HEIGHT="44" WIDTH="189" VPOS="580" HPOS="651"/><SP WIDTH="8" VPOS="589" HPOS="841"/><String WC="0.3622222245" CONTENT="efprit*.." HEIGHT="45" WIDTH="102" VPOS="575" HPOS="850"/></TextLine>
<TextLine HEIGHT="43" WIDTH="189" VPOS="681" HPOS="567"><String STYLE="italics" WC="0.6549999714" CONTENT="Le" HEIGHT="27" WIDTH="37" VPOS="689" HPOS="567"/><SP WIDTH="13" VPOS="685" HPOS="604"/><String WC="0.5371428728" CONTENT="ballon," HEIGHT="40" WIDTH="106" VPOS="682" HPOS="617"/><SP WIDTH="13" VPOS="696" HPOS="723"/><String WC="0." CONTENT="4" HEIGHT="27" WIDTH="20" VPOS="695" HPOS="736"/></TextLine>
<TextLine HEIGHT="41" WIDTH="203" VPOS="759" HPOS="531"><String STYLE="italics" WC="0.4250000119" CONTENT="ende" HEIGHT="33" WIDTH="73" VPOS="762" HPOS="531"/><String STYLE="subscript italics" WC="0.7099999785" CONTENT="}" HEIGHT="17" WIDTH="8" VPOS="782" HPOS="612"/><SP WIDTH="7" VPOS="772" HPOS="621"/><String STYLE="italics" WC="0.354285717" CONTENT="rebendi" HEIGHT="33" WIDTH="106" VPOS="759" HPOS="628"/></TextLine>
<TextLine HEIGHT="54" WIDTH="395" VPOS="829" HPOS="536"><String WC="0.3799999952" CONTENT="par" HEIGHT="32" WIDTH="46" VPOS="851" HPOS="536"/><SP WIDTH="8" VPOS="841" HPOS="583"/><String WC="0.5199999809" CONTENT="le" HEIGHT="29" WIDTH="25" VPOS="841" HPOS="592"/><SP WIDTH="10" VPOS="849" HPOS="618"/><String WC="0.423999995" CONTENT="moien" HEIGHT="31" WIDTH="93" VPOS="837" HPOS="629"/><SP WIDTH="7" VPOS="835" HPOS="723"/><String WC="0.6549999714" CONTENT="de" HEIGHT="32" WIDTH="32" VPOS="834" HPOS="731"/><SP WIDTH="7" VPOS="836" HPOS="764"/><String WC="0.5500000119" CONTENT="la" HEIGHT="30" WIDTH="25" VPOS="836" HPOS="772"/><SP WIDTH="6" VPOS="831" HPOS="798"/><String WC="0.2388888896" CONTENT="firinguej" HEIGHT="43" WIDTH="126" VPOS="829" HPOS="805"/></TextLine>
<TextLine HEIGHT="45" WIDTH="238" VPOS="920" HPOS="540"><String WC="0.4300000072" CONTENT="fe" HEIGHT="31" WIDTH="23" VPOS="925" HPOS="540"/><SP WIDTH="9" VPOS="923" HPOS="564"/><String WC="0.3842857182" CONTENT="frappe," HEIGHT="42" WIDTH="113" VPOS="922" HPOS="574"/><SP WIDTH="7" VPOS="930" HPOS="687"/><String STYLE="italics" WC="0.2899999917" CONTENT="poujjc" HEIGHT="41" WIDTH="84" VPOS="921" HPOS="694"/></TextLine>
<TextLine HEIGHT="46" WIDTH="304" VPOS="1003" HPOS="540"><String WC="0.6200000048" CONTENT="le" HEIGHT="29" WIDTH="25" VPOS="1009" HPOS="540"/><SP WIDTH="7" VPOS="1007" HPOS="565"/><String WC="0.5385714173" CONTENT="braflal" HEIGHT="32" WIDTH="94" VPOS="1006" HPOS="572"/><SP WIDTH="9" VPOS="1007" HPOS="666"/><String WC="0.5299999714" CONTENT="au" HEIGHT="21" WIDTH="33" VPOS="1016" HPOS="675"/><SP WIDTH="10" VPOS="1016" HPOS="708"/><String WC="0.4183333218" CONTENT="poing," HEIGHT="42" WIDTH="97" VPOS="1004" HPOS="718"/><SP WIDTH="13" VPOS="1012" HPOS="815"/><String WC="0.2199999988" CONTENT="p" HEIGHT="29" WIDTH="16" VPOS="1012" HPOS="828"/></TextLine>
<TextLine HEIGHT="47" WIDTH="494" VPOS="1076" HPOS="541"><String WC="0.3350000083" CONTENT="cn" HEIGHT="19" WIDTH="36" VPOS="1096" HPOS="542"/><SP WIDTH="8" VPOS="1096" HPOS="579"/><String WC="0.3300000131" CONTENT="place" HEIGHT="36" WIDTH="79" VPOS="1086" HPOS="587"/><SP WIDTH="8" VPOS="1084" HPOS="666"/><String STYLE="bold" WC="0.3036363721" CONTENT="decouverte," HEIGHT="35" WIDTH="180" VPOS="1081" HPOS="674"/><SP WIDTH="7" VPOS="1091" HPOS="855"/><String STYLE="italics" WC="0.400000006" CONTENT="cn" HEIGHT="17" WIDTH="28" VPOS="1090" HPOS="863"/><SP WIDTH="3" VPOS="1086" HPOS="891"/><String STYLE="italics" WC="0.574000001" CONTENT="flcin-air." HEIGHT="40" WIDTH="141" VPOS="1076" HPOS="894"/></TextLine>
</TextBlock><GraphicalElement ID="Page1_Block4" HEIGHT="23" WIDTH="722" VPOS="183" HPOS="280"/><GraphicalElement ID="Page1_Block5" HEIGHT="10" WIDTH="198" VPOS="197" HPOS="26"/><GraphicalElement ID="Page1_Block6" HEIGHT="656" WIDTH="21" VPOS="226" HPOS="509"/><GraphicalElement ID="Page1_Block7" HEIGHT="213" WIDTH="11" VPOS="882" HPOS="527"/>
</PrintSpace>
</Page>
</Layout>
</alto>