﻿<?xml version="1.0" encoding="UTF-8" standalone="yes"?>
<alto xmlns="http://www.loc.gov/standards/alto/ns-v2#" xmlns:xlink="http://www.w3.org/1999/xlink" xmlns:xsi="http://www.w3.org/2001/XMLSchema-instance" xsi:schemaLocation="http://www.loc.gov/standards/alto/ns-v2# http://www.loc.gov/standards/alto/alto-v2.0.xsd">
<Description>
<MeasurementUnit>pixel</MeasurementUnit>
<OCRProcessing ID="IdOcr"><ocrProcessingStep><processingDateTime>2017-03-20</processingDateTime><processingSoftware><softwareCreator>ABBYY</softwareCreator><softwareName>ABBYY FineReader Engine</softwareName><softwareVersion>11</softwareVersion></processingSoftware></ocrProcessingStep></OCRProcessing>
</Description>
<Styles><TextStyle ID="font0" FONTFAMILY="Times New Roman" FONTSIZE="9"/><TextStyle ID="font1" FONTFAMILY="Times New Roman" FONTSIZE="10"/><TextStyle ID="font2" FONTFAMILY="Times New Roman" FONTSIZE="11"/><TextStyle ID="font3" FONTFAMILY="Times New Roman" FONTSIZE="12"/><TextStyle ID="font4" FONTFAMILY="Times New Roman" FONTSIZE="13"/><TextStyle ID="font5" FONTFAMILY="Times New Roman" FONTSIZE="15"/><TextStyle ID="font6" FONTFAMILY="Times New Roman" FONTSIZE="16"/><TextStyle ID="font7" FONTFAMILY="Times New Roman" FONTSIZE="19"/>
</Styles>
<Layout>
<Page ID="Page1" PHYSICAL_IMG_NR="1" HEIGHT="2037" WIDTH="1203">
<TopMargin HEIGHT="121" WIDTH="1203" VPOS="0" HPOS="0">
</TopMargin>
<LeftMargin HEIGHT="1741" WIDTH="17" VPOS="121" HPOS="0">
</LeftMargin>
<RightMargin HEIGHT="1741" WIDTH="142" VPOS="121" HPOS="1061">
</RightMargin>
<BottomMargin HEIGHT="175" WIDTH="1203" VPOS="1862" HPOS="0">
</BottomMargin>
<PrintSpace HEIGHT="1741" WIDTH="1044" VPOS="121" HPOS="17">
<TextBlock ID="Page1_Block1" HEIGHT="417" WIDTH="1013" VPOS="121" HPOS="33" language="de" STYLEREFS="font6"><Shape><Polygon POINTS="37,131 1047,131 1047,539 37,539 37,131"/></Shape>
<TextLine HEIGHT="54" WIDTH="528" VPOS="143" HPOS="45" STYLEREFS="font4"><String STYLE="bold underline" WC="0.5" CONTENT="n." HEIGHT="29" WIDTH="53" VPOS="147" HPOS="520"/></TextLine>
<TextLine HEIGHT="40" WIDTH="33" VPOS="209" HPOS="518" STYLEREFS="font0"><String WC="1." CONTENT="I." HEIGHT="40" WIDTH="33" VPOS="209" HPOS="518"/></TextLine>
<TextLine HEIGHT="55" WIDTH="706" VPOS="272" HPOS="188" STYLEREFS="font6"><String STYLE="bold" WC="0.5" CONTENT="H." HEIGHT="38" WIDTH="42" VPOS="274" HPOS="188"/><SP WIDTH="13" VPOS="272" HPOS="231"/><String STYLE="bold" WC="0.3549999893" CONTENT="Buch" HEIGHT="51" WIDTH="102" VPOS="272" HPOS="245"/><SP WIDTH="10" VPOS="274" HPOS="348"/><String STYLE="bold" WC="0.7350000143" CONTENT="Mosis/" HEIGHT="50" WIDTH="131" VPOS="274" HPOS="359"/><SP WIDTH="8" VPOS="275" HPOS="491"/><String STYLE="bold" WC="0.3874999881" CONTENT="Cap." HEIGHT="47" WIDTH="95" VPOS="275" HPOS="500"/><SP WIDTH="9" VPOS="276" HPOS="596"/><String STYLE="bold" WC="1." CONTENT="m." HEIGHT="39" WIDTH="59" VPOS="276" HPOS="606"/><SP WIDTH="8" VPOS="283" HPOS="666"/><String STYLE="bold" WC="0.5699999928" CONTENT="pers." HEIGHT="46" WIDTH="79" VPOS="276" HPOS="675"/><SP WIDTH="14" VPOS="289" HPOS="755"/><String STYLE="bold" WC="0.2199999988" CONTENT="i" HEIGHT="26" WIDTH="13" VPOS="289" HPOS="770"/><SP WIDTH="9" VPOS="288" HPOS="784"/><String STYLE="bold" WC="0.4650000036" CONTENT="z." HEIGHT="34" WIDTH="28" VPOS="289" HPOS="794"/><SP WIDTH="13" VPOS="288" HPOS="823"/><String STYLE="bold" WC="0.400000006" CONTENT="14." HEIGHT="37" WIDTH="57" VPOS="287" HPOS="837"/></TextLine>
<TextLine HEIGHT="70" WIDTH="943" VPOS="340" HPOS="95"><String WC="0.4174999893" CONTENT="Wenn" HEIGHT="47" WIDTH="134" VPOS="344" HPOS="95"/><SP WIDTH="16" VPOS="346" HPOS="230"/><String WC="0.4933333397" CONTENT="sie" HEIGHT="54" WIDTH="49" VPOS="346" HPOS="247"/><SP WIDTH="18" VPOS="358" HPOS="297"/><String WC="0.2733333409" CONTENT="mir" HEIGHT="44" WIDTH="71" VPOS="350" HPOS="316"/><SP WIDTH="11" VPOS="350" HPOS="388"/><String WC="0.4399999976" CONTENT="sagen" HEIGHT="56" WIDTH="107" VPOS="350" HPOS="400"/><SP WIDTH="17" VPOS="357" HPOS="508"/><String WC="0.3757142723" CONTENT="werden:" HEIGHT="43" WIDTH="175" VPOS="356" HPOS="526"/><SP WIDTH="16" VPOS="351" HPOS="702"/><String WC="0.426666677" CONTENT="Wie" HEIGHT="48" WIDTH="97" VPOS="349" HPOS="719"/><SP WIDTH="22" VPOS="349" HPOS="817"/><String WC="0.6374999881" CONTENT="heUt" HEIGHT="60" WIDTH="101" VPOS="348" HPOS="840"/><SP WIDTH="23" VPOS="349" HPOS="942"/><String WC="0.6524999738" CONTENT="fein" HEIGHT="53" WIDTH="72" VPOS="347" HPOS="966"/></TextLine>
<TextLine HEIGHT="74" WIDTH="996" VPOS="393" HPOS="40"><String WC="0.5699999928" CONTENT="Aame" HEIGHT="59" WIDTH="129" VPOS="396" HPOS="41"/><SP WIDTH="8" VPOS="407" HPOS="171"/><String WC="0." CONTENT="?" HEIGHT="43" WIDTH="22" VPOS="407" HPOS="180"/><SP WIDTH="22" VPOS="406" HPOS="203"/><String WC="0.5566666722" CONTENT="Was" HEIGHT="44" WIDTH="109" VPOS="406" HPOS="226"/><SP WIDTH="12" VPOS="408" HPOS="336"/><String WC="0.4199999869" CONTENT="soll" HEIGHT="48" WIDTH="61" VPOS="407" HPOS="349"/><SP WIDTH="10" VPOS="408" HPOS="411"/><String WC="0.4300000072" CONTENT="ich" HEIGHT="54" WIDTH="53" VPOS="407" HPOS="421"/><SP WIDTH="9" VPOS="407" HPOS="474"/><String WC="0.4620000124" CONTENT="ihnen" HEIGHT="56" WIDTH="110" VPOS="408" HPOS="483"/><SP WIDTH="10" VPOS="411" HPOS="594"/><String WC="0.4916666746" CONTENT="sagen?" HEIGHT="54" WIDTH="138" VPOS="410" HPOS="604"/><SP WIDTH="25" VPOS="406" HPOS="743"/><String WC="0.2074999958" CONTENT="GOtt" HEIGHT="55" WIDTH="132" VPOS="406" HPOS="769"/><SP WIDTH="11" VPOS="407" HPOS="902"/><String WC="0.4983333349" CONTENT="sprach" HEIGHT="65" WIDTH="123" VPOS="400" HPOS="913"/></TextLine>
<TextLine HEIGHT="68" WIDTH="648" VPOS="454" HPOS="39"><String STYLE="bold" WC="0.2649999857" CONTENT="zu" HEIGHT="44" WIDTH="42" VPOS="466" HPOS="39"/><SP WIDTH="14" VPOS="455" HPOS="82"/><String WC="0.4900000095" CONTENT="Mose" HEIGHT="58" WIDTH="115" VPOS="455" HPOS="96"/><SP WIDTH="9" VPOS="474" HPOS="211"/><String WC="0.4799999893" CONTENT="r" HEIGHT="31" WIDTH="14" VPOS="474" HPOS="221"/><SP WIDTH="8" VPOS="461" HPOS="236"/><String STYLE="bold" WC="0.8066666722" CONTENT="Ich" HEIGHT="58" WIDTH="82" VPOS="461" HPOS="245"/><SP WIDTH="13" VPOS="462" HPOS="328"/><String WC="0.5924999714" CONTENT="bin/" HEIGHT="51" WIDTH="87" VPOS="462" HPOS="342"/><SP WIDTH="12" VPOS="466" HPOS="430"/><String STYLE="bold" WC="0.3666666746" CONTENT="der" HEIGHT="44" WIDTH="72" VPOS="466" HPOS="443"/><SP WIDTH="10" VPOS="466" HPOS="516"/><String WC="0.3266666532" CONTENT="ich" HEIGHT="57" WIDTH="55" VPOS="464" HPOS="527"/><SP WIDTH="11" VPOS="465" HPOS="583"/><String WC="0.4950000048" CONTENT="bin!" HEIGHT="49" WIDTH="91" VPOS="462" HPOS="595"/></TextLine>
</TextBlock>
<TextBlock ID="Page1_Block2" HEIGHT="179" WIDTH="1038" VPOS="538" HPOS="20" language="de" STYLEREFS="font3"><Shape><Polygon POINTS="26,548 1062,548 1062,718 26,718 26,548"/></Shape>
<TextLine HEIGHT="73" WIDTH="945" VPOS="543" HPOS="96"><String STYLE="bold italics" WC="0.4799999893" CONTENT="Si" HEIGHT="36" WIDTH="39" VPOS="551" HPOS="96"/><SP WIDTH="13" VPOS="550" HPOS="135"/><String STYLE="bold italics" WC="0.5587499738" CONTENT="dixerint" HEIGHT="43" WIDTH="173" VPOS="550" HPOS="148"/><SP WIDTH="11" VPOS="565" HPOS="321"/><String STYLE="bold italics" WC="0.4524999857" CONTENT="mihi" HEIGHT="43" WIDTH="93" VPOS="552" HPOS="332"/><SP WIDTH="15" VPOS="556" HPOS="425"/><String STYLE="bold italics" WC="1." CONTENT=":" HEIGHT="23" WIDTH="13" VPOS="570" HPOS="440"/><SP WIDTH="20" VPOS="559" HPOS="453"/><String STYLE="bold italics" WC="0.5379999876" CONTENT="ßjuod" HEIGHT="57" WIDTH="123" VPOS="555" HPOS="473"/><SP WIDTH="8" VPOS="556" HPOS="596"/><String STYLE="bold italics" WC="0.4699999988" CONTENT="cfl" HEIGHT="55" WIDTH="49" VPOS="555" HPOS="604"/><SP WIDTH="12" VPOS="555" HPOS="653"/><String STYLE="bold italics" WC="0.400000006" CONTENT="Nomen" HEIGHT="35" WIDTH="140" VPOS="561" HPOS="665"/><SP WIDTH="10" VPOS="569" HPOS="805"/><String STYLE="bold italics" WC="0.6374999881" CONTENT="ejus" HEIGHT="48" WIDTH="73" VPOS="557" HPOS="815"/><SP WIDTH="10" VPOS="557" HPOS="888"/><String STYLE="bold italics" WC="1." CONTENT="?" HEIGHT="34" WIDTH="19" VPOS="557" HPOS="898"/><SP WIDTH="28" VPOS="558" HPOS="917"/><String STYLE="bold italics" WC="0.3300000131" CONTENT="quid" HEIGHT="59" WIDTH="96" VPOS="550" HPOS="945"/></TextLine>
<TextLine HEIGHT="71" WIDTH="1001" VPOS="598" HPOS="39"><String STYLE="bold italics" WC="0.4499999881" CONTENT="dicam" HEIGHT="42" WIDTH="123" VPOS="602" HPOS="39"/><SP WIDTH="8" VPOS="621" HPOS="163"/><String STYLE="bold italics" WC="0.6966666579" CONTENT="eis" HEIGHT="34" WIDTH="48" VPOS="613" HPOS="172"/><SP WIDTH="10" VPOS="611" HPOS="221"/><String STYLE="bold italics" WC="0." CONTENT="?" HEIGHT="36" WIDTH="19" VPOS="611" HPOS="232"/><SP WIDTH="13" VPOS="611" HPOS="252"/><String STYLE="bold italics" WC="0.7279999852" CONTENT="Dixii" HEIGHT="38" WIDTH="116" VPOS="612" HPOS="266"/><SP WIDTH="9" VPOS="618" HPOS="383"/><String STYLE="bold italics" WC="0.5400000215" CONTENT="Dominus" HEIGHT="38" WIDTH="184" VPOS="616" HPOS="393"/><SP WIDTH="9" VPOS="629" HPOS="578"/><String STYLE="bold italics" WC="0.2949999869" CONTENT="ad" HEIGHT="38" WIDTH="53" VPOS="614" HPOS="588"/><SP WIDTH="6" VPOS="614" HPOS="642"/><String STYLE="bold italics" WC="0.3919999897" CONTENT="Mojen" HEIGHT="54" WIDTH="129" VPOS="612" HPOS="649"/><SP WIDTH="12" VPOS="628" HPOS="779"/><String STYLE="bold italics" WC="0.1899999976" CONTENT=":" HEIGHT="23" WIDTH="12" VPOS="629" HPOS="792"/><SP WIDTH="18" VPOS="616" HPOS="805"/><String STYLE="bold" STYLEREFS="font4" WC="0.5500000119" CONTENT="Sum" HEIGHT="39" WIDTH="101" VPOS="616" HPOS="824"/><SP WIDTH="9" VPOS="626" HPOS="926"/><String STYLE="bold" STYLEREFS="font4" WC="0.6800000072" CONTENT="," HEIGHT="21" WIDTH="14" VPOS="641" HPOS="936"/><SP WIDTH="13" VPOS="624" HPOS="951"/><String STYLE="bold" STYLEREFS="font4" WC="0.2700000107" CONTENT="qui" HEIGHT="63" WIDTH="75" VPOS="606" HPOS="965"/></TextLine>
<TextLine HEIGHT="48" WIDTH="118" VPOS="660" HPOS="37" STYLEREFS="font4"><String STYLE="bold" WC="0.2224999964" CONTENT="fwm!" HEIGHT="48" WIDTH="118" VPOS="660" HPOS="37"/></TextLine>
</TextBlock>
<TextBlock ID="Page1_Block3" HEIGHT="195" WIDTH="1013" VPOS="722" HPOS="31" language="de" STYLEREFS="font4"><Shape><Polygon POINTS="38,732 1050,732 1050,918 38,918 38,732"/></Shape>
<TextLine HEIGHT="71" WIDTH="941" VPOS="729" HPOS="95"><String STYLE="bold" WC="0.8450000286" CONTENT="Se" HEIGHT="38" WIDTH="52" VPOS="734" HPOS="95"/><SP WIDTH="18" VPOS="743" HPOS="148"/><String STYLE="bold" WC="0.6025000215" CONTENT="efli" HEIGHT="52" WIDTH="69" VPOS="729" HPOS="167"/><SP WIDTH="21" VPOS="749" HPOS="237"/><String STYLE="bold" WC="0.2649999857" CONTENT="mi" HEIGHT="44" WIDTH="62" VPOS="736" HPOS="259"/><SP WIDTH="21" VPOS="736" HPOS="322"/><String STYLE="bold" WC="0.5249999762" CONTENT="dicono" HEIGHT="48" WIDTH="153" VPOS="736" HPOS="344"/><SP WIDTH="22" VPOS="752" HPOS="498"/><String STYLE="bold" WC="0.3199999928" CONTENT=":" HEIGHT="29" WIDTH="14" VPOS="753" HPOS="521"/><SP WIDTH="22" VPOS="743" HPOS="536"/><String STYLE="bold" WC="0.4580000043" CONTENT="Quäle" HEIGHT="58" WIDTH="134" VPOS="740" HPOS="559"/><SP WIDTH="13" VPOS="742" HPOS="694"/><String STYLE="italics" STYLEREFS="font0" WC="1.999999955e-002" CONTENT="t" HEIGHT="39" WIDTH="23" VPOS="742" HPOS="708"/><SP WIDTH="9" VPOS="738" HPOS="732"/><String STYLE="bold" WC="0.5049999952" CONTENT="il" HEIGHT="44" WIDTH="30" VPOS="738" HPOS="742"/><SP WIDTH="11" VPOS="737" HPOS="773"/><String STYLE="bold" WC="0.5966666937" CONTENT="fuo" HEIGHT="47" WIDTH="75" VPOS="737" HPOS="785"/><SP WIDTH="10" VPOS="742" HPOS="861"/><String STYLE="bold" WC="0.2849999964" CONTENT="Nome" HEIGHT="45" WIDTH="138" VPOS="742" HPOS="872"/><SP WIDTH="10" VPOS="743" HPOS="1011"/><String STYLE="bold" WC="0.5500000119" CONTENT="?" HEIGHT="38" WIDTH="14" VPOS="743" HPOS="1022"/></TextLine>
<TextLine HEIGHT="69" WIDTH="999" VPOS="785" HPOS="38"><String STYLE="bold" WC="0.7466666698" CONTENT="Che" HEIGHT="43" WIDTH="92" VPOS="785" HPOS="39"/><SP WIDTH="20" VPOS="800" HPOS="131"/><String STYLE="bold" WC="0.6524999738" CONTENT="cofa" HEIGHT="43" WIDTH="94" VPOS="790" HPOS="151"/><SP WIDTH="15" VPOS="805" HPOS="245"/><String STYLE="bold" WC="0.7566666603" CONTENT="gli" HEIGHT="55" WIDTH="58" VPOS="794" HPOS="260"/><SP WIDTH="14" VPOS="796" HPOS="318"/><String STYLE="bold" WC="0.3224999905" CONTENT="dirö" HEIGHT="43" WIDTH="94" VPOS="796" HPOS="332"/><SP WIDTH="11" VPOS="797" HPOS="426"/><String STYLE="bold" WC="0.6899999976" CONTENT="io" HEIGHT="42" WIDTH="44" VPOS="797" HPOS="437"/><SP WIDTH="13" VPOS="800" HPOS="481"/><String STYLE="bold" WC="0.8399999738" CONTENT="?" HEIGHT="39" WIDTH="13" VPOS="800" HPOS="494"/><SP WIDTH="32" VPOS="800" HPOS="507"/><String STYLE="bold" WC="0.7300000191" CONTENT="Et" HEIGHT="40" WIDTH="51" VPOS="800" HPOS="539"/><SP WIDTH="16" VPOS="802" HPOS="590"/><String STYLE="bold" WC="0.425999999" CONTENT="Iddio" HEIGHT="45" WIDTH="119" VPOS="796" HPOS="606"/><SP WIDTH="20" VPOS="797" HPOS="725"/><String STYLE="bold" WC="0.7099999785" CONTENT="diffe" HEIGHT="43" WIDTH="99" VPOS="797" HPOS="745"/><SP WIDTH="13" VPOS="812" HPOS="844"/><String STYLE="bold" WC="0.7900000215" CONTENT="a" HEIGHT="28" WIDTH="25" VPOS="812" HPOS="857"/><SP WIDTH="13" VPOS="800" HPOS="882"/><String STYLE="bold" WC="0.4679999948" CONTENT="Mole:" HEIGHT="41" WIDTH="142" VPOS="800" HPOS="895"/></TextLine>
<TextLine HEIGHT="68" WIDTH="561" VPOS="840" HPOS="36"><String STYLE="bold" STYLEREFS="font7" WC="0.2700000107" CONTENT="C" HEIGHT="50" WIDTH="36" VPOS="840" HPOS="36"/><String STYLE="italics" STYLEREFS="font5" WC="0.7200000286" CONTENT="be" HEIGHT="45" WIDTH="44" VPOS="843" HPOS="73"/><SP WIDTH="17" VPOS="847" HPOS="118"/><String STYLE="italics" STYLEREFS="font5" WC="0.8199999928" CONTENT="fon" HEIGHT="56" WIDTH="73" VPOS="847" HPOS="136"/><SP WIDTH="11" VPOS="847" HPOS="210"/><String STYLE="italics" STYLEREFS="font5" WC="0.5716666579" CONTENT="Colüi," HEIGHT="59" WIDTH="141" VPOS="847" HPOS="222"/><SP WIDTH="19" VPOS="867" HPOS="364"/><String STYLE="italics" STYLEREFS="font5" WC="0.6933333278" CONTENT="che" HEIGHT="46" WIDTH="63" VPOS="851" HPOS="384"/><SP WIDTH="13" VPOS="851" HPOS="448"/><String STYLE="italics" STYLEREFS="font5" WC="0.5425000191" CONTENT="Sono" HEIGHT="48" WIDTH="106" VPOS="851" HPOS="462"/><SP WIDTH="12" VPOS="854" HPOS="569"/><String STYLE="italics" STYLEREFS="font5" WC="0.5600000024" CONTENT="f" HEIGHT="44" WIDTH="15" VPOS="854" HPOS="582"/></TextLine>
</TextBlock>
<TextBlock ID="Page1_Block4" HEIGHT="165" WIDTH="1018" VPOS="926" HPOS="29" language="de" STYLEREFS="font3"><Shape><Polygon POINTS="38,936 1054,936 1054,1092 38,1092 38,936"/></Shape>
<TextLine HEIGHT="69" WIDTH="948" VPOS="933" HPOS="92"><String STYLE="bold italics" WC="0.5099999905" CONTENT="S*" HEIGHT="41" WIDTH="41" VPOS="933" HPOS="92"/><SP WIDTH="9" VPOS="933" HPOS="133"/><String STYLE="bold italics" WC="0.8600000143" CONTENT="ils" HEIGHT="40" WIDTH="48" VPOS="936" HPOS="142"/><SP WIDTH="9" VPOS="951" HPOS="190"/><String STYLE="bold italics" WC="0.8849999905" CONTENT="me" HEIGHT="23" WIDTH="58" VPOS="951" HPOS="199"/><SP WIDTH="7" VPOS="938" HPOS="257"/><String STYLE="bold italics" WC="0.5071428418" CONTENT="difent:" HEIGHT="54" WIDTH="143" VPOS="938" HPOS="264"/><SP WIDTH="7" VPOS="948" HPOS="407"/><String STYLE="bold italics" WC="0.5028571486" CONTENT="Jifotel" HEIGHT="53" WIDTH="113" VPOS="944" HPOS="414"/><SP WIDTH="7" VPOS="945" HPOS="527"/><String STYLE="bold italics" WC="0.4449999928" CONTENT="eß" HEIGHT="52" WIDTH="49" VPOS="944" HPOS="534"/><SP WIDTH="2" VPOS="945" HPOS="583"/><String STYLE="bold italics" WC="0.6666666865" CONTENT="fon" HEIGHT="50" WIDTH="74" VPOS="945" HPOS="582"/><SP WIDTH="11" VPOS="947" HPOS="656"/><String STYLE="bold italics" WC="0.4399999976" CONTENT="Nom" HEIGHT="37" WIDTH="92" VPOS="948" HPOS="667"/><SP WIDTH="8" VPOS="946" HPOS="759"/><String STYLE="bold italics" WC="0.2800000012" CONTENT="?ßhse" HEIGHT="46" WIDTH="115" VPOS="946" HPOS="767"/><SP WIDTH="7" VPOS="943" HPOS="882"/><String STYLE="bold italics" WC="0.6575000286" CONTENT="leur" HEIGHT="41" WIDTH="86" VPOS="943" HPOS="889"/><SP WIDTH="6" VPOS="943" HPOS="975"/><String STYLE="bold italics" WC="0.2899999917" CONTENT="di" HEIGHT="41" WIDTH="43" VPOS="943" HPOS="981"/><String WC="0.3000000119" CONTENT="-" HEIGHT="10" WIDTH="17" VPOS="969" HPOS="1022"/></TextLine>
<TextLine HEIGHT="66" WIDTH="1003" VPOS="993" HPOS="37"><String STYLE="bold italics" WC="0.2466666698" CONTENT="rat" HEIGHT="27" WIDTH="63" VPOS="1004" HPOS="37"/><SP WIDTH="1" VPOS="995" HPOS="101"/><String STYLE="bold italics" WC="0.4166666567" CONTENT="je?" HEIGHT="44" WIDTH="64" VPOS="995" HPOS="102"/><SP WIDTH="5" VPOS="996" HPOS="167"/><String STYLE="bold italics" WC="0.3950000107" CONTENT="Ei" HEIGHT="36" WIDTH="46" VPOS="1000" HPOS="173"/><SP WIDTH="1" VPOS="1003" HPOS="220"/><String STYLE="bold italics" WC="0.275000006" CONTENT="Dien" HEIGHT="42" WIDTH="97" VPOS="997" HPOS="221"/><SP WIDTH="10" VPOS="998" HPOS="319"/><String STYLE="bold italics" WC="0.6566666961" CONTENT="dit" HEIGHT="41" WIDTH="60" VPOS="998" HPOS="330"/><SP WIDTH="11" VPOS="997" HPOS="391"/><String STYLE="bold italics" WC="0.400000006" CONTENT="dMoy/e:je" HEIGHT="58" WIDTH="218" VPOS="997" HPOS="403"/><SP WIDTH="10" VPOS="998" HPOS="622"/><String STYLE="bold" STYLEREFS="font4" WC="0.5546153784" CONTENT="fuisCelui,qui" HEIGHT="56" WIDTH="298" VPOS="998" HPOS="633"/><SP WIDTH="9" VPOS="1002" HPOS="932"/><String STYLE="bold" STYLEREFS="font4" WC="0.5659999847" CONTENT="fuis." HEIGHT="43" WIDTH="98" VPOS="1002" HPOS="942"/></TextLine>
<TextLine HEIGHT="28" WIDTH="238" VPOS="1061" HPOS="581" STYLEREFS="font0"><String WC="0.6200000048" CONTENT="&apos;" HEIGHT="2" WIDTH="4" VPOS="1061" HPOS="582"/><SP WIDTH="165" VPOS="1061" HPOS="586"/><String WC="0.5799999833" CONTENT="&apos;" HEIGHT="3" WIDTH="4" VPOS="1066" HPOS="753"/><SP WIDTH="53" VPOS="1066" HPOS="757"/><String WC="0.2399999946" CONTENT="r" HEIGHT="14" WIDTH="9" VPOS="1068" HPOS="810"/></TextLine>
</TextBlock>
<ComposedBlock ID="Page1_Block5" HEIGHT="719" WIDTH="983" VPOS="1105" HPOS="27" TYPE="container"><Shape><Polygon POINTS="41,1115 1019,1115 1019,1826 41,1826 41,1115"/></Shape>
<TextBlock ID="Page1_Block6" HEIGHT="714" WIDTH="497" VPOS="1105" HPOS="27" language="de" STYLEREFS="font0"><Shape><Polygon POINTS="41,1115 533,1115 533,1825 41,1825 41,1115"/></Shape>
<TextLine HEIGHT="52" WIDTH="243" VPOS="1112" HPOS="159" STYLEREFS="font5"><String STYLE="italics" WC="0.55400002" CONTENT="IDDIO" HEIGHT="50" WIDTH="229" VPOS="1112" HPOS="159"/><String STYLE="bold" STYLEREFS="font7" WC="0.3199999928" CONTENT="," HEIGHT="14" WIDTH="11" VPOS="1150" HPOS="391"/></TextLine>
<TextLine HEIGHT="34" WIDTH="110" VPOS="1184" HPOS="78" STYLEREFS="font2"><String STYLE="bold" WC="0.3079999983" CONTENT="Iddio" HEIGHT="33" WIDTH="83" VPOS="1184" HPOS="78"/><SP WIDTH="10" VPOS="1195" HPOS="161"/><String STYLE="bold" WC="0.1700000018" CONTENT="e" HEIGHT="21" WIDTH="17" VPOS="1197" HPOS="171"/></TextLine>
<TextLine HEIGHT="48" WIDTH="478" VPOS="1225" HPOS="39"><String WC="0.5299999714" CONTENT="»fl," HEIGHT="25" WIDTH="42" VPOS="1236" HPOS="39"/><SP WIDTH="9" VPOS="1228" HPOS="82"/><String STYLE="italics" WC="0.646666646" CONTENT="da," HEIGHT="31" WIDTH="42" VPOS="1228" HPOS="92"/><SP WIDTH="6" VPOS="1237" HPOS="135"/><String STYLE="italics" WC="0.9133333564" CONTENT="per" HEIGHT="30" WIDTH="46" VPOS="1237" HPOS="142"/><SP WIDTH="14" VPOS="1227" HPOS="189"/><String WC="0.2599999905" CONTENT="fe" HEIGHT="33" WIDTH="22" VPOS="1227" HPOS="204"/><SP WIDTH="8" VPOS="1230" HPOS="227"/><String WC="0.5642856956" CONTENT="fteffo," HEIGHT="38" WIDTH="87" VPOS="1230" HPOS="236"/><SP WIDTH="11" VPOS="1234" HPOS="324"/><String STYLE="italics" WC="0.4058333337" CONTENT="independente" HEIGHT="41" WIDTH="181" VPOS="1232" HPOS="336"/></TextLine>
<TextLine HEIGHT="49" WIDTH="394" VPOS="1268" HPOS="39"><String WC="0.3600000143" CONTENT="da" HEIGHT="29" WIDTH="36" VPOS="1268" HPOS="39"/><SP WIDTH="10" VPOS="1279" HPOS="76"/><String WC="0.4799999893" CONTENT="ogni" HEIGHT="41" WIDTH="66" VPOS="1269" HPOS="87"/><SP WIDTH="7" VPOS="1269" HPOS="154"/><String WC="0.3655555546" CONTENT="eternita," HEIGHT="35" WIDTH="122" VPOS="1270" HPOS="162"/><SP WIDTH="6" VPOS="1283" HPOS="285"/><String STYLE="italics" WC="0.4449999928" CONTENT="ab" HEIGHT="26" WIDTH="33" VPOS="1273" HPOS="292"/><SP WIDTH="7" VPOS="1273" HPOS="326"/><String STYLE="italics" WC="0.3716666698" CONTENT="ettrno" HEIGHT="23" WIDTH="83" VPOS="1282" HPOS="334"/><String STYLE="subscript italics" WC="9.999999776e-003" CONTENT="y" HEIGHT="19" WIDTH="13" VPOS="1298" HPOS="420"/></TextLine>
<TextLine HEIGHT="43" WIDTH="340" VPOS="1309" HPOS="38"><String WC="0.4157142937" CONTENT="infi&apos;no" HEIGHT="32" WIDTH="96" VPOS="1309" HPOS="38"/><SP WIDTH="7" VPOS="1312" HPOS="134"/><String WC="0.3100000024" CONTENT="in" HEIGHT="28" WIDTH="31" VPOS="1312" HPOS="141"/><SP WIDTH="8" VPOS="1321" HPOS="172"/><String WC="0.5124999881" CONTENT="ogni" HEIGHT="38" WIDTH="66" VPOS="1313" HPOS="180"/><SP WIDTH="8" VPOS="1313" HPOS="246"/><String WC="0.4099999964" CONTENT="eternita." HEIGHT="31" WIDTH="124" VPOS="1314" HPOS="254"/></TextLine>
<TextLine HEIGHT="34" WIDTH="136" VPOS="1351" HPOS="81"><String WC="0.4566666782" CONTENT="Un." HEIGHT="28" WIDTH="49" VPOS="1356" HPOS="81"/><SP WIDTH="7" VPOS="1364" HPOS="131"/><String WC="0.5" CONTENT="effere" HEIGHT="33" WIDTH="78" VPOS="1351" HPOS="139"/></TextLine>
<TextLine HEIGHT="49" WIDTH="359" VPOS="1392" HPOS="36" STYLEREFS="font0"><String WC="0.3799999952" CONTENT="perfettiffimo," HEIGHT="41" WIDTH="200" VPOS="1392" HPOS="36"/><SP WIDTH="2" VPOS="1401" HPOS="237"/><String STYLE="italics" WC="0.2919999957" CONTENT="fenza" HEIGHT="39" WIDTH="80" VPOS="1401" HPOS="240"/><SP WIDTH="4" VPOS="1408" HPOS="321"/><String STYLE="italics" WC="0.3950000107" CONTENT="p/tri," HEIGHT="39" WIDTH="69" VPOS="1402" HPOS="326"/></TextLine>
<TextLine HEIGHT="39" WIDTH="193" VPOS="1436" HPOS="41" STYLEREFS="font0"><String WC="0.2399999946" CONTENT="v" HEIGHT="23" WIDTH="18" VPOS="1445" HPOS="41"/><SP WIDTH="8" VPOS="1436" HPOS="59"/><String WC="0.6281818151" CONTENT="beatiffimOj" HEIGHT="39" WIDTH="167" VPOS="1436" HPOS="67"/></TextLine>
<TextLine HEIGHT="40" WIDTH="214" VPOS="1563" HPOS="80" STYLEREFS="font0"><String WC="0.3400000036" CONTENT="Per," HEIGHT="35" WIDTH="61" VPOS="1564" HPOS="80"/><SP WIDTH="7" VPOS="1576" HPOS="141"/><String WC="0.3639999926" CONTENT="»».ESjenia" HEIGHT="40" WIDTH="145" VPOS="1563" HPOS="149"/></TextLine>
<TextLine HEIGHT="41" WIDTH="130" VPOS="1597" HPOS="42"><String WC="0.375" CONTENT="fpiricuale" HEIGHT="41" WIDTH="130" VPOS="1597" HPOS="42"/></TextLine>
<TextLine HEIGHT="50" WIDTH="301" VPOS="1641" HPOS="41" STYLEREFS="font0"><String STYLE="bold" STYLEREFS="font1" WC="0.5699999928" CONTENT="&amp;" HEIGHT="28" WIDTH="29" VPOS="1641" HPOS="41"/><SP WIDTH="5" VPOS="1641" HPOS="71"/><String STYLE="italics" WC="0.3377777636" CONTENT="unojfemplittsjhngy" HEIGHT="41" WIDTH="265" VPOS="1650" HPOS="77"/></TextLine>
<TextLine HEIGHT="35" WIDTH="111" VPOS="1682" HPOS="38" STYLEREFS="font0"><String WC="0.4149999917" CONTENT="&amp;trino" HEIGHT="35" WIDTH="111" VPOS="1682" HPOS="38"/></TextLine>
<TextLine HEIGHT="39" WIDTH="164" VPOS="1722" HPOS="40" STYLEREFS="font0"><String WC="0.2049999982" CONTENT="in" HEIGHT="31" WIDTH="30" VPOS="1722" HPOS="40"/><SP WIDTH="8" VPOS="1726" HPOS="71"/><String WC="0.3562499881" CONTENT="Pcrfone." HEIGHT="35" WIDTH="124" VPOS="1726" HPOS="80"/></TextLine>
<TextLine HEIGHT="45" WIDTH="324" VPOS="1768" HPOS="84"><String WC="0.4333333373" CONTENT="ln," HEIGHT="35" WIDTH="49" VPOS="1768" HPOS="84"/><SP WIDTH="15" VPOS="1771" HPOS="134"/><String STYLE="italics" WC="0.5849999785" CONTENT="di" HEIGHT="27" WIDTH="26" VPOS="1771" HPOS="150"/><SP WIDTH="8" VPOS="1775" HPOS="177"/><String WC="0.3487499952" CONTENT="volonta," HEIGHT="39" WIDTH="123" VPOS="1774" HPOS="186"/><SP WIDTH="9" VPOS="1788" HPOS="310"/><String STYLE="italics" WC="0.4833333194" CONTENT="vtlirt" HEIGHT="31" WIDTH="88" VPOS="1775" HPOS="320"/></TextLine>
</TextBlock>
<TextBlock ID="Page1_Block7" HEIGHT="707" WIDTH="472" VPOS="1117" HPOS="538" language="de" STYLEREFS="font0"><Shape><Polygon POINTS="552,1122 1019,1122 1019,1826 552,1826 552,1122"/></Shape>
<TextLine HEIGHT="51" WIDTH="196" VPOS="1123" HPOS="696" STYLEREFS="font4"><String STYLE="italics" WC="0.646666646" CONTENT="DIE" HEIGHT="43" WIDTH="127" VPOS="1123" HPOS="696"/><SP WIDTH="11" VPOS="1127" HPOS="824"/><String STYLE="italics" WC="0.4799999893" CONTENT="LJ" HEIGHT="46" WIDTH="56" VPOS="1128" HPOS="836"/></TextLine>
<TextLine HEIGHT="38" WIDTH="176" VPOS="1185" HPOS="542" STYLEREFS="font0"><String WC="0.7266666889" CONTENT="I“&apos;" HEIGHT="33" WIDTH="31" VPOS="1185" HPOS="542"/><SP WIDTH="19" VPOS="1191" HPOS="573"/><String WC="0.2099999934" CONTENT="Dien" HEIGHT="34" WIDTH="73" VPOS="1189" HPOS="592"/><SP WIDTH="13" VPOS="1200" HPOS="665"/><String WC="0.6166666746" CONTENT="eft" HEIGHT="32" WIDTH="40" VPOS="1189" HPOS="678"/></TextLine>
<TextLine HEIGHT="46" WIDTH="320" VPOS="1233" HPOS="542"><String WC="0.7950000167" CONTENT="ie»," HEIGHT="19" WIDTH="43" VPOS="1245" HPOS="542"/><SP WIDTH="11" VPOS="1234" HPOS="586"/><String STYLE="italics" WC="0.4499999881" CONTENT="de," HEIGHT="31" WIDTH="38" VPOS="1234" HPOS="598"/><SP WIDTH="7" VPOS="1243" HPOS="637"/><String STYLE="italics" WC="0.3333333433" CONTENT="par" HEIGHT="33" WIDTH="50" VPOS="1243" HPOS="645"/><SP WIDTH="6" VPOS="1234" HPOS="696"/><String WC="0.4799999893" CONTENT="foy" HEIGHT="37" WIDTH="47" VPOS="1234" HPOS="703"/><SP WIDTH="7" VPOS="1243" HPOS="751"/><String WC="0.3433333337" CONTENT="meine," HEIGHT="33" WIDTH="103" VPOS="1246" HPOS="759"/></TextLine>
<TextLine HEIGHT="35" WIDTH="259" VPOS="1274" HPOS="549"><String WC="0.3033333421" CONTENT="des" HEIGHT="29" WIDTH="45" VPOS="1274" HPOS="549"/><SP WIDTH="10" VPOS="1283" HPOS="595"/><String WC="0.4379999936" CONTENT="toure" HEIGHT="21" WIDTH="77" VPOS="1283" HPOS="606"/><SP WIDTH="11" VPOS="1287" HPOS="684"/><String WC="0.3371428549" CONTENT="etemite" HEIGHT="30" WIDTH="112" VPOS="1279" HPOS="696"/></TextLine>
<TextLine HEIGHT="47" WIDTH="391" VPOS="1316" HPOS="548"><String WC="0.6166666746" CONTENT="jusqu’" HEIGHT="40" WIDTH="89" VPOS="1316" HPOS="548"/><SP WIDTH="10" VPOS="1316" HPOS="637"/><String WC="0.275000006" CONTENT="es" HEIGHT="19" WIDTH="27" VPOS="1327" HPOS="647"/><SP WIDTH="8" VPOS="1317" HPOS="674"/><String WC="0.6385714412" CONTENT="fiecles" HEIGHT="31" WIDTH="90" VPOS="1317" HPOS="682"/><SP WIDTH="10" VPOS="1322" HPOS="772"/><String WC="0.2899999917" CONTENT="des" HEIGHT="31" WIDTH="47" VPOS="1322" HPOS="782"/><SP WIDTH="9" VPOS="1323" HPOS="829"/><String WC="0.337500006" CONTENT="iiecles," HEIGHT="41" WIDTH="101" VPOS="1322" HPOS="838"/></TextLine>
<TextLine HEIGHT="31" WIDTH="112" VPOS="1361" HPOS="587" STYLEREFS="font0"><String WC="0.1550000012" CONTENT="Un" HEIGHT="30" WIDTH="46" VPOS="1361" HPOS="587"/><SP WIDTH="8" VPOS="1369" HPOS="634"/><String WC="0.4600000083" CONTENT="etre" HEIGHT="22" WIDTH="56" VPOS="1368" HPOS="643"/></TextLine>
<TextLine HEIGHT="52" WIDTH="455" VPOS="1401" HPOS="548" STYLEREFS="font0"><String WC="0.5440000296" CONTENT="tres-" HEIGHT="22" WIDTH="62" VPOS="1408" HPOS="548"/><SP WIDTH="5" VPOS="1412" HPOS="611"/><String WC="0.4537500143" CONTENT="parfait," HEIGHT="40" WIDTH="103" VPOS="1401" HPOS="617"/><SP WIDTH="1" VPOS="1405" HPOS="721"/><String STYLE="italics" WC="0.3174999952" CONTENT="fans" HEIGHT="36" WIDTH="61" VPOS="1405" HPOS="723"/><SP WIDTH="2" VPOS="1413" HPOS="785"/><String STYLE="italics" WC="0.4033333361" CONTENT="partil" HEIGHT="36" WIDTH="85" VPOS="1410" HPOS="788"/><SP WIDTH="4" VPOS="1408" HPOS="874"/><String STYLE="italics" WC="0.2275000066" CONTENT="(feconty" HEIGHT="45" WIDTH="124" VPOS="1408" HPOS="879"/></TextLine>
<TextLine HEIGHT="38" WIDTH="232" VPOS="1443" HPOS="549" STYLEREFS="font0"><String WC="0.3971428573" CONTENT="&amp;tres-heureux," HEIGHT="38" WIDTH="232" VPOS="1443" HPOS="549"/></TextLine>
<TextLine HEIGHT="42" WIDTH="226" VPOS="1568" HPOS="582"><String WC="0.4271428585" CONTENT="En./xerEffence" HEIGHT="42" WIDTH="226" VPOS="1568" HPOS="582"/></TextLine>
<TextLine HEIGHT="41" WIDTH="132" VPOS="1608" HPOS="548"><String WC="0.5210000277" CONTENT="fpirituel," HEIGHT="41" WIDTH="132" VPOS="1608" HPOS="548"/></TextLine>
<TextLine HEIGHT="42" WIDTH="242" VPOS="1652" HPOS="551"><String WC="0.6700000167" CONTENT="&amp;" HEIGHT="26" WIDTH="26" VPOS="1653" HPOS="551"/><SP WIDTH="6" VPOS="1653" HPOS="578"/><String WC="0.5500000119" CONTENT="un," HEIGHT="25" WIDTH="47" VPOS="1661" HPOS="585"/><SP WIDTH="11" VPOS="1660" HPOS="633"/><String STYLE="italics" WC="0.6309999824" CONTENT="tres-ßmple" HEIGHT="42" WIDTH="148" VPOS="1652" HPOS="645"/></TextLine>
<TextLine HEIGHT="28" WIDTH="103" VPOS="1694" HPOS="549"><String WC="0.8600000143" CONTENT="&amp;" HEIGHT="28" WIDTH="27" VPOS="1694" HPOS="549"/><SP WIDTH="7" VPOS="1694" HPOS="576"/><String WC="0.6039999723" CONTENT="trine" HEIGHT="28" WIDTH="69" VPOS="1694" HPOS="583"/></TextLine>
<TextLine HEIGHT="33" WIDTH="197" VPOS="1734" HPOS="551"><String WC="0.4499999881" CONTENT="en" HEIGHT="21" WIDTH="34" VPOS="1745" HPOS="551"/><SP WIDTH="6" VPOS="1737" HPOS="586"/><String WC="0.3519999981" CONTENT="Perfonnes." HEIGHT="31" WIDTH="155" VPOS="1734" HPOS="593"/></TextLine>
<TextLine HEIGHT="41" WIDTH="238" VPOS="1778" HPOS="589"><String WC="0.4233333468" CONTENT="De," HEIGHT="34" WIDTH="52" VPOS="1778" HPOS="589"/><SP WIDTH="9" VPOS="1787" HPOS="642"/><String STYLE="italics" WC="0.3000000119" CONTENT="par" HEIGHT="31" WIDTH="48" VPOS="1787" HPOS="652"/><SP WIDTH="9" VPOS="1790" HPOS="701"/><String WC="0.3899999857" CONTENT="volonte" HEIGHT="31" WIDTH="116" VPOS="1779" HPOS="711"/></TextLine>
</TextBlock></ComposedBlock>
<TextBlock ID="Page1_Block8" HEIGHT="42" WIDTH="100" VPOS="1820" HPOS="952" language="de" STYLEREFS="font0"><Shape><Polygon POINTS="967,1822 1066,1822 1066,1863 967,1863 967,1822"/></Shape>
<TextLine HEIGHT="30" WIDTH="88" VPOS="1826" HPOS="958"><String WC="0.2540000081" CONTENT="Sant«" HEIGHT="30" WIDTH="88" VPOS="1826" HPOS="958"/></TextLine>
</TextBlock><GraphicalElement ID="Page1_Block9" HEIGHT="13" WIDTH="560" VPOS="183" HPOS="477"/><GraphicalElement ID="Page1_Block10" HEIGHT="12" WIDTH="431" VPOS="184" HPOS="44"/><GraphicalElement ID="Page1_Block11" HEIGHT="12" WIDTH="157" VPOS="1070" HPOS="54"/><GraphicalElement ID="Page1_Block12" HEIGHT="16" WIDTH="820" VPOS="1078" HPOS="210"/><GraphicalElement ID="Page1_Block13" HEIGHT="491" WIDTH="12" VPOS="1133" HPOS="537"/><GraphicalElement ID="Page1_Block14" HEIGHT="190" WIDTH="7" VPOS="1624" HPOS="541"/>
</PrintSpace>
</Page>
</Layout>
</alto>