﻿<?xml version="1.0" encoding="UTF-8" standalone="yes"?>
<alto xmlns="http://www.loc.gov/standards/alto/ns-v2#" xmlns:xlink="http://www.w3.org/1999/xlink" xmlns:xsi="http://www.w3.org/2001/XMLSchema-instance" xsi:schemaLocation="http://www.loc.gov/standards/alto/ns-v2# http://www.loc.gov/standards/alto/alto-v2.0.xsd">
<Description>
<MeasurementUnit>pixel</MeasurementUnit>
<OCRProcessing ID="IdOcr"><ocrProcessingStep><processingDateTime>2017-03-20</processingDateTime><processingSoftware><softwareCreator>ABBYY</softwareCreator><softwareName>ABBYY FineReader Engine</softwareName><softwareVersion>11</softwareVersion></processingSoftware></ocrProcessingStep></OCRProcessing>
</Description>
<Styles><TextStyle ID="font0" FONTFAMILY="Arial" FONTSIZE="9"/><TextStyle ID="font1" FONTFAMILY="Arial" FONTSIZE="11"/><TextStyle ID="font2" FONTFAMILY="Arial" FONTSIZE="12"/><TextStyle ID="font3" FONTFAMILY="Arial" FONTSIZE="14"/><TextStyle ID="font4" FONTFAMILY="Arial" FONTSIZE="15"/>
</Styles>
<Layout>
<Page ID="Page1" PHYSICAL_IMG_NR="1" HEIGHT="2029" WIDTH="1225">
<TopMargin HEIGHT="138" WIDTH="1225" VPOS="0" HPOS="0">
</TopMargin>
<LeftMargin HEIGHT="1732" WIDTH="174" VPOS="138" HPOS="0">
</LeftMargin>
<RightMargin HEIGHT="1732" WIDTH="33" VPOS="138" HPOS="1192">
</RightMargin>
<BottomMargin HEIGHT="159" WIDTH="1225" VPOS="1870" HPOS="0">
</BottomMargin>
<PrintSpace HEIGHT="1732" WIDTH="1018" VPOS="138" HPOS="174">
<TextBlock ID="Page1_Block1" HEIGHT="1732" WIDTH="1018" VPOS="138" HPOS="174" language="de" STYLEREFS="font1"><Shape><Polygon POINTS="174,138 1192,138 1192,1870 1081,1870 1081,1869 174,1869 174,138"/></Shape>
<TextLine HEIGHT="62" WIDTH="981" VPOS="138" HPOS="187" STYLEREFS="font1"><String STYLE="bold" WC="0.7400000095" CONTENT="W(" HEIGHT="49" WIDTH="92" VPOS="138" HPOS="540"/><SP WIDTH="24" VPOS="139" HPOS="633"/><String STYLE="bold" WC="0.3400000036" CONTENT="4)" HEIGHT="46" WIDTH="66" VPOS="140" HPOS="658"/><SP WIDTH="25" VPOS="139" HPOS="725"/><String STYLE="bold underline" WC="1." CONTENT="U" HEIGHT="49" WIDTH="50" VPOS="139" HPOS="751"/><SP WIDTH="366" VPOS="139" HPOS="802"/></TextLine>
<TextLine HEIGHT="46" WIDTH="987" VPOS="210" HPOS="181"><String WC="0.2933333218" CONTENT="die" HEIGHT="35" WIDTH="57" VPOS="214" HPOS="181"/><SP WIDTH="8" VPOS="210" HPOS="239"/><String WC="0.4128571451" CONTENT="Ginnen/" HEIGHT="40" WIDTH="171" VPOS="210" HPOS="248"/><SP WIDTH="9" VPOS="214" HPOS="420"/><String WC="0.2700000107" CONTENT="der" HEIGHT="36" WIDTH="62" VPOS="214" HPOS="430"/><SP WIDTH="5" VPOS="211" HPOS="493"/><String WC="0.2949999869" CONTENT="Sachen" HEIGHT="45" WIDTH="159" VPOS="211" HPOS="499"/><SP WIDTH="12" VPOS="212" HPOS="659"/><String WC="0.4045454562" CONTENT="UnrerschiedenheikwolZU" HEIGHT="44" WIDTH="496" VPOS="210" HPOS="672"/></TextLine>
<TextLine HEIGHT="57" WIDTH="990" VPOS="256" HPOS="180"><String WC="0.4280000031" CONTENT="ergreiffen" HEIGHT="50" WIDTH="196" VPOS="256" HPOS="180"/><SP WIDTH="9" VPOS="266" HPOS="377"/><String WC="1." CONTENT="/" HEIGHT="31" WIDTH="12" VPOS="266" HPOS="387"/><SP WIDTH="15" VPOS="259" HPOS="400"/><String WC="0.3774999976" CONTENT="flrissig" HEIGHT="54" WIDTH="127" VPOS="259" HPOS="416"/><SP WIDTH="17" VPOS="274" HPOS="544"/><String WC="0.2899999917" CONTENT="geäber" HEIGHT="48" WIDTH="131" VPOS="260" HPOS="562"/><SP WIDTH="9" VPOS="272" HPOS="694"/><String WC="0.5128571391" CONTENT="werden/" HEIGHT="37" WIDTH="163" VPOS="262" HPOS="704"/><SP WIDTH="15" VPOS="261" HPOS="868"/><String WC="0.5" CONTENT="das" HEIGHT="35" WIDTH="71" VPOS="261" HPOS="884"/><SP WIDTH="21" VPOS="258" HPOS="956"/><String WC="0.5799999833" CONTENT="ist" HEIGHT="47" WIDTH="40" VPOS="258" HPOS="978"/><SP WIDTH="17" VPOS="259" HPOS="1019"/><String WC="0.3449999988" CONTENT="so" HEIGHT="45" WIDTH="35" VPOS="259" HPOS="1037"/><SP WIDTH="9" VPOS="270" HPOS="1073"/><String WC="0.7059999704" CONTENT="viel/" HEIGHT="37" WIDTH="87" VPOS="259" HPOS="1083"/></TextLine>
<TextLine HEIGHT="51" WIDTH="990" VPOS="306" HPOS="181"><String WC="0.5899999738" CONTENT="als" HEIGHT="36" WIDTH="61" VPOS="310" HPOS="181"/><SP WIDTH="22" VPOS="318" HPOS="243"/><String WC="0.4033333361" CONTENT="zur" HEIGHT="33" WIDTH="65" VPOS="318" HPOS="266"/><SP WIDTH="33" VPOS="319" HPOS="332"/><String WC="0.4300000072" CONTENT="ganyen" HEIGHT="38" WIDTH="152" VPOS="319" HPOS="366"/><SP WIDTH="24" VPOS="311" HPOS="519"/><String WC="0.5533333421" CONTENT="Weisheit-Lehre/" HEIGHT="46" WIDTH="362" VPOS="306" HPOS="544"/><SP WIDTH="34" VPOS="313" HPOS="907"/><String WC="0.4566666782" CONTENT="und" HEIGHT="34" WIDTH="75" VPOS="310" HPOS="942"/><SP WIDTH="22" VPOS="310" HPOS="1018"/><String WC="0.3700000048" CONTENT="weisen" HEIGHT="46" WIDTH="130" VPOS="307" HPOS="1041"/></TextLine>
<TextLine HEIGHT="48" WIDTH="991" VPOS="354" HPOS="180"><String WC="0.4815384746" CONTENT="Beredsamkeit/" HEIGHT="46" WIDTH="293" VPOS="356" HPOS="180"/><SP WIDTH="16" VPOS="369" HPOS="474"/><String WC="0.3833333254" CONTENT="und" HEIGHT="35" WIDTH="77" VPOS="363" HPOS="491"/><SP WIDTH="7" VPOS="363" HPOS="569"/><String WC="0.5659999847" CONTENT="allen" HEIGHT="38" WIDTH="99" VPOS="361" HPOS="577"/><SP WIDTH="10" VPOS="355" HPOS="677"/><String WC="0.3449999988" CONTENT="kiugen" HEIGHT="47" WIDTH="132" VPOS="355" HPOS="688"/><SP WIDTH="15" VPOS="355" HPOS="821"/><String WC="0.6600000262" CONTENT="Lebens" HEIGHT="39" WIDTH="144" VPOS="354" HPOS="837"/><SP WIDTH="6" VPOS="365" HPOS="982"/><String WC="0.2199999988" CONTENT="-" HEIGHT="21" WIDTH="12" VPOS="366" HPOS="989"/><SP WIDTH="9" VPOS="365" HPOS="1002"/><String WC="0.5687500238" CONTENT="verricht" HEIGHT="42" WIDTH="159" VPOS="355" HPOS="1012"/></TextLine>
<TextLine HEIGHT="54" WIDTH="991" VPOS="400" HPOS="181"><String WC="0.3133333325" CONTENT="rungen" HEIGHT="41" WIDTH="143" VPOS="413" HPOS="181"/><SP WIDTH="15" VPOS="409" HPOS="325"/><String WC="0.3833333254" CONTENT="den" HEIGHT="37" WIDTH="69" VPOS="409" HPOS="341"/><SP WIDTH="15" VPOS="408" HPOS="411"/><String WC="0.34799999" CONTENT="Grund" HEIGHT="39" WIDTH="144" VPOS="408" HPOS="427"/><SP WIDTH="10" VPOS="410" HPOS="572"/><String WC="0.5316666961" CONTENT="legen." HEIGHT="42" WIDTH="113" VPOS="410" HPOS="583"/><SP WIDTH="94" VPOS="400" HPOS="697"/><String WC="0.5966666937" CONTENT="Welches/weil" HEIGHT="48" WIDTH="253" VPOS="400" HPOS="792"/><SP WIDTH="10" VPOS="404" HPOS="1046"/><String WC="0.7300000191" CONTENT="es" HEIGHT="34" WIDTH="35" VPOS="408" HPOS="1057"/><SP WIDTH="11" VPOS="408" HPOS="1093"/><String WC="0.4133333266" CONTENT="von" HEIGHT="32" WIDTH="67" VPOS="410" HPOS="1105"/></TextLine>
<TextLine HEIGHT="55" WIDTH="991" VPOS="446" HPOS="181"><String WC="0.3700000048" CONTENT="den" HEIGHT="39" WIDTH="62" VPOS="454" HPOS="181"/><SP WIDTH="15" VPOS="459" HPOS="244"/><String WC="0.4528571367" CONTENT="schulen" HEIGHT="46" WIDTH="156" VPOS="455" HPOS="260"/><SP WIDTH="18" VPOS="456" HPOS="417"/><String WC="0.3400000036" CONTENT="in" HEIGHT="38" WIDTH="32" VPOS="456" HPOS="436"/><SP WIDTH="23" VPOS="463" HPOS="469"/><String WC="0.5450000167" CONTENT="gemein" HEIGHT="47" WIDTH="123" VPOS="453" HPOS="493"/><SP WIDTH="13" VPOS="460" HPOS="617"/><String WC="0.5400000215" CONTENT="vernachlöffet" HEIGHT="54" WIDTH="218" VPOS="446" HPOS="631"/><SP WIDTH="20" VPOS="455" HPOS="850"/><String WC="0.2675000131" CONTENT="wird" HEIGHT="37" WIDTH="81" VPOS="455" HPOS="871"/><SP WIDTH="11" VPOS="455" HPOS="953"/><String WC="1." CONTENT="/" HEIGHT="30" WIDTH="14" VPOS="464" HPOS="965"/><SP WIDTH="25" VPOS="463" HPOS="980"/><String WC="0.2800000012" CONTENT="und" HEIGHT="38" WIDTH="67" VPOS="454" HPOS="1006"/><SP WIDTH="15" VPOS="454" HPOS="1074"/><String WC="0.3799999952" CONTENT="man" HEIGHT="32" WIDTH="82" VPOS="459" HPOS="1090"/></TextLine>
<TextLine HEIGHT="49" WIDTH="990" VPOS="500" HPOS="181"><String WC="0.400000006" CONTENT="den" HEIGHT="39" WIDTH="64" VPOS="503" HPOS="181"/><SP WIDTH="17" VPOS="503" HPOS="246"/><String WC="0.427272737" CONTENT="Lehr-Knaben" HEIGHT="48" WIDTH="233" VPOS="501" HPOS="264"/><SP WIDTH="8" VPOS="510" HPOS="498"/><String WC="0.3700000048" CONTENT="zu" HEIGHT="35" WIDTH="35" VPOS="511" HPOS="507"/><SP WIDTH="17" VPOS="500" HPOS="543"/><String WC="0.5049999952" CONTENT="lernen" HEIGHT="39" WIDTH="102" VPOS="500" HPOS="561"/><SP WIDTH="7" VPOS="507" HPOS="664"/><String WC="0.4762499928" CONTENT="vorgibet" HEIGHT="48" WIDTH="144" VPOS="500" HPOS="672"/><SP WIDTH="9" VPOS="505" HPOS="817"/><String WC="1." CONTENT="/" HEIGHT="31" WIDTH="11" VPOS="511" HPOS="827"/><SP WIDTH="25" VPOS="511" HPOS="839"/><String WC="0.4966666698" CONTENT="was" HEIGHT="34" WIDTH="75" VPOS="506" HPOS="865"/><SP WIDTH="13" VPOS="500" HPOS="941"/><String WC="0.6899999976" CONTENT="sie" HEIGHT="47" WIDTH="38" VPOS="500" HPOS="955"/><SP WIDTH="9" VPOS="512" HPOS="994"/><String WC="0.3319999874" CONTENT="nicht" HEIGHT="43" WIDTH="81" VPOS="501" HPOS="1004"/><SP WIDTH="12" VPOS="504" HPOS="1086"/><String WC="0.5933333039" CONTENT="ver" HEIGHT="32" WIDTH="58" VPOS="508" HPOS="1099" SUBS_TYPE="HypPart1" SUBS_CONTENT="verstehen/"/><HYP CONTENT="­"/></TextLine>
<TextLine HEIGHT="51" WIDTH="991" VPOS="548" HPOS="181"><String WC="0.5271428823" CONTENT="stehen/" HEIGHT="49" WIDTH="126" VPOS="550" HPOS="181" SUBS_TYPE="HypPart2" SUBS_CONTENT="verstehen/"/><SP WIDTH="15" VPOS="560" HPOS="308"/><String WC="0.6399999857" CONTENT="undwas" HEIGHT="38" WIDTH="151" VPOS="553" HPOS="324"/><SP WIDTH="15" VPOS="554" HPOS="476"/><String WC="0.5874999762" CONTENT="auch" HEIGHT="44" WIDTH="79" VPOS="548" HPOS="492"/><SP WIDTH="10" VPOS="548" HPOS="572"/><String WC="0.4600000083" CONTENT="ihren" HEIGHT="44" WIDTH="85" VPOS="549" HPOS="583"/><SP WIDTH="8" VPOS="550" HPOS="669"/><String WC="0.2716666758" CONTENT="Sinnen" HEIGHT="45" WIDTH="144" VPOS="550" HPOS="678"/><SP WIDTH="14" VPOS="560" HPOS="823"/><String WC="0.5619999766" CONTENT="nicht" HEIGHT="46" WIDTH="79" VPOS="551" HPOS="838"/><SP WIDTH="21" VPOS="555" HPOS="918"/><String WC="0.484166652" CONTENT="rechtvor-und" HEIGHT="44" WIDTH="232" VPOS="549" HPOS="940"/></TextLine>
<TextLine HEIGHT="51" WIDTH="989" VPOS="597" HPOS="182"><String STYLEREFS="font2" WC="0.5018181801" CONTENT="eingebildet" HEIGHT="48" WIDTH="184" VPOS="600" HPOS="182"/><SP WIDTH="7" VPOS="604" HPOS="367"/><String WC="0.4966666698" CONTENT="worden" HEIGHT="39" WIDTH="133" VPOS="598" HPOS="375"/><SP WIDTH="29" VPOS="604" HPOS="509"/><String WC="0.25" CONTENT="r" HEIGHT="28" WIDTH="9" VPOS="606" HPOS="539"/><SP WIDTH="32" VPOS="599" HPOS="549"/><String WC="0.4079999924" CONTENT="daher" HEIGHT="46" WIDTH="97" VPOS="599" HPOS="582"/><SP WIDTH="7" VPOS="610" HPOS="680"/><String WC="0.5666666627" CONTENT="geschihet" HEIGHT="48" WIDTH="149" VPOS="600" HPOS="688"/><SP WIDTH="9" VPOS="603" HPOS="838"/><String WC="0.7699999809" CONTENT="es/" HEIGHT="38" WIDTH="59" VPOS="604" HPOS="848"/><SP WIDTH="24" VPOS="600" HPOS="908"/><String WC="0.3166666627" CONTENT="daß" HEIGHT="46" WIDTH="63" VPOS="598" HPOS="933"/><SP WIDTH="13" VPOS="598" HPOS="997"/><String WC="0.646666646" CONTENT="die" HEIGHT="39" WIDTH="47" VPOS="597" HPOS="1011"/><SP WIDTH="20" VPOS="598" HPOS="1059"/><String WC="0.3000000119" CONTENT="Lehr/" HEIGHT="46" WIDTH="91" VPOS="597" HPOS="1080"/></TextLine>
<TextLine HEIGHT="58" WIDTH="994" VPOS="641" HPOS="180"><String WC="0.4766666591" CONTENT="und" HEIGHT="37" WIDTH="70" VPOS="650" HPOS="180"/><SP WIDTH="13" VPOS="648" HPOS="251"/><String WC="0.4354545474" CONTENT="Lern-Arbeit" HEIGHT="46" WIDTH="208" VPOS="642" HPOS="265"/><SP WIDTH="7" VPOS="641" HPOS="474"/><String WC="0.3216666579" CONTENT="schwer" HEIGHT="51" WIDTH="111" VPOS="641" HPOS="482"/><SP WIDTH="15" VPOS="658" HPOS="594"/><String WC="0.5422222018" CONTENT="ankommel/" HEIGHT="43" WIDTH="203" VPOS="649" HPOS="610"/><SP WIDTH="21" VPOS="656" HPOS="814"/><String WC="0.3966666758" CONTENT="und" HEIGHT="37" WIDTH="68" VPOS="650" HPOS="836"/><SP WIDTH="13" VPOS="650" HPOS="905"/><String WC="0.4280000031" CONTENT="wenig" HEIGHT="46" WIDTH="104" VPOS="648" HPOS="919"/><SP WIDTH="17" VPOS="645" HPOS="1024"/><String WC="0.3966666758" CONTENT="Nutzen" HEIGHT="54" WIDTH="132" VPOS="645" HPOS="1042"/></TextLine>
<TextLine HEIGHT="48" WIDTH="152" VPOS="696" HPOS="181"><String WC="0.6044444442" CONTENT="schaffen." HEIGHT="48" WIDTH="152" VPOS="696" HPOS="181"/></TextLine>
<TextLine HEIGHT="58" WIDTH="894" VPOS="737" HPOS="281"><String WC="0.3157142997" CONTENT="Demnach" HEIGHT="53" WIDTH="178" VPOS="737" HPOS="281"/><SP WIDTH="8" VPOS="737" HPOS="460"/><String WC="1." CONTENT="/" HEIGHT="32" WIDTH="12" VPOS="749" HPOS="469"/><SP WIDTH="18" VPOS="740" HPOS="482"/><String WC="0.3149999976" CONTENT="so" HEIGHT="49" WIDTH="32" VPOS="740" HPOS="501"/><SP WIDTH="14" VPOS="743" HPOS="534"/><String WC="0.3880000114" CONTENT="sehet" HEIGHT="49" WIDTH="82" VPOS="743" HPOS="549"/><SP WIDTH="15" VPOS="745" HPOS="632"/><String WC="0.349999994" CONTENT="hierein" HEIGHT="50" WIDTH="123" VPOS="745" HPOS="648"/><SP WIDTH="16" VPOS="753" HPOS="772"/><String WC="0.4939999878" CONTENT="neues" HEIGHT="37" WIDTH="98" VPOS="747" HPOS="789"/><SP WIDTH="7" VPOS="744" HPOS="888"/><String WC="0.5890908837" CONTENT="Hüls-mittel" HEIGHT="54" WIDTH="213" VPOS="739" HPOS="896"/><SP WIDTH="9" VPOS="744" HPOS="1110"/><String WC="0.3133333325" CONTENT="für" HEIGHT="51" WIDTH="55" VPOS="739" HPOS="1120"/></TextLine>
<TextLine HEIGHT="56" WIDTH="992" VPOS="787" HPOS="182"><String WC="0.3333333433" CONTENT="die" HEIGHT="40" WIDTH="51" VPOS="790" HPOS="182"/><SP WIDTH="15" VPOS="790" HPOS="234"/><String WC="0.39142856" CONTENT="Schüler" HEIGHT="46" WIDTH="152" VPOS="787" HPOS="250"/><SP WIDTH="22" VPOS="791" HPOS="403"/><String WC="0.5199999809" CONTENT="!" HEIGHT="41" WIDTH="9" VPOS="791" HPOS="426"/><SP WIDTH="20" VPOS="791" HPOS="436"/><String WC="0.6719999909" CONTENT="Aller" HEIGHT="42" WIDTH="105" VPOS="793" HPOS="457"/><SP WIDTH="8" VPOS="808" HPOS="563"/><String WC="0.5036363602" CONTENT="vornehmsten" HEIGHT="46" WIDTH="257" VPOS="797" HPOS="572"/><SP WIDTH="9" VPOS="792" HPOS="830"/><String WC="0.4539999962" CONTENT="Weit-Dinge" HEIGHT="48" WIDTH="246" VPOS="792" HPOS="840"/><SP WIDTH="7" VPOS="804" HPOS="1087"/><String WC="0.5566666722" CONTENT="und" HEIGHT="36" WIDTH="79" VPOS="797" HPOS="1095"/></TextLine>
<TextLine HEIGHT="55" WIDTH="992" VPOS="840" HPOS="183"><String WC="0.5766666532" CONTENT="Ledens" HEIGHT="39" WIDTH="151" VPOS="840" HPOS="183"/><SP WIDTH="12" VPOS="848" HPOS="335"/><String WC="0.2199999988" CONTENT="-" HEIGHT="22" WIDTH="13" VPOS="852" HPOS="348"/><SP WIDTH="9" VPOS="851" HPOS="362"/><String WC="0.4115384519" CONTENT="Verrichtungen" HEIGHT="50" WIDTH="280" VPOS="845" HPOS="372"/><SP WIDTH="21" VPOS="846" HPOS="653"/><String WC="0.4210000038" CONTENT="Vorbildung" HEIGHT="47" WIDTH="243" VPOS="846" HPOS="675"/><SP WIDTH="26" VPOS="855" HPOS="919"/><String WC="0.4833333194" CONTENT="und" HEIGHT="34" WIDTH="78" VPOS="848" HPOS="946"/><SP WIDTH="16" VPOS="844" HPOS="1025"/><String WC="0.3420000076" CONTENT="Bena-" HEIGHT="39" WIDTH="133" VPOS="844" HPOS="1042"/></TextLine>
<TextLine HEIGHT="51" WIDTH="991" VPOS="891" HPOS="184"><String STYLE="bold" STYLEREFS="font0" WC="0.5820000172" CONTENT="MUNI." HEIGHT="39" WIDTH="134" VPOS="896" HPOS="184"/><SP WIDTH="93" VPOS="891" HPOS="319"/><String WC="0.4180000126" CONTENT="Diese" HEIGHT="51" WIDTH="104" VPOS="891" HPOS="413"/><SP WIDTH="25" VPOS="904" HPOS="518"/><String STYLE="bold" STYLEREFS="font0" WC="0.7666666508" CONTENT="mit" HEIGHT="32" WIDTH="60" VPOS="902" HPOS="544"/><SP WIDTH="23" VPOS="902" HPOS="605"/><String WC="0.5720000267" CONTENT="euren" HEIGHT="30" WIDTH="94" VPOS="903" HPOS="629"/><SP WIDTH="14" VPOS="894" HPOS="724"/><String WC="0.5939999819" CONTENT="Lehrlingen" HEIGHT="47" WIDTH="182" VPOS="892" HPOS="739"/><SP WIDTH="12" VPOS="902" HPOS="922"/><String WC="0.4300000072" CONTENT="zu" HEIGHT="38" WIDTH="35" VPOS="902" HPOS="935"/><SP WIDTH="10" VPOS="893" HPOS="971"/><String WC="0.6474999785" CONTENT="durchwan" HEIGHT="45" WIDTH="181" VPOS="892" HPOS="982" SUBS_TYPE="HypPart1" SUBS_CONTENT="durchwandern/"/><HYP CONTENT="­"/></TextLine>
<TextLine HEIGHT="56" WIDTH="992" VPOS="933" HPOS="184"><String WC="0.4359999895" CONTENT="dern/" HEIGHT="37" WIDTH="106" VPOS="939" HPOS="184" SUBS_TYPE="HypPart2" SUBS_CONTENT="durchwandern/"/><SP WIDTH="19" VPOS="934" HPOS="291"/><String WC="0.6399999857" CONTENT="lasset" HEIGHT="52" WIDTH="83" VPOS="933" HPOS="311"/><SP WIDTH="19" VPOS="941" HPOS="395"/><String WC="0.3400000036" CONTENT="euch" HEIGHT="46" WIDTH="74" VPOS="943" HPOS="415"/><SP WIDTH="15" VPOS="943" HPOS="490"/><String WC="0.5366666913" CONTENT="m&apos;t" HEIGHT="40" WIDTH="46" VPOS="943" HPOS="506"/><SP WIDTH="16" VPOS="947" HPOS="553"/><String WC="0.4339999855" CONTENT="verdrießen" HEIGHT="49" WIDTH="183" VPOS="940" HPOS="570"/><SP WIDTH="15" VPOS="951" HPOS="754"/><String WC="1." CONTENT="/" HEIGHT="29" WIDTH="12" VPOS="952" HPOS="770"/><SP WIDTH="19" VPOS="945" HPOS="783"/><String WC="0.2633333206" CONTENT="ihr" HEIGHT="39" WIDTH="49" VPOS="944" HPOS="803"/><SP WIDTH="7" VPOS="943" HPOS="853"/><String WC="0.4144444466" CONTENT="Schul-und" HEIGHT="42" WIDTH="215" VPOS="942" HPOS="861"/><SP WIDTH="8" VPOS="941" HPOS="1077"/><String WC="0.4575000107" CONTENT="Lehr" HEIGHT="43" WIDTH="75" VPOS="940" HPOS="1086" SUBS_TYPE="HypPart1" SUBS_CONTENT="Lehrmeister"/><HYP CONTENT="­"/></TextLine>
<TextLine HEIGHT="55" WIDTH="993" VPOS="982" HPOS="184"><String WC="0.5728571415" CONTENT="meister" HEIGHT="49" WIDTH="125" VPOS="982" HPOS="184" SUBS_TYPE="HypPart2" SUBS_CONTENT="Lehrmeister"/><SP WIDTH="21" VPOS="986" HPOS="310"/><String WC="0.1199999973" CONTENT="!" HEIGHT="40" WIDTH="11" VPOS="986" HPOS="332"/><SP WIDTH="24" VPOS="986" HPOS="344"/><String WC="0.5299999714" CONTENT="Was" HEIGHT="46" WIDTH="105" VPOS="988" HPOS="369"/><SP WIDTH="12" VPOS="995" HPOS="475"/><String WC="0.6399999857" CONTENT="und" HEIGHT="40" WIDTH="72" VPOS="992" HPOS="488"/><SP WIDTH="13" VPOS="992" HPOS="561"/><String WC="0.6600000262" CONTENT="wie" HEIGHT="39" WIDTH="59" VPOS="992" HPOS="575"/><SP WIDTH="12" VPOS="998" HPOS="635"/><String WC="0.5375000238" CONTENT="viel" HEIGHT="39" WIDTH="60" VPOS="990" HPOS="648"/><SP WIDTH="20" VPOS="989" HPOS="709"/><String WC="0.5920000076" CONTENT="Gutes" HEIGHT="41" WIDTH="117" VPOS="989" HPOS="730"/><SP WIDTH="17" VPOS="990" HPOS="848"/><String WC="0.5966666937" CONTENT="daraus" HEIGHT="38" WIDTH="129" VPOS="990" HPOS="866"/><SP WIDTH="19" VPOS="993" HPOS="996"/><String WC="0.2949999869" CONTENT="zu" HEIGHT="39" WIDTH="35" VPOS="998" HPOS="1016"/><SP WIDTH="16" VPOS="989" HPOS="1052"/><String WC="0.5350000262" CONTENT="hoffen" HEIGHT="49" WIDTH="108" VPOS="987" HPOS="1069"/></TextLine>
<TextLine HEIGHT="56" WIDTH="883" VPOS="1031" HPOS="185"><String WC="0.3366666734" CONTENT="und" HEIGHT="43" WIDTH="71" VPOS="1031" HPOS="185"/><SP WIDTH="17" VPOS="1031" HPOS="257"/><String WC="0.4149999917" CONTENT="zu" HEIGHT="39" WIDTH="35" VPOS="1043" HPOS="275"/><SP WIDTH="16" VPOS="1043" HPOS="311"/><String WC="0.3787499964" CONTENT="erwarten" HEIGHT="39" WIDTH="160" VPOS="1043" HPOS="328"/><SP WIDTH="6" VPOS="1048" HPOS="489"/><String WC="0.6579999924" CONTENT="/will" HEIGHT="40" WIDTH="95" VPOS="1040" HPOS="496"/><SP WIDTH="16" VPOS="1040" HPOS="592"/><String WC="0.5233333111" CONTENT="ich" HEIGHT="49" WIDTH="44" VPOS="1038" HPOS="609"/><SP WIDTH="15" VPOS="1038" HPOS="654"/><String WC="0.4399999976" CONTENT="mit" HEIGHT="40" WIDTH="58" VPOS="1038" HPOS="670"/><SP WIDTH="6" VPOS="1041" HPOS="729"/><String WC="0.5342857242" CONTENT="wenigen" HEIGHT="49" WIDTH="143" VPOS="1037" HPOS="736"/><SP WIDTH="8" VPOS="1046" HPOS="880"/><String WC="0.424444437" CONTENT="andeuten:" HEIGHT="39" WIDTH="179" VPOS="1039" HPOS="889"/></TextLine>
<TextLine HEIGHT="54" WIDTH="935" VPOS="1085" HPOS="242"><String WC="0.7200000286" CONTENT="." HEIGHT="8" WIDTH="6" VPOS="1131" HPOS="242"/><SP WIDTH="18" VPOS="1086" HPOS="249"/><String WC="0.6750000119" CONTENT="Es" HEIGHT="42" WIDTH="53" VPOS="1086" HPOS="268"/><SP WIDTH="18" VPOS="1086" HPOS="322"/><String WC="0.4033333361" CONTENT="ist" HEIGHT="50" WIDTH="35" VPOS="1086" HPOS="341"/><SP WIDTH="13" VPOS="1086" HPOS="377"/><String WC="1." CONTENT="/" HEIGHT="33" WIDTH="14" VPOS="1098" HPOS="391"/><SP WIDTH="22" VPOS="1098" HPOS="406"/><String WC="0.5366666913" CONTENT="wie" HEIGHT="40" WIDTH="61" VPOS="1088" HPOS="429"/><SP WIDTH="23" VPOS="1090" HPOS="491"/><String WC="0.5533333421" CONTENT="ihr" HEIGHT="47" WIDTH="49" VPOS="1089" HPOS="515"/><SP WIDTH="17" VPOS="1088" HPOS="565"/><String WC="0.5983333588" CONTENT="sehet/" HEIGHT="48" WIDTH="99" VPOS="1088" HPOS="583"/><SP WIDTH="13" VPOS="1095" HPOS="683"/><String WC="0.6566666961" CONTENT="ein" HEIGHT="40" WIDTH="50" VPOS="1088" HPOS="697"/><SP WIDTH="22" VPOS="1086" HPOS="748"/><String WC="0.7157142758" CONTENT="kleines" HEIGHT="42" WIDTH="115" VPOS="1086" HPOS="771"/><SP WIDTH="16" VPOS="1090" HPOS="887"/><String WC="0.6200000048" CONTENT="Buch" HEIGHT="44" WIDTH="117" VPOS="1088" HPOS="904"/><SP WIDTH="31" VPOS="1088" HPOS="1022"/><String WC="0.3899999857" CONTENT=":" HEIGHT="30" WIDTH="9" VPOS="1096" HPOS="1054"/><SP WIDTH="31" VPOS="1096" HPOS="1064"/><String WC="0.3600000143" CONTENT="aber" HEIGHT="42" WIDTH="81" VPOS="1085" HPOS="1096"/></TextLine>
<TextLine HEIGHT="55" WIDTH="990" VPOS="1130" HPOS="186"><String WC="0.4077777863" CONTENT="gleichwol" HEIGHT="48" WIDTH="163" VPOS="1130" HPOS="186"/><SP WIDTH="16" VPOS="1138" HPOS="350"/><String WC="0.4900000095" CONTENT="ein" HEIGHT="40" WIDTH="51" VPOS="1139" HPOS="367"/><SP WIDTH="15" VPOS="1138" HPOS="419"/><String WC="0.4442857206" CONTENT="kurtzer" HEIGHT="47" WIDTH="109" VPOS="1138" HPOS="435"/><SP WIDTH="9" VPOS="1137" HPOS="545"/><String WC="0.6742857099" CONTENT="Begriff" HEIGHT="49" WIDTH="143" VPOS="1136" HPOS="555"/><SP WIDTH="14" VPOS="1136" HPOS="699"/><String WC="0.3533333242" CONTENT="der" HEIGHT="37" WIDTH="54" VPOS="1140" HPOS="714"/><SP WIDTH="8" VPOS="1148" HPOS="769"/><String WC="0.462857157" CONTENT="gantzen" HEIGHT="44" WIDTH="129" VPOS="1141" HPOS="778"/><SP WIDTH="11" VPOS="1138" HPOS="908"/><String WC="0.6274999976" CONTENT="Welt" HEIGHT="41" WIDTH="104" VPOS="1138" HPOS="920"/><SP WIDTH="11" VPOS="1139" HPOS="1025"/><String WC="0.5099999905" CONTENT="und" HEIGHT="36" WIDTH="68" VPOS="1139" HPOS="1037"/><SP WIDTH="13" VPOS="1136" HPOS="1106"/><String WC="0.4233333468" CONTENT="der" HEIGHT="39" WIDTH="56" VPOS="1136" HPOS="1120"/></TextLine>
<TextLine HEIGHT="51" WIDTH="991" VPOS="1184" HPOS="186"><String WC="0.5" CONTENT="ganzen" HEIGHT="39" WIDTH="121" VPOS="1188" HPOS="186"/><SP WIDTH="25" VPOS="1185" HPOS="308"/><String WC="0.458571434" CONTENT="Sprache" HEIGHT="50" WIDTH="160" VPOS="1185" HPOS="334"/><SP WIDTH="22" VPOS="1195" HPOS="495"/><String WC="1." CONTENT="/" HEIGHT="29" WIDTH="13" VPOS="1195" HPOS="518"/><SP WIDTH="27" VPOS="1193" HPOS="532"/><String WC="0.7116666436" CONTENT="voller" HEIGHT="36" WIDTH="99" VPOS="1188" HPOS="560"/><SP WIDTH="19" VPOS="1184" HPOS="660"/><String WC="0.4871428609" CONTENT="Figuren" HEIGHT="46" WIDTH="143" VPOS="1184" HPOS="680"/><SP WIDTH="31" VPOS="1194" HPOS="824"/><String WC="0.349999994" CONTENT="oder" HEIGHT="38" WIDTH="74" VPOS="1187" HPOS="856"/><SP WIDTH="17" VPOS="1185" HPOS="931"/><String WC="0.4833333194" CONTENT="Bildungen" HEIGHT="48" WIDTH="228" VPOS="1185" HPOS="949"/></TextLine>
<TextLine HEIGHT="56" WIDTH="964" VPOS="1227" HPOS="187"><String WC="0.3781818151" CONTENT="Benamungen/" HEIGHT="56" WIDTH="294" VPOS="1227" HPOS="187"/><SP WIDTH="20" VPOS="1245" HPOS="482"/><String WC="0.3700000048" CONTENT="und" HEIGHT="36" WIDTH="76" VPOS="1239" HPOS="503"/><SP WIDTH="14" VPOS="1238" HPOS="580"/><String WC="0.2566666603" CONTENT="der" HEIGHT="36" WIDTH="61" VPOS="1238" HPOS="595"/><SP WIDTH="16" VPOS="1233" HPOS="657"/><String WC="0.4320000112" CONTENT="Dinge" HEIGHT="47" WIDTH="129" VPOS="1233" HPOS="674"/><SP WIDTH="7" VPOS="1234" HPOS="804"/><String WC="0.4173333347" CONTENT="Deschreldungen." HEIGHT="47" WIDTH="339" VPOS="1234" HPOS="812"/></TextLine>
<TextLine HEIGHT="56" WIDTH="915" VPOS="1279" HPOS="263"><String WC="0.4600000083" CONTENT="I." HEIGHT="36" WIDTH="28" VPOS="1279" HPOS="263"/><SP WIDTH="23" VPOS="1279" HPOS="292"/><String WC="0.349999994" CONTENT="Die" HEIGHT="44" WIDTH="71" VPOS="1279" HPOS="316"/><SP WIDTH="8" VPOS="1285" HPOS="388"/><String WC="0.3955555558" CONTENT="Bildungen" HEIGHT="50" WIDTH="223" VPOS="1285" HPOS="397"/><SP WIDTH="7" VPOS="1291" HPOS="621"/><String WC="1." CONTENT="/" HEIGHT="32" WIDTH="12" VPOS="1291" HPOS="629"/><SP WIDTH="15" VPOS="1281" HPOS="642"/><String WC="0.6349999905" CONTENT="sind" HEIGHT="50" WIDTH="67" VPOS="1281" HPOS="658"/><SP WIDTH="13" VPOS="1282" HPOS="726"/><String WC="0.6420000196" CONTENT="aller" HEIGHT="38" WIDTH="77" VPOS="1282" HPOS="740"/><SP WIDTH="7" VPOS="1285" HPOS="818"/><String WC="0.5149999857" CONTENT="sehbaren" HEIGHT="44" WIDTH="151" VPOS="1284" HPOS="826"/><SP WIDTH="9" VPOS="1284" HPOS="978"/><String WC="0.5460000038" CONTENT="Dinge" HEIGHT="48" WIDTH="115" VPOS="1282" HPOS="988"/><SP WIDTH="11" VPOS="1284" HPOS="1104"/><String WC="0.4333333373" CONTENT="(zu" HEIGHT="45" WIDTH="62" VPOS="1284" HPOS="1116"/></TextLine>
<TextLine HEIGHT="58" WIDTH="992" VPOS="1324" HPOS="187"><String WC="0.39142856" CONTENT="welchen" HEIGHT="45" WIDTH="137" VPOS="1324" HPOS="187"/><SP WIDTH="20" VPOS="1334" HPOS="325"/><String WC="0.3600000143" CONTENT="auch" HEIGHT="45" WIDTH="78" VPOS="1332" HPOS="346"/><SP WIDTH="17" VPOS="1332" HPOS="425"/><String WC="0.5566666722" CONTENT="die" HEIGHT="38" WIDTH="49" VPOS="1334" HPOS="443"/><SP WIDTH="14" VPOS="1344" HPOS="493"/><String WC="0.5058333278" CONTENT="unsichtbaren" HEIGHT="50" WIDTH="220" VPOS="1332" HPOS="508"/><SP WIDTH="22" VPOS="1338" HPOS="729"/><String WC="0.5837500095" CONTENT="etlicher" HEIGHT="43" WIDTH="118" VPOS="1328" HPOS="752"/><SP WIDTH="22" VPOS="1342" HPOS="871"/><String WC="0.7833333611" CONTENT="Massen" HEIGHT="48" WIDTH="120" VPOS="1332" HPOS="894"/><SP WIDTH="25" VPOS="1340" HPOS="1015"/><String WC="0.3642857075" CONTENT="gezogen" HEIGHT="40" WIDTH="138" VPOS="1338" HPOS="1041"/></TextLine>
<TextLine HEIGHT="60" WIDTH="993" VPOS="1371" HPOS="187"><String WC="0.541428566" CONTENT="werden)" HEIGHT="48" WIDTH="166" VPOS="1371" HPOS="187"/><SP WIDTH="20" VPOS="1375" HPOS="354"/><String WC="0.375" CONTENT="in" HEIGHT="40" WIDTH="31" VPOS="1376" HPOS="375"/><SP WIDTH="20" VPOS="1381" HPOS="407"/><String WC="0.5099999905" CONTENT="der" HEIGHT="40" WIDTH="54" VPOS="1381" HPOS="428"/><SP WIDTH="21" VPOS="1391" HPOS="483"/><String WC="0.3266666532" CONTENT="ganzen" HEIGHT="40" WIDTH="124" VPOS="1391" HPOS="505"/><SP WIDTH="7" VPOS="1376" HPOS="630"/><String WC="0.5360000134" CONTENT="Welt/" HEIGHT="46" WIDTH="125" VPOS="1376" HPOS="638"/><SP WIDTH="24" VPOS="1373" HPOS="764"/><String WC="0.5215384364" CONTENT="Vorstellungen" HEIGHT="54" WIDTH="261" VPOS="1373" HPOS="789"/><SP WIDTH="13" VPOS="1387" HPOS="1051"/><String WC="1." CONTENT="/" HEIGHT="31" WIDTH="14" VPOS="1387" HPOS="1065"/><SP WIDTH="27" VPOS="1387" HPOS="1080"/><String WC="0.5299999714" CONTENT="und" HEIGHT="40" WIDTH="72" VPOS="1379" HPOS="1108"/></TextLine>
<TextLine HEIGHT="54" WIDTH="992" VPOS="1422" HPOS="188"><String WC="0.3625000119" CONTENT="zwar" HEIGHT="40" WIDTH="88" VPOS="1429" HPOS="188"/><SP WIDTH="21" VPOS="1429" HPOS="277"/><String WC="0.3174999952" CONTENT="nach" HEIGHT="45" WIDTH="80" VPOS="1422" HPOS="299"/><SP WIDTH="14" VPOS="1422" HPOS="380"/><String WC="0.7124999762" CONTENT="eben" HEIGHT="41" WIDTH="74" VPOS="1425" HPOS="395"/><SP WIDTH="11" VPOS="1430" HPOS="470"/><String WC="0.4188888967" CONTENT="derselben" HEIGHT="46" WIDTH="152" VPOS="1430" HPOS="482"/><SP WIDTH="8" VPOS="1431" HPOS="635"/><String WC="0.4511111081" CONTENT="Ordnungen" HEIGHT="43" WIDTH="212" VPOS="1431" HPOS="644"/><SP WIDTH="9" VPOS="1437" HPOS="857"/><String WC="1." CONTENT="/" HEIGHT="31" WIDTH="13" VPOS="1438" HPOS="867"/><SP WIDTH="27" VPOS="1435" HPOS="881"/><String WC="0.4050000012" CONTENT="nach" HEIGHT="40" WIDTH="79" VPOS="1431" HPOS="909"/><SP WIDTH="9" VPOS="1431" HPOS="989"/><String WC="0.4771428704" CONTENT="welcher" HEIGHT="46" WIDTH="131" VPOS="1428" HPOS="999"/><SP WIDTH="8" VPOS="1427" HPOS="1131"/><String WC="0.6399999857" CONTENT="sie" HEIGHT="47" WIDTH="40" VPOS="1427" HPOS="1140"/></TextLine>
<TextLine HEIGHT="58" WIDTH="991" VPOS="1468" HPOS="190"><String WC="0.4199999869" CONTENT="in" HEIGHT="39" WIDTH="34" VPOS="1470" HPOS="190"/><SP WIDTH="13" VPOS="1469" HPOS="225"/><String WC="0.3766666651" CONTENT="der" HEIGHT="41" WIDTH="55" VPOS="1469" HPOS="239"/><SP WIDTH="20" VPOS="1468" HPOS="295"/><String WC="0.389230758" CONTENT="Sprachen-Thür" HEIGHT="57" WIDTH="341" VPOS="1468" HPOS="316"/><SP WIDTH="20" VPOS="1480" HPOS="658"/><String WC="0.5081818104" CONTENT="beschrieben" HEIGHT="50" WIDTH="190" VPOS="1476" HPOS="679"/><SP WIDTH="24" VPOS="1484" HPOS="870"/><String WC="0.4783333242" CONTENT="werden" HEIGHT="39" WIDTH="128" VPOS="1478" HPOS="895"/><SP WIDTH="49" VPOS="1484" HPOS="1024"/><String WC="0.6000000238" CONTENT=";" HEIGHT="38" WIDTH="11" VPOS="1485" HPOS="1074"/><SP WIDTH="23" VPOS="1485" HPOS="1086"/><String WC="0.4233333468" CONTENT="und" HEIGHT="39" WIDTH="71" VPOS="1478" HPOS="1110"/></TextLine>
<TextLine HEIGHT="59" WIDTH="991" VPOS="1516" HPOS="190"><String WC="0.5966666937" CONTENT="mit" HEIGHT="41" WIDTH="64" VPOS="1519" HPOS="190"/><SP WIDTH="29" VPOS="1516" HPOS="255"/><String WC="0.5028571486" CONTENT="solcher" HEIGHT="49" WIDTH="115" VPOS="1516" HPOS="285"/><SP WIDTH="22" VPOS="1519" HPOS="401"/><String WC="0.5826666951" CONTENT="Vollkommenheit/" HEIGHT="53" WIDTH="328" VPOS="1519" HPOS="424"/><SP WIDTH="32" VPOS="1527" HPOS="753"/><String WC="0.4433333278" CONTENT="daß" HEIGHT="46" WIDTH="66" VPOS="1527" HPOS="786"/><SP WIDTH="24" VPOS="1528" HPOS="853"/><String WC="0.3966666758" CONTENT="gar" HEIGHT="40" WIDTH="61" VPOS="1535" HPOS="878"/><SP WIDTH="21" VPOS="1536" HPOS="940"/><String WC="0.5799999833" CONTENT="nichts" HEIGHT="41" WIDTH="103" VPOS="1526" HPOS="962"/><SP WIDTH="17" VPOS="1528" HPOS="1066"/><String WC="0.5" CONTENT="noth-" HEIGHT="40" WIDTH="97" VPOS="1529" HPOS="1084"/></TextLine>
<TextLine HEIGHT="57" WIDTH="991" VPOS="1567" HPOS="190"><String WC="0.5" CONTENT="wetidiges" HEIGHT="49" WIDTH="171" VPOS="1567" HPOS="190"/><SP WIDTH="20" VPOS="1569" HPOS="362"/><String WC="0.4166666567" CONTENT="und" HEIGHT="39" WIDTH="70" VPOS="1570" HPOS="383"/><SP WIDTH="29" VPOS="1570" HPOS="454"/><String WC="0.5086666942" CONTENT="Hauptsächliches" HEIGHT="52" WIDTH="276" VPOS="1572" HPOS="484"/><SP WIDTH="23" VPOS="1578" HPOS="761"/><String WC="0.5266666412" CONTENT="darvon" HEIGHT="40" WIDTH="125" VPOS="1578" HPOS="785"/><SP WIDTH="22" VPOS="1587" HPOS="911"/><String WC="0.6100000143" CONTENT="gelassen" HEIGHT="51" WIDTH="137" VPOS="1573" HPOS="934"/><SP WIDTH="17" VPOS="1583" HPOS="1072"/><String WC="0.3333333433" CONTENT="wor" HEIGHT="34" WIDTH="74" VPOS="1583" HPOS="1090" SUBS_TYPE="HypPart1" SUBS_CONTENT="worden."/><HYP CONTENT="­"/></TextLine>
<TextLine HEIGHT="40" WIDTH="77" VPOS="1618" HPOS="191"><String WC="0.4550000131" CONTENT="den." HEIGHT="40" WIDTH="77" VPOS="1618" HPOS="191" SUBS_TYPE="HypPart2" SUBS_CONTENT="worden."/></TextLine>
<TextLine HEIGHT="59" WIDTH="916" VPOS="1662" HPOS="265"><String WC="0.7400000095" CONTENT="II." HEIGHT="36" WIDTH="44" VPOS="1666" HPOS="265"/><SP WIDTH="26" VPOS="1662" HPOS="310"/><String STYLEREFS="font3" WC="0.3766666651" CONTENT="Die" HEIGHT="48" WIDTH="76" VPOS="1662" HPOS="337"/><SP WIDTH="6" VPOS="1664" HPOS="414"/><String WC="0.5345454812" CONTENT="Benamungen/" HEIGHT="56" WIDTH="300" VPOS="1664" HPOS="421"/><SP WIDTH="22" VPOS="1668" HPOS="722"/><String WC="0.5724999905" CONTENT="sind" HEIGHT="51" WIDTH="67" VPOS="1668" HPOS="745"/><SP WIDTH="18" VPOS="1675" HPOS="813"/><String WC="0.5333333611" CONTENT="die" HEIGHT="39" WIDTH="46" VPOS="1674" HPOS="832"/><SP WIDTH="7" VPOS="1670" HPOS="879"/><String WC="0.3325000107" CONTENT="über" HEIGHT="44" WIDTH="78" VPOS="1670" HPOS="887"/><SP WIDTH="6" VPOS="1684" HPOS="966"/><String WC="0.3625000119" CONTENT="eine" HEIGHT="40" WIDTH="65" VPOS="1673" HPOS="973"/><SP WIDTH="8" VPOS="1674" HPOS="1039"/><String WC="0.3524999917" CONTENT="jede" HEIGHT="47" WIDTH="66" VPOS="1673" HPOS="1048"/><SP WIDTH="7" VPOS="1674" HPOS="1115"/><String WC="0.2366666645" CONTENT="Fk-" HEIGHT="50" WIDTH="58" VPOS="1671" HPOS="1123"/></TextLine>
<TextLine HEIGHT="59" WIDTH="988" VPOS="1711" HPOS="193"><String WC="0.3199999928" CONTENT="gur" HEIGHT="38" WIDTH="65" VPOS="1720" HPOS="193"/><SP WIDTH="15" VPOS="1722" HPOS="259"/><String WC="0.4012500048" CONTENT="gesetzte" HEIGHT="50" WIDTH="118" VPOS="1712" HPOS="275"/><SP WIDTH="21" VPOS="1713" HPOS="394"/><String WC="0.5658333302" CONTENT="Obschrifften" HEIGHT="50" WIDTH="214" VPOS="1711" HPOS="416"/><SP WIDTH="24" VPOS="1727" HPOS="631"/><String WC="0.4824999869" CONTENT="oder" HEIGHT="37" WIDTH="76" VPOS="1721" HPOS="656"/><SP WIDTH="19" VPOS="1719" HPOS="733"/><String WC="0.6999999881" CONTENT="Eitel/" HEIGHT="44" WIDTH="111" VPOS="1719" HPOS="753"/><SP WIDTH="23" VPOS="1731" HPOS="865"/><String WC="0.7333333492" CONTENT="welche" HEIGHT="46" WIDTH="114" VPOS="1724" HPOS="889"/><SP WIDTH="13" VPOS="1724" HPOS="1004"/><String WC="0.7433333397" CONTENT="die" HEIGHT="39" WIDTH="48" VPOS="1723" HPOS="1018"/><SP WIDTH="14" VPOS="1732" HPOS="1067"/><String WC="0.5619999766" CONTENT="ganze" HEIGHT="41" WIDTH="99" VPOS="1728" HPOS="1082"/></TextLine>
<TextLine HEIGHT="54" WIDTH="886" VPOS="1761" HPOS="196"><String STYLEREFS="font3" WC="0.2614285648" CONTENT="Bildung" HEIGHT="50" WIDTH="163" VPOS="1761" HPOS="196"/><SP WIDTH="6" VPOS="1762" HPOS="360"/><String STYLEREFS="font3" WC="0.3939999938" CONTENT="durch" HEIGHT="49" WIDTH="96" VPOS="1762" HPOS="367"/><SP WIDTH="8" VPOS="1763" HPOS="464"/><String STYLEREFS="font3" WC="0.3133333325" CONTENT="ein" HEIGHT="46" WIDTH="49" VPOS="1762" HPOS="473"/><SP WIDTH="16" VPOS="1771" HPOS="523"/><String STYLEREFS="font3" WC="0.3772727251" CONTENT="allgemeines" HEIGHT="49" WIDTH="201" VPOS="1764" HPOS="540"/><SP WIDTH="8" VPOS="1767" HPOS="742"/><String WC="0.4575000107" CONTENT="Wort" HEIGHT="47" WIDTH="113" VPOS="1767" HPOS="751"/><SP WIDTH="8" VPOS="1775" HPOS="865"/><String WC="0.4327272773" CONTENT="ausdrucken." HEIGHT="43" WIDTH="208" VPOS="1772" HPOS="874"/></TextLine>
<TextLine HEIGHT="49" WIDTH="157" VPOS="1818" HPOS="1022" STYLEREFS="font4"><String STYLE="bold" WC="0.6600000262" CONTENT="m." HEIGHT="42" WIDTH="59" VPOS="1820" HPOS="1022"/><SP WIDTH="22" VPOS="1820" HPOS="1082"/><String STYLE="bold" WC="0.296666652" CONTENT="Die" HEIGHT="49" WIDTH="74" VPOS="1818" HPOS="1105"/></TextLine>
</TextBlock><GraphicalElement ID="Page1_Block2" HEIGHT="9" WIDTH="338" VPOS="188" HPOS="188"/><GraphicalElement ID="Page1_Block3" HEIGHT="12" WIDTH="442" VPOS="190" HPOS="588"/>
</PrintSpace>
</Page>
</Layout>
</alto>