﻿<?xml version="1.0" encoding="UTF-8" standalone="yes"?>
<alto xmlns="http://www.loc.gov/standards/alto/ns-v2#" xmlns:xlink="http://www.w3.org/1999/xlink" xmlns:xsi="http://www.w3.org/2001/XMLSchema-instance" xsi:schemaLocation="http://www.loc.gov/standards/alto/ns-v2# http://www.loc.gov/standards/alto/alto-v2.0.xsd">
<Description>
<MeasurementUnit>pixel</MeasurementUnit>
<OCRProcessing ID="IdOcr"><ocrProcessingStep><processingDateTime>2017-03-20</processingDateTime><processingSoftware><softwareCreator>ABBYY</softwareCreator><softwareName>ABBYY FineReader Engine</softwareName><softwareVersion>11</softwareVersion></processingSoftware></ocrProcessingStep></OCRProcessing>
</Description>
<Styles><TextStyle ID="font0" FONTFAMILY="Arial" FONTSIZE="8"/><TextStyle ID="font1" FONTFAMILY="Arial" FONTSIZE="9"/><TextStyle ID="font2" FONTFAMILY="Arial" FONTSIZE="10"/><TextStyle ID="font3" FONTFAMILY="Arial" FONTSIZE="11"/><TextStyle ID="font4" FONTFAMILY="Arial" FONTSIZE="13"/><TextStyle ID="font5" FONTFAMILY="Arial" FONTSIZE="20"/>
</Styles>
<Layout>
<Page ID="Page1" PHYSICAL_IMG_NR="1" HEIGHT="2050" WIDTH="1257">
<TopMargin HEIGHT="325" WIDTH="1257" VPOS="0" HPOS="0">
</TopMargin>
<LeftMargin HEIGHT="1457" WIDTH="162" VPOS="325" HPOS="0">
</LeftMargin>
<BottomMargin HEIGHT="268" WIDTH="1257" VPOS="1782" HPOS="0">
</BottomMargin>
<PrintSpace HEIGHT="1457" WIDTH="1095" VPOS="325" HPOS="162">
<TextBlock ID="Page1_Block1" HEIGHT="68" WIDTH="210" VPOS="326" HPOS="601" language="de" STYLEREFS="font5"><Shape><Polygon POINTS="625,337 834,337 834,402 625,402 625,337"/></Shape>
<TextLine HEIGHT="60" WIDTH="199" VPOS="327" HPOS="606"><String STYLE="bold" WC="0.5220000148" CONTENT="LXXI." HEIGHT="60" WIDTH="199" VPOS="327" HPOS="606"/></TextLine>
</TextBlock>
<ComposedBlock ID="Page1_Block2" HEIGHT="862" WIDTH="1075" VPOS="506" HPOS="177" TYPE="container"><Shape><Polygon POINTS="198,523 1261,523 1261,1370 198,1370 198,523"/></Shape>
<TextBlock ID="Page1_Block3" HEIGHT="107" WIDTH="1064" VPOS="506" HPOS="177" language="de" STYLEREFS="font5"><Shape><Polygon POINTS="198,523 1261,523 1261,615 198,615 198,523"/></Shape>
<TextLine HEIGHT="94" WIDTH="1050" VPOS="513" HPOS="183"><String STYLE="bold" WC="0.3899999857" CONTENT="Die" HEIGHT="62" WIDTH="101" VPOS="540" HPOS="183"/><SP WIDTH="10" VPOS="538" HPOS="284"/><String STYLE="bold" WC="0.4138461649" CONTENT="Hausgemächer." HEIGHT="85" WIDTH="424" VPOS="520" HPOS="294"/><SP WIDTH="106" VPOS="528" HPOS="718"/><String STYLE="bold" STYLEREFS="font4" WC="0.5699999928" CONTENT="Partes" HEIGHT="57" WIDTH="187" VPOS="525" HPOS="824"/><SP WIDTH="14" VPOS="526" HPOS="1011"/><String STYLE="bold" STYLEREFS="font4" WC="0.4783333242" CONTENT="domüs." HEIGHT="57" WIDTH="208" VPOS="522" HPOS="1025"/></TextLine>
</TextBlock>
<Illustration ID="Page1_Block4" HEIGHT="774" WIDTH="927" VPOS="593" HPOS="253"><Shape><Polygon POINTS="273,609 1189,609 1189,1370 273,1370 273,609"/></Shape></Illustration></ComposedBlock>
<ComposedBlock ID="Page1_Block5" HEIGHT="353" WIDTH="1081" VPOS="1429" HPOS="176" TYPE="container"><Shape><Polygon POINTS="184,1446 1270,1446 1270,1784 184,1784 184,1446"/></Shape>
<TextBlock ID="Page1_Block6" HEIGHT="224" WIDTH="717" VPOS="1434" HPOS="178" language="de" STYLEREFS="font3"><Shape><Polygon POINTS="186,1446 900,1446 900,1648 712,1648 712,1660 186,1660 186,1446"/></Shape>
<TextLine HEIGHT="50" WIDTH="642" VPOS="1440" HPOS="233" STYLEREFS="font0"><String WC="0.5166666508" CONTENT="Das" HEIGHT="37" WIDTH="71" VPOS="1453" HPOS="233"/><SP WIDTH="9" VPOS="1449" HPOS="305"/><String WC="0.5774999857" CONTENT="Haus" HEIGHT="39" WIDTH="98" VPOS="1448" HPOS="315"/><SP WIDTH="218" VPOS="1447" HPOS="414"/><String STYLE="italics" WC="0.5220000148" CONTENT="Domul" HEIGHT="26" WIDTH="97" VPOS="1446" HPOS="633"/><SP WIDTH="6" VPOS="1442" HPOS="731"/><String WC="0.5550000072" CONTENT="f." HEIGHT="29" WIDTH="21" VPOS="1442" HPOS="738"/><SP WIDTH="12" VPOS="1451" HPOS="760"/><String WC="0.4350000024" CONTENT="2." HEIGHT="22" WIDTH="26" VPOS="1450" HPOS="773"/><SP WIDTH="9" VPOS="1442" HPOS="800"/><String STYLE="italics" WC="0.3700000048" CONTENT="Sc" HEIGHT="26" WIDTH="26" VPOS="1442" HPOS="810"/><SP WIDTH="8" VPOS="1447" HPOS="837"/><String WC="0.5749999881" CONTENT="4." HEIGHT="28" WIDTH="29" VPOS="1447" HPOS="846"/></TextLine>
<TextLine HEIGHT="47" WIDTH="592" VPOS="1483" HPOS="194"><String STYLEREFS="font2" WC="0.2624999881" CONTENT="wird" HEIGHT="33" WIDTH="74" VPOS="1497" HPOS="195"/><SP WIDTH="13" VPOS="1499" HPOS="270"/><String STYLEREFS="font2" WC="0.3590908945" CONTENT="adgeihcilet" HEIGHT="39" WIDTH="165" VPOS="1489" HPOS="283"/><SP WIDTH="153" VPOS="1486" HPOS="448"/><String STYLEREFS="font2" WC="0.5963636637" CONTENT="^iüln»uicur" HEIGHT="32" WIDTH="185" VPOS="1483" HPOS="601"/></TextLine>
<TextLine HEIGHT="51" WIDTH="582" VPOS="1523" HPOS="194"><String STYLE="bold" STYLEREFS="font4" WC="0.3985714316" CONTENT="ililGernacher/" HEIGHT="47" WIDTH="247" VPOS="1527" HPOS="194"/><SP WIDTH="161" VPOS="1526" HPOS="441"/><String STYLE="bold" STYLEREFS="font4" WC="0.6299999952" CONTENT="in" HEIGHT="28" WIDTH="30" VPOS="1525" HPOS="603"/><SP WIDTH="11" VPOS="1534" HPOS="634"/><String STYLE="italics" STYLEREFS="font3" WC="0.6222222447" CONTENT="conciavi*" HEIGHT="29" WIDTH="129" VPOS="1524" HPOS="646"/></TextLine>
<TextLine HEIGHT="50" WIDTH="535" VPOS="1563" HPOS="196"><String STYLE="bold italics" WC="0.3400000036" CONTENT="a" HEIGHT="27" WIDTH="19" VPOS="1586" HPOS="196"/><SP WIDTH="13" VPOS="1582" HPOS="216"/><String STYLE="bold" WC="1." CONTENT="s" HEIGHT="26" WIDTH="15" VPOS="1582" HPOS="230"/><SP WIDTH="21" VPOS="1582" HPOS="246"/><String STYLE="bold" WC="0.4699999988" CONTENT="i&apos;*ü" HEIGHT="27" WIDTH="34" VPOS="1581" HPOS="268"/><SP WIDTH="15" VPOS="1574" HPOS="303"/><String STYLE="bold" WC="0.3359999955" CONTENT="finD:" HEIGHT="38" WIDTH="73" VPOS="1573" HPOS="319"/><SP WIDTH="40" VPOS="1568" HPOS="393"/><String STYLE="bold" WC="0.4214285612" CONTENT="lSaal/)" HEIGHT="44" WIDTH="153" VPOS="1565" HPOS="434"/><SP WIDTH="18" VPOS="1565" HPOS="588"/><String STYLE="bold" WC="0.25" CONTENT="u" HEIGHT="18" WIDTH="16" VPOS="1575" HPOS="607"/><SP WIDTH="6" VPOS="1573" HPOS="624"/><String STYLE="bold" WC="0.2399999946" CONTENT="t" HEIGHT="20" WIDTH="9" VPOS="1572" HPOS="631"/><SP WIDTH="10" VPOS="1564" HPOS="641"/><String STYLE="bold" WC="0.4550000131" CONTENT="fünf" HEIGHT="34" WIDTH="63" VPOS="1563" HPOS="652"/><String STYLE="subscript bold" WC="0.3600000143" CONTENT=":" HEIGHT="17" WIDTH="7" VPOS="1576" HPOS="724"/></TextLine>
<TextLine HEIGHT="50" WIDTH="632" VPOS="1603" HPOS="196"><String STYLE="bold" STYLEREFS="font4" WC="0.5099999905" CONTENT="das" HEIGHT="33" WIDTH="57" VPOS="1618" HPOS="196"/><SP WIDTH="12" VPOS="1615" HPOS="253"/><String STYLE="bold" STYLEREFS="font4" WC="0.328181833" CONTENT="Dorgernach/" HEIGHT="45" WIDTH="231" VPOS="1607" HPOS="265"/><SP WIDTH="17" VPOS="1609" HPOS="496"/><String STYLE="bold" STYLEREFS="font4" WC="0.349999994" CONTENT="(" HEIGHT="35" WIDTH="15" VPOS="1609" HPOS="513"/><String STYLE="italics" WC="0.3249999881" CONTENT="iwx," HEIGHT="33" WIDTH="53" VPOS="1608" HPOS="544"/><SP WIDTH="6" VPOS="1615" HPOS="597"/><String STYLE="italics" WC="0.5528571606" CONTENT="«triam," HEIGHT="33" WIDTH="108" VPOS="1606" HPOS="603"/><SP WIDTH="24" VPOS="1612" HPOS="711"/><String STYLE="bold" STYLEREFS="font4" WC="0.2199999988" CONTENT="1" HEIGHT="21" WIDTH="13" VPOS="1612" HPOS="735"/><SP WIDTH="16" VPOS="1612" HPOS="749"/><String STYLE="bold" STYLEREFS="font4" WC="0.6899999976" CONTENT="0,2." HEIGHT="28" WIDTH="62" VPOS="1608" HPOS="766"/></TextLine>
</TextBlock>
<TextBlock ID="Page1_Block7" HEIGHT="134" WIDTH="397" VPOS="1648" HPOS="179" language="de"><Shape><Polygon POINTS="184,1654 436,1654 436,1694 580,1694 580,1784 184,1784 184,1654"/></Shape>
<TextLine HEIGHT="36" WIDTH="217" VPOS="1653" HPOS="196"><String STYLEREFS="font2" WC="0.2866666615" CONTENT="die" HEIGHT="31" WIDTH="42" VPOS="1658" HPOS="196"/><SP WIDTH="11" VPOS="1656" HPOS="239"/><String STYLEREFS="font2" WC="0.2579999864" CONTENT="Grube" HEIGHT="34" WIDTH="122" VPOS="1653" HPOS="251"/><String STYLE="italics" STYLEREFS="font0" WC="0.5" CONTENT="/1" HEIGHT="28" WIDTH="36" VPOS="1656" HPOS="377"/></TextLine>
<TextLine HEIGHT="42" WIDTH="221" VPOS="1690" HPOS="195"><String STYLEREFS="font2" WC="0.6133333445" CONTENT="die" HEIGHT="32" WIDTH="45" VPOS="1697" HPOS="195"/><SP WIDTH="10" VPOS="1695" HPOS="240"/><String STYLEREFS="font2" WC="0.7485714555" CONTENT="Küche/," HEIGHT="41" WIDTH="138" VPOS="1690" HPOS="250"/><SP WIDTH="15" VPOS="1700" HPOS="388"/><String STYLEREFS="font2" WC="0.2399999946" CONTENT="5" HEIGHT="25" WIDTH="13" VPOS="1700" HPOS="403"/></TextLine>
<TextLine HEIGHT="53" WIDTH="362" VPOS="1725" HPOS="197"><String STYLEREFS="font2" WC="0.2599999905" CONTENT="die" HEIGHT="32" WIDTH="40" VPOS="1737" HPOS="197"/><SP WIDTH="9" VPOS="1735" HPOS="238"/><String STYLEREFS="font2" WC="0.5550000072" CONTENT="SpeiM^Mex/" HEIGHT="52" WIDTH="283" VPOS="1725" HPOS="248"/><SP WIDTH="6" VPOS="1731" HPOS="532"/><String STYLEREFS="font2" WC="0.7900000215" CONTENT="4" HEIGHT="28" WIDTH="20" VPOS="1734" HPOS="539"/></TextLine>
</TextBlock>
<TextBlock ID="Page1_Block8" HEIGHT="132" WIDTH="315" VPOS="1636" HPOS="601" language="de" STYLEREFS="font0"><Shape><Polygon POINTS="606,1648 920,1648 920,1776 606,1776 606,1648"/></Shape>
<TextLine HEIGHT="44" WIDTH="279" VPOS="1640" HPOS="604"><String STYLE="italics" WC="0.386153847" CONTENT="bypocaußittn," HEIGHT="43" WIDTH="180" VPOS="1641" HPOS="604"/><SP WIDTH="7" VPOS="1650" HPOS="785"/><String STYLE="italics" WC="0." CONTENT="r" HEIGHT="17" WIDTH="14" VPOS="1650" HPOS="793"/><SP WIDTH="9" VPOS="1648" HPOS="808"/><String WC="0.4199999869" CONTENT="n," HEIGHT="20" WIDTH="28" VPOS="1648" HPOS="818"/><SP WIDTH="10" VPOS="1647" HPOS="847"/><String WC="0.2450000048" CONTENT="2," HEIGHT="21" WIDTH="25" VPOS="1647" HPOS="858"/></TextLine>
<TextLine HEIGHT="39" WIDTH="200" VPOS="1681" HPOS="605"><String STYLE="italics" WC="0.2371428609" CONTENT="cuitna," HEIGHT="36" WIDTH="99" VPOS="1684" HPOS="605"/><SP WIDTH="21" VPOS="1693" HPOS="704"/><String STYLE="italics" WC="0.3700000048" CONTENT="j" HEIGHT="23" WIDTH="9" VPOS="1693" HPOS="725"/><SP WIDTH="14" VPOS="1682" HPOS="734"/><String STYLEREFS="font2" WC="0.9950000048" CONTENT="f." HEIGHT="30" WIDTH="20" VPOS="1682" HPOS="748"/><SP WIDTH="17" VPOS="1691" HPOS="768"/><String STYLEREFS="font2" WC="1." CONTENT="&gt;°" HEIGHT="18" WIDTH="20" VPOS="1691" HPOS="785"/></TextLine>
<TextLine HEIGHT="45" WIDTH="295" VPOS="1718" HPOS="608"><String STYLE="italics" WC="0.162499994" CONTENT="ctUa" HEIGHT="31" WIDTH="61" VPOS="1724" HPOS="608"/><SP WIDTH="4" VPOS="1733" HPOS="670"/><String STYLE="italics" WC="0.4622222185" CONTENT="ptnUaria," HEIGHT="40" WIDTH="133" VPOS="1722" HPOS="675"/><SP WIDTH="7" VPOS="1730" HPOS="809"/><String STYLEREFS="font1" WC="0.3000000119" CONTENT="4" HEIGHT="25" WIDTH="19" VPOS="1730" HPOS="817"/><SP WIDTH="6" VPOS="1719" HPOS="837"/><String STYLEREFS="font2" WC="0.6449999809" CONTENT="f," HEIGHT="33" WIDTH="20" VPOS="1718" HPOS="844"/><SP WIDTH="13" VPOS="1730" HPOS="865"/><String STYLEREFS="font1" WC="0.375" CONTENT="i." HEIGHT="20" WIDTH="24" VPOS="1730" HPOS="879"/></TextLine>
</TextBlock>
<TextBlock ID="Page1_Block9" HEIGHT="152" WIDTH="325" VPOS="1437" HPOS="932" language="de" STYLEREFS="font0"><Shape><Polygon POINTS="940,1454 1270,1454 1270,1602 970,1602 970,1564 940,1564 940,1454"/></Shape>
<TextLine HEIGHT="63" WIDTH="314" VPOS="1450" HPOS="932"><String WC="0.5561538339" CONTENT="•Dift&apos;fnguere.a.jj.ftB^jJ!" HEIGHT="63" WIDTH="314" VPOS="1450" HPOS="932"/></TextLine>
<TextLine HEIGHT="60" WIDTH="300" VPOS="1489" HPOS="937"><String WC="0.4844444394" CONTENT="Concllve," HEIGHT="57" WIDTH="132" VPOS="1491" HPOS="937"/><SP WIDTH="9" VPOS="1521" HPOS="1070"/><String WC="1." CONTENT="H." HEIGHT="20" WIDTH="27" VPOS="1521" HPOS="1080"/><SP WIDTH="11" VPOS="1524" HPOS="1108"/><String WC="0.6100000143" CONTENT="z." HEIGHT="24" WIDTH="20" VPOS="1523" HPOS="1120"/><SP WIDTH="12" VPOS="1514" HPOS="1141"/><String WC="0.2574999928" CONTENT="9A*®" HEIGHT="45" WIDTH="71" VPOS="1494" HPOS="1154"/><String STYLE="superscript" WC="0.2300000042" CONTENT="C" HEIGHT="26" WIDTH="9" VPOS="1492" HPOS="1228"/></TextLine>
<TextLine HEIGHT="33" WIDTH="83" VPOS="1552" HPOS="967" STYLEREFS="font3"><String STYLE="bold" WC="0.4440000057" CONTENT="mach." HEIGHT="33" WIDTH="83" VPOS="1552" HPOS="967"/></TextLine>
</TextBlock></ComposedBlock><GraphicalElement ID="Page1_Block10" HEIGHT="21" WIDTH="851" VPOS="692" HPOS="293"/><GraphicalElement ID="Page1_Block11" HEIGHT="7" WIDTH="141" VPOS="890" HPOS="655"/><GraphicalElement ID="Page1_Block12" HEIGHT="11" WIDTH="146" VPOS="897" HPOS="326"/><GraphicalElement ID="Page1_Block13" HEIGHT="5" WIDTH="117" VPOS="921" HPOS="797"/><GraphicalElement ID="Page1_Block14" HEIGHT="5" WIDTH="184" VPOS="952" HPOS="576"/><GraphicalElement ID="Page1_Block15" HEIGHT="7" WIDTH="130" VPOS="948" HPOS="796"/><GraphicalElement ID="Page1_Block16" HEIGHT="5" WIDTH="144" VPOS="985" HPOS="585"/><GraphicalElement ID="Page1_Block17" HEIGHT="4" WIDTH="87" VPOS="1008" HPOS="456"/><GraphicalElement ID="Page1_Block18" HEIGHT="4" WIDTH="77" VPOS="1009" HPOS="647"/><GraphicalElement ID="Page1_Block19" HEIGHT="6" WIDTH="105" VPOS="1015" HPOS="595"/><GraphicalElement ID="Page1_Block20" HEIGHT="20" WIDTH="807" VPOS="1078" HPOS="292"/><GraphicalElement ID="Page1_Block21" HEIGHT="15" WIDTH="370" VPOS="1098" HPOS="291"/><GraphicalElement ID="Page1_Block22" HEIGHT="6" WIDTH="84" VPOS="1198" HPOS="914"/><GraphicalElement ID="Page1_Block23" HEIGHT="6" WIDTH="78" VPOS="1206" HPOS="915"/><GraphicalElement ID="Page1_Block24" HEIGHT="10" WIDTH="131" VPOS="1222" HPOS="293"/><GraphicalElement ID="Page1_Block25" HEIGHT="9" WIDTH="191" VPOS="1244" HPOS="619"/><GraphicalElement ID="Page1_Block26" HEIGHT="16" WIDTH="185" VPOS="1260" HPOS="320"/><GraphicalElement ID="Page1_Block27" HEIGHT="11" WIDTH="143" VPOS="1276" HPOS="309"/><GraphicalElement ID="Page1_Block28" HEIGHT="24" WIDTH="853" VPOS="1303" HPOS="297"/><GraphicalElement ID="Page1_Block29" HEIGHT="30" WIDTH="778" VPOS="1330" HPOS="296"/><GraphicalElement ID="Page1_Block30" HEIGHT="7" WIDTH="76" VPOS="940" HPOS="292"/><GraphicalElement ID="Page1_Block31" HEIGHT="4" WIDTH="81" VPOS="1024" HPOS="292"/><GraphicalElement ID="Page1_Block32" HEIGHT="5" WIDTH="72" VPOS="1174" HPOS="915"/><GraphicalElement ID="Page1_Block33" HEIGHT="5" WIDTH="76" VPOS="1182" HPOS="914"/><GraphicalElement ID="Page1_Block34" HEIGHT="5" WIDTH="58" VPOS="1231" HPOS="916"/><GraphicalElement ID="Page1_Block35" HEIGHT="7" WIDTH="61" VPOS="1251" HPOS="1018"/><GraphicalElement ID="Page1_Block36" HEIGHT="7" WIDTH="74" VPOS="1262" HPOS="917"/><GraphicalElement ID="Page1_Block37" HEIGHT="654" WIDTH="22" VPOS="704" HPOS="289"/><GraphicalElement ID="Page1_Block38" HEIGHT="104" WIDTH="6" VPOS="1144" HPOS="443"/><GraphicalElement ID="Page1_Block39" HEIGHT="139" WIDTH="9" VPOS="1101" HPOS="492"/><GraphicalElement ID="Page1_Block40" HEIGHT="223" WIDTH="10" VPOS="1100" HPOS="580"/><GraphicalElement ID="Page1_Block41" HEIGHT="111" WIDTH="6" VPOS="1644" HPOS="594"/><GraphicalElement ID="Page1_Block42" HEIGHT="109" WIDTH="6" VPOS="1462" HPOS="592"/><GraphicalElement ID="Page1_Block43" HEIGHT="104" WIDTH="7" VPOS="1194" HPOS="609"/><GraphicalElement ID="Page1_Block44" HEIGHT="125" WIDTH="9" VPOS="1151" HPOS="616"/><GraphicalElement ID="Page1_Block45" HEIGHT="108" WIDTH="5" VPOS="890" HPOS="783"/><GraphicalElement ID="Page1_Block46" HEIGHT="225" WIDTH="9" VPOS="1092" HPOS="901"/><GraphicalElement ID="Page1_Block47" HEIGHT="281" WIDTH="11" VPOS="1457" HPOS="927"/><GraphicalElement ID="Page1_Block48" HEIGHT="190" WIDTH="8" VPOS="891" HPOS="948"/><GraphicalElement ID="Page1_Block49" HEIGHT="95" WIDTH="7" VPOS="1161" HPOS="1062"/><GraphicalElement ID="Page1_Block50" HEIGHT="417" WIDTH="10" VPOS="894" HPOS="1093"/><GraphicalElement ID="Page1_Block51" HEIGHT="418" WIDTH="11" VPOS="891" HPOS="1106"/><GraphicalElement ID="Page1_Block52" HEIGHT="372" WIDTH="14" VPOS="694" HPOS="1133"/><GraphicalElement ID="Page1_Block53" HEIGHT="57" WIDTH="3" VPOS="955" HPOS="382"/><GraphicalElement ID="Page1_Block54" HEIGHT="52" WIDTH="6" VPOS="1245" HPOS="659"/><GraphicalElement ID="Page1_Block55" HEIGHT="50" WIDTH="4" VPOS="1246" HPOS="682"/><GraphicalElement ID="Page1_Block56" HEIGHT="92" WIDTH="8" VPOS="1177" HPOS="985"/><GraphicalElement ID="Page1_Block57" HEIGHT="51" WIDTH="5" VPOS="1187" HPOS="1009"/>
</PrintSpace>
</Page>
</Layout>
</alto>