﻿<?xml version="1.0" encoding="UTF-8" standalone="yes"?>
<alto xmlns="http://www.loc.gov/standards/alto/ns-v2#" xmlns:xlink="http://www.w3.org/1999/xlink" xmlns:xsi="http://www.w3.org/2001/XMLSchema-instance" xsi:schemaLocation="http://www.loc.gov/standards/alto/ns-v2# http://www.loc.gov/standards/alto/alto-v2.0.xsd">
<Description>
<MeasurementUnit>pixel</MeasurementUnit>
<OCRProcessing ID="IdOcr"><ocrProcessingStep><processingDateTime>2017-03-20</processingDateTime><processingSoftware><softwareCreator>ABBYY</softwareCreator><softwareName>ABBYY FineReader Engine</softwareName><softwareVersion>11</softwareVersion></processingSoftware></ocrProcessingStep></OCRProcessing>
</Description>
<Styles><TextStyle ID="font0" FONTFAMILY="Times New Roman" FONTSIZE="4"/><TextStyle ID="font1" FONTFAMILY="Times New Roman" FONTSIZE="7"/><TextStyle ID="font2" FONTFAMILY="Times New Roman" FONTSIZE="8"/><TextStyle ID="font3" FONTFAMILY="Times New Roman" FONTSIZE="9"/><TextStyle ID="font4" FONTFAMILY="Times New Roman" FONTSIZE="10"/><TextStyle ID="font5" FONTFAMILY="Times New Roman" FONTSIZE="11"/><TextStyle ID="font6" FONTFAMILY="Times New Roman" FONTSIZE="12"/>
</Styles>
<Layout>
<Page ID="Page1" PHYSICAL_IMG_NR="1" HEIGHT="2053" WIDTH="1202">
<TopMargin HEIGHT="111" WIDTH="1202" VPOS="0" HPOS="0">
</TopMargin>
<RightMargin HEIGHT="1718" WIDTH="157" VPOS="111" HPOS="1045">
</RightMargin>
<BottomMargin HEIGHT="224" WIDTH="1202" VPOS="1829" HPOS="0">
</BottomMargin>
<PrintSpace HEIGHT="1718" WIDTH="1045" VPOS="111" HPOS="0">
<TextBlock ID="Page1_Block1" HEIGHT="65" WIDTH="129" VPOS="166" HPOS="8" language="de" STYLEREFS="font2"><Shape><Polygon POINTS="10,176 138,176 138,240 10,240 10,176"/></Shape>
<TextLine HEIGHT="43" WIDTH="118" VPOS="183" HPOS="19"><String WC="0.2833333313" CONTENT="ftiribudu" HEIGHT="43" WIDTH="118" VPOS="183" HPOS="19"/></TextLine>
</TextBlock>
<TextBlock ID="Page1_Block2" HEIGHT="82" WIDTH="712" VPOS="111" HPOS="185" language="de" STYLEREFS="font6"><Shape><Polygon POINTS="186,120 898,120 898,196 186,196 186,120"/></Shape>
<TextLine HEIGHT="58" WIDTH="676" VPOS="130" HPOS="206"><String WC="0.1400000006" CONTENT="fu" HEIGHT="40" WIDTH="39" VPOS="132" HPOS="206"/><SP WIDTH="45" VPOS="145" HPOS="246"/><String WC="0.4350000024" CONTENT="ga" HEIGHT="38" WIDTH="42" VPOS="145" HPOS="292"/><SP WIDTH="47" VPOS="147" HPOS="335"/><String WC="0.2649999857" CONTENT="ge" HEIGHT="38" WIDTH="44" VPOS="146" HPOS="383"/><SP WIDTH="46" VPOS="143" HPOS="428"/><String STYLE="italics" WC="0." CONTENT="p" HEIGHT="41" WIDTH="33" VPOS="144" HPOS="475"/><SP WIDTH="50" VPOS="144" HPOS="509"/><String WC="0.3350000083" CONTENT="gl" HEIGHT="48" WIDTH="36" VPOS="133" HPOS="560"/><SP WIDTH="48" VPOS="133" HPOS="597"/><String WC="0.4399999976" CONTENT="g" HEIGHT="37" WIDTH="20" VPOS="145" HPOS="646"/><String STYLE="underline" WC="0.3199999928" CONTENT="n" HEIGHT="23" WIDTH="22" VPOS="147" HPOS="670"/><SP WIDTH="47" VPOS="144" HPOS="693"/><String STYLE="underline" WC="0.2450000048" CONTENT="go" HEIGHT="37" WIDTH="49" VPOS="144" HPOS="741"/><SP WIDTH="49" VPOS="144" HPOS="791"/><String STYLE="underline" WC="0.3149999976" CONTENT="gr" HEIGHT="38" WIDTH="41" VPOS="143" HPOS="841"/></TextLine>
</TextBlock>
<TextBlock ID="Page1_Block3" HEIGHT="1035" WIDTH="508" VPOS="203" HPOS="0" language="de" STYLEREFS="font2"><Shape><Polygon POINTS="114,212 296,212 296,462 512,462 512,1244 38,1244 38,1210 10,1210 10,230 114,230 114,212"/></Shape>
<TextLine HEIGHT="35" WIDTH="187" VPOS="203" HPOS="87" STYLEREFS="font2"><String WC="0.476000011" CONTENT="„Jus," HEIGHT="34" WIDTH="76" VPOS="203" HPOS="87"/><SP WIDTH="14" VPOS="211" HPOS="164"/><String WC="1." CONTENT="»" HEIGHT="19" WIDTH="16" VPOS="211" HPOS="179"/><SP WIDTH="19" VPOS="212" HPOS="196"/><String WC="0.5199999809" CONTENT="um," HEIGHT="23" WIDTH="58" VPOS="212" HPOS="216"/></TextLine>
<TextLine HEIGHT="49" WIDTH="197" VPOS="227" HPOS="18" STYLEREFS="font2"><String WC="0.4571428597" CONTENT="^&apos;rnus," HEIGHT="45" WIDTH="96" VPOS="227" HPOS="18"/><SP WIDTH="8" VPOS="241" HPOS="115"/><String WC="0.8600000143" CONTENT="i," HEIGHT="34" WIDTH="16" VPOS="241" HPOS="124"/><SP WIDTH="11" VPOS="251" HPOS="141"/><String WC="0.7250000238" CONTENT="m." HEIGHT="21" WIDTH="35" VPOS="251" HPOS="153"/><SP WIDTH="13" VPOS="254" HPOS="189"/><String WC="0.2800000012" CONTENT="2" HEIGHT="17" WIDTH="12" VPOS="255" HPOS="203"/></TextLine>
<TextLine HEIGHT="52" WIDTH="221" VPOS="266" HPOS="18" STYLEREFS="font2"><String WC="0.3980000019" CONTENT="^&gt;fciriüla,*,f." HEIGHT="52" WIDTH="194" VPOS="266" HPOS="18"/><SP WIDTH="12" VPOS="295" HPOS="213"/><String WC="0.25" CONTENT="r" HEIGHT="19" WIDTH="13" VPOS="295" HPOS="226"/></TextLine>
<TextLine HEIGHT="50" WIDTH="183" VPOS="308" HPOS="18" STYLEREFS="font2"><String WC="0.4071428478" CONTENT="^&apos;■fus," HEIGHT="49" WIDTH="83" VPOS="308" HPOS="18"/><SP WIDTH="9" VPOS="324" HPOS="101"/><String WC="0.6800000072" CONTENT="i," HEIGHT="32" WIDTH="16" VPOS="324" HPOS="111"/><SP WIDTH="9" VPOS="334" HPOS="128"/><String WC="0.6750000119" CONTENT="m." HEIGHT="19" WIDTH="35" VPOS="334" HPOS="138"/><SP WIDTH="11" VPOS="338" HPOS="174"/><String WC="0.2399999946" CONTENT="2" HEIGHT="20" WIDTH="14" VPOS="338" HPOS="186"/></TextLine>
<TextLine HEIGHT="43" WIDTH="211" VPOS="360" HPOS="19" STYLEREFS="font2"><String WC="0.4612500072" CONTENT="•utürus," HEIGHT="40" WIDTH="106" VPOS="360" HPOS="19"/><SP WIDTH="8" VPOS="376" HPOS="126"/><String WC="0.4199999869" CONTENT="a," HEIGHT="26" WIDTH="25" VPOS="376" HPOS="135"/><SP WIDTH="11" VPOS="378" HPOS="161"/><String WC="0.6633333564" CONTENT="um." HEIGHT="21" WIDTH="57" VPOS="377" HPOS="173"/></TextLine>
<TextLine HEIGHT="39" WIDTH="269" VPOS="414" HPOS="19" STYLEREFS="font2"><String STYLE="subscript" WC="0.2399999946" CONTENT="r" HEIGHT="17" WIDTH="21" VPOS="432" HPOS="19"/><SP WIDTH="197" VPOS="414" HPOS="40"/><String WC="0.4300000072" CONTENT="Ga," HEIGHT="37" WIDTH="51" VPOS="416" HPOS="237"/></TextLine>
<TextLine HEIGHT="61" WIDTH="484" VPOS="435" HPOS="19"><String WC="0.4975000024" CONTENT="Gabriel," HEIGHT="47" WIDTH="110" VPOS="435" HPOS="19"/><SP WIDTH="6" VPOS="449" HPOS="129"/><String WC="0.3400000036" CONTENT="is," HEIGHT="34" WIDTH="32" VPOS="449" HPOS="136"/><SP WIDTH="7" VPOS="460" HPOS="169"/><String WC="0.6449999809" CONTENT="m." HEIGHT="23" WIDTH="38" VPOS="460" HPOS="177"/><SP WIDTH="11" VPOS="464" HPOS="216"/><String WC="0.1400000006" CONTENT="3" HEIGHT="30" WIDTH="15" VPOS="464" HPOS="228"/><SP WIDTH="204" VPOS="464" HPOS="244"/><String STYLE="italics" WC="0.3833333254" CONTENT="59*" HEIGHT="29" WIDTH="54" VPOS="466" HPOS="449"/></TextLine>
<TextLine HEIGHT="61" WIDTH="483" VPOS="481" HPOS="19"><String WC="0.2199999988" CONTENT="8" HEIGHT="29" WIDTH="15" VPOS="482" HPOS="19"/><String STYLE="superscript" WC="0.8600000143" CONTENT="a" HEIGHT="18" WIDTH="12" VPOS="487" HPOS="35"/><String WC="0.674444437" CONTENT="&gt;ea,-e,k." HEIGHT="43" WIDTH="110" VPOS="481" HPOS="48"/><SP WIDTH="13" VPOS="502" HPOS="159"/><String WC="0.3300000131" CONTENT="1" HEIGHT="18" WIDTH="10" VPOS="502" HPOS="173"/><SP WIDTH="188" VPOS="502" HPOS="184"/><String WC="7.333333045e-002" CONTENT="344" HEIGHT="32" WIDTH="60" VPOS="510" HPOS="373"/><SP WIDTH="13" VPOS="509" HPOS="434"/><String WC="0.2333333343" CONTENT="7+8" HEIGHT="30" WIDTH="54" VPOS="507" HPOS="448"/></TextLine>
<TextLine HEIGHT="50" WIDTH="482" VPOS="522" HPOS="19"><String WC="0.25" CONTENT="8" HEIGHT="28" WIDTH="14" VPOS="525" HPOS="20"/><String STYLE="superscript" WC="0.3100000024" CONTENT="J" HEIGHT="17" WIDTH="12" VPOS="529" HPOS="35"/><String WC="0.5299999714" CONTENT="lgiilus,i," HEIGHT="46" WIDTH="123" VPOS="522" HPOS="47"/><SP WIDTH="10" VPOS="543" HPOS="170"/><String WC="0.3766666651" CONTENT="m.»" HEIGHT="23" WIDTH="66" VPOS="543" HPOS="180"/><SP WIDTH="219" VPOS="544" HPOS="246"/><String WC="0.2199999988" CONTENT="82" HEIGHT="25" WIDTH="36" VPOS="547" HPOS="465"/></TextLine>
<TextLine HEIGHT="54" WIDTH="482" VPOS="562" HPOS="19"><String WC="0.5799999833" CONTENT="»Ua,*,f." HEIGHT="46" WIDTH="140" VPOS="562" HPOS="19"/><SP WIDTH="12" VPOS="585" HPOS="160"/><String STYLE="italics" WC="1." CONTENT="1" HEIGHT="21" WIDTH="12" VPOS="585" HPOS="173"/><SP WIDTH="281" VPOS="585" HPOS="186"/><String STYLE="italics" WC="0.6549999714" CONTENT="5*" HEIGHT="26" WIDTH="33" VPOS="590" HPOS="468"/></TextLine>
<TextLine HEIGHT="60" WIDTH="485" VPOS="604" HPOS="19"><String WC="0.2399999946" CONTENT="8" HEIGHT="29" WIDTH="15" VPOS="608" HPOS="19"/><String STYLE="superscript" WC="0.2399999946" CONTENT="a" HEIGHT="18" WIDTH="12" VPOS="613" HPOS="34"/><String WC="0.5799999833" CONTENT="&quot;ia," HEIGHT="42" WIDTH="47" VPOS="604" HPOS="46"/><SP WIDTH="9" VPOS="626" HPOS="94"/><String STYLE="italics" WC="0.7850000262" CONTENT="x," HEIGHT="23" WIDTH="28" VPOS="626" HPOS="104"/><SP WIDTH="8" VPOS="614" HPOS="133"/><String STYLE="italics" WC="0.7850000262" CONTENT="f." HEIGHT="30" WIDTH="17" VPOS="614" HPOS="142"/><SP WIDTH="10" VPOS="626" HPOS="160"/><String STYLE="bold" STYLEREFS="font3" WC="0.2399999946" CONTENT="r" HEIGHT="23" WIDTH="13" VPOS="626" HPOS="171"/><SP WIDTH="255" VPOS="626" HPOS="185"/><String STYLE="bold" STYLEREFS="font3" WC="0." CONTENT="4" HEIGHT="28" WIDTH="19" VPOS="636" HPOS="441"/><SP WIDTH="5" VPOS="635" HPOS="461"/><String STYLE="superscript italics" WC="0.3650000095" CONTENT="20" HEIGHT="19" WIDTH="37" VPOS="633" HPOS="467"/></TextLine>
<TextLine HEIGHT="55" WIDTH="484" VPOS="647" HPOS="17"><String WC="0.4714285731" CONTENT="8*Hlna," HEIGHT="40" WIDTH="101" VPOS="647" HPOS="17"/><SP WIDTH="9" VPOS="668" HPOS="118"/><String WC="0.3566666543" CONTENT="ac," HEIGHT="24" WIDTH="31" VPOS="668" HPOS="127"/><SP WIDTH="43" VPOS="669" HPOS="158"/><String WC="0.5400000215" CONTENT="1" HEIGHT="19" WIDTH="13" VPOS="670" HPOS="201"/><SP WIDTH="250" VPOS="670" HPOS="214"/><String WC="0.3449999988" CONTENT="78" HEIGHT="34" WIDTH="37" VPOS="668" HPOS="464"/></TextLine>
<TextLine HEIGHT="56" WIDTH="483" VPOS="687" HPOS="19"><String WC="0.2399999946" CONTENT="8" HEIGHT="28" WIDTH="15" VPOS="692" HPOS="19"/><String STYLE="superscript" WC="0.2199999988" CONTENT="a" HEIGHT="21" WIDTH="12" VPOS="696" HPOS="35"/><String WC="0.4591666758" CONTENT="llinaceui,a," HEIGHT="49" WIDTH="158" VPOS="687" HPOS="47"/><SP WIDTH="8" VPOS="711" HPOS="206"/><String WC="0.3866666555" CONTENT="um," HEIGHT="23" WIDTH="57" VPOS="711" HPOS="215"/><SP WIDTH="186" VPOS="714" HPOS="273"/><String STYLE="italics" WC="0.6750000119" CONTENT="9°" HEIGHT="27" WIDTH="42" VPOS="716" HPOS="460"/></TextLine>
<TextLine HEIGHT="55" WIDTH="482" VPOS="729" HPOS="19"><String WC="0.4264705777" CONTENT="8*llinagO)inis,f." HEIGHT="52" WIDTH="230" VPOS="729" HPOS="19"/><SP WIDTH="13" VPOS="753" HPOS="250"/><String WC="0.1299999952" CONTENT="3" HEIGHT="29" WIDTH="17" VPOS="753" HPOS="264"/><SP WIDTH="182" VPOS="750" HPOS="282"/><String WC="0.200000003" CONTENT="86" HEIGHT="30" WIDTH="36" VPOS="748" HPOS="465"/></TextLine>
<TextLine HEIGHT="52" WIDTH="483" VPOS="770" HPOS="18"><String WC="0.4300000072" CONTENT="Sallopävus," HEIGHT="48" WIDTH="152" VPOS="770" HPOS="18"/><SP WIDTH="14" VPOS="784" HPOS="170"/><String WC="0.4499999881" CONTENT="i," HEIGHT="35" WIDTH="19" VPOS="784" HPOS="184"/><SP WIDTH="9" VPOS="795" HPOS="203"/><String WC="0.6899999976" CONTENT="m." HEIGHT="18" WIDTH="37" VPOS="795" HPOS="213"/><SP WIDTH="7" VPOS="795" HPOS="251"/><String WC="0.2399999946" CONTENT="1" HEIGHT="22" WIDTH="18" VPOS="795" HPOS="259"/><SP WIDTH="182" VPOS="793" HPOS="278"/><String WC="0.4950000048" CONTENT="78" HEIGHT="31" WIDTH="39" VPOS="791" HPOS="461"/></TextLine>
<TextLine HEIGHT="56" WIDTH="484" VPOS="811" HPOS="17"><String WC="0.3885714412" CONTENT="8*llus," HEIGHT="47" WIDTH="86" VPOS="811" HPOS="17"/><SP WIDTH="5" VPOS="825" HPOS="104"/><String WC="0.8849999905" CONTENT="i," HEIGHT="33" WIDTH="18" VPOS="825" HPOS="110"/><SP WIDTH="5" VPOS="833" HPOS="129"/><String WC="0.5849999785" CONTENT="m." HEIGHT="20" WIDTH="39" VPOS="833" HPOS="135"/><SP WIDTH="9" VPOS="835" HPOS="175"/><String WC="0.1400000006" CONTENT="1" HEIGHT="22" WIDTH="16" VPOS="835" HPOS="185"/><SP WIDTH="261" VPOS="835" HPOS="202"/><String WC="0.6949999928" CONTENT="7^" HEIGHT="37" WIDTH="37" VPOS="830" HPOS="464"/></TextLine>
<TextLine HEIGHT="52" WIDTH="484" VPOS="857" HPOS="18"><String WC="0.5299999714" CONTENT="8" HEIGHT="29" WIDTH="16" VPOS="857" HPOS="18"/><String STYLE="superscript" WC="0.2399999946" CONTENT="a" HEIGHT="18" WIDTH="11" VPOS="862" HPOS="34"/><String WC="0.2649999857" CONTENT="nc" HEIGHT="25" WIDTH="30" VPOS="863" HPOS="46"/><SP WIDTH="3" VPOS="870" HPOS="77"/><String WC="0.3849999905" CONTENT="o," HEIGHT="22" WIDTH="26" VPOS="875" HPOS="81"/><SP WIDTH="11" VPOS="869" HPOS="108"/><String WC="0.5580000281" CONTENT="öni«," HEIGHT="32" WIDTH="69" VPOS="867" HPOS="120"/><SP WIDTH="6" VPOS="876" HPOS="190"/><String WC="0.7749999762" CONTENT="m," HEIGHT="23" WIDTH="39" VPOS="877" HPOS="197"/><SP WIDTH="7" VPOS="876" HPOS="237"/><String WC="0.2199999988" CONTENT="z" HEIGHT="31" WIDTH="16" VPOS="876" HPOS="245"/><SP WIDTH="182" VPOS="876" HPOS="262"/><String WC="0.3899999857" CONTENT="4)" HEIGHT="28" WIDTH="37" VPOS="881" HPOS="444"/><SP WIDTH="7" VPOS="876" HPOS="481"/><String WC="0.2199999988" CONTENT="8" HEIGHT="27" WIDTH="13" VPOS="876" HPOS="489"/></TextLine>
<TextLine HEIGHT="49" WIDTH="486" VPOS="899" HPOS="18"><String WC="0.1400000006" CONTENT="8" HEIGHT="29" WIDTH="16" VPOS="899" HPOS="18"/><String STYLE="superscript" WC="0.7200000286" CONTENT="w" HEIGHT="21" WIDTH="23" VPOS="903" HPOS="34"/><String WC="0.3983333409" CONTENT="rulus," HEIGHT="38" WIDTH="79" VPOS="904" HPOS="58"/><SP WIDTH="8" VPOS="910" HPOS="137"/><String WC="0.6850000024" CONTENT="i," HEIGHT="29" WIDTH="17" VPOS="910" HPOS="146"/><SP WIDTH="9" VPOS="918" HPOS="164"/><String WC="0.8249999881" CONTENT="m," HEIGHT="23" WIDTH="37" VPOS="918" HPOS="174"/><SP WIDTH="11" VPOS="922" HPOS="212"/><String STYLE="italics" WC="0.25" CONTENT="2" HEIGHT="18" WIDTH="16" VPOS="922" HPOS="224"/><SP WIDTH="227" VPOS="916" HPOS="241"/><String WC="0.1400000006" CONTENT="86" HEIGHT="34" WIDTH="34" VPOS="914" HPOS="469"/></TextLine>
<TextLine HEIGHT="53" WIDTH="484" VPOS="939" HPOS="19"><String WC="0.3361538351" CONTENT="8»üdeo,avifus" HEIGHT="45" WIDTH="185" VPOS="939" HPOS="19"/><SP WIDTH="7" VPOS="951" HPOS="205"/><String WC="0.4137499928" CONTENT="fum,dcre,2,an5.i" HEIGHT="42" WIDTH="252" VPOS="950" HPOS="213"/><SP WIDTH="4" VPOS="965" HPOS="466"/><String WC="0.3199999928" CONTENT="18" HEIGHT="28" WIDTH="32" VPOS="960" HPOS="471"/></TextLine>
<TextLine HEIGHT="49" WIDTH="483" VPOS="982" HPOS="20"><String WC="0.4362500012" CONTENT="8*udium," HEIGHT="38" WIDTH="127" VPOS="982" HPOS="21"/><SP WIDTH="7" VPOS="990" HPOS="149"/><String WC="0.5799999833" CONTENT="ii,n." HEIGHT="35" WIDTH="63" VPOS="990" HPOS="157"/><SP WIDTH="8" VPOS="1005" HPOS="221"/><String WC="0.2399999946" CONTENT="a" HEIGHT="18" WIDTH="17" VPOS="1005" HPOS="230"/><SP WIDTH="196" VPOS="1005" HPOS="247"/><String WC="0.2666666806" CONTENT="168" HEIGHT="32" WIDTH="60" VPOS="999" HPOS="443"/></TextLine>
<TextLine HEIGHT="49" WIDTH="482" VPOS="1025" HPOS="21"><String WC="0.4250000119" CONTENT="Sivig," HEIGHT="38" WIDTH="72" VPOS="1025" HPOS="21"/><SP WIDTH="10" VPOS="1040" HPOS="94"/><String WC="0.4699999988" CONTENT="je," HEIGHT="24" WIDTH="29" VPOS="1039" HPOS="105"/><SP WIDTH="9" VPOS="1028" HPOS="135"/><String WC="0.5899999738" CONTENT="f." HEIGHT="28" WIDTH="19" VPOS="1028" HPOS="145"/><SP WIDTH="18" VPOS="1040" HPOS="165"/><String WC="0.3000000119" CONTENT="1" HEIGHT="20" WIDTH="11" VPOS="1040" HPOS="184"/><SP WIDTH="269" VPOS="1041" HPOS="196"/><String WC="0.2349999994" CONTENT="94" HEIGHT="27" WIDTH="37" VPOS="1047" HPOS="466"/></TextLine>
<TextLine HEIGHT="47" WIDTH="483" VPOS="1065" HPOS="20"><String WC="0.5080000162" CONTENT="8*üsape,n," HEIGHT="42" WIDTH="153" VPOS="1065" HPOS="20"/><SP WIDTH="11" VPOS="1082" HPOS="174"/><String WC="0.3218181729" CONTENT="j.indetlin." HEIGHT="42" WIDTH="160" VPOS="1068" HPOS="186"/><SP WIDTH="102" VPOS="1085" HPOS="347"/><String STYLE="bold" STYLEREFS="font3" WC="0.1766666621" CONTENT="»94" HEIGHT="27" WIDTH="53" VPOS="1085" HPOS="450"/></TextLine>
<TextLine HEIGHT="35" WIDTH="54" VPOS="1113" HPOS="225"><String WC="0.75" CONTENT="Gr." HEIGHT="35" WIDTH="54" VPOS="1113" HPOS="225"/></TextLine>
<TextLine HEIGHT="51" WIDTH="484" VPOS="1142" HPOS="19"><String WC="0.5357142687" CONTENT="Retina," HEIGHT="47" WIDTH="123" VPOS="1142" HPOS="19"/><SP WIDTH="10" VPOS="1166" HPOS="143"/><String WC="0.6620000005" CONTENT="ar,k." HEIGHT="38" WIDTH="57" VPOS="1153" HPOS="154"/><SP WIDTH="13" VPOS="1164" HPOS="212"/><String WC="0.3400000036" CONTENT="I" HEIGHT="23" WIDTH="16" VPOS="1164" HPOS="226"/><SP WIDTH="204" VPOS="1161" HPOS="243"/><String WC="0.2399999946" CONTENT="5" HEIGHT="28" WIDTH="13" VPOS="1163" HPOS="448"/><SP WIDTH="5" VPOS="1163" HPOS="462"/><String WC="0.2399999946" CONTENT="9" HEIGHT="29" WIDTH="15" VPOS="1163" HPOS="468"/><SP WIDTH="5" VPOS="1157" HPOS="484"/><String WC="0.2300000042" CONTENT="8" HEIGHT="29" WIDTH="13" VPOS="1157" HPOS="490"/></TextLine>
<TextLine HEIGHT="49" WIDTH="483" VPOS="1185" HPOS="19"><String WC="0.7300000191" CONTENT="*" HEIGHT="14" WIDTH="13" VPOS="1188" HPOS="19"/><String STYLE="superscript" WC="0.2399999946" CONTENT="e" HEIGHT="20" WIDTH="11" VPOS="1192" HPOS="33"/><String WC="0.423999995" CONTENT="Utus," HEIGHT="46" WIDTH="75" VPOS="1185" HPOS="44"/><SP WIDTH="7" VPOS="1208" HPOS="120"/><String WC="0.7850000262" CONTENT="a," HEIGHT="23" WIDTH="24" VPOS="1208" HPOS="128"/><SP WIDTH="8" VPOS="1208" HPOS="153"/><String WC="0.5199999809" CONTENT="um," HEIGHT="25" WIDTH="60" VPOS="1207" HPOS="162"/><SP WIDTH="243" VPOS="1200" HPOS="223"/><String WC="1." CONTENT="^" HEIGHT="30" WIDTH="35" VPOS="1202" HPOS="467"/></TextLine>
</TextBlock>
<TextBlock ID="Page1_Block4" HEIGHT="277" WIDTH="655" VPOS="184" HPOS="366" language="de" STYLEREFS="font2"><Shape><Polygon POINTS="430,190 772,190 772,196 1022,196 1022,462 370,462 370,196 430,196 430,190"/></Shape>
<TextLine HEIGHT="47" WIDTH="577" VPOS="197" HPOS="442"><String WC="0.1650000066" CONTENT="44" HEIGHT="28" WIDTH="42" VPOS="211" HPOS="442"/><SP WIDTH="4" VPOS="201" HPOS="485"/><String STYLE="italics" STYLEREFS="font3" WC="0.6899999976" CONTENT="6" HEIGHT="27" WIDTH="18" VPOS="201" HPOS="489"/><String STYLE="italics" STYLEREFS="font0" WC="1." CONTENT="-" HEIGHT="5" WIDTH="5" VPOS="216" HPOS="503"/><SP WIDTH="6" VPOS="207" HPOS="509"/><String WC="0.3433333337" CONTENT="gerarunm," HEIGHT="32" WIDTH="151" VPOS="206" HPOS="516"/><SP WIDTH="7" VPOS="205" HPOS="668"/><String WC="0.150000006" CONTENT="1" HEIGHT="21" WIDTH="10" VPOS="205" HPOS="675"/><String STYLE="superscript" WC="0.2899999917" CONTENT=":" HEIGHT="18" WIDTH="8" VPOS="199" HPOS="686"/><String WC="0.5600000024" CONTENT="," HEIGHT="14" WIDTH="8" VPOS="217" HPOS="695"/><SP WIDTH="6" VPOS="207" HPOS="704"/><String WC="0.7099999785" CONTENT="n." HEIGHT="18" WIDTH="28" VPOS="207" HPOS="711"/><SP WIDTH="11" VPOS="208" HPOS="740"/><String STYLE="bold" STYLEREFS="font3" WC="0.1700000018" CONTENT="2" HEIGHT="17" WIDTH="15" VPOS="208" HPOS="752"/><SP WIDTH="188" VPOS="202" HPOS="768"/><String STYLE="italics" WC="0.5" CONTENT="2" HEIGHT="18" WIDTH="16" VPOS="204" HPOS="956"/><SP WIDTH="8" VPOS="202" HPOS="972"/><String STYLE="italics" WC="0.9800000191" CONTENT="5" HEIGHT="26" WIDTH="13" VPOS="202" HPOS="980"/><SP WIDTH="6" VPOS="201" HPOS="993"/><String STYLE="bold" STYLEREFS="font3" WC="0." CONTENT="4" HEIGHT="29" WIDTH="20" VPOS="201" HPOS="999"/></TextLine>
<TextLine HEIGHT="57" WIDTH="642" VPOS="234" HPOS="374"><String WC="0.2185714245" CONTENT="196.272" HEIGHT="41" WIDTH="128" VPOS="245" HPOS="374"/><SP WIDTH="13" VPOS="241" HPOS="503"/><String WC="0.3300000131" CONTENT="Germania," HEIGHT="33" WIDTH="154" VPOS="240" HPOS="517"/><SP WIDTH="7" VPOS="249" HPOS="672"/><String WC="0.3950000107" CONTENT="*," HEIGHT="25" WIDTH="31" VPOS="249" HPOS="680"/><SP WIDTH="7" VPOS="237" HPOS="712"/><String WC="0.5299999714" CONTENT="f." HEIGHT="29" WIDTH="20" VPOS="237" HPOS="720"/><SP WIDTH="13" VPOS="248" HPOS="741"/><String WC="0.5099999905" CONTENT="1" HEIGHT="17" WIDTH="12" VPOS="248" HPOS="755"/><SP WIDTH="187" VPOS="245" HPOS="768"/><String WC="0.7200000286" CONTENT="4^2" HEIGHT="33" WIDTH="60" VPOS="243" HPOS="956"/></TextLine>
<TextLine HEIGHT="49" WIDTH="568" VPOS="275" HPOS="447"><String STYLEREFS="font3" WC="0.2099999934" CONTENT="2" HEIGHT="17" WIDTH="14" VPOS="295" HPOS="447"/><SP WIDTH="6" VPOS="295" HPOS="462"/><String WC="0.25" CONTENT="74" HEIGHT="28" WIDTH="38" VPOS="292" HPOS="469"/><SP WIDTH="10" VPOS="282" HPOS="508"/><String WC="0.4154545367" CONTENT="Germanicus," HEIGHT="32" WIDTH="185" VPOS="281" HPOS="519"/><SP WIDTH="7" VPOS="289" HPOS="705"/><String WC="0.275000006" CONTENT="a," HEIGHT="23" WIDTH="24" VPOS="289" HPOS="713"/><SP WIDTH="7" VPOS="288" HPOS="738"/><String WC="0.4900000095" CONTENT="um" HEIGHT="20" WIDTH="47" VPOS="287" HPOS="746"/><SP WIDTH="86" VPOS="287" HPOS="794"/><String WC="0.4099999964" CONTENT="4X6.60*" HEIGHT="38" WIDTH="134" VPOS="278" HPOS="881"/></TextLine>
<TextLine HEIGHT="48" WIDTH="569" VPOS="319" HPOS="447"><String WC="0.2566666603" CONTENT="230" HEIGHT="26" WIDTH="56" VPOS="335" HPOS="447"/><SP WIDTH="13" VPOS="335" HPOS="504"/><String WC="0.55400002" CONTENT="gero," HEIGHT="31" WIDTH="76" VPOS="333" HPOS="518"/><SP WIDTH="9" VPOS="333" HPOS="595"/><String WC="0.3580000103" CONTENT="effi," HEIGHT="35" WIDTH="58" VPOS="321" HPOS="605"/><SP WIDTH="12" VPOS="334" HPOS="663"/><String WC="0.3983333409" CONTENT="eftum," HEIGHT="32" WIDTH="96" VPOS="321" HPOS="676"/><SP WIDTH="6" VPOS="329" HPOS="772"/><String WC="0.5879999995" CONTENT="rere," HEIGHT="26" WIDTH="66" VPOS="329" HPOS="779"/><SP WIDTH="8" VPOS="328" HPOS="846"/><String WC="0.2399999946" CONTENT="3" HEIGHT="30" WIDTH="15" VPOS="328" HPOS="855"/><SP WIDTH="86" VPOS="327" HPOS="871"/><String WC="0.2599999905" CONTENT="3" HEIGHT="27" WIDTH="12" VPOS="328" HPOS="958"/><SP WIDTH="5" VPOS="327" HPOS="971"/><String WC="0.3100000024" CONTENT="7" HEIGHT="25" WIDTH="17" VPOS="327" HPOS="977"/><String STYLE="italics" WC="0.1899999976" CONTENT="1" HEIGHT="19" WIDTH="14" VPOS="325" HPOS="1001"/></TextLine>
<TextLine HEIGHT="59" WIDTH="570" VPOS="356" HPOS="445" STYLEREFS="font3"><String WC="0.4211764634" CONTENT="42gjgerrs,ärum,f:" HEIGHT="53" WIDTH="289" VPOS="360" HPOS="445"/><SP WIDTH="11" VPOS="371" HPOS="735"/><String WC="0.6499999762" CONTENT="1." HEIGHT="17" WIDTH="24" VPOS="371" HPOS="747"/><SP WIDTH="9" VPOS="371" HPOS="772"/><String WC="0.7533333302" CONTENT="pl." HEIGHT="37" WIDTH="37" VPOS="362" HPOS="782"/><SP WIDTH="135" VPOS="371" HPOS="820"/><String WC="0.3766666651" CONTENT="766" HEIGHT="37" WIDTH="59" VPOS="360" HPOS="956"/></TextLine>
<TextLine HEIGHT="51" WIDTH="504" VPOS="398" HPOS="511" STYLEREFS="font2"><String WC="0.4390000105" CONTENT="&apos;gefto,ävi,atum,äre," HEIGHT="44" WIDTH="284" VPOS="404" HPOS="511"/><SP WIDTH="5" VPOS="412" HPOS="796"/><String WC="0.6850000024" CONTENT="j." HEIGHT="22" WIDTH="25" VPOS="412" HPOS="802"/><SP WIDTH="3" VPOS="412" HPOS="828"/><String WC="0.5311111212" CONTENT="106,.eg,3" HEIGHT="37" WIDTH="139" VPOS="401" HPOS="832"/><SP WIDTH="6" VPOS="410" HPOS="972"/><String WC="0.1400000006" CONTENT="3" HEIGHT="27" WIDTH="12" VPOS="410" HPOS="979"/><SP WIDTH="4" VPOS="402" HPOS="992"/><String STYLE="italics" WC="1." CONTENT="6" HEIGHT="26" WIDTH="18" VPOS="402" HPOS="997"/></TextLine>
<TextLine HEIGHT="20" WIDTH="61" VPOS="437" HPOS="511" STYLEREFS="font2"><String STYLE="superscript" WC="0.2599999905" CONTENT="1" HEIGHT="19" WIDTH="7" VPOS="437" HPOS="511"/><SP WIDTH="39" VPOS="437" HPOS="518"/><String WC="1." CONTENT="&quot;" HEIGHT="9" WIDTH="14" VPOS="448" HPOS="557"/></TextLine>
</TextBlock>
<TextBlock ID="Page1_Block5" HEIGHT="773" WIDTH="533" VPOS="434" HPOS="511" language="de" STYLEREFS="font2"><Shape><Polygon POINTS="518,440 766,440 766,444 1036,444 1036,486 1048,486 1048,1208 524,1208 524,1156 522,1156 522,874 518,874 518,766 520,766 520,710 518,710 518,630 516,630 516,570 520,570 520,500 518,500 518,440"/></Shape>
<TextLine HEIGHT="47" WIDTH="494" VPOS="445" HPOS="521"><String WC="0.5985714197" CONTENT="geftus," HEIGHT="41" WIDTH="96" VPOS="447" HPOS="521"/><SP WIDTH="7" VPOS="450" HPOS="618"/><String WC="0.6200000048" CONTENT="üs," HEIGHT="34" WIDTH="40" VPOS="450" HPOS="626"/><SP WIDTH="8" VPOS="457" HPOS="667"/><String WC="0.4699999988" CONTENT="m" HEIGHT="19" WIDTH="29" VPOS="457" HPOS="676"/><SP WIDTH="17" VPOS="456" HPOS="706"/><String WC="0.5299999714" CONTENT="4" HEIGHT="26" WIDTH="21" VPOS="456" HPOS="724"/><SP WIDTH="208" VPOS="451" HPOS="746"/><String WC="0.1766666621" CONTENT="448" HEIGHT="31" WIDTH="60" VPOS="449" HPOS="955"/></TextLine>
<TextLine HEIGHT="36" WIDTH="46" VPOS="485" HPOS="746" STYLEREFS="font3"><String STYLE="bold" WC="0.8500000238" CONTENT="Gi," HEIGHT="36" WIDTH="46" VPOS="485" HPOS="746"/></TextLine>
<TextLine HEIGHT="49" WIDTH="495" VPOS="525" HPOS="520"><String WC="0.4166666567" CONTENT="gibböfus," HEIGHT="42" WIDTH="134" VPOS="528" HPOS="520"/><SP WIDTH="8" VPOS="540" HPOS="654"/><String WC="0.3249999881" CONTENT="a," HEIGHT="24" WIDTH="24" VPOS="541" HPOS="662"/><SP WIDTH="10" VPOS="540" HPOS="686"/><String WC="0.3333333433" CONTENT="um," HEIGHT="19" WIDTH="59" VPOS="540" HPOS="696"/><SP WIDTH="133" VPOS="531" HPOS="755"/><String WC="0.2957142889" CONTENT="I72.408" HEIGHT="37" WIDTH="127" VPOS="528" HPOS="888"/></TextLine>
<TextLine HEIGHT="44" WIDTH="499" VPOS="572" HPOS="518"><String WC="0.4950000048" CONTENT="gigas," HEIGHT="39" WIDTH="83" VPOS="573" HPOS="518"/><SP WIDTH="8" VPOS="584" HPOS="602"/><String WC="0.5199999809" CONTENT="antis,m." HEIGHT="33" WIDTH="122" VPOS="573" HPOS="611"/><SP WIDTH="10" VPOS="580" HPOS="734"/><String WC="0.2399999946" CONTENT="3" HEIGHT="28" WIDTH="17" VPOS="580" HPOS="745"/><SP WIDTH="197" VPOS="574" HPOS="763"/><String WC="0.6000000238" CONTENT="*7*" HEIGHT="28" WIDTH="56" VPOS="576" HPOS="961"/></TextLine>
<TextLine HEIGHT="45" WIDTH="499" VPOS="611" HPOS="520"><String WC="0.5488888621" CONTENT="giugrina," HEIGHT="37" WIDTH="132" VPOS="615" HPOS="520"/><SP WIDTH="9" VPOS="625" HPOS="653"/><String WC="0.6439999938" CONTENT="a-,k." HEIGHT="35" WIDTH="60" VPOS="613" HPOS="663"/><SP WIDTH="14" VPOS="621" HPOS="724"/><String WC="0.1400000006" CONTENT="l" HEIGHT="21" WIDTH="13" VPOS="621" HPOS="739"/><SP WIDTH="206" VPOS="614" HPOS="753"/><String WC="0.4066666663" CONTENT="Z»4" HEIGHT="30" WIDTH="59" VPOS="616" HPOS="960"/></TextLine>
<TextLine HEIGHT="49" WIDTH="501" VPOS="647" HPOS="519"><String WC="0.4887500107" CONTENT="gingrio," HEIGHT="37" WIDTH="113" VPOS="655" HPOS="519"/><SP WIDTH="6" VPOS="658" HPOS="632"/><String WC="0.4550000131" CONTENT="Ir«," HEIGHT="31" WIDTH="50" VPOS="658" HPOS="638"/><SP WIDTH="9" VPOS="666" HPOS="688"/><String STYLEREFS="font3" WC="0.25" CONTENT="4" HEIGHT="26" WIDTH="22" VPOS="666" HPOS="697"/><SP WIDTH="278" VPOS="649" HPOS="719"/><String WC="0.7699999809" CONTENT="6" HEIGHT="28" WIDTH="23" VPOS="651" HPOS="997"/></TextLine>
<TextLine HEIGHT="48" WIDTH="495" VPOS="691" HPOS="519"><String WC="0.6639999747" CONTENT="girgillus," HEIGHT="40" WIDTH="127" VPOS="695" HPOS="519"/><SP WIDTH="6" VPOS="697" HPOS="647"/><String WC="0.474999994" CONTENT="i," HEIGHT="35" WIDTH="19" VPOS="697" HPOS="654"/><SP WIDTH="7" VPOS="706" HPOS="674"/><String WC="0.3799999952" CONTENT="m." HEIGHT="22" WIDTH="41" VPOS="706" HPOS="682"/><SP WIDTH="9" VPOS="702" HPOS="724"/><String WC="0.3400000036" CONTENT="*" HEIGHT="22" WIDTH="16" VPOS="702" HPOS="734"/><SP WIDTH="135" VPOS="699" HPOS="751"/><String WC="0.3228571415" CONTENT="ajo.ijt" HEIGHT="36" WIDTH="127" VPOS="694" HPOS="887"/></TextLine>
<TextLine HEIGHT="53" WIDTH="285" VPOS="729" HPOS="512"><String WC="1." CONTENT="!" HEIGHT="19" WIDTH="3" VPOS="760" HPOS="512"/><SP WIDTH="235" VPOS="732" HPOS="516"/><String WC="0.5533333421" CONTENT="Gl," HEIGHT="34" WIDTH="45" VPOS="731" HPOS="752"/></TextLine>
<TextLine HEIGHT="46" WIDTH="498" VPOS="776" HPOS="519"><String WC="0.5542857051" CONTENT="glaber," HEIGHT="42" WIDTH="100" VPOS="776" HPOS="519"/><SP WIDTH="12" VPOS="777" HPOS="619"/><String WC="0.5199999809" CONTENT="bra," HEIGHT="38" WIDTH="59" VPOS="777" HPOS="631"/><SP WIDTH="8" VPOS="779" HPOS="690"/><String WC="0.5500000119" CONTENT="brum." HEIGHT="30" WIDTH="94" VPOS="779" HPOS="698"/><SP WIDTH="163" VPOS="781" HPOS="792"/><String WC="0.4966666698" CONTENT="134" HEIGHT="32" WIDTH="62" VPOS="782" HPOS="955"/></TextLine>
<TextLine HEIGHT="44" WIDTH="499" VPOS="819" HPOS="518"><String WC="0.645714283" CONTENT="glabro," HEIGHT="40" WIDTH="106" VPOS="819" HPOS="518"/><SP WIDTH="9" VPOS="825" HPOS="625"/><String WC="0.9775000215" CONTENT="ävi," HEIGHT="34" WIDTH="50" VPOS="823" HPOS="635"/><SP WIDTH="7" VPOS="827" HPOS="686"/><String WC="0.3955555558" CONTENT="ätum,ät«&gt;" HEIGHT="35" WIDTH="138" VPOS="821" HPOS="694"/><SP WIDTH="10" VPOS="824" HPOS="833"/><String WC="0.6100000143" CONTENT="X-" HEIGHT="25" WIDTH="23" VPOS="824" HPOS="844"/><SP WIDTH="88" VPOS="826" HPOS="868"/><String WC="0.2533333302" CONTENT="210" HEIGHT="22" WIDTH="60" VPOS="825" HPOS="957"/></TextLine>
<TextLine HEIGHT="46" WIDTH="497" VPOS="861" HPOS="520"><String WC="0.5575000048" CONTENT="glacies," HEIGHT="40" WIDTH="103" VPOS="862" HPOS="520"/><SP WIDTH="8" VPOS="875" HPOS="624"/><String WC="0.5533333421" CONTENT="ei," HEIGHT="33" WIDTH="32" VPOS="865" HPOS="633"/><SP WIDTH="9" VPOS="863" HPOS="666"/><String WC="0.625" CONTENT="f." HEIGHT="30" WIDTH="19" VPOS="863" HPOS="676"/><SP WIDTH="10" VPOS="874" HPOS="696"/><String WC="0." CONTENT="7" HEIGHT="30" WIDTH="16" VPOS="874" HPOS="707"/><SP WIDTH="110" VPOS="868" HPOS="724"/><String WC="7.500000298e-002" CONTENT="34" HEIGHT="29" WIDTH="38" VPOS="867" HPOS="835"/><SP WIDTH="16" VPOS="867" HPOS="874"/><String WC="0.4799999893" CONTENT="3«,5-28" HEIGHT="34" WIDTH="126" VPOS="864" HPOS="891"/></TextLine>
<TextLine HEIGHT="51" WIDTH="499" VPOS="898" HPOS="520"><String WC="0.2845454514" CONTENT="gladjus,ii," HEIGHT="43" WIDTH="145" VPOS="903" HPOS="520"/><SP WIDTH="7" VPOS="914" HPOS="665"/><String WC="0.8849999905" CONTENT="m." HEIGHT="19" WIDTH="40" VPOS="914" HPOS="673"/><SP WIDTH="8" VPOS="917" HPOS="714"/><String WC="0.150000006" CONTENT="a" HEIGHT="18" WIDTH="16" VPOS="917" HPOS="723"/><SP WIDTH="68" VPOS="910" HPOS="740"/><String WC="0.4655555487" CONTENT="442.474,5" HEIGHT="32" WIDTH="161" VPOS="909" HPOS="809"/><SP WIDTH="11" VPOS="909" HPOS="970"/><String WC="0.4900000095" CONTENT="r6" HEIGHT="28" WIDTH="38" VPOS="902" HPOS="981"/></TextLine>
<TextLine HEIGHT="54" WIDTH="496" VPOS="937" HPOS="521"><String WC="0.5068749785" CONTENT="glans,glandis,f," HEIGHT="46" WIDTH="243" VPOS="942" HPOS="521"/><SP WIDTH="12" VPOS="956" HPOS="765"/><String WC="0.1400000006" CONTENT="3" HEIGHT="28" WIDTH="12" VPOS="957" HPOS="778"/><SP WIDTH="187" VPOS="951" HPOS="791"/><String WC="0.875" CONTENT="56" HEIGHT="38" WIDTH="38" VPOS="941" HPOS="979"/></TextLine>
<TextLine HEIGHT="50" WIDTH="496" VPOS="983" HPOS="521"><String WC="0.551666677" CONTENT="gleba," HEIGHT="40" WIDTH="88" VPOS="989" HPOS="521"/><SP WIDTH="9" VPOS="1001" HPOS="610"/><String STYLE="italics" WC="0.4799999893" CONTENT="x,f." HEIGHT="35" WIDTH="55" VPOS="990" HPOS="620"/><SP WIDTH="13" VPOS="1000" HPOS="676"/><String STYLE="italics" WC="1." CONTENT="r." HEIGHT="18" WIDTH="10" VPOS="1000" HPOS="690"/><SP WIDTH="185" VPOS="993" HPOS="701"/><String WC="0.2457142919" CONTENT="140:178" HEIGHT="38" WIDTH="130" VPOS="986" HPOS="887"/></TextLine>
<TextLine HEIGHT="46" WIDTH="497" VPOS="1027" HPOS="520"><String WC="0.5720000267" CONTENT="glis," HEIGHT="37" WIDTH="59" VPOS="1032" HPOS="520"/><SP WIDTH="8" VPOS="1043" HPOS="580"/><String WC="0.637142837" CONTENT="gliris," HEIGHT="38" WIDTH="80" VPOS="1032" HPOS="589"/><SP WIDTH="8" VPOS="1042" HPOS="670"/><String WC="0.275000006" CONTENT="m." HEIGHT="19" WIDTH="40" VPOS="1042" HPOS="679"/><SP WIDTH="12" VPOS="1037" HPOS="720"/><String WC="0.1800000072" CONTENT="J" HEIGHT="29" WIDTH="15" VPOS="1037" HPOS="733"/><SP WIDTH="208" VPOS="1029" HPOS="749"/><String WC="0.3433333337" CONTENT="IO»" HEIGHT="23" WIDTH="59" VPOS="1031" HPOS="958"/></TextLine>
<TextLine HEIGHT="45" WIDTH="496" VPOS="1066" HPOS="521" STYLEREFS="font2"><String WC="0.5011110902" CONTENT="globülus," HEIGHT="37" WIDTH="140" VPOS="1071" HPOS="521"/><SP WIDTH="7" VPOS="1074" HPOS="662"/><String WC="0.4149999917" CONTENT="i," HEIGHT="29" WIDTH="17" VPOS="1074" HPOS="670"/><SP WIDTH="8" VPOS="1081" HPOS="688"/><String WC="0.5799999833" CONTENT="m." HEIGHT="16" WIDTH="36" VPOS="1081" HPOS="697"/><SP WIDTH="10" VPOS="1080" HPOS="734"/><String STYLE="italics" WC="0.7300000191" CONTENT="»" HEIGHT="19" WIDTH="16" VPOS="1080" HPOS="745"/><SP WIDTH="124" VPOS="1072" HPOS="762"/><String WC="0.3799999952" CONTENT="24®*38»" HEIGHT="33" WIDTH="130" VPOS="1069" HPOS="887"/></TextLine>
<TextLine HEIGHT="45" WIDTH="499" VPOS="1105" HPOS="520" STYLEREFS="font2"><String WC="0.4942857027" CONTENT="globus," HEIGHT="36" WIDTH="107" VPOS="1110" HPOS="520"/><SP WIDTH="8" VPOS="1109" HPOS="628"/><String WC="0.8700000048" CONTENT="bi," HEIGHT="33" WIDTH="38" VPOS="1109" HPOS="637"/><SP WIDTH="7" VPOS="1119" HPOS="676"/><String WC="1." CONTENT="rn." HEIGHT="16" WIDTH="36" VPOS="1119" HPOS="684"/><SP WIDTH="12" VPOS="1119" HPOS="721"/><String WC="0.2800000012" CONTENT="2" HEIGHT="17" WIDTH="14" VPOS="1119" HPOS="734"/><SP WIDTH="140" VPOS="1113" HPOS="749"/><String WC="0.2857142985" CONTENT="270.396" HEIGHT="38" WIDTH="129" VPOS="1108" HPOS="890"/></TextLine>
<TextLine HEIGHT="47" WIDTH="502" VPOS="1144" HPOS="521" STYLEREFS="font2"><String WC="0.3637500107" CONTENT="glomero," HEIGHT="38" WIDTH="134" VPOS="1149" HPOS="521"/><SP WIDTH="6" VPOS="1150" HPOS="656"/><String WC="0.5375000238" CONTENT="ävi," HEIGHT="33" WIDTH="51" VPOS="1149" HPOS="663"/><SP WIDTH="6" VPOS="1151" HPOS="715"/><String WC="0.2919999957" CONTENT="ätum," HEIGHT="32" WIDTH="87" VPOS="1151" HPOS="722"/><SP WIDTH="7" VPOS="1147" HPOS="810"/><String WC="0.412499994" CONTENT="äre," HEIGHT="35" WIDTH="53" VPOS="1147" HPOS="818"/><SP WIDTH="4" VPOS="1155" HPOS="872"/><String WC="1." CONTENT="1" HEIGHT="21" WIDTH="13" VPOS="1155" HPOS="877"/><SP WIDTH="63" VPOS="1155" HPOS="891"/><String WC="0.1199999973" CONTENT="13" HEIGHT="28" WIDTH="38" VPOS="1160" HPOS="955"/><SP WIDTH="5" VPOS="1160" HPOS="994"/><String WC="0.2450000048" CONTENT="ey" HEIGHT="19" WIDTH="23" VPOS="1160" HPOS="1000"/></TextLine>
</TextBlock>
<TextBlock ID="Page1_Block6" HEIGHT="47" WIDTH="159" VPOS="1237" HPOS="103" language="de" STYLEREFS="font2"><Shape><Polygon POINTS="114,1246 272,1246 272,1292 114,1292 114,1246"/></Shape>
<TextLine HEIGHT="37" WIDTH="146" VPOS="1238" HPOS="103"><String WC="0.337500006" CONTENT="lus," HEIGHT="35" WIDTH="44" VPOS="1238" HPOS="103"/><SP WIDTH="9" VPOS="1252" HPOS="147"/><String STYLEREFS="font3" WC="0.5249999762" CONTENT="a," HEIGHT="22" WIDTH="23" VPOS="1252" HPOS="156"/><SP WIDTH="10" VPOS="1251" HPOS="179"/><String WC="0.6100000143" CONTENT="um." HEIGHT="21" WIDTH="60" VPOS="1251" HPOS="189"/></TextLine>
</TextBlock>
<TextBlock ID="Page1_Block7" HEIGHT="518" WIDTH="357" VPOS="1220" HPOS="18" language="de" STYLEREFS="font2"><Shape><Polygon POINTS="32,1230 122,1230 122,1280 370,1280 370,1314 386,1314 386,1534 384,1534 384,1588 310,1588 310,1710 296,1710 296,1740 258,1740 258,1746 90,1746 90,1730 50,1730 50,1710 32,1710 32,1230"/></Shape>
<TextLine HEIGHT="36" WIDTH="91" VPOS="1228" HPOS="21"><String WC="0.6557142735" CONTENT="8&apos;mell," HEIGHT="36" WIDTH="91" VPOS="1228" HPOS="21"/></TextLine>
<TextLine HEIGHT="53" WIDTH="335" VPOS="1270" HPOS="21"><String WC="0.458571434" CONTENT="Asiens," HEIGHT="42" WIDTH="107" VPOS="1270" HPOS="21"/><SP WIDTH="8" VPOS="1292" HPOS="129"/><String WC="0.5450000167" CONTENT="entis," HEIGHT="35" WIDTH="76" VPOS="1283" HPOS="138"/><SP WIDTH="10" VPOS="1295" HPOS="215"/><String WC="0.7059999704" CONTENT="park," HEIGHT="32" WIDTH="66" VPOS="1290" HPOS="226"/><SP WIDTH="9" VPOS="1293" HPOS="293"/><String WC="0.6299999952" CONTENT="o," HEIGHT="26" WIDTH="27" VPOS="1293" HPOS="303"/><SP WIDTH="10" VPOS="1291" HPOS="331"/><String WC="0.1899999976" CONTENT="}" HEIGHT="30" WIDTH="14" VPOS="1291" HPOS="342"/></TextLine>
<TextLine HEIGHT="55" WIDTH="326" VPOS="1311" HPOS="21"><String WC="0.2399999946" CONTENT="8" HEIGHT="29" WIDTH="12" VPOS="1311" HPOS="21"/><String STYLE="superscript" WC="0.275000006" CONTENT="ei" HEIGHT="21" WIDTH="20" VPOS="1315" HPOS="35"/><String WC="0.3833333254" CONTENT="*&gt;ini," HEIGHT="36" WIDTH="66" VPOS="1320" HPOS="55"/><SP WIDTH="8" VPOS="1326" HPOS="122"/><String WC="0.5166666508" CONTENT="öruin," HEIGHT="31" WIDTH="87" VPOS="1326" HPOS="131"/><SP WIDTH="7" VPOS="1336" HPOS="219"/><String WC="0.4699999988" CONTENT="m," HEIGHT="22" WIDTH="37" VPOS="1336" HPOS="227"/><SP WIDTH="10" VPOS="1338" HPOS="265"/><String WC="0.4074999988" CONTENT="j,pL" HEIGHT="40" WIDTH="71" VPOS="1326" HPOS="276"/></TextLine>
<TextLine HEIGHT="33" WIDTH="86" VPOS="1366" HPOS="134"><String WC="0.2399999946" CONTENT="*" HEIGHT="21" WIDTH="21" VPOS="1376" HPOS="134"/><SP WIDTH="19" VPOS="1366" HPOS="155"/><String WC="0.5550000072" CONTENT="f." HEIGHT="33" WIDTH="21" VPOS="1366" HPOS="174"/><SP WIDTH="12" VPOS="1378" HPOS="195"/><String STYLE="italics" WC="0.5400000215" CONTENT="1" HEIGHT="19" WIDTH="11" VPOS="1378" HPOS="208"/></TextLine>
<TextLine HEIGHT="45" WIDTH="176" VPOS="1395" HPOS="20"><String STYLE="bold" STYLEREFS="font5" WC="0.5199999809" CONTENT="8" HEIGHT="27" WIDTH="13" VPOS="1395" HPOS="20"/><String STYLE="superscript" WC="0.4250000119" CONTENT="Sl" HEIGHT="21" WIDTH="18" VPOS="1397" HPOS="35"/><String WC="0.5199999809" CONTENT="&apos;" HEIGHT="20" WIDTH="9" VPOS="1402" HPOS="54"/><String STYLE="superscript" WC="0.2399999946" CONTENT="a" HEIGHT="19" WIDTH="11" VPOS="1407" HPOS="66"/><String WC="0.3100000024" CONTENT="]" HEIGHT="13" WIDTH="5" VPOS="1419" HPOS="80"/><SP WIDTH="11" VPOS="1414" HPOS="86"/><String WC="0.5249999762" CONTENT="s," HEIGHT="25" WIDTH="28" VPOS="1414" HPOS="98"/><SP WIDTH="7" VPOS="1406" HPOS="127"/><String WC="0.3849999905" CONTENT="f." HEIGHT="28" WIDTH="19" VPOS="1406" HPOS="135"/><SP WIDTH="12" VPOS="1418" HPOS="155"/><String WC="0.6449999809" CONTENT="1," HEIGHT="18" WIDTH="28" VPOS="1418" HPOS="168"/></TextLine>
<TextLine HEIGHT="51" WIDTH="352" VPOS="1436" HPOS="20"><String WC="0.5774999857" CONTENT="S&apos;bet-o," HEIGHT="44" WIDTH="100" VPOS="1436" HPOS="20"/><SP WIDTH="8" VPOS="1450" HPOS="121"/><String WC="0.4499999881" CONTENT="ävi," HEIGHT="33" WIDTH="48" VPOS="1450" HPOS="130"/><SP WIDTH="10" VPOS="1459" HPOS="179"/><String WC="0.3560000062" CONTENT="atum," HEIGHT="30" WIDTH="91" VPOS="1456" HPOS="190"/><SP WIDTH="12" VPOS="1460" HPOS="282"/><String WC="0.2975000143" CONTENT="are," HEIGHT="26" WIDTH="54" VPOS="1459" HPOS="295"/><SP WIDTH="12" VPOS="1461" HPOS="350"/><String WC="0.3100000024" CONTENT="1" HEIGHT="18" WIDTH="9" VPOS="1461" HPOS="363"/></TextLine>
<TextLine HEIGHT="47" WIDTH="248" VPOS="1479" HPOS="20"><String STYLE="bold" STYLEREFS="font3" WC="0.6800000072" CONTENT="«&apos;■üculmn,!," HEIGHT="47" WIDTH="178" VPOS="1479" HPOS="20"/><SP WIDTH="6" VPOS="1501" HPOS="198"/><String STYLE="bold" STYLEREFS="font3" WC="0.4650000036" CONTENT="n." HEIGHT="21" WIDTH="28" VPOS="1501" HPOS="205"/><SP WIDTH="11" VPOS="1499" HPOS="234"/><String STYLE="bold" STYLEREFS="font3" WC="0.625" CONTENT="2," HEIGHT="25" WIDTH="21" VPOS="1499" HPOS="246"/></TextLine>
<TextLine HEIGHT="49" WIDTH="346" VPOS="1521" HPOS="20"><String WC="0.6150000095" CONTENT="«&apos;" HEIGHT="24" WIDTH="25" VPOS="1521" HPOS="20"/><String STYLE="superscript" WC="0.3266666532" CONTENT="ntl" HEIGHT="25" WIDTH="33" VPOS="1524" HPOS="48"/><String WC="0.573333323" CONTENT="&apos;li" HEIGHT="29" WIDTH="23" VPOS="1523" HPOS="77"/><String STYLE="subscript" WC="0.4950000048" CONTENT="S)" HEIGHT="25" WIDTH="19" VPOS="1538" HPOS="102"/><SP WIDTH="8" VPOS="1531" HPOS="122"/><String WC="0.2700000107" CONTENT=";" HEIGHT="26" WIDTH="6" VPOS="1531" HPOS="131"/><String STYLE="subscript" WC="0.275000006" CONTENT="S)" HEIGHT="25" WIDTH="19" VPOS="1541" HPOS="140"/><SP WIDTH="9" VPOS="1542" HPOS="160"/><String STYLE="subscript" WC="0.6399999857" CONTENT="c" HEIGHT="19" WIDTH="14" VPOS="1542" HPOS="170"/><String WC="1." CONTENT="." HEIGHT="8" WIDTH="6" VPOS="1553" HPOS="187"/><SP WIDTH="10" VPOS="1542" HPOS="194"/><String STYLE="subscript" WC="0.2399999946" CONTENT="?" HEIGHT="27" WIDTH="11" VPOS="1542" HPOS="205"/><String WC="0.4966666698" CONTENT=".«," HEIGHT="25" WIDTH="39" VPOS="1542" HPOS="224"/><SP WIDTH="4" VPOS="1531" HPOS="264"/><String WC="0.453333348" CONTENT="is," HEIGHT="35" WIDTH="31" VPOS="1531" HPOS="269"/><SP WIDTH="8" VPOS="1541" HPOS="301"/><String WC="0.4566666782" CONTENT="n,}" HEIGHT="27" WIDTH="56" VPOS="1542" HPOS="310"/></TextLine>
<TextLine HEIGHT="44" WIDTH="269" VPOS="1566" HPOS="20"><String WC="0.5899999738" CONTENT="«" HEIGHT="15" WIDTH="13" VPOS="1571" HPOS="20"/><SP WIDTH="14" VPOS="1566" HPOS="34"/><String STYLE="superscript" WC="0.4499999881" CONTENT="tlt" HEIGHT="23" WIDTH="26" VPOS="1566" HPOS="49"/><String WC="0.3000000119" CONTENT="dism" HEIGHT="31" WIDTH="67" VPOS="1567" HPOS="77"/><String STYLE="subscript" WC="0.2599999905" CONTENT="i" HEIGHT="6" WIDTH="3" VPOS="1599" HPOS="144"/><String WC="0.474999994" CONTENT="us" HEIGHT="20" WIDTH="30" VPOS="1581" HPOS="145"/><String STYLE="subscript" WC="0.2399999946" CONTENT="t" HEIGHT="15" WIDTH="12" VPOS="1595" HPOS="181"/><String WC="0.7749999762" CONTENT="i," HEIGHT="34" WIDTH="18" VPOS="1575" HPOS="200"/><SP WIDTH="7" VPOS="1584" HPOS="219"/><String WC="0.474999994" CONTENT="m." HEIGHT="19" WIDTH="39" VPOS="1584" HPOS="227"/><SP WIDTH="8" VPOS="1585" HPOS="267"/><String WC="0.2700000107" CONTENT="2" HEIGHT="19" WIDTH="13" VPOS="1585" HPOS="276"/></TextLine>
<TextLine HEIGHT="68" WIDTH="175" VPOS="1597" HPOS="20"><String STYLE="bold" STYLEREFS="font3" WC="0.6200000048" CONTENT="^&gt;u,n" HEIGHT="67" WIDTH="136" VPOS="1597" HPOS="20"/><String STYLEREFS="font3" WC="0.6299999952" CONTENT=".4" HEIGHT="26" WIDTH="34" VPOS="1625" HPOS="160"/></TextLine>
<TextLine HEIGHT="47" WIDTH="214" VPOS="1645" HPOS="22"><String WC="0.6750000119" CONTENT="*&apos;" HEIGHT="24" WIDTH="26" VPOS="1645" HPOS="22"/><String STYLE="superscript" WC="0.2450000048" CONTENT="nu" HEIGHT="25" WIDTH="33" VPOS="1648" HPOS="50"/><String WC="0.573333323" CONTENT="s.eris,n," HEIGHT="33" WIDTH="125" VPOS="1656" HPOS="86"/><SP WIDTH="11" VPOS="1667" HPOS="212"/><String WC="0.2700000107" CONTENT="3" HEIGHT="25" WIDTH="12" VPOS="1667" HPOS="224"/></TextLine>
<TextLine HEIGHT="46" WIDTH="237" VPOS="1685" HPOS="36"><String STYLE="superscript" WC="0.2399999946" CONTENT="e" HEIGHT="19" WIDTH="10" VPOS="1685" HPOS="37"/><String WC="0.5128571391" CONTENT="°mctra," HEIGHT="40" WIDTH="107" VPOS="1690" HPOS="50"/><SP WIDTH="12" VPOS="1706" HPOS="157"/><String STYLE="italics" WC="0.5350000262" CONTENT="x," HEIGHT="24" WIDTH="29" VPOS="1706" HPOS="169"/><SP WIDTH="9" VPOS="1706" HPOS="198"/><String WC="0.7850000262" CONTENT="m." HEIGHT="18" WIDTH="35" VPOS="1706" HPOS="208"/><SP WIDTH="14" VPOS="1708" HPOS="244"/><String WC="0.1400000006" CONTENT="1" HEIGHT="18" WIDTH="14" VPOS="1708" HPOS="259"/></TextLine>
</TextBlock>
<TextBlock ID="Page1_Block8" HEIGHT="396" WIDTH="407" VPOS="1180" HPOS="437" language="de" STYLEREFS="font2"><Shape><Polygon POINTS="524,1186 650,1186 650,1198 750,1198 750,1226 854,1226 854,1540 804,1540 804,1570 522,1570 522,1582 454,1582 454,1540 452,1540 452,1438 454,1438 454,1380 448,1380 448,1306 524,1306 524,1268 556,1268 556,1236 524,1236 524,1186"/></Shape>
<TextLine HEIGHT="40" WIDTH="215" VPOS="1190" HPOS="522"><String WC="0.5057142973" CONTENT="glomus," HEIGHT="39" WIDTH="115" VPOS="1190" HPOS="522"/><SP WIDTH="9" VPOS="1200" HPOS="638"/><String WC="0.4550000131" CONTENT="1," HEIGHT="24" WIDTH="17" VPOS="1200" HPOS="648"/><SP WIDTH="7" VPOS="1200" HPOS="666"/><String WC="0.6700000167" CONTENT="m." HEIGHT="18" WIDTH="37" VPOS="1200" HPOS="674"/><SP WIDTH="10" VPOS="1200" HPOS="712"/><String WC="1." CONTENT="»" HEIGHT="18" WIDTH="14" VPOS="1200" HPOS="723"/></TextLine>
<TextLine HEIGHT="37" WIDTH="173" VPOS="1230" HPOS="545"><String WC="0.5299999714" CONTENT="!uma," HEIGHT="32" WIDTH="77" VPOS="1234" HPOS="545"/><SP WIDTH="8" VPOS="1242" HPOS="622"/><String STYLE="italics" WC="0.7200000286" CONTENT="x," HEIGHT="23" WIDTH="30" VPOS="1242" HPOS="630"/><SP WIDTH="11" VPOS="1231" HPOS="660"/><String WC="0.4550000131" CONTENT="f," HEIGHT="34" WIDTH="23" VPOS="1231" HPOS="671"/><SP WIDTH="11" VPOS="1242" HPOS="694"/><String WC="0.1800000072" CONTENT="1" HEIGHT="22" WIDTH="13" VPOS="1242" HPOS="705"/></TextLine>
<TextLine HEIGHT="44" WIDTH="237" VPOS="1274" HPOS="520"><String WC="0.4799999893" CONTENT="glu»n,mis," HEIGHT="44" WIDTH="169" VPOS="1274" HPOS="520"/><SP WIDTH="10" VPOS="1285" HPOS="690"/><String WC="0.5950000286" CONTENT="n," HEIGHT="24" WIDTH="33" VPOS="1285" HPOS="701"/><SP WIDTH="8" VPOS="1286" HPOS="735"/><String WC="0.2399999946" CONTENT="5" HEIGHT="27" WIDTH="13" VPOS="1286" HPOS="744"/></TextLine>
<TextLine HEIGHT="50" WIDTH="335" VPOS="1316" HPOS="444"><String WC="0.3933333457" CONTENT="jpl" HEIGHT="32" WIDTH="58" VPOS="1331" HPOS="444"/><SP WIDTH="15" VPOS="1330" HPOS="503"/><String WC="0.5327273011" CONTENT="glutinöfus," HEIGHT="47" WIDTH="156" VPOS="1316" HPOS="519"/><SP WIDTH="10" VPOS="1329" HPOS="676"/><String WC="0.5550000072" CONTENT="a," HEIGHT="24" WIDTH="23" VPOS="1329" HPOS="687"/><SP WIDTH="8" VPOS="1328" HPOS="711"/><String WC="0.5533333421" CONTENT="um," HEIGHT="25" WIDTH="59" VPOS="1327" HPOS="720"/></TextLine>
<TextLine HEIGHT="50" WIDTH="361" VPOS="1358" HPOS="464"><String WC="0.1099999994" CONTENT="48" HEIGHT="33" WIDTH="38" VPOS="1372" HPOS="464"/><SP WIDTH="202" VPOS="1358" HPOS="502"/><String WC="0.5633333325" CONTENT="Gn." HEIGHT="29" WIDTH="54" VPOS="1360" HPOS="704"/><SP WIDTH="11" VPOS="1362" HPOS="758"/><String WC="0.5166666508" CONTENT="Go," HEIGHT="33" WIDTH="56" VPOS="1362" HPOS="769"/></TextLine>
<TextLine HEIGHT="49" WIDTH="390" VPOS="1401" HPOS="450"><String WC="0.1099999994" CONTENT="14g" HEIGHT="28" WIDTH="52" VPOS="1419" HPOS="450"/><SP WIDTH="16" VPOS="1406" HPOS="503"/><String WC="0.3116666675" CONTENT="Gnom»," HEIGHT="30" WIDTH="118" VPOS="1406" HPOS="520"/><SP WIDTH="6" VPOS="1411" HPOS="639"/><String WC="0.5600000024" CONTENT="*,&amp;" HEIGHT="33" WIDTH="59" VPOS="1402" HPOS="646"/><SP WIDTH="9" VPOS="1403" HPOS="706"/><String WC="0.4650000036" CONTENT="e," HEIGHT="26" WIDTH="24" VPOS="1412" HPOS="716"/><SP WIDTH="8" VPOS="1414" HPOS="741"/><String WC="0.4433333278" CONTENT="es," HEIGHT="26" WIDTH="35" VPOS="1414" HPOS="750"/><SP WIDTH="7" VPOS="1405" HPOS="786"/><String WC="0.6750000119" CONTENT="k." HEIGHT="29" WIDTH="20" VPOS="1405" HPOS="794"/><SP WIDTH="11" VPOS="1415" HPOS="815"/><String WC="0.8199999928" CONTENT="x" HEIGHT="20" WIDTH="13" VPOS="1415" HPOS="827"/></TextLine>
<TextLine HEIGHT="52" WIDTH="364" VPOS="1441" HPOS="445"><String STYLEREFS="font3" WC="0.2833333313" CONTENT="46jlgn" HEIGHT="50" WIDTH="112" VPOS="1441" HPOS="445"/><String STYLE="superscript" STYLEREFS="font3" WC="0.5699999928" CONTENT="o" HEIGHT="17" WIDTH="17" VPOS="1456" HPOS="559"/><String STYLEREFS="font3" WC="0.4133333266" CONTENT="m°n" HEIGHT="19" WIDTH="66" VPOS="1452" HPOS="580"/><String STYLE="subscript" STYLEREFS="font3" WC="0.3799999952" CONTENT=")" HEIGHT="15" WIDTH="6" VPOS="1461" HPOS="649"/><String STYLEREFS="font3" WC="0.4157142937" CONTENT=".oms,m." HEIGHT="29" WIDTH="124" VPOS="1454" HPOS="658"/><SP WIDTH="12" VPOS="1459" HPOS="783"/><String STYLEREFS="font3" WC="0.150000006" CONTENT="3" HEIGHT="26" WIDTH="13" VPOS="1459" HPOS="796"/></TextLine>
<TextLine HEIGHT="44" WIDTH="271" VPOS="1485" HPOS="467"><String WC="0.575555563" CONTENT="^igobius," HEIGHT="42" WIDTH="160" VPOS="1486" HPOS="467"/><SP WIDTH="9" VPOS="1486" HPOS="627"/><String WC="0.5033333302" CONTENT="ii," HEIGHT="35" WIDTH="28" VPOS="1486" HPOS="636"/><SP WIDTH="8" VPOS="1497" HPOS="664"/><String WC="0.8399999738" CONTENT="m." HEIGHT="20" WIDTH="36" VPOS="1497" HPOS="672"/><SP WIDTH="10" VPOS="1501" HPOS="709"/><String WC="0.1400000006" CONTENT="a" HEIGHT="19" WIDTH="17" VPOS="1501" HPOS="720"/></TextLine>
<TextLine HEIGHT="45" WIDTH="339" VPOS="1527" HPOS="449"><String WC="0.3300000131" CONTENT="57" HEIGHT="27" WIDTH="34" VPOS="1542" HPOS="449"/><SP WIDTH="5" VPOS="1543" HPOS="484"/><String WC="0.2549999952" CONTENT="21" HEIGHT="37" WIDTH="25" VPOS="1527" HPOS="490"/><SP WIDTH="221" VPOS="1527" HPOS="516"/><String WC="0.4233333468" CONTENT="Gr," HEIGHT="31" WIDTH="50" VPOS="1532" HPOS="738"/></TextLine>
</TextBlock>
<TextBlock ID="Page1_Block9" HEIGHT="68" WIDTH="249" VPOS="1716" HPOS="37" language="de" STYLEREFS="font3"><Shape><Polygon POINTS="52,1726 300,1726 300,1792 52,1792 52,1726"/></Shape>
<TextLine HEIGHT="45" WIDTH="225" VPOS="1729" HPOS="45"><String STYLE="superscript" WC="0.25" CONTENT="e6" HEIGHT="23" WIDTH="29" VPOS="1729" HPOS="45"/><String WC="0.3824999928" CONTENT="*ietria," HEIGHT="34" WIDTH="100" VPOS="1738" HPOS="77"/><SP WIDTH="9" VPOS="1747" HPOS="178"/><String WC="0.4099999964" CONTENT="*," HEIGHT="26" WIDTH="29" VPOS="1748" HPOS="188"/><SP WIDTH="7" VPOS="1736" HPOS="218"/><String WC="0.4050000012" CONTENT="f." HEIGHT="30" WIDTH="19" VPOS="1736" HPOS="226"/><SP WIDTH="12" VPOS="1747" HPOS="246"/><String WC="0.2599999905" CONTENT="1" HEIGHT="19" WIDTH="11" VPOS="1747" HPOS="259"/></TextLine>
</TextBlock>
<TextBlock ID="Page1_Block10" HEIGHT="208" WIDTH="167" VPOS="1395" HPOS="867" language="de" STYLEREFS="font3"><Shape><Polygon POINTS="880,1398 1046,1398 1046,1604 1008,1604 1008,1568 880,1568 880,1398"/></Shape>
<TextLine HEIGHT="33" WIDTH="60" VPOS="1409" HPOS="957" STYLEREFS="font3"><String STYLE="bold" WC="0.2666666806" CONTENT=";8o" HEIGHT="33" WIDTH="60" VPOS="1409" HPOS="957"/></TextLine>
<TextLine HEIGHT="41" WIDTH="133" VPOS="1442" HPOS="886"><String WC="0.3071428537" CONTENT="276,360" HEIGHT="41" WIDTH="133" VPOS="1442" HPOS="886"/></TextLine>
<TextLine HEIGHT="29" WIDTH="60" VPOS="1496" HPOS="959" STYLEREFS="font2"><String WC="0.2833333313" CONTENT="134" HEIGHT="29" WIDTH="60" VPOS="1496" HPOS="959"/></TextLine>
<TextLine HEIGHT="28" WIDTH="17" VPOS="1573" HPOS="1000" STYLEREFS="font5"><String STYLE="bold" STYLEREFS="font3" WC="0.2399999946" CONTENT="8" HEIGHT="28" WIDTH="17" VPOS="1573" HPOS="1000"/></TextLine>
</TextBlock>
<TextBlock ID="Page1_Block11" HEIGHT="277" WIDTH="727" VPOS="1552" HPOS="299" language="de" STYLEREFS="font2"><Shape><Polygon POINTS="314,1560 800,1560 800,1590 1036,1590 1036,1644 1040,1644 1040,1830 314,1830 314,1560"/></Shape>
<TextLine HEIGHT="25" WIDTH="477" VPOS="1553" HPOS="310" STYLEREFS="font1"><String STYLE="bold" WC="0.4833333194" CONTENT="*,," HEIGHT="13" WIDTH="33" VPOS="1553" HPOS="310"/><SP WIDTH="5" VPOS="1553" HPOS="344"/><String STYLE="bold" WC="0." CONTENT="&gt;" HEIGHT="16" WIDTH="16" VPOS="1553" HPOS="350"/><SP WIDTH="81" VPOS="1553" HPOS="367"/><String STYLE="bold italics" WC="0.8600000143" CONTENT="&gt;," HEIGHT="15" WIDTH="30" VPOS="1554" HPOS="449"/><SP WIDTH="9" VPOS="1554" HPOS="480"/><String STYLE="bold italics" WC="0.6499999762" CONTENT="-" HEIGHT="7" WIDTH="14" VPOS="1554" HPOS="490"/><SP WIDTH="71" VPOS="1554" HPOS="505"/><String STYLEREFS="font0" WC="0.7900000215" CONTENT="." HEIGHT="3" WIDTH="2" VPOS="1567" HPOS="577"/><SP WIDTH="17" VPOS="1566" HPOS="580"/><String STYLE="subscript" STYLEREFS="font4" WC="0.2300000042" CONTENT="o" HEIGHT="10" WIDTH="13" VPOS="1566" HPOS="598"/><SP WIDTH="132" VPOS="1555" HPOS="612"/><String STYLE="bold" WC="1." CONTENT="—" HEIGHT="7" WIDTH="42" VPOS="1556" HPOS="745"/></TextLine>
<TextLine HEIGHT="51" WIDTH="634" VPOS="1566" HPOS="380"><String WC="0.3874999881" CONTENT="77-2.588" HEIGHT="35" WIDTH="124" VPOS="1577" HPOS="380"/><SP WIDTH="18" VPOS="1569" HPOS="505"/><String WC="0.4699999988" CONTENT="Graculus," HEIGHT="40" WIDTH="141" VPOS="1567" HPOS="524"/><SP WIDTH="7" VPOS="1572" HPOS="666"/><String WC="0.5849999785" CONTENT="i," HEIGHT="35" WIDTH="18" VPOS="1572" HPOS="674"/><SP WIDTH="9" VPOS="1583" HPOS="693"/><String WC="0.7200000286" CONTENT="m." HEIGHT="20" WIDTH="38" VPOS="1583" HPOS="703"/><SP WIDTH="10" VPOS="1584" HPOS="742"/><String WC="0.150000006" CONTENT="a" HEIGHT="19" WIDTH="18" VPOS="1584" HPOS="753"/><SP WIDTH="227" VPOS="1584" HPOS="772"/><String WC="1." CONTENT="«" HEIGHT="13" WIDTH="14" VPOS="1588" HPOS="1000"/></TextLine>
<TextLine HEIGHT="49" WIDTH="569" VPOS="1608" HPOS="452"><String WC="0.1166666672" CONTENT="148" HEIGHT="32" WIDTH="53" VPOS="1620" HPOS="452"/><SP WIDTH="16" VPOS="1620" HPOS="506"/><String WC="0.4487499893" CONTENT="gradior," HEIGHT="42" WIDTH="116" VPOS="1608" HPOS="523"/><SP WIDTH="8" VPOS="1623" HPOS="639"/><String WC="0.5471428633" CONTENT="greffus" HEIGHT="40" WIDTH="101" VPOS="1614" HPOS="648"/><SP WIDTH="6" VPOS="1613" HPOS="750"/><String WC="0.3474999964" CONTENT="fum&gt;" HEIGHT="38" WIDTH="69" VPOS="1613" HPOS="756"/><SP WIDTH="6" VPOS="1625" HPOS="825"/><String WC="0.4900000095" CONTENT="gradi,?" HEIGHT="44" WIDTH="102" VPOS="1611" HPOS="832"/><SP WIDTH="43" VPOS="1619" HPOS="934"/><String WC="0.3100000024" CONTENT="72" HEIGHT="30" WIDTH="42" VPOS="1619" HPOS="978"/></TextLine>
<TextLine HEIGHT="58" WIDTH="715" VPOS="1646" HPOS="307"><String WC="0.5872727036" CONTENT="X34.172.460" HEIGHT="41" WIDTH="200" VPOS="1658" HPOS="307"/><SP WIDTH="13" VPOS="1663" HPOS="508"/><String WC="0.4720000029" CONTENT="gradus,äs," HEIGHT="41" WIDTH="157" VPOS="1651" HPOS="522"/><SP WIDTH="10" VPOS="1667" HPOS="680"/><String WC="0.6875" CONTENT="m.4," HEIGHT="29" WIDTH="76" VPOS="1667" HPOS="691"/><SP WIDTH="49" VPOS="1666" HPOS="768"/><String WC="0.5545454621" CONTENT="262.3-6.4,6" HEIGHT="46" WIDTH="204" VPOS="1650" HPOS="818"/></TextLine>
<TextLine HEIGHT="50" WIDTH="645" VPOS="1694" HPOS="373"><String WC="0.5457142591" CONTENT="390.416" HEIGHT="44" WIDTH="134" VPOS="1695" HPOS="373"/><SP WIDTH="14" VPOS="1695" HPOS="508"/><String WC="0.7425000072" CONTENT="Gra-cia," HEIGHT="36" WIDTH="110" VPOS="1695" HPOS="523"/><SP WIDTH="9" VPOS="1709" HPOS="634"/><String WC="0.7300000191" CONTENT="a^k." HEIGHT="37" WIDTH="59" VPOS="1697" HPOS="643"/><SP WIDTH="12" VPOS="1710" HPOS="703"/><String WC="0.2199999988" CONTENT="i" HEIGHT="19" WIDTH="13" VPOS="1710" HPOS="716"/><SP WIDTH="225" VPOS="1704" HPOS="730"/><String WC="0.2933333218" CONTENT="422" HEIGHT="30" WIDTH="62" VPOS="1702" HPOS="956"/></TextLine>
<TextLine HEIGHT="47" WIDTH="576" VPOS="1737" HPOS="446"><String WC="0.6890909076" CONTENT="zAv,xraIIa," HEIGHT="42" WIDTH="164" VPOS="1738" HPOS="446"/><SP WIDTH="10" VPOS="1750" HPOS="611"/><String WC="0.7524999976" CONTENT="»,k." HEIGHT="37" WIDTH="62" VPOS="1738" HPOS="622"/><SP WIDTH="13" VPOS="1750" HPOS="685"/><String WC="0.25" CONTENT="l" HEIGHT="22" WIDTH="14" VPOS="1750" HPOS="699"/><SP WIDTH="244" VPOS="1743" HPOS="714"/><String WC="0.1299999952" CONTENT="7,4" HEIGHT="32" WIDTH="63" VPOS="1743" HPOS="959"/></TextLine>
<TextLine HEIGHT="45" WIDTH="416" VPOS="1778" HPOS="605" STYLEREFS="font2"><String WC="0.4833333194" CONTENT="ttu" HEIGHT="29" WIDTH="52" VPOS="1784" HPOS="605"/><SP WIDTH="13" VPOS="1792" HPOS="658"/><String WC="0.2399999946" CONTENT="4" HEIGHT="28" WIDTH="23" VPOS="1792" HPOS="672"/><SP WIDTH="205" VPOS="1779" HPOS="696"/><String WC="0.2466666698" CONTENT="Bramen" HEIGHT="28" WIDTH="119" VPOS="1781" HPOS="902"/></TextLine>
</TextBlock><GraphicalElement ID="Page1_Block12" HEIGHT="11" WIDTH="334" VPOS="180" HPOS="686"/><GraphicalElement ID="Page1_Block13" HEIGHT="1001" WIDTH="9" VPOS="438" HPOS="508"/><GraphicalElement ID="Page1_Block14" HEIGHT="180" WIDTH="5" VPOS="1594" HPOS="513"/>
</PrintSpace>
</Page>
</Layout>
</alto>