﻿<?xml version="1.0" encoding="UTF-8" standalone="yes"?>
<alto xmlns="http://www.loc.gov/standards/alto/ns-v2#" xmlns:xlink="http://www.w3.org/1999/xlink" xmlns:xsi="http://www.w3.org/2001/XMLSchema-instance" xsi:schemaLocation="http://www.loc.gov/standards/alto/ns-v2# http://www.loc.gov/standards/alto/alto-v2.0.xsd">
<Description>
<MeasurementUnit>pixel</MeasurementUnit>
<OCRProcessing ID="IdOcr"><ocrProcessingStep><processingDateTime>2017-03-20</processingDateTime><processingSoftware><softwareCreator>ABBYY</softwareCreator><softwareName>ABBYY FineReader Engine</softwareName><softwareVersion>11</softwareVersion></processingSoftware></ocrProcessingStep></OCRProcessing>
</Description>
<Styles><TextStyle ID="font0" FONTFAMILY="Times New Roman" FONTSIZE="9"/><TextStyle ID="font1" FONTFAMILY="Times New Roman" FONTSIZE="10"/><TextStyle ID="font2" FONTFAMILY="Times New Roman" FONTSIZE="11"/><TextStyle ID="font3" FONTFAMILY="Times New Roman" FONTSIZE="12"/><TextStyle ID="font4" FONTFAMILY="Times New Roman" FONTSIZE="14"/><TextStyle ID="font5" FONTFAMILY="Times New Roman" FONTSIZE="26"/>
</Styles>
<Layout>
<Page ID="Page1" PHYSICAL_IMG_NR="1" HEIGHT="2057" WIDTH="1199">
<TopMargin HEIGHT="118" WIDTH="1199" VPOS="0" HPOS="0">
</TopMargin>
<RightMargin HEIGHT="1797" WIDTH="137" VPOS="118" HPOS="1062">
</RightMargin>
<BottomMargin HEIGHT="142" WIDTH="1199" VPOS="1915" HPOS="0">
</BottomMargin>
<PrintSpace HEIGHT="1797" WIDTH="1062" VPOS="118" HPOS="0">
<TextBlock ID="Page1_Block1" HEIGHT="1056" WIDTH="1048" VPOS="118" HPOS="0" language="de" STYLEREFS="font3"><Shape><Polygon POINTS="28,152 1052,152 1052,1179 28,1179 28,152"/></Shape>
<TextLine HEIGHT="65" WIDTH="532" VPOS="126" HPOS="268" STYLEREFS="font4"><String STYLE="bold" WC="1." CONTENT="M" HEIGHT="47" WIDTH="51" VPOS="131" HPOS="268"/><String WC="0.3600000143" CONTENT="8" HEIGHT="46" WIDTH="28" VPOS="132" HPOS="318"/><String STYLE="bold" WC="0.4550000131" CONTENT=":R:(" HEIGHT="49" WIDTH="116" VPOS="132" HPOS="354"/><SP WIDTH="31" VPOS="137" HPOS="470"/><String STYLE="bold" WC="0.2199999988" CONTENT="ii?" HEIGHT="33" WIDTH="67" VPOS="149" HPOS="501"/><SP WIDTH="24" VPOS="137" HPOS="568"/><String STYLE="bold" WC="0.5780000091" CONTENT="):G-M" HEIGHT="55" WIDTH="208" VPOS="135" HPOS="592"/></TextLine>
<TextLine HEIGHT="59" WIDTH="215" VPOS="198" HPOS="432"><String STYLEREFS="font5" WC="0.8125" CONTENT="xxvm" HEIGHT="59" WIDTH="215" VPOS="198" HPOS="432"/></TextLine>
<TextLine HEIGHT="75" WIDTH="794" VPOS="258" HPOS="123" STYLEREFS="font4"><String STYLE="bold" WC="0.3777777851" CONTENT="Sprächw.Galom.Lap." HEIGHT="66" WIDTH="493" VPOS="258" HPOS="123"/><SP WIDTH="9" VPOS="277" HPOS="616"/><String STYLE="bold" WC="0.7185714245" CONTENT="V.verst" HEIGHT="50" WIDTH="146" VPOS="273" HPOS="625"/><SP WIDTH="18" VPOS="278" HPOS="771"/><String STYLEREFS="font3" WC="1." CONTENT="18" HEIGHT="37" WIDTH="42" VPOS="285" HPOS="789"/><String STYLE="bold" WC="1." CONTENT="/" HEIGHT="34" WIDTH="17" VPOS="287" HPOS="833"/><String STYLEREFS="font3" WC="0.4550000131" CONTENT="19" HEIGHT="36" WIDTH="43" VPOS="292" HPOS="861"/><String STYLE="bold" WC="0.9599999785" CONTENT="." HEIGHT="8" WIDTH="8" VPOS="310" HPOS="908"/></TextLine>
<TextLine HEIGHT="82" WIDTH="954" VPOS="302" HPOS="75" STYLEREFS="font4"><String STYLE="bold" WC="0.4928571284" CONTENT="Erfreue" HEIGHT="51" WIDTH="135" VPOS="309" HPOS="75"/><SP WIDTH="12" VPOS="315" HPOS="210"/><String STYLE="bold" WC="0.3350000083" CONTENT="dich" HEIGHT="45" WIDTH="66" VPOS="314" HPOS="222"/><SP WIDTH="13" VPOS="317" HPOS="288"/><String STYLE="bold" WC="0.5799999833" CONTENT="mit" HEIGHT="41" WIDTH="59" VPOS="316" HPOS="301"/><SP WIDTH="8" VPOS="318" HPOS="360"/><String STYLE="bold" WC="0.4566666782" CONTENT="dem" HEIGHT="40" WIDTH="72" VPOS="318" HPOS="368"/><SP WIDTH="11" VPOS="317" HPOS="440"/><String STYLE="bold" WC="0.6133333445" CONTENT="Weibe/das" HEIGHT="49" WIDTH="209" VPOS="317" HPOS="451"/><SP WIDTH="13" VPOS="324" HPOS="660"/><String STYLE="bold" WC="0.3350000083" CONTENT="du" HEIGHT="39" WIDTH="44" VPOS="325" HPOS="673"/><SP WIDTH="16" VPOS="325" HPOS="717"/><String STYLE="bold" WC="0.3300000131" CONTENT="in" HEIGHT="40" WIDTH="33" VPOS="326" HPOS="733"/><SP WIDTH="8" VPOS="327" HPOS="766"/><String STYLE="bold" WC="0.5950000286" CONTENT="deinerJugenK" HEIGHT="61" WIDTH="256" VPOS="322" HPOS="773"/></TextLine>
<TextLine HEIGHT="79" WIDTH="999" VPOS="353" HPOS="27" STYLEREFS="font4"><String STYLE="bold" WC="0.398888886" CONTENT="genommen:" HEIGHT="44" WIDTH="212" VPOS="358" HPOS="28"/><SP WIDTH="14" VPOS="362" HPOS="239"/><String STYLE="bold" WC="0.7099999785" CONTENT="Sie" HEIGHT="45" WIDTH="78" VPOS="363" HPOS="252"/><SP WIDTH="12" VPOS="367" HPOS="329"/><String STYLE="bold" WC="0.3933333457" CONTENT="ist" HEIGHT="51" WIDTH="36" VPOS="362" HPOS="340"/><SP WIDTH="9" VPOS="363" HPOS="375"/><String STYLE="bold" WC="0.4774999917" CONTENT="lieblich" HEIGHT="50" WIDTH="116" VPOS="366" HPOS="383"/><SP WIDTH="8" VPOS="369" HPOS="498"/><String STYLE="bold" WC="0.4033333361" CONTENT="wie" HEIGHT="42" WIDTH="64" VPOS="370" HPOS="505"/><SP WIDTH="8" VPOS="379" HPOS="569"/><String STYLE="bold" WC="0.5049999952" CONTENT="eine" HEIGHT="42" WIDTH="66" VPOS="370" HPOS="577"/><SP WIDTH="7" VPOS="372" HPOS="643"/><String STYLE="bold" WC="0.4580000043" CONTENT="Hinde" HEIGHT="51" WIDTH="115" VPOS="371" HPOS="650"/><SP WIDTH="10" VPOS="384" HPOS="765"/><String STYLE="bold" WC="1." CONTENT="/" HEIGHT="32" WIDTH="14" VPOS="384" HPOS="775"/><SP WIDTH="12" VPOS="384" HPOS="789"/><String STYLE="bold" WC="0.3866666555" CONTENT="und" HEIGHT="41" WIDTH="68" VPOS="378" HPOS="801"/><SP WIDTH="8" VPOS="380" HPOS="869"/><String STYLE="bold" WC="0.417142868" CONTENT="überaus" HEIGHT="46" WIDTH="149" VPOS="379" HPOS="877"/></TextLine>
<TextLine HEIGHT="83" WIDTH="1000" VPOS="399" HPOS="26" STYLEREFS="font4"><String STYLE="bold" WC="0.4650000036" CONTENT="angenehm" HEIGHT="50" WIDTH="177" VPOS="406" HPOS="26"/><SP WIDTH="10" VPOS="416" HPOS="203"/><String STYLE="bold" WC="0.3933333457" CONTENT="wie" HEIGHT="41" WIDTH="61" VPOS="410" HPOS="213"/><SP WIDTH="13" VPOS="422" HPOS="274"/><String STYLE="bold" WC="0.5933333039" CONTENT="ein" HEIGHT="41" WIDTH="49" VPOS="413" HPOS="287"/><SP WIDTH="9" VPOS="414" HPOS="336"/><String STYLE="bold" WC="0.3639999926" CONTENT="Rehe;" HEIGHT="52" WIDTH="113" VPOS="414" HPOS="345"/><SP WIDTH="19" VPOS="418" HPOS="458"/><String STYLE="bold" WC="0.4600000083" CONTENT="laß" HEIGHT="49" WIDTH="54" VPOS="418" HPOS="477"/><SP WIDTH="9" VPOS="418" HPOS="531"/><String STYLE="bold" WC="0.7574999928" CONTENT="dich" HEIGHT="48" WIDTH="67" VPOS="417" HPOS="540"/><SP WIDTH="10" VPOS="419" HPOS="607"/><String STYLE="bold" WC="0.6125000119" CONTENT="ihre" HEIGHT="49" WIDTH="66" VPOS="419" HPOS="617"/><SP WIDTH="7" VPOS="421" HPOS="683"/><String STYLE="bold" WC="0.4466666579" CONTENT="Brüste" HEIGHT="56" WIDTH="129" VPOS="418" HPOS="690"/><SP WIDTH="11" VPOS="434" HPOS="819"/><String STYLE="bold" WC="0.4875000119" CONTENT="allezeit" HEIGHT="54" WIDTH="114" VPOS="425" HPOS="830"/><SP WIDTH="17" VPOS="431" HPOS="944"/><String STYLE="bold" WC="0.5766666532" CONTENT="sät" HEIGHT="53" WIDTH="49" VPOS="429" HPOS="960" SUBS_TYPE="HypPart1" SUBS_CONTENT="sättigen"/><HYP CONTENT="­"/></TextLine>
<TextLine HEIGHT="76" WIDTH="805" VPOS="448" HPOS="27" STYLEREFS="font4"><String STYLE="bold" WC="0.2720000148" CONTENT="tigen" HEIGHT="50" WIDTH="82" VPOS="448" HPOS="27" SUBS_TYPE="HypPart2" SUBS_CONTENT="sättigen"/><SP WIDTH="12" VPOS="468" HPOS="109"/><String STYLE="bold" WC="0.4975000024" CONTENT="/Und" HEIGHT="41" WIDTH="90" VPOS="459" HPOS="121"/><SP WIDTH="10" VPOS="462" HPOS="211"/><String STYLE="bold" WC="0.4128571451" CONTENT="ergötze" HEIGHT="53" WIDTH="115" VPOS="457" HPOS="220"/><SP WIDTH="8" VPOS="465" HPOS="335"/><String STYLE="bold" WC="0.5375000238" CONTENT="dich" HEIGHT="47" WIDTH="66" VPOS="463" HPOS="342"/><SP WIDTH="10" VPOS="466" HPOS="407"/><String STYLE="bold" WC="0.6999999881" CONTENT="in" HEIGHT="38" WIDTH="32" VPOS="467" HPOS="417"/><SP WIDTH="11" VPOS="465" HPOS="449"/><String STYLE="bold" WC="0.4600000083" CONTENT="ihrer" HEIGHT="49" WIDTH="84" VPOS="466" HPOS="459"/><SP WIDTH="9" VPOS="469" HPOS="543"/><String STYLE="bold" WC="0.5920000076" CONTENT="Liebe" HEIGHT="43" WIDTH="85" VPOS="467" HPOS="552"/><SP WIDTH="7" VPOS="470" HPOS="637"/><String STYLE="bold" WC="0.5762500167" CONTENT="immerdan" HEIGHT="45" WIDTH="188" VPOS="470" HPOS="644"/></TextLine>
<TextLine HEIGHT="85" WIDTH="963" VPOS="499" HPOS="62"><String STYLE="italics" WC="0.4566666782" CONTENT="Latarecum" HEIGHT="42" WIDTH="226" VPOS="510" HPOS="62"/><SP WIDTH="11" VPOS="526" HPOS="288"/><String STYLE="italics" WC="0.7699999809" CONTENT="müliere" HEIGHT="43" WIDTH="156" VPOS="514" HPOS="299"/><SP WIDTH="12" VPOS="533" HPOS="455"/><String STYLE="italics" WC="0.5592857003" CONTENT="(tdolefcentiln" HEIGHT="64" WIDTH="244" VPOS="511" HPOS="467"/><SP WIDTH="9" VPOS="525" HPOS="711"/><String STYLE="italics" WC="0.3109999895" CONTENT="iutr.Cerva" HEIGHT="43" WIDTH="209" VPOS="525" HPOS="720"/><SP WIDTH="9" VPOS="542" HPOS="929"/><String STYLE="italics" WC="0.5049999952" CONTENT="cha*" HEIGHT="42" WIDTH="69" VPOS="530" HPOS="938"/><SP/><String STYLE="italics" WC="0.2099999934" CONTENT="*&gt;" HEIGHT="10" WIDTH="17" VPOS="556" HPOS="1007"/></TextLine>
<TextLine HEIGHT="88" WIDTH="998" VPOS="556" HPOS="25"><String STYLE="italics" WC="0.1966666728" CONTENT="rifßma" HEIGHT="53" WIDTH="131" VPOS="557" HPOS="25"/><String STYLE="bold" WC="0.8500000238" CONTENT="," HEIGHT="20" WIDTH="14" VPOS="597" HPOS="165"/><SP WIDTH="13" VPOS="566" HPOS="179"/><String STYLE="italics" WC="0.4219999909" CONTENT="&amp;gratijßmm" HEIGHT="62" WIDTH="276" VPOS="566" HPOS="191"/><SP WIDTH="17" VPOS="572" HPOS="466"/><String STYLE="italics" WC="0.5724999905" CONTENT="hinnulm:" HEIGHT="47" WIDTH="208" VPOS="572" HPOS="482"/><SP WIDTH="11" VPOS="586" HPOS="689"/><String STYLE="italics" WC="0.6019999981" CONTENT="Ubern" HEIGHT="46" WIDTH="122" VPOS="576" HPOS="700"/><SP WIDTH="25" VPOS="596" HPOS="821"/><String STYLE="italics" WC="0.3700000048" CONTENT="ejus" HEIGHT="49" WIDTH="77" VPOS="586" HPOS="846"/><SP WIDTH="16" VPOS="588" HPOS="923"/><String STYLE="italics" WC="0.8366666436" CONTENT="ine" HEIGHT="39" WIDTH="64" VPOS="589" HPOS="939"/><String STYLE="bold" WC="0.2599999905" CONTENT="-" HEIGHT="9" WIDTH="19" VPOS="614" HPOS="1004"/></TextLine>
<TextLine HEIGHT="96" WIDTH="1003" VPOS="608" HPOS="23"><String STYLE="italics" WC="0.4950000048" CONTENT="brient" HEIGHT="53" WIDTH="118" VPOS="608" HPOS="24"/><SP WIDTH="9" VPOS="635" HPOS="142"/><String STYLE="italics" WC="0.4699999988" CONTENT="te," HEIGHT="38" WIDTH="54" VPOS="635" HPOS="151"/><SP WIDTH="9" VPOS="626" HPOS="205"/><String STYLE="italics" WC="0.7900000215" CONTENT="in" HEIGHT="37" WIDTH="43" VPOS="627" HPOS="214"/><SP WIDTH="10" VPOS="641" HPOS="257"/><String STYLE="italics" WC="0.4199999869" CONTENT="omni" HEIGHT="40" WIDTH="100" VPOS="629" HPOS="267"/><SP WIDTH="7" VPOS="632" HPOS="367"/><String STYLE="italics" WC="0.5199999809" CONTENT="tempore;" HEIGHT="56" WIDTH="184" VPOS="635" HPOS="373"/><SP WIDTH="8" VPOS="636" HPOS="557"/><String STYLE="italics" WC="0.5" CONTENT="in" HEIGHT="38" WIDTH="43" VPOS="636" HPOS="565"/><SP WIDTH="8" VPOS="648" HPOS="608"/><String STYLE="italics" WC="0.34799999" CONTENT="amore" HEIGHT="29" WIDTH="126" VPOS="648" HPOS="617"/><SP WIDTH="8" VPOS="652" HPOS="744"/><String STYLE="italics" WC="0.3625000119" CONTENT="ejus" HEIGHT="51" WIDTH="75" VPOS="640" HPOS="752"/><SP WIDTH="9" VPOS="639" HPOS="827"/><String STYLE="italics" WC="0.2199999988" CONTENT="deleffam" HEIGHT="47" WIDTH="190" VPOS="640" HPOS="836"/></TextLine>
<TextLine HEIGHT="62" WIDTH="158" VPOS="667" HPOS="13"><String STYLE="italics" WC="0.3274999857" CONTENT="jugiteri" HEIGHT="62" WIDTH="158" VPOS="667" HPOS="13"/></TextLine>
<TextLine HEIGHT="70" WIDTH="960" VPOS="731" HPOS="58" STYLEREFS="font0"><String WC="0.4788888991" CONTENT="Solazzati" HEIGHT="38" WIDTH="125" VPOS="731" HPOS="58"/><SP WIDTH="10" VPOS="741" HPOS="183"/><String WC="0.6859999895" CONTENT="colla" HEIGHT="31" WIDTH="70" VPOS="738" HPOS="193"/><SP WIDTH="8" VPOS="750" HPOS="263"/><String WC="0.4716666639" CONTENT="moglie" HEIGHT="40" WIDTH="103" VPOS="740" HPOS="272"/><SP WIDTH="9" VPOS="741" HPOS="375"/><String WC="0.431250006" CONTENT="dellatua" HEIGHT="34" WIDTH="121" VPOS="742" HPOS="384"/><SP WIDTH="9" VPOS="757" HPOS="504"/><String WC="0.4429999888" CONTENT="giovanezza" HEIGHT="44" WIDTH="168" VPOS="747" HPOS="513"/><SP WIDTH="17" VPOS="760" HPOS="681"/><String WC="0.3799999952" CONTENT=":" HEIGHT="17" WIDTH="7" VPOS="762" HPOS="699"/><SP WIDTH="15" VPOS="754" HPOS="707"/><String WC="0.5099999905" CONTENT="Sfati" HEIGHT="31" WIDTH="64" VPOS="751" HPOS="723"/><SP WIDTH="12" VPOS="754" HPOS="787"/><String WC="0.5199999809" CONTENT="ella" HEIGHT="30" WIDTH="52" VPOS="754" HPOS="800"/><SP WIDTH="7" VPOS="766" HPOS="852"/><String WC="0.3066666722" CONTENT="una" HEIGHT="22" WIDTH="56" VPOS="766" HPOS="860"/><SP WIDTH="9" VPOS="770" HPOS="917"/><String WC="0.3950000107" CONTENT="cerbis" HEIGHT="34" WIDTH="91" VPOS="758" HPOS="927"/></TextLine>
<TextLine HEIGHT="72" WIDTH="997" VPOS="771" HPOS="21" STYLEREFS="font0"><String WC="0.3722222149" CONTENT="*Oior6fa," HEIGHT="44" WIDTH="135" VPOS="771" HPOS="22"/><SP WIDTH="12" VPOS="792" HPOS="156"/><String WC="0.125" CONTENT="cd" HEIGHT="30" WIDTH="33" VPOS="780" HPOS="169"/><SP WIDTH="8" VPOS="781" HPOS="203"/><String WC="0.5966666937" CONTENT="una" HEIGHT="19" WIDTH="53" VPOS="792" HPOS="212"/><SP WIDTH="7" VPOS="792" HPOS="266"/><String WC="0.4166666567" CONTENT="cavriudla" HEIGHT="32" WIDTH="137" VPOS="783" HPOS="274"/><SP WIDTH="8" VPOS="796" HPOS="411"/><String WC="0.4162499905" CONTENT="gratiofa" HEIGHT="42" WIDTH="113" VPOS="787" HPOS="419"/><SP WIDTH="15" VPOS="800" HPOS="533"/><String WC="1." CONTENT=":" HEIGHT="19" WIDTH="6" VPOS="800" HPOS="549"/><SP WIDTH="17" VPOS="801" HPOS="556"/><String WC="0.296666652" CONTENT="ehe" HEIGHT="31" WIDTH="48" VPOS="790" HPOS="574"/><SP WIDTH="7" VPOS="801" HPOS="623"/><String WC="0.7400000095" CONTENT="t’" HEIGHT="22" WIDTH="19" VPOS="798" HPOS="631"/><SP WIDTH="8" VPOS="792" HPOS="651"/><String WC="0.4709999859" CONTENT="innebbrino" HEIGHT="35" WIDTH="168" VPOS="792" HPOS="660"/><SP WIDTH="9" VPOS="799" HPOS="828"/><String WC="0.2899999917" CONTENT="le" HEIGHT="28" WIDTH="24" VPOS="799" HPOS="837"/><SP WIDTH="8" VPOS="798" HPOS="861"/><String WC="0.2066666633" CONTENT="fue" HEIGHT="31" WIDTH="44" VPOS="799" HPOS="869"/><SP WIDTH="12" VPOS="813" HPOS="913"/><String WC="0.6324999928" CONTENT="mam*" HEIGHT="22" WIDTH="93" VPOS="812" HPOS="925"/></TextLine>
<TextLine HEIGHT="76" WIDTH="996" VPOS="812" HPOS="21" STYLEREFS="font0"><String WC="0.5500000119" CONTENT="®" HEIGHT="22" WIDTH="18" VPOS="813" HPOS="22"/><String STYLE="superscript" WC="0.2599999905" CONTENT="le" HEIGHT="21" WIDTH="21" VPOS="818" HPOS="40"/><String WC="0.2333333343" CONTENT="lle" HEIGHT="32" WIDTH="33" VPOS="813" HPOS="63"/><SP WIDTH="8" VPOS="820" HPOS="97"/><String WC="0.5028571486" CONTENT="iiiogni" HEIGHT="44" WIDTH="106" VPOS="821" HPOS="105"/><SP WIDTH="10" VPOS="826" HPOS="211"/><String WC="0.3959999979" CONTENT="cempo" HEIGHT="31" WIDTH="94" VPOS="833" HPOS="221"/><SP WIDTH="11" VPOS="833" HPOS="315"/><String WC="0.2599999905" CONTENT=":" HEIGHT="23" WIDTH="9" VPOS="833" HPOS="326"/><SP WIDTH="17" VPOS="833" HPOS="335"/><String WC="0.3580000103" CONTENT="snper" HEIGHT="32" WIDTH="85" VPOS="836" HPOS="352"/><SP WIDTH="10" VPOS="829" HPOS="437"/><String WC="0.5657142997" CONTENT="fempre-" HEIGHT="42" WIDTH="118" VPOS="830" HPOS="447"/><SP WIDTH="12" VPOS="843" HPOS="565"/><String WC="0.4466666579" CONTENT="mai" HEIGHT="29" WIDTH="55" VPOS="833" HPOS="577"/><SP WIDTH="8" VPOS="835" HPOS="632"/><String WC="0.424444437" CONTENT="invaghiso" HEIGHT="43" WIDTH="142" VPOS="834" HPOS="640"/><SP WIDTH="13" VPOS="838" HPOS="782"/><String WC="0.1333333403" CONTENT="del" HEIGHT="30" WIDTH="45" VPOS="839" HPOS="795"/><SP WIDTH="9" VPOS="840" HPOS="840"/><String WC="0.3366666734" CONTENT="fuo" HEIGHT="32" WIDTH="49" VPOS="840" HPOS="849"/><SP WIDTH="11" VPOS="853" HPOS="898"/><String WC="0.5933333039" CONTENT="amore-" HEIGHT="23" WIDTH="108" VPOS="854" HPOS="909"/></TextLine>
<TextLine HEIGHT="82" WIDTH="968" VPOS="859" HPOS="52"><String STYLE="italics" WC="0.5558333397" CONTENT="DivertijJez," HEIGHT="59" WIDTH="229" VPOS="860" HPOS="52"/><SP WIDTH="11" VPOS="882" HPOS="281"/><String STYLE="italics" WC="0.5533333421" CONTENT="vom" HEIGHT="27" WIDTH="98" VPOS="882" HPOS="292"/><SP WIDTH="9" VPOS="885" HPOS="390"/><String STYLE="italics" WC="0.4050000012" CONTENT="avec" HEIGHT="27" WIDTH="94" VPOS="884" HPOS="399"/><SP WIDTH="12" VPOS="874" HPOS="493"/><String STYLE="italics" WC="0.5749999881" CONTENT="ln" HEIGHT="38" WIDTH="41" VPOS="874" HPOS="505"/><SP WIDTH="3" VPOS="873" HPOS="545"/><String STYLE="italics" WC="0.5416666865" CONTENT="femnie" HEIGHT="58" WIDTH="147" VPOS="873" HPOS="546"/><SP WIDTH="10" VPOS="878" HPOS="693"/><String STYLE="italics" WC="0.9649999738" CONTENT="de" HEIGHT="39" WIDTH="46" VPOS="878" HPOS="703"/><SP WIDTH="8" VPOS="894" HPOS="749"/><String STYLE="italics" WC="0.3700000048" CONTENT="njotre" HEIGHT="31" WIDTH="111" VPOS="891" HPOS="758"/><SP WIDTH="3" VPOS="886" HPOS="868"/><String STYLE="italics" WC="0.5042856932" CONTENT="jeunef-" HEIGHT="56" WIDTH="150" VPOS="885" HPOS="870"/></TextLine>
<TextLine HEIGHT="90" WIDTH="1001" VPOS="906" HPOS="17"><String STYLE="italics" WC="0.224999994" CONTENT="ß:" HEIGHT="47" WIDTH="55" VPOS="906" HPOS="17"/><SP WIDTH="14" VPOS="928" HPOS="71"/><String STYLE="italics" WC="0.2649999857" CONTENT="qu" HEIGHT="39" WIDTH="50" VPOS="929" HPOS="85"/><SP WIDTH="24" VPOS="932" HPOS="135"/><String STYLE="italics" WC="0.5724999905" CONTENT="eile" HEIGHT="36" WIDTH="64" VPOS="922" HPOS="159"/><SP WIDTH="15" VPOS="938" HPOS="223"/><String STYLE="italics" WC="0.6424999833" CONTENT="‘vom" HEIGHT="27" WIDTH="92" VPOS="937" HPOS="238"/><SP WIDTH="2" VPOS="924" HPOS="330"/><String STYLE="italics" WC="0.6299999952" CONTENT="foit" HEIGHT="54" WIDTH="78" VPOS="924" HPOS="331"/><SP WIDTH="14" VPOS="939" HPOS="409"/><String STYLE="italics" WC="0.4880000055" CONTENT="comme" HEIGHT="30" WIDTH="133" VPOS="942" HPOS="423"/><SP WIDTH="10" VPOS="946" HPOS="556"/><String STYLE="italics" WC="0.573333323" CONTENT="une" HEIGHT="27" WIDTH="75" VPOS="945" HPOS="566"/><SP WIDTH="16" VPOS="931" HPOS="641"/><String STYLE="italics" WC="0.7099999785" CONTENT="biche" HEIGHT="44" WIDTH="104" VPOS="932" HPOS="657"/><SP WIDTH="14" VPOS="952" HPOS="761"/><String STYLE="italics" WC="0.3857142925" CONTENT="aimable" HEIGHT="47" WIDTH="164" VPOS="937" HPOS="775"/><SP WIDTH="8" VPOS="958" HPOS="939"/><String STYLE="italics" WC="0.4033333361" CONTENT=",&lt;&amp;" HEIGHT="47" WIDTH="71" VPOS="943" HPOS="947"/></TextLine>
<TextLine HEIGHT="88" WIDTH="997" VPOS="967" HPOS="19"><String STYLE="superscript italics" WC="0.2300000042" CONTENT="u" HEIGHT="24" WIDTH="20" VPOS="975" HPOS="20"/><String STYLE="italics" WC="0.3199999928" CONTENT="ne" HEIGHT="26" WIDTH="45" VPOS="981" HPOS="41"/><SP WIDTH="13" VPOS="983" HPOS="86"/><String STYLE="italics" WC="0.5722222328" CONTENT="chevrette" HEIGHT="49" WIDTH="193" VPOS="970" HPOS="99"/><SP WIDTH="9" VPOS="995" HPOS="291"/><String STYLE="italics" WC="0.5460000038" CONTENT="grncieuje:" HEIGHT="60" WIDTH="215" VPOS="981" HPOS="300"/><SP WIDTH="12" VPOS="1002" HPOS="514"/><String STYLE="italics" WC="0.3466666639" CONTENT="que" HEIGHT="40" WIDTH="72" VPOS="1002" HPOS="526"/><SP WIDTH="8" VPOS="988" HPOS="598"/><String STYLE="italics" WC="0.4466666579" CONTENT="fes" HEIGHT="55" WIDTH="57" VPOS="988" HPOS="605"/><SP WIDTH="19" VPOS="1005" HPOS="661"/><String STYLE="italics" WC="0.5366666913" CONTENT="mummelles" HEIGHT="47" WIDTH="223" VPOS="991" HPOS="680"/><SP WIDTH="18" VPOS="1013" HPOS="902"/><String STYLE="italics" WC="0.7074999809" CONTENT="•vom" HEIGHT="30" WIDTH="95" VPOS="1014" HPOS="920"/></TextLine>
<TextLine HEIGHT="91" WIDTH="996" VPOS="1025" HPOS="19"><String STYLE="superscript italics" WC="0.3400000036" CONTENT="r" HEIGHT="23" WIDTH="17" VPOS="1029" HPOS="20"/><String STYLE="italics" WC="0.5533333421" CONTENT="gffaßie»t" HEIGHT="59" WIDTH="182" VPOS="1026" HPOS="28"/><SP WIDTH="11" VPOS="1048" HPOS="210"/><String STYLE="italics" WC="0.3249999881" CONTENT="en" HEIGHT="24" WIDTH="46" VPOS="1052" HPOS="221"/><SP WIDTH="13" VPOS="1049" HPOS="267"/><String STYLE="italics" WC="0.4850000143" CONTENT="tont" HEIGHT="31" WIDTH="86" VPOS="1049" HPOS="280"/><SP WIDTH="21" VPOS="1050" HPOS="366"/><String STYLE="italics" WC="0.6200000048" CONTENT="tems" HEIGHT="32" WIDTH="96" VPOS="1051" HPOS="387"/><String STYLE="bold" WC="0.2700000107" CONTENT="," HEIGHT="15" WIDTH="9" VPOS="1072" HPOS="492"/><SP WIDTH="22" VPOS="1040" HPOS="502"/><String STYLE="italics" WC="0.2099999934" CONTENT="&amp;" HEIGHT="48" WIDTH="47" VPOS="1041" HPOS="524"/><SP WIDTH="13" VPOS="1042" HPOS="570"/><String STYLE="italics" WC="0.1533333361" CONTENT="que" HEIGHT="43" WIDTH="71" VPOS="1058" HPOS="582"/><SP WIDTH="17" VPOS="1061" HPOS="653"/><String STYLE="italics" WC="0.2380000055" CONTENT="njous" HEIGHT="26" WIDTH="91" VPOS="1062" HPOS="670"/><SP WIDTH="10" VPOS="1054" HPOS="760"/><String STYLE="italics" WC="0.8283333182" CONTENT="foie^_" HEIGHT="58" WIDTH="116" VPOS="1054" HPOS="769"/><SP WIDTH="11" VPOS="1072" HPOS="884"/><String STYLE="italics" WC="0.7099999785" CONTENT="conti" HEIGHT="39" WIDTH="102" VPOS="1061" HPOS="896"/><String STYLE="bold" WC="0.5500000119" CONTENT="-" HEIGHT="11" WIDTH="17" VPOS="1082" HPOS="997"/></TextLine>
<TextLine HEIGHT="72" WIDTH="628" VPOS="1085" HPOS="20"><String STYLE="superscript italics" WC="0.2599999905" CONTENT="n" HEIGHT="25" WIDTH="22" VPOS="1085" HPOS="21"/><String STYLE="italics" WC="0.4811111093" CONTENT="^ellement" HEIGHT="44" WIDTH="189" VPOS="1088" HPOS="43"/><SP WIDTH="12" VPOS="1105" HPOS="232"/><String STYLE="italics" WC="0.3600000143" CONTENT="trprü" HEIGHT="51" WIDTH="97" VPOS="1098" HPOS="244"/><SP WIDTH="17" VPOS="1098" HPOS="341"/><String STYLE="italics" WC="0.2949999869" CONTENT="de" HEIGHT="38" WIDTH="44" VPOS="1098" HPOS="358"/><SP WIDTH="7" VPOS="1101" HPOS="402"/><String STYLE="italics" WC="0.426666677" CONTENT="Jon" HEIGHT="48" WIDTH="73" VPOS="1102" HPOS="409"/><SP WIDTH="19" VPOS="1117" HPOS="482"/><String STYLE="italics" WC="0.4716666639" CONTENT="nmour." HEIGHT="33" WIDTH="147" VPOS="1116" HPOS="501"/></TextLine>
</TextBlock>
<ComposedBlock ID="Page1_Block2" HEIGHT="701" WIDTH="1038" VPOS="1214" HPOS="0" TYPE="container"><Shape><Polygon POINTS="44,1248 1074,1248 1074,1920 44,1920 44,1248"/></Shape>
<TextBlock ID="Page1_Block3" HEIGHT="87" WIDTH="460" VPOS="1215" HPOS="27" language="de" STYLEREFS="font2"><Shape><Polygon POINTS="64,1248 522,1248 522,1322 64,1322 64,1248"/></Shape>
<TextLine HEIGHT="76" WIDTH="428" VPOS="1221" HPOS="43"><String STYLE="bold italics" WC="0.1299999952" CONTENT="H" HEIGHT="36" WIDTH="31" VPOS="1221" HPOS="44"/><SP WIDTH="15" VPOS="1222" HPOS="74"/><String STYLE="bold italics" WC="0.6471428275" CONTENT="Beßidme" HEIGHT="61" WIDTH="171" VPOS="1230" HPOS="88"/><SP WIDTH="4" VPOS="1245" HPOS="259"/><String STYLE="bold italics" WC="0.4639999866" CONTENT="Jelvdtico." HEIGHT="57" WIDTH="207" VPOS="1238" HPOS="263"/></TextLine>
</TextBlock>
<TextBlock ID="Page1_Block4" HEIGHT="85" WIDTH="176" VPOS="1324" HPOS="3" language="de"><Shape><Polygon POINTS="44,1358 124,1358 124,1380 218,1380 218,1438 44,1438 44,1358"/></Shape>
<TextLine HEIGHT="64" WIDTH="155" VPOS="1331" HPOS="20"><String STYLE="bold" STYLEREFS="font4" WC="0.4440000057" CONTENT="*&gt;,V," HEIGHT="61" WIDTH="69" VPOS="1331" HPOS="20"/><String STYLE="superscript bold" STYLEREFS="font4" WC="0.3100000024" CONTENT="Ur" HEIGHT="22" WIDTH="31" VPOS="1351" HPOS="92"/><String STYLE="bold" STYLEREFS="font4" WC="0.5149999857" CONTENT="°&gt;" HEIGHT="27" WIDTH="27" VPOS="1358" HPOS="124"/><SP WIDTH="12" VPOS="1359" HPOS="151"/><String STYLEREFS="font3" WC="0.1400000006" CONTENT="1" HEIGHT="20" WIDTH="12" VPOS="1360" HPOS="163"/></TextLine>
</TextBlock>
<TextBlock ID="Page1_Block5" HEIGHT="268" WIDTH="500" VPOS="1380" HPOS="0" language="de" STYLEREFS="font0"><Shape><Polygon POINTS="54,1414 532,1414 532,1620 546,1620 546,1668 384,1668 384,1654 124,1654 124,1646 46,1646 46,1620 44,1620 44,1506 54,1506 54,1414"/></Shape>
<TextLine HEIGHT="38" WIDTH="176" VPOS="1396" HPOS="18" STYLEREFS="font2"><String WC="0.3549999893" CONTENT="fn" HEIGHT="29" WIDTH="25" VPOS="1401" HPOS="18"/><SP WIDTH="135" VPOS="1397" HPOS="44"/><String WC="0.2599999905" CONTENT="r" HEIGHT="19" WIDTH="15" VPOS="1401" HPOS="179"/></TextLine>
<TextLine HEIGHT="62" WIDTH="379" VPOS="1418" HPOS="45" STYLEREFS="font1"><String STYLE="superscript" WC="0.5049999952" CONTENT="Il" HEIGHT="22" WIDTH="17" VPOS="1418" HPOS="45"/><String WC="0.5699999928" CONTENT="°" HEIGHT="16" WIDTH="14" VPOS="1428" HPOS="64"/><SP WIDTH="7" VPOS="1422" HPOS="78"/><String WC="0.5350000262" CONTENT="^uöi" HEIGHT="40" WIDTH="65" VPOS="1422" HPOS="85"/><SP WIDTH="8" VPOS="1433" HPOS="150"/><String WC="0.3516666591" CONTENT="feroci" HEIGHT="33" WIDTH="87" VPOS="1433" HPOS="158"/><SP WIDTH="8" VPOS="1436" HPOS="244"/><String STYLE="italics" WC="0.508461535" CONTENT="^Jitlvitichi." HEIGHT="49" WIDTH="173" VPOS="1431" HPOS="251"/></TextLine>
<TextLine HEIGHT="76" WIDTH="457" VPOS="1493" HPOS="19"><String WC="0.3700000048" CONTENT="fclY" HEIGHT="64" WIDTH="59" VPOS="1493" HPOS="19"/><SP WIDTH="11" VPOS="1495" HPOS="77"/><String WC="0.3079999983" CONTENT="$*&gt;*&lt;»»*•»" HEIGHT="55" WIDTH="168" VPOS="1507" HPOS="87"/><SP WIDTH="10" VPOS="1522" HPOS="255"/><String STYLE="italics" WC="0.4740000069" CONTENT="ügrahUfti*" HEIGHT="49" WIDTH="187" VPOS="1517" HPOS="265"/><SP WIDTH="11" VPOS="1532" HPOS="452"/><String STYLE="italics" WC="0.2300000042" CONTENT="3" HEIGHT="27" WIDTH="12" VPOS="1532" HPOS="463"/></TextLine>
<TextLine HEIGHT="58" WIDTH="462" VPOS="1549" HPOS="20"><String STYLE="subscript" WC="0.2599999905" CONTENT="e" HEIGHT="16" WIDTH="12" VPOS="1578" HPOS="20"/><String WC="0.3700000048" CONTENT="&gt;," HEIGHT="12" WIDTH="15" VPOS="1572" HPOS="34"/><SP WIDTH="19" VPOS="1574" HPOS="49"/><String WC="1." CONTENT=",." HEIGHT="10" WIDTH="14" VPOS="1580" HPOS="69"/><SP WIDTH="12" VPOS="1555" HPOS="84"/><String STYLE="superscript" WC="0.2399999946" CONTENT="u" HEIGHT="20" WIDTH="16" VPOS="1556" HPOS="96"/><String WC="0.2624999881" CONTENT="Pera" HEIGHT="29" WIDTH="59" VPOS="1561" HPOS="114"/><SP WIDTH="13" VPOS="1561" HPOS="173"/><String WC="0.474999994" CONTENT="di" HEIGHT="30" WIDTH="26" VPOS="1561" HPOS="186"/><SP WIDTH="11" VPOS="1562" HPOS="212"/><String WC="0.3654545546" CONTENT="erdndezza’l" HEIGHT="40" WIDTH="176" VPOS="1556" HPOS="223"/><SP WIDTH="9" VPOS="1562" HPOS="399"/><String WC="0.5879999995" CONTENT="caval" HEIGHT="32" WIDTH="74" VPOS="1561" HPOS="408"/></TextLine>
<TextLine HEIGHT="65" WIDTH="477" VPOS="1579" HPOS="20" STYLEREFS="font4"><String STYLE="bold" WC="0.3799999952" CONTENT="•" HEIGHT="5" WIDTH="9" VPOS="1608" HPOS="20"/><SP WIDTH="30" VPOS="1579" HPOS="29"/><String STYLE="superscript bold" WC="0.4350000024" CONTENT="d," HEIGHT="29" WIDTH="24" VPOS="1580" HPOS="60"/><String STYLE="bold" WC="0.4833333194" CONTENT="cuicü^" HEIGHT="32" WIDTH="128" VPOS="1594" HPOS="94"/><SP WIDTH="221" VPOS="1603" HPOS="222"/><String STYLE="bold" WC="0.2399999946" CONTENT="(" HEIGHT="33" WIDTH="13" VPOS="1610" HPOS="443"/><String WC="0.4650000036" CONTENT="16" HEIGHT="29" WIDTH="29" VPOS="1607" HPOS="456"/><String STYLE="bold" WC="0.3300000131" CONTENT="," HEIGHT="15" WIDTH="9" VPOS="1628" HPOS="487"/></TextLine>
</TextBlock>
<TextBlock ID="Page1_Block6" HEIGHT="91" WIDTH="263" VPOS="1602" HPOS="0" language="de" STYLEREFS="font4"><Shape><Polygon POINTS="170,1632 282,1632 282,1646 310,1646 310,1720 48,1720 48,1646 170,1646 170,1632"/></Shape>
<TextLine HEIGHT="39" WIDTH="204" VPOS="1600" HPOS="18"><String STYLEREFS="font0" WC="0.2849999964" CONTENT="i;" HEIGHT="22" WIDTH="28" VPOS="1612" HPOS="18"/><SP WIDTH="14" VPOS="1616" HPOS="47"/><String STYLEREFS="font0" WC="0.7833333611" CONTENT="..." HEIGHT="7" WIDTH="20" VPOS="1620" HPOS="62"/><SP WIDTH="42" VPOS="1603" HPOS="83"/><String STYLEREFS="font0" WC="0.3950000107" CONTENT="lcuoio" HEIGHT="29" WIDTH="97" VPOS="1604" HPOS="125"/></TextLine>
<TextLine HEIGHT="59" WIDTH="231" VPOS="1626" HPOS="16"><String STYLE="subscript bold" WC="0.3000000119" CONTENT="t" HEIGHT="31" WIDTH="17" VPOS="1648" HPOS="16"/><String STYLE="bold" WC="7.00000003e-002" CONTENT="v" HEIGHT="10" WIDTH="11" VPOS="1654" HPOS="36"/><String STYLE="superscript bold" WC="0.2599999905" CONTENT="m" HEIGHT="22" WIDTH="25" VPOS="1627" HPOS="48"/><String STYLE="bold" WC="0.287499994" CONTENT="P«ne" HEIGHT="32" WIDTH="65" VPOS="1633" HPOS="74"/><String STYLE="subscript bold" WC="0.2666666806" CONTENT="trä" HEIGHT="30" WIDTH="40" VPOS="1644" HPOS="140"/><String STYLE="bold" WC="0.3179999888" CONTENT="bile)" HEIGHT="40" WIDTH="67" VPOS="1644" HPOS="180"/></TextLine>
</TextBlock>
<TextBlock ID="Page1_Block7" HEIGHT="556" WIDTH="530" VPOS="1229" HPOS="500" language="de" STYLEREFS="font0"><Shape><Polygon POINTS="548,1248 1066,1248 1066,1790 556,1790 556,1758 550,1758 550,1674 548,1674 548,1620 550,1620 550,1572 586,1572 586,1508 548,1508 548,1410 586,1410 586,1328 548,1328 548,1248"/></Shape>
<TextLine HEIGHT="72" WIDTH="494" VPOS="1244" HPOS="517" STYLEREFS="font3"><String STYLE="italics" WC="0.4300000072" CONTENT="Le" HEIGHT="31" WIDTH="48" VPOS="1251" HPOS="517"/><SP WIDTH="8" VPOS="1251" HPOS="565"/><String STYLE="italics" WC="0.4183333218" CONTENT="Betail" HEIGHT="42" WIDTH="129" VPOS="1245" HPOS="573"/><SP WIDTH="15" VPOS="1249" HPOS="702"/><String STYLE="italics" WC="0.5024999976" CONTENT="fauvage," HEIGHT="63" WIDTH="179" VPOS="1250" HPOS="716"/><SP WIDTH="8" VPOS="1256" HPOS="895"/><String STYLE="italics" WC="0.3420000076" CONTENT="böcu~" HEIGHT="46" WIDTH="108" VPOS="1256" HPOS="903"/></TextLine>
<TextLine HEIGHT="43" WIDTH="83" VPOS="1321" HPOS="714" STYLEREFS="font3"><String STYLE="italics" WC="0.5724999905" CONTENT="ger." HEIGHT="43" WIDTH="83" VPOS="1321" HPOS="714"/></TextLine>
<TextLine HEIGHT="40" WIDTH="129" VPOS="1357" HPOS="553"><String STYLE="italics" WC="0.3000000119" CONTENT="V" HEIGHT="30" WIDTH="32" VPOS="1357" HPOS="553"/><String WC="0.4440000057" CONTENT="ure,t" HEIGHT="28" WIDTH="90" VPOS="1369" HPOS="592"/></TextLine>
<TextLine HEIGHT="41" WIDTH="199" VPOS="1398" HPOS="513"><String WC="1." CONTENT="&amp;" HEIGHT="27" WIDTH="27" VPOS="1399" HPOS="513"/><SP WIDTH="8" VPOS="1398" HPOS="540"/><String WC="0.5099999905" CONTENT="le" HEIGHT="29" WIDTH="26" VPOS="1399" HPOS="548"/><SP WIDTH="9" VPOS="1400" HPOS="574"/><String WC="0.6157143116" CONTENT="büffle," HEIGHT="38" WIDTH="102" VPOS="1401" HPOS="583"/><SP WIDTH="11" VPOS="1403" HPOS="685"/><String STYLE="italics" STYLEREFS="font3" WC="0.4300000072" CONTENT="i" HEIGHT="32" WIDTH="16" VPOS="1403" HPOS="696"/></TextLine>
<TextLine HEIGHT="46" WIDTH="410" VPOS="1440" HPOS="512"><String WC="0.5600000024" CONTENT="ce" HEIGHT="20" WIDTH="31" VPOS="1451" HPOS="512"/><SP WIDTH="7" VPOS="1441" HPOS="544"/><String WC="0.5274999738" CONTENT="font" HEIGHT="34" WIDTH="64" VPOS="1441" HPOS="551"/><SP WIDTH="10" VPOS="1444" HPOS="615"/><String WC="0.6449999809" CONTENT="de" HEIGHT="31" WIDTH="34" VPOS="1444" HPOS="625"/><SP WIDTH="13" VPOS="1445" HPOS="660"/><String WC="0.296666652" CONTENT="boeufs" HEIGHT="33" WIDTH="90" VPOS="1445" HPOS="674"/><SP WIDTH="12" VPOS="1449" HPOS="765"/><String WC="0.2933333218" CONTENT="farouches" HEIGHT="37" WIDTH="145" VPOS="1449" HPOS="777"/></TextLine>
<TextLine HEIGHT="37" WIDTH="106" VPOS="1502" HPOS="900" STYLEREFS="font4"><String STYLE="italics" WC="0.1816666722" CONTENT="{y*z«i" HEIGHT="37" WIDTH="106" VPOS="1502" HPOS="900"/></TextLine>
<TextLine HEIGHT="43" WIDTH="138" VPOS="1524" HPOS="546"><String WC="0.6449999809" CONTENT="L’" HEIGHT="27" WIDTH="31" VPOS="1527" HPOS="546"/><SP WIDTH="8" VPOS="1533" HPOS="577"/><String WC="0.2574999928" CONTENT="elan" HEIGHT="34" WIDTH="61" VPOS="1525" HPOS="585"/><String STYLE="subscript" WC="0.3899999857" CONTENT="}" HEIGHT="15" WIDTH="10" VPOS="1548" HPOS="647"/><SP WIDTH="12" VPOS="1540" HPOS="657"/><String WC="0.3600000143" CONTENT="j" HEIGHT="27" WIDTH="15" VPOS="1540" HPOS="669"/></TextLine>
<TextLine HEIGHT="59" WIDTH="496" VPOS="1564" HPOS="510"><String WC="0.4099999964" CONTENT="(qui" HEIGHT="39" WIDTH="58" VPOS="1567" HPOS="510"/><SP WIDTH="9" VPOS="1565" HPOS="568"/><String WC="0.5437499881" CONTENT="furmonte" HEIGHT="37" WIDTH="140" VPOS="1566" HPOS="577"/><SP WIDTH="16" VPOS="1574" HPOS="717"/><String WC="0.6549999714" CONTENT="le" HEIGHT="30" WIDTH="26" VPOS="1574" HPOS="733"/><SP WIDTH="8" VPOS="1585" HPOS="759"/><String WC="0.2516666651" CONTENT="cheral" HEIGHT="35" WIDTH="94" VPOS="1576" HPOS="768"/><SP WIDTH="10" VPOS="1581" HPOS="862"/><String WC="0.275000006" CONTENT="en" HEIGHT="23" WIDTH="36" VPOS="1590" HPOS="872"/><SP WIDTH="8" VPOS="1591" HPOS="909"/><String WC="0.3766666651" CONTENT="gratis" HEIGHT="45" WIDTH="88" VPOS="1578" HPOS="918"/></TextLine>
<TextLine HEIGHT="56" WIDTH="495" VPOS="1609" HPOS="508"><String WC="0.4474999905" CONTENT="dont" HEIGHT="31" WIDTH="69" VPOS="1609" HPOS="509"/><SP WIDTH="9" VPOS="1611" HPOS="578"/><String WC="0.3149999976" CONTENT="la" HEIGHT="30" WIDTH="25" VPOS="1611" HPOS="587"/><SP WIDTH="7" VPOS="1623" HPOS="612"/><String WC="0.5559999943" CONTENT="peau," HEIGHT="30" WIDTH="84" VPOS="1623" HPOS="620"/><SP WIDTH="11" VPOS="1617" HPOS="705"/><String STYLE="italics" WC="0.6700000167" CONTENT="le" HEIGHT="27" WIDTH="23" VPOS="1618" HPOS="716"/><SP WIDTH="9" VPOS="1628" HPOS="739"/><String STYLE="italics" WC="0.6299999952" CONTENT="cuir" HEIGHT="27" WIDTH="55" VPOS="1622" HPOS="749"/><SP WIDTH="118" VPOS="1625" HPOS="804"/><String WC="0.3219999969" CONTENT="(dem&apos;" HEIGHT="40" WIDTH="81" VPOS="1625" HPOS="922"/></TextLine>
<TextLine HEIGHT="48" WIDTH="258" VPOS="1651" HPOS="508"><String WC="0.459374994" CONTENT="eftimpenetrable)" HEIGHT="48" WIDTH="258" VPOS="1651" HPOS="508"/></TextLine>
<TextLine HEIGHT="34" WIDTH="81" VPOS="1701" HPOS="505"><String WC="0.273999989" CONTENT="porte" HEIGHT="34" WIDTH="81" VPOS="1701" HPOS="505"/></TextLine>
<TextLine HEIGHT="41" WIDTH="332" VPOS="1735" HPOS="508"><String WC="0.150000006" CONTENT="des" HEIGHT="30" WIDTH="47" VPOS="1736" HPOS="508"/><SP WIDTH="8" VPOS="1747" HPOS="555"/><String WC="0.5299999714" CONTENT="cörnes" HEIGHT="33" WIDTH="97" VPOS="1736" HPOS="563"/><SP WIDTH="8" VPOS="1740" HPOS="660"/><String WC="0.4120000005" CONTENT="branchues:" HEIGHT="36" WIDTH="172" VPOS="1740" HPOS="668"/></TextLine>
</TextBlock>
<TextBlock ID="Page1_Block8" HEIGHT="170" WIDTH="929" VPOS="1692" HPOS="0" language="de" STYLEREFS="font1"><Shape><Polygon POINTS="48,1726 476,1726 476,1792 980,1792 980,1844 552,1844 552,1882 48,1882 48,1726"/></Shape>
<TextLine HEIGHT="64" WIDTH="389" VPOS="1722" HPOS="16" STYLEREFS="font0"><String WC="0.25" CONTENT="*" HEIGHT="29" WIDTH="14" VPOS="1732" HPOS="16"/><String STYLE="superscript" WC="0.2599999905" CONTENT="#" HEIGHT="21" WIDTH="17" VPOS="1744" HPOS="31"/><String WC="0.2899999917" CONTENT="m«anc°" HEIGHT="52" WIDTH="117" VPOS="1727" HPOS="48"/><String STYLE="superscript" WC="0.2450000048" CONTENT="rC" HEIGHT="21" WIDTH="27" VPOS="1733" HPOS="167"/><String WC="1." CONTENT="^" HEIGHT="30" WIDTH="18" VPOS="1728" HPOS="196"/><String STYLE="superscript" WC="0.4366666675" CONTENT="te&gt;" HEIGHT="29" WIDTH="37" VPOS="1738" HPOS="214"/><SP WIDTH="10" VPOS="1732" HPOS="251"/><String STYLE="italics" WC="0.3612500131" CONTENT="brancutc" HEIGHT="32" WIDTH="122" VPOS="1733" HPOS="261"/><String WC="0.2800000012" CONTENT=";" HEIGHT="24" WIDTH="11" VPOS="1745" HPOS="394"/></TextLine>
<TextLine HEIGHT="73" WIDTH="817" VPOS="1763" HPOS="96"><String STYLE="superscript" WC="0.25" CONTENT="a" HEIGHT="18" WIDTH="14" VPOS="1763" HPOS="97"/><String WC="0.2066666633" CONTENT="neo" HEIGHT="24" WIDTH="54" VPOS="1766" HPOS="112"/><SP WIDTH="8" VPOS="1766" HPOS="166"/><String WC="0.7350000143" CONTENT="il" HEIGHT="30" WIDTH="18" VPOS="1766" HPOS="174"/><SP WIDTH="9" VPOS="1768" HPOS="192"/><String STYLE="smallcaps" WC="0.296666652" CONTENT="cctyo," HEIGHT="34" WIDTH="94" VPOS="1779" HPOS="201"/><SP WIDTH="8" VPOS="1790" HPOS="295"/><String STYLE="smallcaps" WC="0.25" CONTENT="4" HEIGHT="26" WIDTH="20" VPOS="1790" HPOS="304"/><SP WIDTH="11" VPOS="1788" HPOS="325"/><String STYLE="italics" WC="0.5171428323" CONTENT="eirvie," HEIGHT="35" WIDTH="96" VPOS="1778" HPOS="337"/><SP WIDTH="11" VPOS="1789" HPOS="433"/><String WC="0.2899999917" CONTENT="cer-[touc" HEIGHT="53" WIDTH="125" VPOS="1773" HPOS="444"/><SP WIDTH="9" VPOS="1778" HPOS="569"/><String WC="0.7300000191" CONTENT="de" HEIGHT="33" WIDTH="35" VPOS="1779" HPOS="578"/><SP WIDTH="6" VPOS="1791" HPOS="613"/><String WC="0.4860000014" CONTENT="»eine" HEIGHT="25" WIDTH="92" VPOS="1791" HPOS="620"/><SP WIDTH="8" VPOS="1795" HPOS="713"/><String WC="0.4720000029" CONTENT="qweie" HEIGHT="42" WIDTH="86" VPOS="1786" HPOS="722"/><SP WIDTH="8" VPOS="1798" HPOS="808"/><String WC="0.7149999738" CONTENT="«erk.H" HEIGHT="45" WIDTH="97" VPOS="1787" HPOS="816"/></TextLine>
<TextLine HEIGHT="39" WIDTH="62" VPOS="1819" HPOS="429"><String WC="0.3160000145" CONTENT="(£&gt;#." HEIGHT="39" WIDTH="62" VPOS="1819" HPOS="429"/></TextLine>
</TextBlock>
<TextBlock ID="Page1_Block9" HEIGHT="40" WIDTH="61" VPOS="1861" HPOS="597" language="de" STYLEREFS="font2"><Shape><Polygon POINTS="652,1878 712,1878 712,1916 652,1916 652,1878"/></Shape>
<TextLine HEIGHT="32" WIDTH="29" VPOS="1864" HPOS="612"><String WC="0.25" CONTENT="H" HEIGHT="32" WIDTH="29" VPOS="1864" HPOS="612"/></TextLine>
</TextBlock>
<TextBlock ID="Page1_Block10" HEIGHT="48" WIDTH="83" VPOS="1867" HPOS="937" language="de" STYLEREFS="font1"><Shape><Polygon POINTS="992,1874 1074,1874 1074,1920 992,1920 992,1874"/></Shape>
<TextLine HEIGHT="34" WIDTH="49" VPOS="1875" HPOS="953"><String STYLE="italics" WC="0.3700000048" CONTENT="m" HEIGHT="34" WIDTH="49" VPOS="1875" HPOS="953"/></TextLine>
</TextBlock></ComposedBlock><GraphicalElement ID="Page1_Block11" HEIGHT="38" WIDTH="965" VPOS="172" HPOS="54"/><GraphicalElement ID="Page1_Block12" HEIGHT="30" WIDTH="489" VPOS="1196" HPOS="511"/><GraphicalElement ID="Page1_Block13" HEIGHT="17" WIDTH="411" VPOS="1184" HPOS="87"/><GraphicalElement ID="Page1_Block14" HEIGHT="488" WIDTH="18" VPOS="1247" HPOS="497"/><GraphicalElement ID="Page1_Block15" HEIGHT="7" WIDTH="81" VPOS="753" HPOS="873"/><GraphicalElement ID="Page1_Block16" HEIGHT="10" WIDTH="113" VPOS="1775" HPOS="453"/>
</PrintSpace>
</Page>
</Layout>
</alto>