﻿<?xml version="1.0" encoding="UTF-8" standalone="yes"?>
<alto xmlns="http://www.loc.gov/standards/alto/ns-v2#" xmlns:xlink="http://www.w3.org/1999/xlink" xmlns:xsi="http://www.w3.org/2001/XMLSchema-instance" xsi:schemaLocation="http://www.loc.gov/standards/alto/ns-v2# http://www.loc.gov/standards/alto/alto-v2.0.xsd">
<Description>
<MeasurementUnit>pixel</MeasurementUnit>
<OCRProcessing ID="IdOcr"><ocrProcessingStep><processingDateTime>2017-03-20</processingDateTime><processingSoftware><softwareCreator>ABBYY</softwareCreator><softwareName>ABBYY FineReader Engine</softwareName><softwareVersion>11</softwareVersion></processingSoftware></ocrProcessingStep></OCRProcessing>
</Description>
<Styles><TextStyle ID="font0" FONTFAMILY="Times New Roman" FONTSIZE="7"/><TextStyle ID="font1" FONTFAMILY="Times New Roman" FONTSIZE="8"/><TextStyle ID="font2" FONTFAMILY="Times New Roman" FONTSIZE="9"/><TextStyle ID="font3" FONTFAMILY="Times New Roman" FONTSIZE="10"/><TextStyle ID="font4" FONTFAMILY="Times New Roman" FONTSIZE="11"/><TextStyle ID="font5" FONTFAMILY="Times New Roman" FONTSIZE="12"/><TextStyle ID="font6" FONTFAMILY="Times New Roman" FONTSIZE="14"/><TextStyle ID="font7" FONTFAMILY="Times New Roman" FONTSIZE="16"/>
</Styles>
<Layout>
<Page ID="Page1" PHYSICAL_IMG_NR="1" HEIGHT="2038" WIDTH="1243">
<TopMargin HEIGHT="96" WIDTH="1243" VPOS="0" HPOS="0">
</TopMargin>
<LeftMargin HEIGHT="1756" WIDTH="40" VPOS="96" HPOS="0">
</LeftMargin>
<RightMargin HEIGHT="1756" WIDTH="161" VPOS="96" HPOS="1082">
</RightMargin>
<BottomMargin HEIGHT="186" WIDTH="1243" VPOS="1852" HPOS="0">
</BottomMargin>
<PrintSpace HEIGHT="1756" WIDTH="1042" VPOS="96" HPOS="40">
<TextBlock ID="Page1_Block1" HEIGHT="62" WIDTH="154" VPOS="98" HPOS="284" language="de" STYLEREFS="font6"><Shape><Polygon POINTS="329,98 438,98 438,160 284,160 284,118 329,118 329,98"/></Shape>
<TextLine HEIGHT="51" WIDTH="134" VPOS="108" HPOS="304"><String STYLE="bold" WC="0.7799999714" CONTENT="OZ-D" HEIGHT="51" WIDTH="134" VPOS="108" HPOS="304"/></TextLine>
</TextBlock>
<TextBlock ID="Page1_Block2" HEIGHT="718" WIDTH="1034" VPOS="96" HPOS="40" language="de" STYLEREFS="font5"><Shape><Polygon POINTS="478,96 684,96 684,158 1074,158 1074,814 40,814 40,162 404,162 404,158 478,158 478,96"/></Shape>
<TextLine HEIGHT="58" WIDTH="411" VPOS="103" HPOS="486" STYLEREFS="font6"><String STYLE="bold smallcaps" WC="0.2199999988" CONTENT="Cd-" HEIGHT="45" WIDTH="72" VPOS="108" HPOS="486"/><String WC="0.2166666687" CONTENT="0:1" HEIGHT="48" WIDTH="115" VPOS="103" HPOS="569"/><SP WIDTH="212" VPOS="103" HPOS="685"/></TextLine>
<TextLine HEIGHT="58" WIDTH="342" VPOS="165" HPOS="343" STYLEREFS="font7"><String WC="0.2899999917" CONTENT="~" HEIGHT="4" WIDTH="27" VPOS="165" HPOS="343"/><SP WIDTH="37" VPOS="165" HPOS="371"/><String WC="0.3100000024" CONTENT="XXXVIII." HEIGHT="52" WIDTH="276" VPOS="171" HPOS="409"/></TextLine>
<TextLine HEIGHT="47" WIDTH="531" VPOS="240" HPOS="286" STYLEREFS="font6"><String STYLE="bold" WC="0.4575000107" CONTENT="Luc." HEIGHT="41" WIDTH="91" VPOS="242" HPOS="286"/><SP WIDTH="11" VPOS="241" HPOS="378"/><String STYLE="bold" WC="0.5669230819" CONTENT="Cap.XXl.vers." HEIGHT="47" WIDTH="296" VPOS="240" HPOS="390"/><SP WIDTH="10" VPOS="253" HPOS="687"/><String STYLE="bold" WC="1." CONTENT="17/" HEIGHT="39" WIDTH="50" VPOS="246" HPOS="698"/><SP WIDTH="15" VPOS="246" HPOS="749"/><String STYLE="bold" WC="0.5133333206" CONTENT="r8." HEIGHT="35" WIDTH="52" VPOS="243" HPOS="765"/></TextLine>
<TextLine HEIGHT="58" WIDTH="949" VPOS="280" HPOS="104" STYLEREFS="font6"><String STYLE="bold" WC="0.5174999833" CONTENT="Jederman" HEIGHT="51" WIDTH="187" VPOS="287" HPOS="104"/><SP WIDTH="7" VPOS="300" HPOS="292"/><String WC="0.3000000119" CONTENT="wird" HEIGHT="37" WIDTH="82" VPOS="294" HPOS="300"/><SP WIDTH="8" VPOS="296" HPOS="383"/><String STYLE="bold" WC="0.3050000072" CONTENT="euch" HEIGHT="40" WIDTH="72" VPOS="294" HPOS="392"/><SP WIDTH="10" VPOS="291" HPOS="465"/><String WC="0.5033333302" CONTENT="hassen" HEIGHT="46" WIDTH="102" VPOS="289" HPOS="476"/><SP WIDTH="10" VPOS="299" HPOS="579"/><String STYLE="bold" WC="1." CONTENT="/" HEIGHT="29" WIDTH="12" VPOS="299" HPOS="590"/><SP WIDTH="8" VPOS="299" HPOS="603"/><String STYLE="bold" WC="0.3300000131" CONTENT="um" HEIGHT="28" WIDTH="55" VPOS="299" HPOS="612"/><SP WIDTH="10" VPOS="298" HPOS="668"/><String STYLE="bold" WC="0.3983333409" CONTENT="meines" HEIGHT="40" WIDTH="120" VPOS="286" HPOS="679"/><SP WIDTH="8" VPOS="285" HPOS="800"/><String STYLE="bold" WC="0.400000006" CONTENT="Namens" HEIGHT="40" WIDTH="162" VPOS="285" HPOS="809"/><SP WIDTH="11" VPOS="285" HPOS="972"/><String STYLE="bold" WC="0.4433333278" CONTENT="wil" HEIGHT="39" WIDTH="54" VPOS="280" HPOS="984" SUBS_TYPE="HypPart1" SUBS_CONTENT="willen:"/><HYP CONTENT="­"/></TextLine>
<TextLine HEIGHT="53" WIDTH="994" VPOS="333" HPOS="59" STYLEREFS="font6"><String STYLE="bold" WC="0.3600000143" CONTENT="len:" HEIGHT="43" WIDTH="65" VPOS="333" HPOS="59" SUBS_TYPE="HypPart2" SUBS_CONTENT="willen:"/><SP WIDTH="16" VPOS="350" HPOS="125"/><String STYLE="bold" WC="0.2700000107" CONTENT="aber" HEIGHT="41" WIDTH="75" VPOS="339" HPOS="142"/><SP WIDTH="14" VPOS="349" HPOS="218"/><String STYLE="bold" WC="0.8000000119" CONTENT="es" HEIGHT="36" WIDTH="33" VPOS="343" HPOS="233"/><SP WIDTH="15" VPOS="343" HPOS="267"/><String STYLE="bold" WC="0.4524999857" CONTENT="wird" HEIGHT="39" WIDTH="81" VPOS="340" HPOS="283"/><SP WIDTH="16" VPOS="340" HPOS="365"/><String STYLE="bold" WC="0.474999994" CONTENT="kein" HEIGHT="39" WIDTH="65" VPOS="340" HPOS="382"/><SP WIDTH="8" VPOS="339" HPOS="448"/><String STYLE="bold" WC="0.2800000012" CONTENT="Haar" HEIGHT="47" WIDTH="100" VPOS="339" HPOS="457"/><SP WIDTH="15" VPOS="348" HPOS="558"/><String STYLE="bold" WC="0.349999994" CONTENT="von" HEIGHT="30" WIDTH="64" VPOS="347" HPOS="574"/><SP WIDTH="16" VPOS="347" HPOS="639"/><String STYLE="bold" WC="0.3359999955" CONTENT="eurem" HEIGHT="31" WIDTH="106" VPOS="345" HPOS="656"/><SP WIDTH="8" VPOS="334" HPOS="763"/><String STYLE="bold" WC="0.4420000017" CONTENT="Haupt" HEIGHT="50" WIDTH="118" VPOS="334" HPOS="772"/><SP WIDTH="18" VPOS="343" HPOS="891"/><String STYLE="bold" WC="0.473333329" CONTENT="umkom-" HEIGHT="39" WIDTH="143" VPOS="333" HPOS="910"/></TextLine>
<TextLine HEIGHT="35" WIDTH="83" VPOS="390" HPOS="59" STYLEREFS="font6"><String STYLE="bold" WC="0.4675000012" CONTENT="men." HEIGHT="35" WIDTH="83" VPOS="390" HPOS="59"/></TextLine>
<TextLine HEIGHT="56" WIDTH="940" VPOS="436" HPOS="113"><String STYLE="italics" WC="0.5450000167" CONTENT="Tritis" HEIGHT="36" WIDTH="114" VPOS="439" HPOS="113"/><SP WIDTH="20" VPOS="452" HPOS="228"/><String STYLE="italics" WC="0.5674999952" CONTENT="odio" HEIGHT="40" WIDTH="78" VPOS="436" HPOS="249"/><SP WIDTH="19" VPOS="452" HPOS="328"/><String STYLE="italics" WC="0.3216666579" CONTENT="omnibm" HEIGHT="40" WIDTH="162" VPOS="437" HPOS="348"/><SP WIDTH="12" VPOS="449" HPOS="511"/><String STYLE="italics" WC="0.3942857087" CONTENT="prcpter" HEIGHT="45" WIDTH="150" VPOS="447" HPOS="524"/><SP WIDTH="18" VPOS="449" HPOS="675"/><String STYLE="italics" WC="0.3059999943" CONTENT="nömcn" HEIGHT="29" WIDTH="132" VPOS="443" HPOS="694"/><SP WIDTH="25" VPOS="445" HPOS="827"/><String STYLE="italics" WC="0.3149999976" CONTENT="tneum:" HEIGHT="26" WIDTH="138" VPOS="444" HPOS="853"/><SP WIDTH="11" VPOS="436" HPOS="992"/><String STYLE="italics" WC="0.25" CONTENT="Et" HEIGHT="33" WIDTH="49" VPOS="436" HPOS="1004"/></TextLine>
<TextLine HEIGHT="59" WIDTH="713" VPOS="490" HPOS="60"><String STYLE="italics" WC="0.3728571534" CONTENT="tapillm" HEIGHT="50" WIDTH="143" VPOS="495" HPOS="60"/><SP WIDTH="15" VPOS="494" HPOS="204"/><String STYLE="italics" WC="0.6800000072" CONTENT="de" HEIGHT="38" WIDTH="45" VPOS="494" HPOS="220"/><SP WIDTH="11" VPOS="510" HPOS="266"/><String STYLE="italics" WC="0.5299999714" CONTENT="capite" HEIGHT="51" WIDTH="117" VPOS="498" HPOS="278"/><SP WIDTH="18" VPOS="510" HPOS="396"/><String STYLE="italics" WC="0.4099999964" CONTENT="veßro" HEIGHT="47" WIDTH="116" VPOS="495" HPOS="415"/><SP WIDTH="10" VPOS="508" HPOS="532"/><String STYLE="italics" WC="0.3066666722" CONTENT="non" HEIGHT="24" WIDTH="73" VPOS="508" HPOS="543"/><SP WIDTH="6" VPOS="505" HPOS="617"/><String STYLE="italics" WC="0.6374999881" CONTENT="peribit." HEIGHT="58" WIDTH="149" VPOS="490" HPOS="624"/></TextLine>
<TextLine HEIGHT="52" WIDTH="945" VPOS="545" HPOS="110" STYLEREFS="font4"><String WC="0.8433333039" CONTENT="Voi" HEIGHT="34" WIDTH="63" VPOS="551" HPOS="110"/><SP WIDTH="15" VPOS="551" HPOS="174"/><String WC="0.3983333409" CONTENT="farete" HEIGHT="35" WIDTH="101" VPOS="551" HPOS="190"/><SP WIDTH="11" VPOS="564" HPOS="292"/><String WC="0.5128571391" CONTENT="ociiati" HEIGHT="36" WIDTH="98" VPOS="552" HPOS="304"/><SP WIDTH="17" VPOS="553" HPOS="403"/><String WC="0.2399999946" CONTENT="da" HEIGHT="34" WIDTH="36" VPOS="553" HPOS="421"/><SP WIDTH="18" VPOS="563" HPOS="458"/><String WC="0.5966666937" CONTENT="tutti," HEIGHT="36" WIDTH="81" VPOS="553" HPOS="477"/><SP WIDTH="11" VPOS="563" HPOS="559"/><String WC="0.200000003" CONTENT="per" HEIGHT="34" WIDTH="54" VPOS="563" HPOS="571"/><SP WIDTH="11" VPOS="553" HPOS="626"/><String WC="0.6200000048" CONTENT="il" HEIGHT="35" WIDTH="20" VPOS="549" HPOS="638"/><SP WIDTH="10" VPOS="549" HPOS="659"/><String WC="0.3033333421" CONTENT="mfo" HEIGHT="35" WIDTH="67" VPOS="548" HPOS="670"/><SP WIDTH="11" VPOS="550" HPOS="738"/><String WC="0.2980000079" CONTENT="Nome:" HEIGHT="33" WIDTH="133" VPOS="550" HPOS="750"/><SP WIDTH="17" VPOS="545" HPOS="884"/><String WC="0.3149999976" CONTENT="Ma" HEIGHT="36" WIDTH="63" VPOS="545" HPOS="902"/><SP WIDTH="10" VPOS="557" HPOS="966"/><String WC="0.337500006" CONTENT="pure" HEIGHT="35" WIDTH="78" VPOS="557" HPOS="977"/></TextLine>
<TextLine HEIGHT="48" WIDTH="650" VPOS="599" HPOS="63" STYLEREFS="font4"><String WC="0.4050000012" CONTENT="wn" HEIGHT="26" WIDTH="41" VPOS="604" HPOS="63"/><SP WIDTH="18" VPOS="607" HPOS="105"/><String WC="0.5857142806" CONTENT="capello" HEIGHT="47" WIDTH="118" VPOS="599" HPOS="124"/><SP WIDTH="10" VPOS="601" HPOS="243"/><String WC="0.6100000143" CONTENT="del" HEIGHT="34" WIDTH="48" VPOS="600" HPOS="254"/><SP WIDTH="9" VPOS="600" HPOS="303"/><String WC="0.5283333063" CONTENT="voftro" HEIGHT="35" WIDTH="110" VPOS="600" HPOS="313"/><SP WIDTH="10" VPOS="612" HPOS="424"/><String WC="0.4025000036" CONTENT="capo" HEIGHT="34" WIDTH="82" VPOS="613" HPOS="435"/><SP WIDTH="9" VPOS="613" HPOS="518"/><String WC="0.453333348" CONTENT="non" HEIGHT="21" WIDTH="64" VPOS="613" HPOS="528"/><SP WIDTH="10" VPOS="612" HPOS="593"/><String WC="0.4985714257" CONTENT="perira," HEIGHT="44" WIDTH="109" VPOS="601" HPOS="604"/></TextLine>
<TextLine HEIGHT="54" WIDTH="937" VPOS="645" HPOS="119"><String STYLE="italics" WC="0.3166666627" CONTENT="Vom" HEIGHT="33" WIDTH="88" VPOS="653" HPOS="119"/><SP WIDTH="6" VPOS="654" HPOS="208"/><String STYLE="italics" WC="0.4620000124" CONTENT="ferez" HEIGHT="44" WIDTH="103" VPOS="654" HPOS="215"/><SP WIDTH="9" VPOS="649" HPOS="319"/><String STYLE="italics" WC="0.2066666633" CONTENT="hau" HEIGHT="39" WIDTH="81" VPOS="649" HPOS="329"/><SP WIDTH="9" VPOS="649" HPOS="411"/><String STYLE="italics" WC="0.6600000262" CONTENT="de" HEIGHT="39" WIDTH="44" VPOS="649" HPOS="421"/><SP WIDTH="9" VPOS="661" HPOS="466"/><String STYLE="italics" WC="0.4499999881" CONTENT="tosu" HEIGHT="26" WIDTH="79" VPOS="661" HPOS="476"/><SP WIDTH="9" VPOS="649" HPOS="556"/><String STYLE="italics" WC="0.4866666794" CONTENT="les" HEIGHT="37" WIDTH="48" VPOS="649" HPOS="566"/><SP WIDTH="9" VPOS="648" HPOS="615"/><String STYLE="italics" WC="0.4970000088" CONTENT="hommcspour" HEIGHT="51" WIDTH="252" VPOS="648" HPOS="625"/><SP WIDTH="9" VPOS="645" HPOS="878"/><String STYLE="italics" WC="1." CONTENT="l’" HEIGHT="37" WIDTH="23" VPOS="645" HPOS="888"/><SP WIDTH="12" VPOS="647" HPOS="912"/><String STYLE="italics" WC="0.3919999897" CONTENT="awour" HEIGHT="25" WIDTH="131" VPOS="657" HPOS="925"/></TextLine>
<TextLine HEIGHT="64" WIDTH="996" VPOS="696" HPOS="61"><String STYLE="italics" WC="0.4149999917" CONTENT="de" HEIGHT="40" WIDTH="42" VPOS="696" HPOS="61"/><SP WIDTH="10" VPOS="714" HPOS="104"/><String STYLE="italics" WC="0.2199999988" CONTENT="mon" HEIGHT="25" WIDTH="81" VPOS="717" HPOS="115"/><SP WIDTH="10" VPOS="713" HPOS="197"/><String STYLE="italics" WC="0.3700000048" CONTENT="Nom" HEIGHT="31" WIDTH="91" VPOS="713" HPOS="208"/><SP WIDTH="19" VPOS="721" HPOS="300"/><String STYLE="italics" WC="1." CONTENT=":" HEIGHT="22" WIDTH="12" VPOS="721" HPOS="320"/><SP WIDTH="24" VPOS="721" HPOS="333"/><String STYLE="italics" WC="0.4433333278" CONTENT="cependant" HEIGHT="53" WIDTH="203" VPOS="707" HPOS="358"/><SP WIDTH="17" VPOS="707" HPOS="562"/><String STYLE="italics" WC="0.8450000286" CONTENT="il" HEIGHT="37" WIDTH="34" VPOS="706" HPOS="580"/><SP WIDTH="4" VPOS="706" HPOS="615"/><String STYLE="italics" WC="0.3650000095" CONTENT="ne" HEIGHT="24" WIDTH="44" VPOS="717" HPOS="620"/><SP WIDTH="3" VPOS="714" HPOS="665"/><String STYLE="italics" WC="0.3300000131" CONTENT="per" HEIGHT="40" WIDTH="66" VPOS="714" HPOS="669"/><SP WIDTH="1" VPOS="703" HPOS="736"/><String STYLE="italics" WC="9.000000358e-002" CONTENT="dm" HEIGHT="37" WIDTH="71" VPOS="703" HPOS="738"/><SP WIDTH="11" VPOS="713" HPOS="810"/><String STYLE="italics" WC="0.5466666818" CONTENT="pas" HEIGHT="43" WIDTH="67" VPOS="713" HPOS="822"/><SP WIDTH="13" VPOS="716" HPOS="890"/><String STYLE="italics" WC="0.275000006" CONTENT="un" HEIGHT="23" WIDTH="52" VPOS="717" HPOS="904"/><SP WIDTH="13" VPOS="716" HPOS="957"/><String STYLE="italics" WC="0.4925000072" CONTENT="che-" HEIGHT="39" WIDTH="86" VPOS="699" HPOS="971"/></TextLine>
<TextLine HEIGHT="46" WIDTH="366" VPOS="761" HPOS="65"><String STYLE="italics" WC="0.3975000083" CONTENT="&apos;Veu" HEIGHT="29" WIDTH="75" VPOS="768" HPOS="65"/><SP WIDTH="11" VPOS="761" HPOS="141"/><String STYLE="italics" WC="0.3100000024" CONTENT="de" HEIGHT="38" WIDTH="45" VPOS="761" HPOS="153"/><SP WIDTH="14" VPOS="776" HPOS="199"/><String STYLE="italics" WC="0.5483333468" CONTENT="%/otre" HEIGHT="27" WIDTH="108" VPOS="773" HPOS="214"/><SP WIDTH="18" VPOS="773" HPOS="323"/><String STYLE="italics" WC="0.6499999762" CONTENT="tete." HEIGHT="34" WIDTH="89" VPOS="773" HPOS="342"/></TextLine>
</TextBlock>
<TextBlock ID="Page1_Block3" HEIGHT="78" WIDTH="512" VPOS="846" HPOS="46" language="de" STYLEREFS="font5">
<TextLine HEIGHT="60" WIDTH="491" VPOS="860" HPOS="63"><String STYLE="italics" WC="0.224999994" CONTENT="11" HEIGHT="35" WIDTH="35" VPOS="860" HPOS="63"/><SP WIDTH="8" VPOS="860" HPOS="99"/><String STYLE="italics" WC="0.3799999952" CONTENT="Capo" HEIGHT="51" WIDTH="90" VPOS="868" HPOS="108"/><String STYLE="bold" STYLEREFS="font3" WC="0.8799999952" CONTENT="," HEIGHT="15" WIDTH="9" VPOS="895" HPOS="208"/><SP WIDTH="18" VPOS="867" HPOS="218"/><String STYLE="italics" WC="0.625" CONTENT="la" HEIGHT="39" WIDTH="39" VPOS="867" HPOS="237"/><SP WIDTH="8" VPOS="873" HPOS="277"/><String STYLE="italics" WC="0.4460000098" CONTENT="Tofla" HEIGHT="52" WIDTH="102" VPOS="868" HPOS="286"/><SP WIDTH="7" VPOS="884" HPOS="389"/><String STYLE="italics" WC="0.4399999976" CONTENT="e" HEIGHT="25" WIDTH="18" VPOS="884" HPOS="397"/><SP WIDTH="10" VPOS="870" HPOS="416"/><String STYLE="italics" WC="0.9800000191" CONTENT="le" HEIGHT="37" WIDTH="34" VPOS="870" HPOS="427"/><SP WIDTH="7" VPOS="875" HPOS="462"/><String STYLE="italics" WC="0.6999999881" CONTENT="Ma-" HEIGHT="34" WIDTH="84" VPOS="875" HPOS="470"/></TextLine>
</TextBlock>
<TextBlock ID="Page1_Block4" HEIGHT="36" WIDTH="76" VPOS="934" HPOS="272" language="de">
<TextLine HEIGHT="27" WIDTH="54" VPOS="940" HPOS="288"><String STYLE="italics" STYLEREFS="font6" WC="0.3100000024" CONTENT="m" HEIGHT="27" WIDTH="43" VPOS="940" HPOS="288"/><String STYLE="bold" STYLEREFS="font6" WC="0.5500000119" CONTENT="." HEIGHT="9" WIDTH="9" VPOS="956" HPOS="333"/></TextLine>
</TextBlock>
<TextBlock ID="Page1_Block5" HEIGHT="118" WIDTH="910" VPOS="958" HPOS="60" language="de" STYLEREFS="font2"><Shape><Polygon POINTS="86,958 268,958 268,1006 970,1006 970,1076 60,1076 60,1006 86,1006 86,958"/></Shape>
<TextLine HEIGHT="49" WIDTH="188" VPOS="970" HPOS="75" STYLEREFS="font2"><String WC="0.5500000119" CONTENT="_" HEIGHT="9" WIDTH="5" VPOS="1010" HPOS="75"/><SP WIDTH="20" VPOS="970" HPOS="81"/><String WC="0.1400000006" CONTENT="n" HEIGHT="32" WIDTH="22" VPOS="970" HPOS="102"/><SP WIDTH="10" VPOS="970" HPOS="125"/><String WC="0.5249999762" CONTENT="capo" HEIGHT="30" WIDTH="69" VPOS="982" HPOS="136"/><SP WIDTH="9" VPOS="979" HPOS="206"/><String WC="0.4766666591" CONTENT="ha," HEIGHT="39" WIDTH="47" VPOS="979" HPOS="216"/></TextLine>
<TextLine HEIGHT="50" WIDTH="900" VPOS="1010" HPOS="64" STYLEREFS="font1"><String WC="0.4333333373" CONTENT="de’" HEIGHT="30" WIDTH="41" VPOS="1010" HPOS="64"/><SP WIDTH="9" VPOS="1013" HPOS="106"/><String WC="0.375" CONTENT="capegli," HEIGHT="38" WIDTH="110" VPOS="1018" HPOS="116"/><SP WIDTH="10" VPOS="1024" HPOS="227"/><String STYLE="italics" WC="0.2700000107" CONTENT="U" HEIGHT="25" WIDTH="24" VPOS="1024" HPOS="238"/><SP WIDTH="7" VPOS="1024" HPOS="263"/><String STYLE="italics" WC="0.4133333266" CONTENT="Xa^eta" HEIGHT="29" WIDTH="119" VPOS="1026" HPOS="271"/><SP WIDTH="8" VPOS="1035" HPOS="391"/><String WC="1." CONTENT="," HEIGHT="14" WIDTH="8" VPOS="1046" HPOS="400"/><SP WIDTH="12" VPOS="1024" HPOS="409"/><String STYLE="italics" WC="0.5" CONTENT="la" HEIGHT="27" WIDTH="25" VPOS="1024" HPOS="422"/><SP WIDTH="10" VPOS="1031" HPOS="448"/><String STYLE="italics" WC="0.3000000119" CONTENT="thioma" HEIGHT="28" WIDTH="96" VPOS="1022" HPOS="459"/><SP WIDTH="7" VPOS="1016" HPOS="556"/><String WC="0.3333333433" CONTENT="des" HEIGHT="29" WIDTH="45" VPOS="1016" HPOS="564"/><SP WIDTH="12" VPOS="1028" HPOS="610"/><String WC="0.3087500036" CONTENT="chevcux," HEIGHT="31" WIDTH="139" VPOS="1019" HPOS="623"/><SP WIDTH="9" VPOS="1020" HPOS="763"/><String STYLE="italics" WC="0.5849999785" CONTENT="la" HEIGHT="25" WIDTH="24" VPOS="1020" HPOS="773"/><SP WIDTH="9" VPOS="1030" HPOS="798"/><String STYLE="italics" WC="0.4344444573" CONTENT="chrvtlarc" HEIGHT="27" WIDTH="132" VPOS="1019" HPOS="808"/><SP WIDTH="8" VPOS="1025" HPOS="941"/><String WC="0.2700000107" CONTENT="I" HEIGHT="21" WIDTH="14" VPOS="1025" HPOS="950"/></TextLine>
<TextLine HEIGHT="18" WIDTH="821" VPOS="1058" HPOS="64"><String WC="0.4424999952" CONTENT="(rhp" HEIGHT="18" WIDTH="61" VPOS="1058" HPOS="64"/><SP WIDTH="12" VPOS="1065" HPOS="126"/><String WC="0.3000000119" CONTENT="11" HEIGHT="11" WIDTH="14" VPOS="1065" HPOS="139"/><SP WIDTH="11" VPOS="1067" HPOS="154"/><String WC="0.1299999952" CONTENT="n" HEIGHT="7" WIDTH="12" VPOS="1069" HPOS="166"/><SP WIDTH="118" VPOS="1064" HPOS="179"/><String WC="1." CONTENT="&apos;" HEIGHT="6" WIDTH="6" VPOS="1064" HPOS="298"/><SP WIDTH="23" VPOS="1064" HPOS="305"/><String STYLE="italics" WC="0.200000003" CONTENT="l:" HEIGHT="12" WIDTH="14" VPOS="1064" HPOS="329"/><SP WIDTH="31" VPOS="1068" HPOS="344"/><String WC="0.6600000262" CONTENT="." HEIGHT="2" WIDTH="3" VPOS="1074" HPOS="376"/><SP WIDTH="183" VPOS="1060" HPOS="380"/><String STYLE="italics" WC="0.2599999905" CONTENT="ln" HEIGHT="16" WIDTH="28" VPOS="1060" HPOS="564"/><SP WIDTH="3" VPOS="1067" HPOS="593"/><String STYLE="smallcaps" WC="0.200000003" CONTENT="ii" HEIGHT="9" WIDTH="15" VPOS="1067" HPOS="597"/><String STYLE="superscript smallcaps" WC="0.2399999946" CONTENT="5" HEIGHT="9" WIDTH="5" VPOS="1058" HPOS="617"/><SP WIDTH="57" VPOS="1058" HPOS="623"/><String WC="0.3055555522" CONTENT="firiryni»" HEIGHT="10" WIDTH="95" VPOS="1066" HPOS="681"/><SP WIDTH="16" VPOS="1066" HPOS="777"/><String WC="1." CONTENT="." HEIGHT="2" WIDTH="2" VPOS="1074" HPOS="794"/><SP WIDTH="13" VPOS="1069" HPOS="797"/><String STYLE="italics" WC="0.1899999976" CONTENT="siittilo" HEIGHT="17" WIDTH="74" VPOS="1059" HPOS="811"/></TextLine>
</TextBlock>
<TextBlock ID="Page1_Block6" HEIGHT="60" WIDTH="462" VPOS="852" HPOS="582" language="de" STYLEREFS="font5">
<TextLine HEIGHT="46" WIDTH="433" VPOS="862" HPOS="595"><String STYLE="italics" WC="0.2150000036" CONTENT="La" HEIGHT="34" WIDTH="52" VPOS="869" HPOS="595"/><SP WIDTH="9" VPOS="868" HPOS="648"/><String STYLE="italics" WC="0.4499999881" CONTENT="Tete" HEIGHT="35" WIDTH="85" VPOS="868" HPOS="658"/><String STYLE="bold" STYLEREFS="font3" WC="0.8500000238" CONTENT="," HEIGHT="16" WIDTH="8" VPOS="891" HPOS="754"/><SP WIDTH="9" VPOS="862" HPOS="763"/><String STYLE="italics" WC="0.9300000072" CONTENT="&amp;" HEIGHT="46" WIDTH="44" VPOS="862" HPOS="773"/><SP WIDTH="11" VPOS="862" HPOS="818"/><String STYLE="italics" WC="0.5833333135" CONTENT="les" HEIGHT="39" WIDTH="49" VPOS="865" HPOS="830"/><SP WIDTH="6" VPOS="871" HPOS="880"/><String STYLE="italics" WC="0.4580000043" CONTENT="Mains" HEIGHT="38" WIDTH="131" VPOS="867" HPOS="887"/><String STYLE="bold" STYLEREFS="font3" WC="0.5600000024" CONTENT="," HEIGHT="14" WIDTH="9" VPOS="891" HPOS="1019"/></TextLine>
</TextBlock>
<TextBlock ID="Page1_Block7" HEIGHT="44" WIDTH="172" VPOS="972" HPOS="588" language="de" STYLEREFS="font2">
<TextLine HEIGHT="31" WIDTH="141" VPOS="980" HPOS="603"><String WC="0.3650000095" CONTENT="La" HEIGHT="25" WIDTH="37" VPOS="980" HPOS="603"/><SP WIDTH="7" VPOS="984" HPOS="641"/><String WC="0.6299999952" CONTENT="tete," HEIGHT="28" WIDTH="69" VPOS="983" HPOS="649"/><SP WIDTH="9" VPOS="987" HPOS="719"/><String WC="0.6899999976" CONTENT="a" HEIGHT="18" WIDTH="15" VPOS="987" HPOS="729"/></TextLine>
</TextBlock>
<TextBlock ID="Page1_Block8" HEIGHT="716" WIDTH="514" VPOS="1052" HPOS="48" language="de" STYLEREFS="font2"><Shape><Polygon POINTS="48,1052 394,1052 394,1100 378,1100 378,1636 562,1636 562,1686 552,1686 552,1768 82,1768 82,1746 48,1746 48,1052"/></Shape>
<TextLine HEIGHT="40" WIDTH="326" VPOS="1055" HPOS="64"><String WC="0.4524999857" CONTENT="(che" HEIGHT="35" WIDTH="62" VPOS="1055" HPOS="64"/><SP WIDTH="10" VPOS="1056" HPOS="127"/><String WC="1." CONTENT="fi" HEIGHT="27" WIDTH="17" VPOS="1056" HPOS="138"/><SP WIDTH="7" VPOS="1056" HPOS="156"/><String WC="0.4149999917" CONTENT="pettina," HEIGHT="33" WIDTH="116" VPOS="1062" HPOS="164"/><SP WIDTH="6" VPOS="1074" HPOS="281"/><String STYLE="italics" WC="0.4928571284" CONTENT="ordina," HEIGHT="30" WIDTH="102" VPOS="1064" HPOS="288"/></TextLine>
<TextLine HEIGHT="37" WIDTH="233" VPOS="1096" HPOS="63"><String WC="0.3149999976" CONTENT="so" HEIGHT="17" WIDTH="33" VPOS="1106" HPOS="63"/><SP WIDTH="10" VPOS="1096" HPOS="97"/><String WC="0.7649999857" CONTENT="’1" HEIGHT="26" WIDTH="16" VPOS="1096" HPOS="108"/><SP WIDTH="8" VPOS="1098" HPOS="125"/><String WC="0.4050000012" CONTENT="pettine," HEIGHT="33" WIDTH="110" VPOS="1100" HPOS="134"/><SP WIDTH="10" VPOS="1103" HPOS="245"/><String WC="0.4600000083" CONTENT=")" HEIGHT="27" WIDTH="11" VPOS="1103" HPOS="256"/><SP WIDTH="14" VPOS="1103" HPOS="268"/><String WC="0.25" CONTENT="2" HEIGHT="15" WIDTH="13" VPOS="1110" HPOS="283"/></TextLine>
<TextLine HEIGHT="36" WIDTH="224" VPOS="1137" HPOS="63"><String WC="0.1533333361" CONTENT="due" HEIGHT="28" WIDTH="52" VPOS="1137" HPOS="63"/><SP WIDTH="10" VPOS="1146" HPOS="116"/><String WC="0.4044444561" CONTENT="orecchie," HEIGHT="32" WIDTH="136" VPOS="1138" HPOS="127"/><SP WIDTH="10" VPOS="1147" HPOS="264"/><String WC="0.1599999964" CONTENT="3" HEIGHT="26" WIDTH="12" VPOS="1147" HPOS="275"/></TextLine>
<TextLine HEIGHT="37" WIDTH="174" VPOS="1177" HPOS="64"><String WC="0.275000006" CONTENT="le" HEIGHT="27" WIDTH="23" VPOS="1178" HPOS="64"/><SP WIDTH="13" VPOS="1185" HPOS="88"/><String WC="0.4428571463" CONTENT="rempie," HEIGHT="31" WIDTH="107" VPOS="1177" HPOS="102"/><SP WIDTH="9" VPOS="1187" HPOS="210"/><String WC="0.2300000042" CONTENT="4" HEIGHT="27" WIDTH="18" VPOS="1187" HPOS="220"/></TextLine>
<TextLine HEIGHT="46" WIDTH="274" VPOS="1217" HPOS="63"><String WC="0.5233333111" CONTENT="«la" HEIGHT="30" WIDTH="47" VPOS="1218" HPOS="63"/><SP WIDTH="8" VPOS="1217" HPOS="111"/><String WC="0.2666666806" CONTENT="faccia" HEIGHT="32" WIDTH="83" VPOS="1217" HPOS="120"/><SP WIDTH="10" VPOS="1224" HPOS="204"/><String STYLE="italics" WC="0.6949999928" CONTENT="il" HEIGHT="26" WIDTH="20" VPOS="1222" HPOS="215"/><SP WIDTH="9" VPOS="1222" HPOS="236"/><String STYLE="italics" WC="0.6416666508" CONTENT="-vlfi," HEIGHT="41" WIDTH="64" VPOS="1222" HPOS="246"/><SP WIDTH="13" VPOS="1234" HPOS="311"/><String WC="1." CONTENT="y" HEIGHT="28" WIDTH="12" VPOS="1234" HPOS="325"/></TextLine>
<TextLine HEIGHT="47" WIDTH="268" VPOS="1262" HPOS="105"><String WC="0.5699999928" CONTENT="II" HEIGHT="29" WIDTH="22" VPOS="1262" HPOS="105"/><SP WIDTH="9" VPOS="1262" HPOS="128"/><String WC="0.5083333254" CONTENT="(jiial" HEIGHT="39" WIDTH="59" VPOS="1264" HPOS="138"/><SP WIDTH="8" VPOS="1264" HPOS="198"/><String WC="0.3950000107" CONTENT="coniprende" HEIGHT="41" WIDTH="166" VPOS="1268" HPOS="207"/></TextLine>
<TextLine HEIGHT="39" WIDTH="129" VPOS="1304" HPOS="98"><String WC="0.5557143092" CONTENT="fronte," HEIGHT="39" WIDTH="101" VPOS="1304" HPOS="98"/><SP WIDTH="9" VPOS="1310" HPOS="200"/><String STYLE="italics" STYLEREFS="font3" WC="0.4199999869" CONTENT="6" HEIGHT="28" WIDTH="17" VPOS="1310" HPOS="210"/></TextLine>
<TextLine HEIGHT="49" WIDTH="227" VPOS="1341" HPOS="67"><String WC="0.1700000018" CONTENT="J" HEIGHT="48" WIDTH="8" VPOS="1341" HPOS="67"/><String STYLE="superscript" WC="0.5199999809" CONTENT="1" HEIGHT="15" WIDTH="7" VPOS="1353" HPOS="77"/><SP WIDTH="19" VPOS="1348" HPOS="85"/><String WC="0.3300000131" CONTENT="due" HEIGHT="35" WIDTH="49" VPOS="1348" HPOS="105"/><SP WIDTH="9" VPOS="1361" HPOS="155"/><String WC="0.4416666627" CONTENT="occhi," HEIGHT="33" WIDTH="95" VPOS="1352" HPOS="165"/><SP WIDTH="15" VPOS="1362" HPOS="261"/><String WC="1." CONTENT="7" HEIGHT="28" WIDTH="17" VPOS="1362" HPOS="277"/></TextLine>
<TextLine HEIGHT="43" WIDTH="133" VPOS="1384" HPOS="64"><String STYLEREFS="font4" WC="0.3622222245" CONTENT="iJ.n.afo," HEIGHT="41" WIDTH="105" VPOS="1384" HPOS="64"/><SP WIDTH="12" VPOS="1401" HPOS="170"/><String STYLEREFS="font4" WC="0.2399999946" CONTENT="g" HEIGHT="26" WIDTH="14" VPOS="1401" HPOS="183"/></TextLine>
<TextLine HEIGHT="34" WIDTH="140" VPOS="1430" HPOS="68"><String WC="0.3549999893" CONTENT="Ccolfe" HEIGHT="31" WIDTH="79" VPOS="1430" HPOS="68"/><SP WIDTH="10" VPOS="1435" HPOS="148"/><String WC="0.5333333611" CONTENT="dne" HEIGHT="29" WIDTH="49" VPOS="1435" HPOS="159"/></TextLine>
<TextLine HEIGHT="37" WIDTH="108" VPOS="1472" HPOS="69" STYLEREFS="font2"><String WC="0.4344444573" CONTENT="narici).&apos;" HEIGHT="37" WIDTH="108" VPOS="1472" HPOS="69"/></TextLine>
<TextLine HEIGHT="49" WIDTH="154" VPOS="1507" HPOS="69" STYLEREFS="font2"><String WC="0.3100000024" CONTENT="k" HEIGHT="29" WIDTH="24" VPOS="1507" HPOS="69"/><SP WIDTH="7" VPOS="1507" HPOS="94"/><String WC="0.3133333325" CONTENT="bocca," HEIGHT="44" WIDTH="95" VPOS="1510" HPOS="102"/><SP WIDTH="8" VPOS="1532" HPOS="198"/><String WC="0.2199999988" CONTENT="9" HEIGHT="24" WIDTH="16" VPOS="1532" HPOS="207"/></TextLine>
<TextLine HEIGHT="44" WIDTH="207" VPOS="1549" HPOS="68" STYLEREFS="font2"><String WC="0." CONTENT="*" HEIGHT="27" WIDTH="8" VPOS="1549" HPOS="68"/><String STYLE="superscript" WC="0.2899999917" CONTENT="e" HEIGHT="18" WIDTH="12" VPOS="1560" HPOS="79"/><String WC="0.4099999964" CONTENT="g" HEIGHT="28" WIDTH="16" VPOS="1563" HPOS="101"/><String STYLE="superscript" WC="0.25" CONTENT="u" HEIGHT="15" WIDTH="14" VPOS="1565" HPOS="120"/><String WC="0.421666652" CONTENT="aacie," HEIGHT="31" WIDTH="83" VPOS="1562" HPOS="138"/><SP WIDTH="17" VPOS="1572" HPOS="222"/><String WC="0.5400000215" CONTENT="19" HEIGHT="20" WIDTH="35" VPOS="1571" HPOS="240"/></TextLine>
<TextLine HEIGHT="46" WIDTH="199" VPOS="1596" HPOS="69" STYLEREFS="font2"><String STYLE="superscript" WC="0.3300000131" CONTENT="e" HEIGHT="17" WIDTH="14" VPOS="1601" HPOS="69"/><SP WIDTH="9" VPOS="1600" HPOS="84"/><String WC="0.6200000048" CONTENT="‘1" HEIGHT="25" WIDTH="16" VPOS="1596" HPOS="94"/><SP WIDTH="8" VPOS="1596" HPOS="111"/><String WC="0.3185714185" CONTENT="rnento." HEIGHT="25" WIDTH="103" VPOS="1606" HPOS="120"/><SP WIDTH="13" VPOS="1615" HPOS="224"/><String WC="1." CONTENT="1" HEIGHT="16" WIDTH="8" VPOS="1615" HPOS="238"/><SP WIDTH="9" VPOS="1615" HPOS="247"/><String WC="0." CONTENT="3" HEIGHT="27" WIDTH="11" VPOS="1615" HPOS="257"/></TextLine>
<TextLine HEIGHT="43" WIDTH="469" VPOS="1639" HPOS="88" STYLEREFS="font2"><String WC="0.5500000119" CONTENT="_" HEIGHT="5" WIDTH="5" VPOS="1677" HPOS="88"/><SP WIDTH="10" VPOS="1646" HPOS="94"/><String STYLE="superscript" WC="0.5500000119" CONTENT="J" HEIGHT="18" WIDTH="8" VPOS="1646" HPOS="105"/><String WC="0.4866666794" CONTENT="’-a" HEIGHT="28" WIDTH="32" VPOS="1639" HPOS="108"/><SP WIDTH="7" VPOS="1640" HPOS="141"/><String WC="0.5049999952" CONTENT="bocca(deli" HEIGHT="41" WIDTH="150" VPOS="1640" HPOS="149"/><String STYLE="superscript" WC="0.2800000012" CONTENT="!" HEIGHT="16" WIDTH="7" VPOS="1647" HPOS="303"/><SP WIDTH="8" VPOS="1642" HPOS="311"/><String WC="0.4933333397" CONTENT="hiidmo" HEIGHT="31" WIDTH="106" VPOS="1642" HPOS="320"/><SP WIDTH="11" VPOS="1652" HPOS="427"/><String WC="0.2700000107" CONTENT="e" HEIGHT="17" WIDTH="13" VPOS="1652" HPOS="439"/><SP WIDTH="10" VPOS="1652" HPOS="453"/><String WC="0.275000006" CONTENT="ornata" HEIGHT="21" WIDTH="93" VPOS="1652" HPOS="464"/></TextLine>
<TextLine HEIGHT="50" WIDTH="479" VPOS="1674" HPOS="69" STYLEREFS="font2"><String WC="0.4600000083" CONTENT="di" HEIGHT="30" WIDTH="25" VPOS="1674" HPOS="69"/><SP WIDTH="6" VPOS="1677" HPOS="95"/><String WC="0.527777791" CONTENT="moftacci," HEIGHT="40" WIDTH="133" VPOS="1682" HPOS="102"/><SP WIDTH="12" VPOS="1689" HPOS="236"/><String STYLE="italics" WC="0.25" CONTENT="baffette" HEIGHT="37" WIDTH="102" VPOS="1687" HPOS="249"/><SP WIDTH="9" VPOS="1698" HPOS="352"/><String WC="0.5799999833" CONTENT="," HEIGHT="15" WIDTH="9" VPOS="1709" HPOS="362"/><SP WIDTH="10" VPOS="1687" HPOS="372"/><String STYLE="italics" WC="0.3133333325" CONTENT="barbscci," HEIGHT="36" WIDTH="123" VPOS="1684" HPOS="383"/><SP WIDTH="11" VPOS="1697" HPOS="507"/><String WC="0.6600000262" CONTENT="11" HEIGHT="20" WIDTH="29" VPOS="1697" HPOS="519"/></TextLine>
<TextLine HEIGHT="42" WIDTH="301" VPOS="1721" HPOS="70" STYLEREFS="font2"><String STYLE="superscript" WC="0.2899999917" CONTENT="e" HEIGHT="16" WIDTH="14" VPOS="1726" HPOS="70"/><SP WIDTH="11" VPOS="1726" HPOS="85"/><String WC="0.2599999905" CONTENT="tinta" HEIGHT="31" WIDTH="70" VPOS="1721" HPOS="97"/><SP WIDTH="10" VPOS="1726" HPOS="168"/><String WC="0.4600000083" CONTENT="di" HEIGHT="29" WIDTH="23" VPOS="1726" HPOS="179"/><SP WIDTH="9" VPOS="1728" HPOS="203"/><String WC="0.3228571415" CONTENT="labbra;" HEIGHT="34" WIDTH="108" VPOS="1729" HPOS="213"/><SP WIDTH="17" VPOS="1740" HPOS="322"/><String WC="0.2599999905" CONTENT="12" HEIGHT="20" WIDTH="31" VPOS="1739" HPOS="340"/></TextLine>
</TextBlock>
<TextBlock ID="Page1_Block9" HEIGHT="40" WIDTH="62" VPOS="1752" HPOS="54" language="de" STYLEREFS="font2">
<TextLine HEIGHT="32" WIDTH="46" VPOS="1756" HPOS="70"><String WC="0.2700000107" CONTENT="la" HEIGHT="30" WIDTH="24" VPOS="1756" HPOS="70"/><SP WIDTH="7" VPOS="1760" HPOS="95"/><String WC="0.2450000048" CONTENT="1:" HEIGHT="28" WIDTH="13" VPOS="1760" HPOS="103"/></TextLine>
</TextBlock>
<TextBlock ID="Page1_Block10" HEIGHT="40" WIDTH="106" VPOS="1768" HPOS="110" language="de" STYLEREFS="font2">
<TextLine HEIGHT="32" WIDTH="89" VPOS="1772" HPOS="110"><String WC="0.5920000076" CONTENT="mgua," HEIGHT="32" WIDTH="89" VPOS="1772" HPOS="110"/></TextLine>
</TextBlock>
<TextBlock ID="Page1_Block11" HEIGHT="796" WIDTH="496" VPOS="1056" HPOS="552" language="de" STYLEREFS="font2"><Shape><Polygon POINTS="552,1056 618,1056 618,1058 890,1058 890,1098 884,1098 884,1634 1048,1634 1048,1764 724,1764 724,1852 560,1852 560,1760 564,1760 564,1680 566,1680 566,1558 564,1558 564,1428 566,1428 566,1392 560,1392 560,1344 564,1344 564,1306 606,1306 606,1266 564,1266 564,1222 562,1222 562,1100 552,1100 552,1056"/></Shape>
<TextLine HEIGHT="35" WIDTH="333" VPOS="1058" HPOS="557" STYLEREFS="font2"><String WC="0.4320000112" CONTENT=",(qu’" HEIGHT="32" WIDTH="66" VPOS="1058" HPOS="557"/><SP WIDTH="9" VPOS="1058" HPOS="624"/><String WC="0.3600000143" CONTENT="on" HEIGHT="16" WIDTH="37" VPOS="1066" HPOS="634"/><SP WIDTH="7" VPOS="1066" HPOS="672"/><String WC="0.2483333349" CONTENT="pcigne" HEIGHT="35" WIDTH="97" VPOS="1058" HPOS="680"/><SP WIDTH="13" VPOS="1067" HPOS="778"/><String WC="0.25" CONTENT="," HEIGHT="13" WIDTH="7" VPOS="1075" HPOS="792"/><SP WIDTH="8" VPOS="1069" HPOS="800"/><String STYLE="italics" WC="0.7074999809" CONTENT="ajttfle," HEIGHT="32" WIDTH="81" VPOS="1060" HPOS="809"/></TextLine>
<TextLine HEIGHT="35" WIDTH="248" VPOS="1094" HPOS="566" STYLEREFS="font2"><String STYLEREFS="font0" WC="0.3466666639" CONTENT="ave" HEIGHT="15" WIDTH="46" VPOS="1103" HPOS="566"/><String WC="0.4099999964" CONTENT="c" HEIGHT="16" WIDTH="14" VPOS="1102" HPOS="616"/><SP WIDTH="8" VPOS="1094" HPOS="631"/><String WC="0.3899999857" CONTENT="le" HEIGHT="23" WIDTH="23" VPOS="1094" HPOS="640"/><SP WIDTH="6" VPOS="1102" HPOS="664"/><String WC="0.4566666782" CONTENT="peigne" HEIGHT="35" WIDTH="96" VPOS="1094" HPOS="671"/><SP WIDTH="6" VPOS="1095" HPOS="768"/><String WC="1." CONTENT=")" HEIGHT="30" WIDTH="11" VPOS="1095" HPOS="775"/><SP WIDTH="13" VPOS="1095" HPOS="787"/><String WC="0.3199999928" CONTENT="2" HEIGHT="16" WIDTH="13" VPOS="1104" HPOS="801"/></TextLine>
<TextLine HEIGHT="41" WIDTH="215" VPOS="1131" HPOS="567" STYLEREFS="font2"><String WC="0.2975000143" CONTENT="dcux" HEIGHT="30" WIDTH="70" VPOS="1131" HPOS="567"/><SP WIDTH="8" VPOS="1142" HPOS="638"/><String WC="0.5500000119" CONTENT="oreüles," HEIGHT="37" WIDTH="111" VPOS="1132" HPOS="647"/><SP WIDTH="11" VPOS="1145" HPOS="759"/><String WC="0.2399999946" CONTENT="3" HEIGHT="27" WIDTH="11" VPOS="1145" HPOS="771"/></TextLine>
<TextLine HEIGHT="43" WIDTH="201" VPOS="1175" HPOS="566" STYLEREFS="font2"><String WC="0.3933333457" CONTENT="les" HEIGHT="29" WIDTH="36" VPOS="1175" HPOS="566"/><SP WIDTH="9" VPOS="1183" HPOS="603"/><String WC="0.4666666687" CONTENT="teniples," HEIGHT="42" WIDTH="123" VPOS="1175" HPOS="613"/><SP WIDTH="9" VPOS="1187" HPOS="737"/><String WC="0.4399999976" CONTENT="4" HEIGHT="31" WIDTH="20" VPOS="1187" HPOS="747"/></TextLine>
<TextLine HEIGHT="45" WIDTH="312" VPOS="1219" HPOS="568" STYLEREFS="font2"><String WC="1." CONTENT="&amp;" HEIGHT="30" WIDTH="26" VPOS="1221" HPOS="568"/><SP WIDTH="7" VPOS="1220" HPOS="595"/><String WC="0.2599999905" CONTENT="la" HEIGHT="30" WIDTH="24" VPOS="1220" HPOS="603"/><SP WIDTH="6" VPOS="1219" HPOS="628"/><String WC="0.2725000083" CONTENT="face" HEIGHT="31" WIDTH="57" VPOS="1219" HPOS="635"/><SP WIDTH="9" VPOS="1232" HPOS="693"/><String WC="0.5500000119" CONTENT="," HEIGHT="14" WIDTH="8" VPOS="1243" HPOS="703"/><SP WIDTH="8" VPOS="1224" HPOS="712"/><String STYLE="italics" WC="0.625" CONTENT="le" HEIGHT="28" WIDTH="23" VPOS="1224" HPOS="721"/><SP WIDTH="12" VPOS="1235" HPOS="745"/><String STYLE="italics" WC="0.4485714138" CONTENT="vifage." HEIGHT="40" WIDTH="96" VPOS="1224" HPOS="758"/><SP WIDTH="12" VPOS="1234" HPOS="855"/><String WC="0." CONTENT="y" HEIGHT="26" WIDTH="12" VPOS="1234" HPOS="868"/></TextLine>
<TextLine HEIGHT="40" WIDTH="270" VPOS="1265" HPOS="610" STYLEREFS="font2"><String WC="0.2599999905" CONTENT="Le" HEIGHT="25" WIDTH="35" VPOS="1268" HPOS="610"/><SP WIDTH="9" VPOS="1276" HPOS="646"/><String WC="0.5099999905" CONTENT="quel" HEIGHT="37" WIDTH="61" VPOS="1266" HPOS="656"/><SP WIDTH="9" VPOS="1266" HPOS="718"/><String WC="0.400000006" CONTENT="comprend" HEIGHT="40" WIDTH="152" VPOS="1265" HPOS="728"/></TextLine>
<TextLine HEIGHT="33" WIDTH="142" VPOS="1309" HPOS="568" STYLEREFS="font2"><String WC="0.2700000107" CONTENT="!e" HEIGHT="27" WIDTH="23" VPOS="1309" HPOS="568"/><SP WIDTH="9" VPOS="1309" HPOS="592"/><String WC="0.3783333302" CONTENT="front," HEIGHT="33" WIDTH="82" VPOS="1309" HPOS="602"/><SP WIDTH="11" VPOS="1311" HPOS="685"/><String WC="0.2199999988" CONTENT="6" HEIGHT="24" WIDTH="13" VPOS="1311" HPOS="697"/></TextLine>
<TextLine HEIGHT="38" WIDTH="236" VPOS="1349" HPOS="565" STYLEREFS="font2"><String WC="0.2491666675" CONTENT="lesdeuxyeux," HEIGHT="38" WIDTH="206" VPOS="1349" HPOS="565"/><SP WIDTH="12" VPOS="1359" HPOS="772"/><String WC="0." CONTENT="7" HEIGHT="27" WIDTH="16" VPOS="1359" HPOS="785"/></TextLine>
<TextLine HEIGHT="33" WIDTH="124" VPOS="1392" HPOS="569" STYLEREFS="font2"><String WC="0.3799999952" CONTENT="le" HEIGHT="29" WIDTH="24" VPOS="1392" HPOS="569"/><SP WIDTH="10" VPOS="1402" HPOS="594"/><String WC="0.3325000107" CONTENT="ncj," HEIGHT="23" WIDTH="62" VPOS="1402" HPOS="605"/><SP WIDTH="11" VPOS="1397" HPOS="668"/><String WC="0.1400000006" CONTENT="8" HEIGHT="26" WIDTH="13" VPOS="1397" HPOS="680"/></TextLine>
<TextLine HEIGHT="36" WIDTH="250" VPOS="1432" HPOS="569"><String WC="0.2199999988" CONTENT="(avec" HEIGHT="30" WIDTH="75" VPOS="1438" HPOS="569"/><SP WIDTH="11" VPOS="1433" HPOS="645"/><String WC="0.3533333242" CONTENT="ies" HEIGHT="28" WIDTH="35" VPOS="1433" HPOS="657"/><SP WIDTH="8" VPOS="1432" HPOS="693"/><String WC="0.1199999973" CONTENT="deux" HEIGHT="29" WIDTH="75" VPOS="1432" HPOS="702"/><SP WIDTH="37" VPOS="1442" HPOS="778"/><String WC="1." CONTENT="&gt;" HEIGHT="9" WIDTH="3" VPOS="1445" HPOS="816"/></TextLine>
<TextLine HEIGHT="37" WIDTH="249" VPOS="1476" HPOS="568"><String WC="0.3224999905" CONTENT="narines," HEIGHT="32" WIDTH="115" VPOS="1476" HPOS="568"/><SP WIDTH="10" VPOS="1488" HPOS="684"/><String STYLE="italics" STYLEREFS="font1" WC="0.4337500036" CONTENT="nafeaux)" HEIGHT="37" WIDTH="122" VPOS="1476" HPOS="695"/></TextLine>
<TextLine HEIGHT="36" WIDTH="301" VPOS="1517" HPOS="568"><String WC="0.375" CONTENT="la" HEIGHT="29" WIDTH="24" VPOS="1518" HPOS="568"/><SP WIDTH="8" VPOS="1517" HPOS="593"/><String WC="0.3871428668" CONTENT="bouche," HEIGHT="35" WIDTH="117" VPOS="1517" HPOS="602"/><SP WIDTH="9" VPOS="1528" HPOS="720"/><String WC="0.2199999988" CONTENT="9" HEIGHT="25" WIDTH="16" VPOS="1528" HPOS="730"/><SP WIDTH="114" VPOS="1528" HPOS="747"/><String WC="0.25" CONTENT="," HEIGHT="11" WIDTH="7" VPOS="1542" HPOS="862"/></TextLine>
<TextLine HEIGHT="34" WIDTH="180" VPOS="1560" HPOS="568"><String WC="0.4633333385" CONTENT="lesjoues," HEIGHT="34" WIDTH="131" VPOS="1560" HPOS="568"/><SP WIDTH="14" VPOS="1569" HPOS="700"/><String WC="0.4350000024" CONTENT="10" HEIGHT="18" WIDTH="33" VPOS="1569" HPOS="715"/></TextLine>
<TextLine HEIGHT="35" WIDTH="246" VPOS="1602" HPOS="569"><String WC="0.3224999905" CONTENT="&amp;:lc" HEIGHT="29" WIDTH="59" VPOS="1602" HPOS="569"/><SP WIDTH="9" VPOS="1612" HPOS="629"/><String WC="0.3014285862" CONTENT="menton." HEIGHT="20" WIDTH="124" VPOS="1609" HPOS="639"/><SP WIDTH="18" VPOS="1610" HPOS="764"/><String WC="0.3600000143" CONTENT="13" HEIGHT="27" WIDTH="32" VPOS="1610" HPOS="783"/></TextLine>
<TextLine HEIGHT="41" WIDTH="448" VPOS="1637" HPOS="595"><String WC="0.6200000048" CONTENT="La" HEIGHT="27" WIDTH="37" VPOS="1647" HPOS="595"/><SP WIDTH="6" VPOS="1642" HPOS="633"/><String WC="0.3400000036" CONTENT="bo.uche(de" HEIGHT="37" WIDTH="157" VPOS="1641" HPOS="640"/><SP WIDTH="7" VPOS="1642" HPOS="798"/><String WC="1." CONTENT="1" HEIGHT="27" WIDTH="9" VPOS="1642" HPOS="806"/><String WC="0.7900000215" CONTENT="&apos;" HEIGHT="11" WIDTH="6" VPOS="1641" HPOS="818"/><SP WIDTH="7" VPOS="1639" HPOS="825"/><String WC="0.3916666806" CONTENT="homrne" HEIGHT="28" WIDTH="112" VPOS="1639" HPOS="833"/><SP WIDTH="7" VPOS="1648" HPOS="946"/><String WC="0.6866666675" CONTENT="eft" HEIGHT="29" WIDTH="36" VPOS="1637" HPOS="954"/><SP WIDTH="7" VPOS="1637" HPOS="991"/><String WC="0.5166666508" CONTENT="ein" HEIGHT="18" WIDTH="44" VPOS="1648" HPOS="999"/></TextLine>
<TextLine HEIGHT="32" WIDTH="311" VPOS="1684" HPOS="568"><String WC="0.5" CONTENT="d’" HEIGHT="28" WIDTH="24" VPOS="1685" HPOS="568"/><SP WIDTH="11" VPOS="1691" HPOS="593"/><String WC="0.5400000215" CONTENT="une" HEIGHT="18" WIDTH="53" VPOS="1696" HPOS="605"/><SP WIDTH="8" VPOS="1695" HPOS="659"/><String WC="0.6200000048" CONTENT="tnouftache," HEIGHT="32" WIDTH="165" VPOS="1684" HPOS="668"/><SP WIDTH="13" VPOS="1692" HPOS="834"/><String WC="0.6399999857" CONTENT="11" HEIGHT="19" WIDTH="31" VPOS="1691" HPOS="848"/></TextLine>
<TextLine HEIGHT="31" WIDTH="395" VPOS="1726" HPOS="568"><String WC="1." CONTENT="&amp;" HEIGHT="26" WIDTH="26" VPOS="1729" HPOS="568"/><SP WIDTH="9" VPOS="1729" HPOS="595"/><String WC="0.3400000036" CONTENT="environns" HEIGHT="29" WIDTH="151" VPOS="1728" HPOS="605"/><SP WIDTH="9" VPOS="1727" HPOS="757"/><String WC="0.3600000143" CONTENT="de" HEIGHT="28" WIDTH="32" VPOS="1727" HPOS="767"/><SP WIDTH="14" VPOS="1726" HPOS="800"/><String WC="0.3650000095" CONTENT="levres" HEIGHT="28" WIDTH="83" VPOS="1726" HPOS="815"/><SP WIDTH="8" VPOS="1733" HPOS="899"/><String STYLE="italics" WC="0.2899999917" CONTENT="i" HEIGHT="22" WIDTH="8" VPOS="1733" HPOS="908"/><SP WIDTH="12" VPOS="1732" HPOS="917"/><String STYLE="italics" WC="0.9200000167" CONTENT="1" HEIGHT="17" WIDTH="10" VPOS="1732" HPOS="930"/><SP WIDTH="7" VPOS="1732" HPOS="941"/><String STYLE="italics" WC="0.3000000119" CONTENT="z" HEIGHT="18" WIDTH="14" VPOS="1732" HPOS="949"/></TextLine>
<TextLine HEIGHT="43" WIDTH="146" VPOS="1767" HPOS="563"><String WC="0.4300000072" CONTENT="fa" HEIGHT="43" WIDTH="31" VPOS="1767" HPOS="563"/><SP WIDTH="8" VPOS="1771" HPOS="595"/><String WC="0.5028571486" CONTENT="langue," HEIGHT="37" WIDTH="105" VPOS="1771" HPOS="604"/></TextLine>
<TextLine HEIGHT="34" WIDTH="62" VPOS="1814" HPOS="657" STYLEREFS="font2"><String WC="0.7699999809" CONTENT="K" HEIGHT="26" WIDTH="22" VPOS="1814" HPOS="657"/><SP WIDTH="19" VPOS="1814" HPOS="680"/><String WC="0.5099999905" CONTENT="4" HEIGHT="26" WIDTH="19" VPOS="1822" HPOS="700"/></TextLine>
</TextBlock>
<TextBlock ID="Page1_Block12" HEIGHT="50" WIDTH="124" VPOS="1586" HPOS="952" language="de" STYLEREFS="font2">
<TextLine HEIGHT="37" WIDTH="92" VPOS="1594" HPOS="968"><String WC="0.3314285576" CONTENT="(bellie" HEIGHT="37" WIDTH="92" VPOS="1594" HPOS="968"/></TextLine>
</TextBlock>
<TextBlock ID="Page1_Block13" HEIGHT="46" WIDTH="68" VPOS="1788" HPOS="1014" language="de" STYLEREFS="font2">
<TextLine HEIGHT="34" WIDTH="47" VPOS="1796" HPOS="1018"><String WC="0.6266666651" CONTENT="col" HEIGHT="34" WIDTH="47" VPOS="1796" HPOS="1018"/></TextLine>
</TextBlock><GraphicalElement ID="Page1_Block14" HEIGHT="8" WIDTH="274" VPOS="152" HPOS="773"/><GraphicalElement ID="Page1_Block15" HEIGHT="7" WIDTH="213" VPOS="158" HPOS="82"/><GraphicalElement ID="Page1_Block16" HEIGHT="11" WIDTH="337" VPOS="820" HPOS="618"/><GraphicalElement ID="Page1_Block17" HEIGHT="11" WIDTH="477" VPOS="822" HPOS="82"/><GraphicalElement ID="Page1_Block18" HEIGHT="7" WIDTH="102" VPOS="827" HPOS="959"/><GraphicalElement ID="Page1_Block19" HEIGHT="654" WIDTH="8" VPOS="1104" HPOS="557"/><GraphicalElement ID="Page1_Block20" HEIGHT="167" WIDTH="6" VPOS="862" HPOS="559"/>
</PrintSpace>
</Page>
</Layout>
</alto>