﻿<?xml version="1.0" encoding="UTF-8" standalone="yes"?>
<alto xmlns="http://www.loc.gov/standards/alto/ns-v2#" xmlns:xlink="http://www.w3.org/1999/xlink" xmlns:xsi="http://www.w3.org/2001/XMLSchema-instance" xsi:schemaLocation="http://www.loc.gov/standards/alto/ns-v2# http://www.loc.gov/standards/alto/alto-v2.0.xsd">
<Description>
<MeasurementUnit>pixel</MeasurementUnit>
<OCRProcessing ID="IdOcr"><ocrProcessingStep><processingDateTime>2017-03-20</processingDateTime><processingSoftware><softwareCreator>ABBYY</softwareCreator><softwareName>ABBYY FineReader Engine</softwareName><softwareVersion>11</softwareVersion></processingSoftware></ocrProcessingStep></OCRProcessing>
</Description>
<Styles><TextStyle ID="font0" FONTFAMILY="Times New Roman" FONTSIZE="8"/><TextStyle ID="font1" FONTFAMILY="Times New Roman" FONTSIZE="9"/><TextStyle ID="font2" FONTFAMILY="Times New Roman" FONTSIZE="10"/><TextStyle ID="font3" FONTFAMILY="Times New Roman" FONTSIZE="13"/>
</Styles>
<Layout>
<Page ID="Page1" PHYSICAL_IMG_NR="1" HEIGHT="2041" WIDTH="1234">
<TopMargin HEIGHT="65" WIDTH="1234" VPOS="0" HPOS="0">
</TopMargin>
<LeftMargin HEIGHT="1791" WIDTH="22" VPOS="65" HPOS="0">
</LeftMargin>
<RightMargin HEIGHT="1791" WIDTH="200" VPOS="65" HPOS="1034">
</RightMargin>
<BottomMargin HEIGHT="185" WIDTH="1234" VPOS="1856" HPOS="0">
</BottomMargin>
<PrintSpace HEIGHT="1791" WIDTH="1012" VPOS="65" HPOS="22"><Illustration ID="Page1_Block1" HEIGHT="101" WIDTH="390" VPOS="65" HPOS="35"/>
<TextBlock ID="Page1_Block2" HEIGHT="64" WIDTH="190" VPOS="96" HPOS="430" language="de">
<TextLine HEIGHT="49" WIDTH="183" VPOS="107" HPOS="437"><String STYLE="superscript" STYLEREFS="font1" WC="0.9800000191" CONTENT=":" HEIGHT="20" WIDTH="7" VPOS="123" HPOS="437"/><SP WIDTH="10" VPOS="110" HPOS="445"/><String STYLEREFS="font1" WC="0.3100000024" CONTENT="(" HEIGHT="44" WIDTH="17" VPOS="110" HPOS="456"/><SP WIDTH="11" VPOS="110" HPOS="474"/><String STYLEREFS="font1" WC="0.2133333385" CONTENT="fS9" HEIGHT="37" WIDTH="68" VPOS="119" HPOS="486"/><SP WIDTH="12" VPOS="107" HPOS="555"/><String STYLEREFS="font1" WC="0.1700000018" CONTENT=")" HEIGHT="47" WIDTH="17" VPOS="107" HPOS="568"/><String STYLE="superscript" STYLEREFS="font1" WC="0.2599999905" CONTENT=":" HEIGHT="23" WIDTH="9" VPOS="119" HPOS="595"/><String STYLEREFS="font1" WC="1." CONTENT="^" HEIGHT="25" WIDTH="7" VPOS="117" HPOS="613"/></TextLine>
</TextBlock>
<TextBlock ID="Page1_Block3" HEIGHT="512" WIDTH="498" VPOS="168" HPOS="24" language="de" STYLEREFS="font1">
<TextLine HEIGHT="27" WIDTH="211" VPOS="174" HPOS="30"><String WC="0.4699999988" CONTENT="*" HEIGHT="17" WIDTH="15" VPOS="176" HPOS="30"/><SP WIDTH="10" VPOS="176" HPOS="46"/><String WC="0.2300000042" CONTENT="con" HEIGHT="21" WIDTH="53" VPOS="179" HPOS="57"/><SP WIDTH="7" VPOS="182" HPOS="111"/><String WC="0.4675000012" CONTENT="effo" HEIGHT="27" WIDTH="52" VPOS="174" HPOS="119"/><SP WIDTH="7" VPOS="175" HPOS="172"/><String WC="0.5699999928" CONTENT="loro" HEIGHT="26" WIDTH="61" VPOS="175" HPOS="180"/></TextLine>
<TextLine HEIGHT="34" WIDTH="68" VPOS="207" HPOS="31"><String WC="0.2960000038" CONTENT="ivivi" HEIGHT="34" WIDTH="68" VPOS="207" HPOS="31"/></TextLine>
<TextLine HEIGHT="29" WIDTH="195" VPOS="258" HPOS="33"><String WC="0.4900000095" CONTENT="‘»ranno" HEIGHT="25" WIDTH="112" VPOS="260" HPOS="33"/><SP WIDTH="12" VPOS="266" HPOS="146"/><String WC="0.2366666645" CONTENT="citati" HEIGHT="29" WIDTH="69" VPOS="258" HPOS="159"/></TextLine>
<TextLine HEIGHT="38" WIDTH="320" VPOS="291" HPOS="33"><String WC="0.2644444406" CONTENT="dinanzial" HEIGHT="37" WIDTH="137" VPOS="291" HPOS="33"/><SP WIDTH="8" VPOS="301" HPOS="171"/><String WC="0.3644444346" CONTENT="tribunäle" HEIGHT="31" WIDTH="132" VPOS="297" HPOS="180"/><SP WIDTH="36" VPOS="309" HPOS="313"/><String WC="0.7799999714" CONTENT="," HEIGHT="8" WIDTH="3" VPOS="321" HPOS="350"/></TextLine>
<TextLine HEIGHT="40" WIDTH="449" VPOS="337" HPOS="67"><String WC="0.3700000048" CONTENT="Qiesvi" HEIGHT="32" WIDTH="79" VPOS="337" HPOS="67"/><SP WIDTH="9" VPOS="344" HPOS="147"/><String WC="0.5471428633" CONTENT="Chrifto" HEIGHT="31" WIDTH="104" VPOS="341" HPOS="157"/><SP WIDTH="9" VPOS="350" HPOS="262"/><String WC="0.3083333373" CONTENT="noftro" HEIGHT="29" WIDTH="95" VPOS="340" HPOS="272"/><SP WIDTH="10" VPOS="339" HPOS="368"/><String WC="0.3928571343" CONTENT="Signore" HEIGHT="38" WIDTH="111" VPOS="339" HPOS="379"/><SP WIDTH="12" VPOS="346" HPOS="491"/><String WC="0.5899999738" CONTENT=";" HEIGHT="27" WIDTH="12" VPOS="347" HPOS="504"/></TextLine>
<TextLine HEIGHT="46" WIDTH="360" VPOS="375" HPOS="34"><String STYLE="superscript" WC="0.2399999946" CONTENT="c" HEIGHT="17" WIDTH="12" VPOS="383" HPOS="34"/><String WC="0.2399999946" CONTENT="b" HEIGHT="28" WIDTH="16" VPOS="375" HPOS="48"/><SP WIDTH="16" VPOS="375" HPOS="65"/><String WC="0.4073684216" CONTENT="appariri,yi&apos;/&apos;/»&gt;&apos;4" HEIGHT="37" WIDTH="223" VPOS="384" HPOS="82"/><SP WIDTH="9" VPOS="394" HPOS="306"/><String STYLE="bold italics" STYLEREFS="font0" WC="0.2160000056" CONTENT="ueder" HEIGHT="29" WIDTH="78" VPOS="380" HPOS="316"/></TextLine>
<TextLine HEIGHT="45" WIDTH="485" VPOS="418" HPOS="34"><String WC="0.4359999895" CONTENT="Ue!Ie" HEIGHT="32" WIDTH="68" VPOS="418" HPOS="34"/><SP WIDTH="10" VPOS="432" HPOS="103"/><String WC="0.4939999878" CONTENT="nubi," HEIGHT="34" WIDTH="77" VPOS="425" HPOS="114"/><SP WIDTH="11" VPOS="435" HPOS="192"/><String WC="0.5400000215" CONTENT="con" HEIGHT="19" WIDTH="55" VPOS="434" HPOS="204"/><SP WIDTH="10" VPOS="435" HPOS="260"/><String WC="0.5350000262" CONTENT="gran" HEIGHT="31" WIDTH="65" VPOS="432" HPOS="271"/><SP WIDTH="8" VPOS="431" HPOS="337"/><String WC="0.3741666675" CONTENT="maefta,£/&lt;J-" HEIGHT="40" WIDTH="173" VPOS="419" HPOS="346"/></TextLine>
<TextLine HEIGHT="32" WIDTH="54" VPOS="464" HPOS="467"><String STYLE="italics" WC="0.3549999893" CONTENT="(fia" HEIGHT="32" WIDTH="54" VPOS="464" HPOS="467"/></TextLine>
<TextLine HEIGHT="44" WIDTH="433" VPOS="505" HPOS="84" STYLEREFS="font2"><String WC="0.4144444466" CONTENT="rendergli" HEIGHT="41" WIDTH="130" VPOS="508" HPOS="84"/><SP WIDTH="9" VPOS="508" HPOS="215"/><String WC="0.5412499905" CONTENT="ragipne," HEIGHT="39" WIDTH="128" VPOS="506" HPOS="225"/><SP WIDTH="8" VPOS="515" HPOS="354"/><String STYLE="bold italics" STYLEREFS="font0" WC="0.3454545438" CONTENT="contoftret-" HEIGHT="34" WIDTH="154" VPOS="505" HPOS="363"/></TextLine>
<TextLine HEIGHT="33" WIDTH="110" VPOS="546" HPOS="409" STYLEREFS="font2"><String STYLE="italics" STYLEREFS="font0" WC="0.4925000072" CONTENT="(ttsfimo" HEIGHT="33" WIDTH="110" VPOS="546" HPOS="409"/></TextLine>
<TextLine HEIGHT="40" WIDTH="379" VPOS="588" HPOS="67"><String WC="0.3160000145" CONTENT="bitte" HEIGHT="27" WIDTH="66" VPOS="593" HPOS="67"/><SP WIDTH="8" VPOS="593" HPOS="134"/><String WC="0.349999994" CONTENT="le" HEIGHT="27" WIDTH="23" VPOS="593" HPOS="143"/><SP WIDTH="8" VPOS="602" HPOS="167"/><String WC="0.5149999857" CONTENT="attioni," HEIGHT="33" WIDTH="104" VPOS="590" HPOS="176"/><SP WIDTH="7" VPOS="602" HPOS="281"/><String STYLE="italics" WC="0.3680000007" CONTENT="apere" HEIGHT="32" WIDTH="71" VPOS="596" HPOS="289"/><SP WIDTH="11" VPOS="588" HPOS="361"/><String WC="0.4819999933" CONTENT="lpro." HEIGHT="30" WIDTH="73" VPOS="588" HPOS="373"/></TextLine>
<TextLine HEIGHT="39" WIDTH="450" VPOS="627" HPOS="69"><String WC="0.4650000036" CONTENT="All’" HEIGHT="31" WIDTH="50" VPOS="629" HPOS="69"/><SP WIDTH="6" VPOS="634" HPOS="120"/><String WC="0.3350000083" CONTENT="hora" HEIGHT="28" WIDTH="67" VPOS="634" HPOS="127"/><SP WIDTH="10" VPOS="634" HPOS="195"/><String WC="0.2300000042" CONTENT="i" HEIGHT="27" WIDTH="9" VPOS="634" HPOS="206"/><SP WIDTH="6" VPOS="634" HPOS="216"/><String WC="0.3637500107" CONTENT="timoräti" HEIGHT="29" WIDTH="121" VPOS="631" HPOS="223"/><SP WIDTH="6" VPOS="629" HPOS="345"/><String WC="0.3899999857" CONTENT="di" HEIGHT="30" WIDTH="26" VPOS="629" HPOS="352"/><SP WIDTH="5" VPOS="631" HPOS="379"/><String WC="0.5387499928" CONTENT="Dio(giu-" HEIGHT="39" WIDTH="134" VPOS="627" HPOS="385"/></TextLine>
</TextBlock>
<TextBlock ID="Page1_Block4" HEIGHT="641" WIDTH="500" VPOS="701" HPOS="22" language="de" STYLEREFS="font1">
<TextLine HEIGHT="43" WIDTH="284" VPOS="712" HPOS="72"><String WC="0.5071428418" CONTENT="eletti," HEIGHT="38" WIDTH="79" VPOS="712" HPOS="72"/><SP WIDTH="5" VPOS="724" HPOS="152"/><String STYLE="italics" WC="0.5649999976" CONTENT="predeftinZti" HEIGHT="42" WIDTH="169" VPOS="713" HPOS="158"/><SP WIDTH="6" VPOS="715" HPOS="328"/><String WC="0.3300000131" CONTENT="4" HEIGHT="27" WIDTH="21" VPOS="725" HPOS="335"/></TextLine>
<TextLine HEIGHT="41" WIDTH="277" VPOS="755" HPOS="33"><String STYLE="superscript" WC="0.2549999952" CONTENT="en" HEIGHT="21" WIDTH="31" VPOS="755" HPOS="33"/><String WC="0.3312500119" CONTENT="traranno" HEIGHT="27" WIDTH="124" VPOS="759" HPOS="67"/><SP WIDTH="8" VPOS="768" HPOS="192"/><String WC="0.4050000012" CONTENT="gloriofi" HEIGHT="39" WIDTH="109" VPOS="757" HPOS="201"/></TextLine>
<TextLine HEIGHT="40" WIDTH="242" VPOS="793" HPOS="33"><String STYLE="superscript" WC="0.25" CONTENT="ne" HEIGHT="24" WIDTH="33" VPOS="795" HPOS="33"/><String WC="0.5" CONTENT="&apos;la" HEIGHT="32" WIDTH="32" VPOS="793" HPOS="69"/><SP WIDTH="8" VPOS="808" HPOS="102"/><String WC="0.8050000072" CONTENT="vixa" HEIGHT="32" WIDTH="51" VPOS="800" HPOS="111"/><SP WIDTH="10" VPOS="810" HPOS="163"/><String WC="0.4428571463" CONTENT="eterna," HEIGHT="25" WIDTH="101" VPOS="808" HPOS="174"/></TextLine>
<TextLine HEIGHT="48" WIDTH="400" VPOS="833" HPOS="31"><String STYLE="superscript" WC="0.2450000048" CONTENT="ne" HEIGHT="23" WIDTH="32" VPOS="836" HPOS="31"/><String WC="0.2824999988" CONTENT="l&lt;«I" HEIGHT="33" WIDTH="40" VPOS="833" HPOS="65"/><SP WIDTH="11" VPOS="840" HPOS="106"/><String WC="0.4642857015" CONTENT="luogodi" HEIGHT="40" WIDTH="121" VPOS="841" HPOS="118"/><SP WIDTH="11" VPOS="841" HPOS="240"/><String WC="0.3941666782" CONTENT="bcatitudine," HEIGHT="38" WIDTH="179" VPOS="837" HPOS="252"/></TextLine>
<TextLine HEIGHT="41" WIDTH="450" VPOS="880" HPOS="33"><String STYLE="superscript" WC="0.2399999946" CONTENT="E" HEIGHT="17" WIDTH="12" VPOS="880" HPOS="33"/><SP WIDTH="8" VPOS="880" HPOS="46"/><String WC="0.5419999957" CONTENT="Nella" HEIGHT="28" WIDTH="68" VPOS="880" HPOS="55"/><SP WIDTH="13" VPOS="891" HPOS="124"/><String WC="0.423999995" CONTENT="nuova" HEIGHT="20" WIDTH="91" VPOS="893" HPOS="138"/><SP WIDTH="9" VPOS="883" HPOS="230"/><String WC="0.333571434" CONTENT="Gierufaletnme:" HEIGHT="32" WIDTH="218" VPOS="880" HPOS="240"/><SP WIDTH="11" VPOS="893" HPOS="459"/><String WC="0.6800000072" CONTENT="p" HEIGHT="28" WIDTH="12" VPOS="893" HPOS="471"/></TextLine>
<TextLine HEIGHT="47" WIDTH="356" VPOS="914" HPOS="32"><String WC="0.2599999905" CONTENT="8" HEIGHT="28" WIDTH="16" VPOS="921" HPOS="32"/><String WC="0.1199999973" CONTENT="ü" HEIGHT="29" WIDTH="16" VPOS="914" HPOS="50"/><SP WIDTH="7" VPOS="914" HPOS="67"/><String WC="0.2275000066" CONTENT="empi" HEIGHT="35" WIDTH="70" VPOS="925" HPOS="75"/><SP WIDTH="11" VPOS="925" HPOS="146"/><String WC="0.1766666621" CONTENT="per" HEIGHT="26" WIDTH="45" VPOS="935" HPOS="158"/><SP WIDTH="6" VPOS="925" HPOS="204"/><String WC="1." CONTENT="Io" HEIGHT="28" WIDTH="28" VPOS="925" HPOS="211"/><SP WIDTH="9" VPOS="934" HPOS="240"/><String WC="0.425555557" CONTENT="contrario" HEIGHT="28" WIDTH="138" VPOS="925" HPOS="250"/></TextLine>
<TextLine HEIGHT="49" WIDTH="487" VPOS="955" HPOS="31"><String WC="0." CONTENT="ft" HEIGHT="45" WIDTH="24" VPOS="955" HPOS="31"/><SP WIDTH="8" VPOS="960" HPOS="56"/><String WC="0.1400000006" CONTENT="i" HEIGHT="25" WIDTH="8" VPOS="960" HPOS="65"/><SP WIDTH="7" VPOS="960" HPOS="74"/><String WC="0.4225000143" CONTENT="dannati," HEIGHT="37" WIDTH="122" VPOS="962" HPOS="82"/><SP WIDTH="13" VPOS="977" HPOS="205"/><String STYLE="italics" WC="0.3729999959" CONTENT="ripra&apos;vati" HEIGHT="36" WIDTH="137" VPOS="968" HPOS="219"/><SP WIDTH="9" VPOS="968" HPOS="357"/><String STYLE="italics" WC="0.9599999785" CONTENT="6" HEIGHT="27" WIDTH="18" VPOS="968" HPOS="367"/><SP WIDTH="100" VPOS="968" HPOS="386"/><String WC="0.5" CONTENT="(7" HEIGHT="33" WIDTH="31" VPOS="971" HPOS="487"/></TextLine>
<TextLine HEIGHT="37" WIDTH="489" VPOS="1004" HPOS="30"><String WC="0.4499999881" CONTENT="*b" HEIGHT="23" WIDTH="28" VPOS="1004" HPOS="30"/><SP WIDTH="7" VPOS="1006" HPOS="59"/><String WC="0.3677777648" CONTENT="compagnia" HEIGHT="34" WIDTH="160" VPOS="1007" HPOS="67"/><SP WIDTH="10" VPOS="1005" HPOS="228"/><String WC="0.5466666818" CONTENT="de’" HEIGHT="27" WIDTH="41" VPOS="1005" HPOS="239"/><SP WIDTH="8" VPOS="1005" HPOS="281"/><String STYLE="italics" WC="0.5366666913" CONTENT="demoniydiievoli" HEIGHT="35" WIDTH="229" VPOS="1005" HPOS="290"/></TextLine>
<TextLine HEIGHT="44" WIDTH="490" VPOS="1038" HPOS="28"><String WC="0.2571428716" CONTENT="faranno" HEIGHT="30" WIDTH="112" VPOS="1038" HPOS="28"/><SP WIDTH="14" VPOS="1052" HPOS="141"/><String WC="0.4471428692" CONTENT="gettati" HEIGHT="33" WIDTH="91" VPOS="1045" HPOS="156"/><SP WIDTH="14" VPOS="1045" HPOS="248"/><String WC="0.7900000215" CONTENT="," HEIGHT="14" WIDTH="9" VPOS="1060" HPOS="263"/><SP WIDTH="15" VPOS="1052" HPOS="273"/><String STYLE="italics" WC="0.3509090841" CONTENT="frecipitati" HEIGHT="31" WIDTH="157" VPOS="1048" HPOS="289"/><SP WIDTH="21" VPOS="1050" HPOS="447"/><String WC="0.4166666567" CONTENT="per" HEIGHT="25" WIDTH="49" VPOS="1057" HPOS="469"/></TextLine>
<TextLine HEIGHT="33" WIDTH="266" VPOS="1080" HPOS="251"><String WC="0.400000006" CONTENT="(terribile" HEIGHT="33" WIDTH="129" VPOS="1080" HPOS="251"/><SP WIDTH="8" VPOS="1083" HPOS="381"/><String WC="0.3557142913" CONTENT="feilten" HEIGHT="26" WIDTH="92" VPOS="1083" HPOS="390"/><SP WIDTH="4" VPOS="1094" HPOS="483"/><String WC="0.1400000006" CONTENT="za" HEIGHT="17" WIDTH="29" VPOS="1094" HPOS="488"/></TextLine>
<TextLine HEIGHT="38" WIDTH="487" VPOS="1120" HPOS="29"><String WC="0.4620000124" CONTENT="bell’" HEIGHT="29" WIDTH="61" VPOS="1123" HPOS="29"/><SP WIDTH="5" VPOS="1123" HPOS="91"/><String WC="0.2574999928" CONTENT="ififerno,««!" HEIGHT="36" WIDTH="161" VPOS="1121" HPOS="97"/><SP WIDTH="6" VPOS="1120" HPOS="259"/><String STYLE="italics" WC="0.3857142925" CONTENT="baralro" HEIGHT="28" WIDTH="105" VPOS="1120" HPOS="266"/><SP WIDTH="8" VPOS="1122" HPOS="372"/><String STYLE="italics" WC="0.4480000138" CONTENT="infernale," HEIGHT="36" WIDTH="135" VPOS="1122" HPOS="381"/></TextLine>
<TextLine HEIGHT="37" WIDTH="187" VPOS="1163" HPOS="330"><String STYLE="italics" STYLEREFS="font0" WC="0.3716666698" CONTENT="(fuafo" HEIGHT="37" WIDTH="90" VPOS="1163" HPOS="330"/><SP WIDTH="10" VPOS="1174" HPOS="421"/><String STYLE="italics" STYLEREFS="font0" WC="0.7450000048" CONTENT="eterno" HEIGHT="21" WIDTH="85" VPOS="1170" HPOS="432"/></TextLine>
<TextLine HEIGHT="37" WIDTH="485" VPOS="1205" HPOS="33"><String WC="0.2399999946" CONTENT="5" HEIGHT="29" WIDTH="10" VPOS="1212" HPOS="33"/><String WC="0.4666666687" CONTENT="&gt;cr" HEIGHT="21" WIDTH="33" VPOS="1214" HPOS="43"/><SP WIDTH="14" VPOS="1217" HPOS="77"/><String WC="0.3857142925" CONTENT="»flervi" HEIGHT="33" WIDTH="91" VPOS="1209" HPOS="92"/><SP WIDTH="11" VPOS="1209" HPOS="184"/><String WC="0.5281817913" CONTENT="tormentati," HEIGHT="35" WIDTH="171" VPOS="1205" HPOS="196"/><SP WIDTH="14" VPOS="1215" HPOS="368"/><String STYLE="italics" WC="0.4455555677" CONTENT="tmccinti," HEIGHT="33" WIDTH="135" VPOS="1207" HPOS="383"/></TextLine>
<TextLine HEIGHT="40" WIDTH="351" VPOS="1251" HPOS="167"><String WC="0.3853846192" CONTENT="(eteraamente," HEIGHT="40" WIDTH="216" VPOS="1251" HPOS="167"/><String STYLE="italics" WC="0.3833333254" CONTENT="per" HEIGHT="34" WIDTH="46" VPOS="1257" HPOS="388"/><SP WIDTH="9" VPOS="1257" HPOS="435"/><String STYLE="italics" WC="0.6179999709" CONTENT="iutta" HEIGHT="23" WIDTH="73" VPOS="1257" HPOS="445"/></TextLine>
<TextLine HEIGHT="44" WIDTH="169" VPOS="1292" HPOS="169"><String STYLE="italics" WC="0.2300000042" CONTENT="if" HEIGHT="42" WIDTH="32" VPOS="1294" HPOS="169"/><SP WIDTH="12" VPOS="1294" HPOS="202"/><String STYLE="italics" WC="0.3740000129" CONTENT="etcrnitjf&apos;" HEIGHT="36" WIDTH="123" VPOS="1292" HPOS="215"/></TextLine>
</TextBlock>
<TextBlock ID="Page1_Block5" HEIGHT="1171" WIDTH="510" VPOS="168" HPOS="524" language="de" STYLEREFS="font1">
<TextLine HEIGHT="26" WIDTH="160" VPOS="174" HPOS="531"><String WC="1." CONTENT="&amp;" HEIGHT="26" WIDTH="27" VPOS="174" HPOS="531"/><SP WIDTH="7" VPOS="174" HPOS="559"/><String WC="0.4025000036" CONTENT="avec" HEIGHT="17" WIDTH="62" VPOS="183" HPOS="567"/><SP WIDTH="8" VPOS="182" HPOS="630"/><String WC="0.2433333397" CONTENT="eux" HEIGHT="18" WIDTH="52" VPOS="181" HPOS="639"/></TextLine>
<TextLine HEIGHT="27" WIDTH="136" VPOS="214" HPOS="530"><String WC="0.453333348" CONTENT="les" HEIGHT="27" WIDTH="38" VPOS="214" HPOS="530"/><SP WIDTH="5" VPOS="224" HPOS="569"/><String WC="0.3000000119" CONTENT="vivans" HEIGHT="25" WIDTH="91" VPOS="216" HPOS="575"/></TextLine>
<TextLine HEIGHT="31" WIDTH="232" VPOS="255" HPOS="531"><String WC="0.4666666687" CONTENT="feront" HEIGHT="27" WIDTH="90" VPOS="255" HPOS="531"/><SP WIDTH="11" VPOS="263" HPOS="622"/><String WC="0.2544444501" CONTENT="ajotirnez" HEIGHT="31" WIDTH="129" VPOS="255" HPOS="634"/></TextLine>
<TextLine HEIGHT="36" WIDTH="308" VPOS="293" HPOS="532"><String WC="0.349999994" CONTENT="au" HEIGHT="22" WIDTH="32" VPOS="307" HPOS="532"/><SP WIDTH="12" VPOS="295" HPOS="565"/><String STYLE="italics" WC="0.3400000036" CONTENT="devant" HEIGHT="30" WIDTH="101" VPOS="295" HPOS="578"/><SP WIDTH="11" VPOS="297" HPOS="680"/><String STYLE="italics" WC="0.3300000131" CONTENT="U" HEIGHT="25" WIDTH="22" VPOS="297" HPOS="692"/><SP WIDTH="7" VPOS="297" HPOS="715"/><String WC="0.6237499714" CONTENT="tribunal" HEIGHT="30" WIDTH="117" VPOS="293" HPOS="723"/></TextLine>
<TextLine HEIGHT="40" WIDTH="484" VPOS="334" HPOS="533"><String WC="0.3199999928" CONTENT="de" HEIGHT="27" WIDTH="30" VPOS="339" HPOS="533"/><SP WIDTH="18" VPOS="348" HPOS="564"/><String WC="0.400000006" CONTENT="notre" HEIGHT="21" WIDTH="79" VPOS="345" HPOS="583"/><SP WIDTH="11" VPOS="337" HPOS="663"/><String WC="0.4562500119" CONTENT="Seigneur" HEIGHT="36" WIDTH="128" VPOS="337" HPOS="675"/><SP WIDTH="6" VPOS="337" HPOS="804"/><String WC="0.3950000107" CONTENT="JEfijs" HEIGHT="38" WIDTH="79" VPOS="334" HPOS="811"/><SP WIDTH="7" VPOS="337" HPOS="891"/><String WC="0.4228571355" CONTENT="Cbrift," HEIGHT="36" WIDTH="95" VPOS="334" HPOS="899"/><SP WIDTH="9" VPOS="346" HPOS="995"/><String WC="0.2399999946" CONTENT="5" HEIGHT="28" WIDTH="12" VPOS="346" HPOS="1005"/></TextLine>
<TextLine HEIGHT="40" WIDTH="360" VPOS="378" HPOS="532"><String WC="0.1866666675" CONTENT="qui" HEIGHT="37" WIDTH="45" VPOS="381" HPOS="532"/><SP WIDTH="8" VPOS="381" HPOS="578"/><String WC="0.3922222257" CONTENT="paroitra," HEIGHT="39" WIDTH="126" VPOS="379" HPOS="587"/><SP WIDTH="9" VPOS="390" HPOS="714"/><String STYLE="italics" WC="0.3300000131" CONTENT="comparoitra" HEIGHT="38" WIDTH="168" VPOS="378" HPOS="724"/></TextLine>
<TextLine HEIGHT="42" WIDTH="484" VPOS="416" HPOS="534"><String WC="0.9850000143" CONTENT="dans" HEIGHT="28" WIDTH="64" VPOS="423" HPOS="534"/><SP WIDTH="13" VPOS="422" HPOS="599"/><String WC="0.2199999988" CONTENT="les" HEIGHT="27" WIDTH="36" VPOS="422" HPOS="613"/><SP WIDTH="7" VPOS="429" HPOS="650"/><String WC="0.4399999976" CONTENT="nues," HEIGHT="27" WIDTH="84" VPOS="428" HPOS="658"/><SP WIDTH="7" VPOS="430" HPOS="743"/><String WC="0.2599999905" CONTENT="en" HEIGHT="18" WIDTH="34" VPOS="430" HPOS="751"/><SP WIDTH="7" VPOS="430" HPOS="786"/><String WC="0.4716666639" CONTENT="grande" HEIGHT="42" WIDTH="99" VPOS="416" HPOS="794"/><SP WIDTH="5" VPOS="426" HPOS="894"/><String WC="0.4250000119" CONTENT="majefte," HEIGHT="35" WIDTH="118" VPOS="418" HPOS="900"/></TextLine>
<TextLine HEIGHT="31" WIDTH="105" VPOS="461" HPOS="916"><String STYLE="italics" WC="0.3675000072" CONTENT="(_rrUifc" HEIGHT="31" WIDTH="105" VPOS="461" HPOS="916"/></TextLine>
<TextLine HEIGHT="44" WIDTH="488" VPOS="500" HPOS="534"><String WC="0.3224999905" CONTENT="pour" HEIGHT="30" WIDTH="68" VPOS="514" HPOS="534"/><SP WIDTH="7" VPOS="505" HPOS="603"/><String WC="0.3966666758" CONTENT="lui" HEIGHT="29" WIDTH="37" VPOS="504" HPOS="611"/><SP WIDTH="8" VPOS="504" HPOS="649"/><String WC="0.2166666687" CONTENT="rendr?" HEIGHT="33" WIDTH="94" VPOS="502" HPOS="658"/><SP WIDTH="8" VPOS="512" HPOS="753"/><String WC="0.3730769157" CONTENT="raifortjcoatc" HEIGHT="35" WIDTH="167" VPOS="500" HPOS="762"/><SP WIDTH="9" VPOS="511" HPOS="930"/><String STYLE="italics" WC="0.574000001" CONTENT="mtnu," HEIGHT="23" WIDTH="82" VPOS="511" HPOS="940"/></TextLine>
<TextLine HEIGHT="39" WIDTH="98" VPOS="540" HPOS="925"><String WC="0.3228571415" CONTENT="(etroin" HEIGHT="39" WIDTH="98" VPOS="540" HPOS="925"/></TextLine>
<TextLine HEIGHT="33" WIDTH="451" VPOS="585" HPOS="534"><String WC="0.4550000131" CONTENT="de" HEIGHT="28" WIDTH="32" VPOS="590" HPOS="534"/><SP WIDTH="8" VPOS="598" HPOS="567"/><String WC="0.3000000119" CONTENT="toutes" HEIGHT="20" WIDTH="90" VPOS="597" HPOS="576"/><SP WIDTH="7" VPOS="588" HPOS="667"/><String WC="0.3219999969" CONTENT="leurs" HEIGHT="27" WIDTH="69" VPOS="588" HPOS="675"/><SP WIDTH="7" VPOS="597" HPOS="745"/><String WC="0.3787499964" CONTENT="aftions," HEIGHT="32" WIDTH="116" VPOS="585" HPOS="753"/><SP WIDTH="8" VPOS="596" HPOS="870"/><String STYLE="italics" WC="0.40625" CONTENT="teueres." HEIGHT="18" WIDTH="106" VPOS="595" HPOS="879"/></TextLine>
<TextLine HEIGHT="40" WIDTH="449" VPOS="626" HPOS="574"><String WC="0.8460000157" CONTENT="C’eft" HEIGHT="28" WIDTH="78" VPOS="630" HPOS="574"/><SP WIDTH="17" VPOS="630" HPOS="653"/><String WC="0.349999994" CONTENT="aiors" HEIGHT="27" WIDTH="72" VPOS="632" HPOS="671"/><SP WIDTH="15" VPOS="638" HPOS="744"/><String WC="0.1800000072" CONTENT="que" HEIGHT="30" WIDTH="51" VPOS="636" HPOS="760"/><SP WIDTH="14" VPOS="626" HPOS="812"/><String WC="0.2399999946" CONTENT="les" HEIGHT="27" WIDTH="37" VPOS="626" HPOS="827"/><SP WIDTH="17" VPOS="635" HPOS="865"/><String WC="0.4444444478" CONTENT="craignan*" HEIGHT="38" WIDTH="140" VPOS="626" HPOS="883"/></TextLine>
<TextLine HEIGHT="39" WIDTH="213" VPOS="666" HPOS="810"><String STYLE="bold" STYLEREFS="font2" WC="0.4359999895" CONTENT="[Dieu" HEIGHT="39" WIDTH="86" VPOS="666" HPOS="810"/><SP WIDTH="10" VPOS="671" HPOS="897"/><String STYLE="bold" STYLEREFS="font2" WC="0.4699999988" CONTENT="(juftes)" HEIGHT="39" WIDTH="115" VPOS="666" HPOS="908"/></TextLine>
<TextLine HEIGHT="41" WIDTH="301" VPOS="709" HPOS="532"><String STYLE="italics" WC="0.3747368455" CONTENT="Sicliiijpredeßinetf" HEIGHT="41" WIDTH="268" VPOS="709" HPOS="532"/><SP WIDTH="13" VPOS="719" HPOS="801"/><String WC="0.2700000107" CONTENT="4" HEIGHT="22" WIDTH="18" VPOS="719" HPOS="815"/></TextLine>
<TextLine HEIGHT="40" WIDTH="355" VPOS="751" HPOS="531"><String WC="0.4044444561" CONTENT="entreront" HEIGHT="21" WIDTH="140" VPOS="761" HPOS="531"/><SP WIDTH="17" VPOS="762" HPOS="672"/><String WC="0.3449999988" CONTENT="tous" HEIGHT="20" WIDTH="61" VPOS="762" HPOS="690"/><SP WIDTH="10" VPOS="764" HPOS="752"/><String WC="0.2475000024" CONTENT="glorieu*" HEIGHT="40" WIDTH="123" VPOS="751" HPOS="763"/></TextLine>
<TextLine HEIGHT="32" WIDTH="269" VPOS="795" HPOS="531"><String WC="0.3700000048" CONTENT="en" HEIGHT="19" WIDTH="34" VPOS="806" HPOS="531"/><SP WIDTH="10" VPOS="795" HPOS="566"/><String WC="0.6050000191" CONTENT="la" HEIGHT="27" WIDTH="23" VPOS="795" HPOS="577"/><SP WIDTH="8" VPOS="806" HPOS="601"/><String WC="0.2633333206" CONTENT="vie" HEIGHT="27" WIDTH="41" VPOS="797" HPOS="610"/><SP WIDTH="9" VPOS="806" HPOS="652"/><String WC="0.8109999895" CONTENT="ekerneile," HEIGHT="31" WIDTH="138" VPOS="796" HPOS="662"/></TextLine>
<TextLine HEIGHT="33" WIDTH="291" VPOS="835" HPOS="531"><String WC="0.2700000107" CONTENT="au" HEIGHT="17" WIDTH="32" VPOS="848" HPOS="531"/><SP WIDTH="6" VPOS="838" HPOS="564"/><String WC="0.2599999905" CONTENT="lieu" HEIGHT="27" WIDTH="52" VPOS="838" HPOS="571"/><SP WIDTH="9" VPOS="837" HPOS="624"/><String WC="0.2099999934" CONTENT="de" HEIGHT="28" WIDTH="31" VPOS="837" HPOS="634"/><SP WIDTH="9" VPOS="838" HPOS="666"/><String WC="0.3449999988" CONTENT="beatitude," HEIGHT="33" WIDTH="146" VPOS="835" HPOS="676"/></TextLine>
<TextLine HEIGHT="39" WIDTH="490" VPOS="872" HPOS="532"><String STYLE="italics" WC="1." CONTENT="&amp;" HEIGHT="27" WIDTH="26" VPOS="881" HPOS="532"/><SP WIDTH="7" VPOS="880" HPOS="559"/><String WC="0.3474999964" CONTENT="dans" HEIGHT="28" WIDTH="67" VPOS="880" HPOS="567"/><SP WIDTH="16" VPOS="881" HPOS="635"/><String WC="0.5450000167" CONTENT="la" HEIGHT="26" WIDTH="25" VPOS="881" HPOS="652"/><SP WIDTH="8" VPOS="890" HPOS="678"/><String WC="0.2862499952" CONTENT="nouvelle" HEIGHT="31" WIDTH="128" VPOS="878" HPOS="687"/><SP WIDTH="6" VPOS="876" HPOS="816"/><String WC="0.1955555528" CONTENT="Jerufalem" HEIGHT="39" WIDTH="144" VPOS="872" HPOS="823"/><SP WIDTH="14" VPOS="884" HPOS="968"/><String WC="0.1899999976" CONTENT=":" HEIGHT="19" WIDTH="8" VPOS="884" HPOS="983"/><SP WIDTH="15" VPOS="884" HPOS="992"/><String WC="0.6999999881" CONTENT="p" HEIGHT="27" WIDTH="14" VPOS="884" HPOS="1008"/></TextLine>
<TextLine HEIGHT="43" WIDTH="458" VPOS="918" HPOS="530"><String WC="0.3600000143" CONTENT="les" HEIGHT="28" WIDTH="37" VPOS="923" HPOS="530"/><SP WIDTH="5" VPOS="923" HPOS="568"/><String WC="0.4142857194" CONTENT="impies," HEIGHT="38" WIDTH="103" VPOS="923" HPOS="574"/><SP WIDTH="6" VPOS="933" HPOS="678"/><String STYLE="italics" WC="0.6000000238" CONTENT="michans" HEIGHT="30" WIDTH="113" VPOS="920" HPOS="685"/><SP WIDTH="11" VPOS="929" HPOS="799"/><String WC="0.6700000167" CONTENT="au" HEIGHT="19" WIDTH="34" VPOS="928" HPOS="811"/><SP WIDTH="7" VPOS="928" HPOS="846"/><String WC="0.3455555439" CONTENT="contraire" HEIGHT="28" WIDTH="134" VPOS="918" HPOS="854"/></TextLine>
<TextLine HEIGHT="44" WIDTH="492" VPOS="957" HPOS="531"><String WC="0.3581818044" CONTENT="&amp;lesdamncz," HEIGHT="33" WIDTH="216" VPOS="964" HPOS="531"/><SP WIDTH="10" VPOS="974" HPOS="748"/><String STYLE="italics" WC="0.3216666579" CONTENT="repraii&apos;viz*" HEIGHT="44" WIDTH="141" VPOS="957" HPOS="759"/><SP WIDTH="10" VPOS="962" HPOS="901"/><String STYLE="italics" WC="0.4300000072" CONTENT="6" HEIGHT="25" WIDTH="13" VPOS="962" HPOS="912"/><SP WIDTH="22" VPOS="960" HPOS="926"/><String STYLE="italics" WC="0." CONTENT="0" HEIGHT="33" WIDTH="23" VPOS="960" HPOS="949"/><String STYLE="superscript italics" WC="0.275000006" CONTENT="es" HEIGHT="17" WIDTH="22" VPOS="969" HPOS="974"/><String STYLE="italics" WC="0.7900000215" CONTENT="7" HEIGHT="26" WIDTH="17" VPOS="968" HPOS="1006"/></TextLine>
<TextLine HEIGHT="46" WIDTH="494" VPOS="999" HPOS="531"><String WC="0.275000006" CONTENT="en" HEIGHT="21" WIDTH="35" VPOS="1016" HPOS="531"/><SP WIDTH="8" VPOS="1016" HPOS="567"/><String WC="0.3677777648" CONTENT="compagnie" HEIGHT="39" WIDTH="161" VPOS="1006" HPOS="576"/><SP WIDTH="15" VPOS="1004" HPOS="738"/><String WC="0.2033333331" CONTENT="des" HEIGHT="28" WIDTH="46" VPOS="1004" HPOS="754"/><SP WIDTH="14" VPOS="1003" HPOS="801"/><String WC="0.3228571415" CONTENT="demons," HEIGHT="31" WIDTH="123" VPOS="1003" HPOS="816"/><SP WIDTH="8" VPOS="999" HPOS="940"/><String STYLE="italics" WC="0.4250000119" CONTENT="dmb-" HEIGHT="29" WIDTH="76" VPOS="999" HPOS="949"/></TextLine>
<TextLine HEIGHT="43" WIDTH="490" VPOS="1040" HPOS="535"><String WC="0.5583333373" CONTENT="feront" HEIGHT="27" WIDTH="89" VPOS="1047" HPOS="535"/><SP WIDTH="23" VPOS="1049" HPOS="625"/><String WC="0.6333333254" CONTENT="jettes" HEIGHT="31" WIDTH="74" VPOS="1049" HPOS="649"/><SP WIDTH="24" VPOS="1057" HPOS="724"/><String WC="0.2633333206" CONTENT="par" HEIGHT="28" WIDTH="48" VPOS="1055" HPOS="749"/><SP WIDTH="16" VPOS="1055" HPOS="798"/><String WC="0.3400000036" CONTENT="une" HEIGHT="19" WIDTH="53" VPOS="1054" HPOS="815"/><SP WIDTH="15" VPOS="1053" HPOS="869"/><String WC="0.4839999974" CONTENT="effroiable" HEIGHT="30" WIDTH="140" VPOS="1040" HPOS="885"/></TextLine>
<TextLine HEIGHT="32" WIDTH="138" VPOS="1082" HPOS="885"><String WC="0.3055555522" CONTENT="(fentence" HEIGHT="32" WIDTH="138" VPOS="1082" HPOS="885"/></TextLine>
<TextLine HEIGHT="39" WIDTH="487" VPOS="1118" HPOS="537" STYLEREFS="font1"><String WC="0.3425000012" CONTENT="dans" HEIGHT="27" WIDTH="64" VPOS="1120" HPOS="537"/><SP WIDTH="7" VPOS="1121" HPOS="602"/><String WC="0.4399999976" CONTENT="la" HEIGHT="26" WIDTH="24" VPOS="1121" HPOS="610"/><SP WIDTH="8" VPOS="1130" HPOS="635"/><String WC="0.4587500095" CONTENT="gehenne," HEIGHT="36" WIDTH="140" VPOS="1121" HPOS="644"/><SP WIDTH="10" VPOS="1121" HPOS="785"/><String STYLE="italics" WC="0.6255555749" CONTENT="legouffre" HEIGHT="39" WIDTH="128" VPOS="1118" HPOS="796"/><SP WIDTH="18" VPOS="1123" HPOS="925"/><String STYLE="italics" WC="0.3433333337" CONTENT="infer-" HEIGHT="36" WIDTH="80" VPOS="1121" HPOS="944"/></TextLine>
<TextLine HEIGHT="40" WIDTH="202" VPOS="1160" HPOS="821" STYLEREFS="font1"><String STYLE="italics" WC="0.5749999881" CONTENT="dans" HEIGHT="29" WIDTH="61" VPOS="1160" HPOS="821"/><SP WIDTH="13" VPOS="1162" HPOS="883"/><String STYLE="italics" WC="0.5444444418" CONTENT="lesenfers" HEIGHT="38" WIDTH="126" VPOS="1162" HPOS="897"/></TextLine>
<TextLine HEIGHT="33" WIDTH="164" VPOS="1211" HPOS="537" STYLEREFS="font2"><String WC="0.3125" CONTENT="pour" HEIGHT="32" WIDTH="71" VPOS="1212" HPOS="537"/><SP WIDTH="9" VPOS="1212" HPOS="609"/><String STYLE="bold italics" WC="0.2899999917" CONTENT="j" HEIGHT="29" WIDTH="16" VPOS="1213" HPOS="619"/><SP WIDTH="10" VPOS="1213" HPOS="636"/><String WC="0.2700000107" CONTENT="ctre" HEIGHT="23" WIDTH="54" VPOS="1211" HPOS="647"/></TextLine>
<TextLine HEIGHT="42" WIDTH="486" VPOS="1245" HPOS="538" STYLEREFS="font1"><String WC="0.3700000048" CONTENT="tourmentis" HEIGHT="34" WIDTH="168" VPOS="1245" HPOS="538"/><SP WIDTH="9" VPOS="1258" HPOS="707"/><String WC="0.5899999738" CONTENT="," HEIGHT="16" WIDTH="8" VPOS="1266" HPOS="717"/><SP WIDTH="5" VPOS="1256" HPOS="726"/><String STYLE="italics" WC="0.1650000066" CONTENT="pour" HEIGHT="31" WIDTH="63" VPOS="1256" HPOS="732"/><SP WIDTH="6" VPOS="1258" HPOS="796"/><String STYLE="italics" WC="1." CONTENT="y" HEIGHT="26" WIDTH="14" VPOS="1259" HPOS="803"/><SP WIDTH="5" VPOS="1248" HPOS="818"/><String STYLE="italics" WC="0.5062500238" CONTENT="foujfrir" HEIGHT="41" WIDTH="102" VPOS="1246" HPOS="824"/><String WC="0.5600000024" CONTENT="," HEIGHT="16" WIDTH="8" VPOS="1269" HPOS="936"/><SP WIDTH="8" VPOS="1259" HPOS="945"/><String WC="0.3959999979" CONTENT="eter-" HEIGHT="22" WIDTH="70" VPOS="1257" HPOS="954"/></TextLine>
<TextLine HEIGHT="43" WIDTH="312" VPOS="1290" HPOS="716" STYLEREFS="font1"><String STYLE="bold" STYLEREFS="font2" WC="0.3440000117" CONTENT="(nellement" HEIGHT="38" WIDTH="165" VPOS="1290" HPOS="716"/><SP WIDTH="9" VPOS="1299" HPOS="882"/><String STYLE="italics" WC="0.4099999964" CONTENT="ajameis«" HEIGHT="37" WIDTH="136" VPOS="1296" HPOS="892"/></TextLine>
</TextBlock>
<TextBlock ID="Page1_Block6" HEIGHT="58" WIDTH="132" VPOS="1798" HPOS="578" language="de" STYLEREFS="font3">
<TextLine HEIGHT="47" WIDTH="101" VPOS="1804" HPOS="593"><String WC="0.3100000024" CONTENT="Pp" HEIGHT="47" WIDTH="56" VPOS="1804" HPOS="593"/><SP WIDTH="19" VPOS="1812" HPOS="650"/><String WC="0.3600000143" CONTENT="4" HEIGHT="38" WIDTH="24" VPOS="1812" HPOS="670"/></TextLine>
</TextBlock><GraphicalElement ID="Page1_Block7" HEIGHT="8" WIDTH="372" VPOS="153" HPOS="654"/><GraphicalElement ID="Page1_Block8" HEIGHT="10" WIDTH="253" VPOS="154" HPOS="35"/><GraphicalElement ID="Page1_Block9" HEIGHT="5" WIDTH="189" VPOS="160" HPOS="335"/><GraphicalElement ID="Page1_Block10" HEIGHT="853" WIDTH="9" VPOS="203" HPOS="520"/><GraphicalElement ID="Page1_Block11" HEIGHT="219" WIDTH="7" VPOS="1071" HPOS="527"/>
</PrintSpace>
</Page>
</Layout>
</alto>