﻿<?xml version="1.0" encoding="UTF-8" standalone="yes"?>
<alto xmlns="http://www.loc.gov/standards/alto/ns-v2#" xmlns:xlink="http://www.w3.org/1999/xlink" xmlns:xsi="http://www.w3.org/2001/XMLSchema-instance" xsi:schemaLocation="http://www.loc.gov/standards/alto/ns-v2# http://www.loc.gov/standards/alto/alto-v2.0.xsd">
<Description>
<MeasurementUnit>pixel</MeasurementUnit>
<OCRProcessing ID="IdOcr"><ocrProcessingStep><processingDateTime>2017-03-20</processingDateTime><processingSoftware><softwareCreator>ABBYY</softwareCreator><softwareName>ABBYY FineReader Engine</softwareName><softwareVersion>11</softwareVersion></processingSoftware></ocrProcessingStep></OCRProcessing>
</Description>
<Styles><TextStyle ID="font0" FONTFAMILY="Times New Roman" FONTSIZE="8"/><TextStyle ID="font1" FONTFAMILY="Times New Roman" FONTSIZE="9"/><TextStyle ID="font2" FONTFAMILY="Times New Roman" FONTSIZE="10"/><TextStyle ID="font3" FONTFAMILY="Times New Roman" FONTSIZE="24"/>
</Styles>
<Layout>
<Page ID="Page1" PHYSICAL_IMG_NR="1" HEIGHT="2044" WIDTH="1244">
<TopMargin HEIGHT="208" WIDTH="1244" VPOS="0" HPOS="0">
<TextBlock ID="Page1_Block1" HEIGHT="74" WIDTH="375" VPOS="120" HPOS="347" language="de"><Shape><Polygon POINTS="348,124 723,124 723,197 348,197 348,124"/></Shape>
<TextLine HEIGHT="48" WIDTH="120" VPOS="139" HPOS="353"><String STYLE="bold italics" STYLEREFS="font3" WC="0.5799999833" CONTENT="m" HEIGHT="48" WIDTH="78" VPOS="139" HPOS="353"/><SP WIDTH="23" VPOS="139" HPOS="432"/><String STYLE="bold italics" STYLEREFS="font3" WC="0.2300000042" CONTENT="(" HEIGHT="45" WIDTH="17" VPOS="139" HPOS="456"/></TextLine>
</TextBlock><GraphicalElement ID="Page1_Block2" HEIGHT="6" WIDTH="371" VPOS="55" HPOS="405"/><GraphicalElement ID="Page1_Block3" HEIGHT="8" WIDTH="243" VPOS="196" HPOS="822"/><GraphicalElement ID="Page1_Block4" HEIGHT="10" WIDTH="124" VPOS="196" HPOS="60"/><GraphicalElement ID="Page1_Block5" HEIGHT="9" WIDTH="451" VPOS="197" HPOS="206"/><GraphicalElement ID="Page1_Block6" HEIGHT="6" WIDTH="45" VPOS="55" HPOS="757"/><GraphicalElement ID="Page1_Block7" HEIGHT="77" WIDTH="4" VPOS="99" HPOS="1147"/>
</TopMargin>
<RightMargin HEIGHT="1622" WIDTH="151" VPOS="208" HPOS="1093">
</RightMargin>
<BottomMargin HEIGHT="214" WIDTH="1244" VPOS="1830" HPOS="0">
</BottomMargin>
<PrintSpace HEIGHT="1622" WIDTH="1093" VPOS="208" HPOS="0">
<TextBlock ID="Page1_Block8" HEIGHT="177" WIDTH="534" VPOS="211" HPOS="2" language="de" STYLEREFS="font1"><Shape><Polygon POINTS="4,217 537,217 537,391 4,391 4,217"/></Shape>
<TextLine HEIGHT="42" WIDTH="230" VPOS="217" HPOS="43"><String STYLE="smallcaps" WC="0.2399999946" CONTENT="Se" HEIGHT="27" WIDTH="33" VPOS="217" HPOS="43"/><SP WIDTH="21" VPOS="227" HPOS="77"/><String WC="0.3166666627" CONTENT="non" HEIGHT="19" WIDTH="60" VPOS="229" HPOS="99"/><SP WIDTH="17" VPOS="220" HPOS="160"/><String WC="0.3050000072" CONTENT="fi" HEIGHT="29" WIDTH="18" VPOS="220" HPOS="178"/><SP WIDTH="16" VPOS="221" HPOS="197"/><String WC="0.323333323" CONTENT="puo" HEIGHT="28" WIDTH="59" VPOS="231" HPOS="214"/></TextLine>
<TextLine HEIGHT="43" WIDTH="522" VPOS="258" HPOS="8"><String WC="0.368750006" CONTENT="•■iiTiediarvi^nc" HEIGHT="41" WIDTH="215" VPOS="258" HPOS="8"/><SP WIDTH="9" VPOS="271" HPOS="223"/><String WC="0.2899999917" CONTENT="ancoco&apos;lfargecto)" HEIGHT="42" WIDTH="298" VPOS="259" HPOS="232"/></TextLine>
<TextLine HEIGHT="34" WIDTH="52" VPOS="290" HPOS="9"><String STYLE="bold" STYLEREFS="font2" WC="0.5500000119" CONTENT="fi" HEIGHT="27" WIDTH="16" VPOS="290" HPOS="9"/><SP WIDTH="8" VPOS="290" HPOS="26"/><String STYLE="bold" STYLEREFS="font2" WC="0.2549999952" CONTENT="fa" HEIGHT="30" WIDTH="26" VPOS="294" HPOS="35"/></TextLine>
<TextLine HEIGHT="44" WIDTH="188" VPOS="336" HPOS="8" STYLEREFS="font2"><String STYLE="bold" WC="0.4210000038" CONTENT="naufrigio," HEIGHT="44" WIDTH="158" VPOS="336" HPOS="8"/><SP WIDTH="17" VPOS="351" HPOS="167"/><String STYLE="bold" WC="0.2800000012" CONTENT="f" HEIGHT="27" WIDTH="11" VPOS="351" HPOS="185"/></TextLine>
</TextBlock>
<TextBlock ID="Page1_Block9" HEIGHT="215" WIDTH="552" VPOS="211" HPOS="534" language="de" STYLEREFS="font1"><Shape><Polygon POINTS="536,214 1087,214 1087,427 536,427 536,214"/></Shape>
<TextLine HEIGHT="48" WIDTH="521" VPOS="217" HPOS="539"><String WC="0.3100000024" CONTENT="j" HEIGHT="32" WIDTH="5" VPOS="231" HPOS="539"/><SP WIDTH="53" VPOS="224" HPOS="545"/><String WC="0.3350000083" CONTENT="Si" HEIGHT="26" WIDTH="27" VPOS="223" HPOS="599"/><SP WIDTH="16" VPOS="223" HPOS="627"/><String WC="0.2700000107" CONTENT="tont" HEIGHT="21" WIDTH="68" VPOS="229" HPOS="644"/><SP WIDTH="15" VPOS="229" HPOS="713"/><String WC="0.3224999905" CONTENT="ccia" HEIGHT="31" WIDTH="61" VPOS="217" HPOS="729"/><SP WIDTH="14" VPOS="230" HPOS="791"/><String WC="0.25" CONTENT="ne" HEIGHT="20" WIDTH="35" VPOS="228" HPOS="806"/><SP WIDTH="13" VPOS="219" HPOS="842"/><String WC="0.3625000119" CONTENT="fett" HEIGHT="29" WIDTH="55" VPOS="219" HPOS="856"/><SP WIDTH="14" VPOS="220" HPOS="912"/><String WC="0.275000006" CONTENT="de" HEIGHT="29" WIDTH="35" VPOS="220" HPOS="927"/><SP WIDTH="13" VPOS="229" HPOS="963"/><String WC="0.1979999989" CONTENT="rien;" HEIGHT="30" WIDTH="83" VPOS="221" HPOS="977"/></TextLine>
<TextLine HEIGHT="40" WIDTH="435" VPOS="258" HPOS="540"><String WC="0.4600000083" CONTENT="■ni" HEIGHT="28" WIDTH="41" VPOS="261" HPOS="541"/><SP WIDTH="16" VPOS="261" HPOS="583"/><String STYLE="bold" STYLEREFS="font2" WC="0.4933333397" CONTENT="roe" HEIGHT="18" WIDTH="47" VPOS="270" HPOS="600"/><SP WIDTH="10" VPOS="271" HPOS="648"/><String STYLE="bold" STYLEREFS="font2" WC="0.6225000024" CONTENT="i&apos;.t" HEIGHT="19" WIDTH="34" VPOS="269" HPOS="659"/><SP WIDTH="20" VPOS="269" HPOS="694"/><String WC="0.7049999833" CONTENT="en" HEIGHT="19" WIDTH="35" VPOS="269" HPOS="715"/><SP WIDTH="15" VPOS="259" HPOS="751"/><String WC="0.2342857122" CONTENT="faifanc" HEIGHT="30" WIDTH="101" VPOS="259" HPOS="767"/><SP WIDTH="16" VPOS="260" HPOS="869"/><String WC="0.7699999809" CONTENT="le" HEIGHT="28" WIDTH="26" VPOS="260" HPOS="886"/><SP WIDTH="14" VPOS="261" HPOS="912"/><String WC="0.6625000238" CONTENT="jet," HEIGHT="37" WIDTH="49" VPOS="261" HPOS="926"/></TextLine>
<TextLine HEIGHT="40" WIDTH="532" VPOS="298" HPOS="548"><String WC="0.3140000105" CONTENT="faire" HEIGHT="31" WIDTH="72" VPOS="298" HPOS="548"/><SP WIDTH="12" VPOS="308" HPOS="621"/><String WC="0.7220000029" CONTENT="surre" HEIGHT="20" WIDTH="82" VPOS="307" HPOS="634"/><SP WIDTH="8" VPOS="301" HPOS="717"/><String WC="0.25" CONTENT="(" HEIGHT="36" WIDTH="14" VPOS="301" HPOS="726"/><SP WIDTH="8" VPOS="302" HPOS="741"/><String WC="0.3950000107" CONTENT="voirejettant" HEIGHT="37" WIDTH="192" VPOS="301" HPOS="750"/><SP WIDTH="9" VPOS="301" HPOS="943"/><String WC="0.4099999964" CONTENT="lesmar»" HEIGHT="28" WIDTH="127" VPOS="301" HPOS="953"/></TextLine>
<TextLine HEIGHT="40" WIDTH="528" VPOS="338" HPOS="549"><String WC="0.4199999869" CONTENT="on" HEIGHT="18" WIDTH="39" VPOS="350" HPOS="549"/><SP WIDTH="20" VPOS="338" HPOS="589"/><String WC="0.2099999934" CONTENT="faic" HEIGHT="29" WIDTH="52" VPOS="338" HPOS="610"/><SP WIDTH="230" VPOS="339" HPOS="663"/><String WC="0.3118181825" CONTENT="[chandifes)" HEIGHT="39" WIDTH="183" VPOS="339" HPOS="894"/></TextLine>
<TextLine HEIGHT="42" WIDTH="180" VPOS="376" HPOS="548"><String WC="0.3566666543" CONTENT="naufrage." HEIGHT="42" WIDTH="147" VPOS="376" HPOS="548"/><SP WIDTH="15" VPOS="386" HPOS="696"/><String WC="0.2899999917" CONTENT="5" HEIGHT="32" WIDTH="16" VPOS="386" HPOS="712"/></TextLine>
</TextBlock>
<TextBlock ID="Page1_Block10" HEIGHT="255" WIDTH="539" VPOS="458" HPOS="0" language="de" STYLEREFS="font1"><Shape><Polygon POINTS="4,464 541,464 541,716 4,716 4,464"/></Shape>
<TextLine HEIGHT="32" WIDTH="138" VPOS="465" HPOS="41"><String STYLE="bold" STYLEREFS="font2" WC="0.6324999928" CONTENT="All*" HEIGHT="28" WIDTH="55" VPOS="465" HPOS="41"/><SP WIDTH="9" VPOS="465" HPOS="97"/><String WC="0.976000011" CONTENT="liora" HEIGHT="31" WIDTH="72" VPOS="466" HPOS="107"/></TextLine>
<TextLine HEIGHT="47" WIDTH="326" VPOS="499" HPOS="7" STYLEREFS="font1"><String WC="0.7433333397" CONTENT="Sfi" HEIGHT="34" WIDTH="35" VPOS="499" HPOS="7"/><SP WIDTH="8" VPOS="499" HPOS="43"/><String WC="0.381249994" CONTENT="huomini)" HEIGHT="37" WIDTH="144" VPOS="503" HPOS="52"/><SP WIDTH="14" VPOS="515" HPOS="197"/><String STYLE="italics" STYLEREFS="font2" WC="0.2912499905" CONTENT="perfonr," HEIGHT="40" WIDTH="121" VPOS="506" HPOS="212"/></TextLine>
<TextLine HEIGHT="51" WIDTH="331" VPOS="536" HPOS="9"><String WC="1." CONTENT="^" HEIGHT="29" WIDTH="21" VPOS="536" HPOS="9"/><SP WIDTH="8" VPOS="536" HPOS="31"/><String WC="0.3000000119" CONTENT="niei" HEIGHT="22" WIDTH="53" VPOS="552" HPOS="40"/><SP WIDTH="7" VPOS="558" HPOS="94"/><String WC="0.4799999893" CONTENT="can.-ie," HEIGHT="22" WIDTH="100" VPOS="557" HPOS="102"/><SP WIDTH="19" VPOS="548" HPOS="203"/><String STYLE="italics" WC="0.6157143116" CONTENT="bagagUe" HEIGHT="39" WIDTH="117" VPOS="548" HPOS="223"/></TextLine>
<TextLine HEIGHT="49" WIDTH="520" VPOS="581" HPOS="8"><String STYLE="superscript" WC="0.2399999946" CONTENT="e" HEIGHT="23" WIDTH="15" VPOS="581" HPOS="8"/><String WC="0.6000000238" CONTENT="°n" HEIGHT="22" WIDTH="34" VPOS="588" HPOS="26"/><SP WIDTH="7" VPOS="592" HPOS="61"/><String WC="0.337500006" CONTENT="ogni" HEIGHT="39" WIDTH="70" VPOS="589" HPOS="69"/><SP WIDTH="7" VPOS="590" HPOS="140"/><String WC="0.3050000072" CONTENT="cofa" HEIGHT="29" WIDTH="62" VPOS="588" HPOS="148"/><SP WIDTH="7" VPOS="598" HPOS="211"/><String WC="0.5799999833" CONTENT="c’" HEIGHT="20" WIDTH="22" VPOS="596" HPOS="219"/><SP WIDTH="6" VPOS="587" HPOS="242"/><String WC="0.3350000083" CONTENT="hanno," HEIGHT="32" WIDTH="110" VPOS="587" HPOS="249"/><SP WIDTH="6" VPOS="595" HPOS="360"/><String WC="0.3300000131" CONTENT="the" HEIGHT="29" WIDTH="42" VPOS="585" HPOS="367"/><SP WIDTH="5" VPOS="585" HPOS="410"/><String STYLE="italics" WC="0.5600000024" CONTENT="fi" HEIGHT="38" WIDTH="18" VPOS="585" HPOS="416"/><SP WIDTH="7" VPOS="589" HPOS="435"/><String STYLE="italics" WC="0.3549999893" CONTENT="trdva-" HEIGHT="30" WIDTH="85" VPOS="585" HPOS="443"/></TextLine>
<TextLine HEIGHT="38" WIDTH="153" VPOS="627" HPOS="379"><String STYLE="italics" STYLEREFS="font2" WC="0.25" CONTENT="[no" HEIGHT="36" WIDTH="49" VPOS="628" HPOS="379"/><SP WIDTH="7" VPOS="627" HPOS="429"/><String STYLE="italics" STYLEREFS="font2" WC="0.5083333254" CONTENT="havert" HEIGHT="29" WIDTH="95" VPOS="627" HPOS="437"/></TextLine>
<TextLine HEIGHT="47" WIDTH="478" VPOS="660" HPOS="53" STYLEREFS="font2"><String STYLEREFS="font1" WC="0.2399999946" CONTENT="ä" HEIGHT="30" WIDTH="15" VPOS="660" HPOS="53"/><SP WIDTH="13" VPOS="660" HPOS="69"/><String STYLEREFS="font1" WC="0.6883333325" CONTENT="fondo," HEIGHT="35" WIDTH="112" VPOS="664" HPOS="83"/><SP WIDTH="10" VPOS="674" HPOS="196"/><String STYLE="italics" WC="0.3771428466" CONTENT="perifee" HEIGHT="40" WIDTH="91" VPOS="665" HPOS="207"/><SP WIDTH="7" VPOS="674" HPOS="299"/><String STYLE="italics" WC="0.5557143092" CONTENT="miferabilmente" HEIGHT="41" WIDTH="208" VPOS="664" HPOS="307"/><String STYLEREFS="font1" WC="0.3100000024" CONTENT=";" HEIGHT="22" WIDTH="8" VPOS="678" HPOS="523"/></TextLine>
</TextBlock>
<TextBlock ID="Page1_Block11" HEIGHT="260" WIDTH="547" VPOS="458" HPOS="540" language="de" STYLEREFS="font1"><Shape><Polygon POINTS="544,461 1089,461 1089,719 544,719 544,461"/></Shape>
<TextLine HEIGHT="32" WIDTH="185" VPOS="464" HPOS="598"><String STYLE="italics" WC="0.25" CONTENT="O" HEIGHT="30" WIDTH="32" VPOS="465" HPOS="598"/><SP WIDTH="15" VPOS="465" HPOS="631"/><String WC="0.2833333313" CONTENT="eft" HEIGHT="31" WIDTH="39" VPOS="464" HPOS="647"/><SP WIDTH="16" VPOS="464" HPOS="687"/><String WC="0.3759999871" CONTENT="alors" HEIGHT="29" WIDTH="79" VPOS="466" HPOS="704"/></TextLine>
<TextLine HEIGHT="39" WIDTH="264" VPOS="506" HPOS="547"><String WC="0.4666666687" CONTENT="que" HEIGHT="29" WIDTH="57" VPOS="515" HPOS="547"/><SP WIDTH="15" VPOS="507" HPOS="605"/><String WC="0.3366666734" CONTENT="les" HEIGHT="28" WIDTH="41" VPOS="507" HPOS="621"/><SP WIDTH="14" VPOS="506" HPOS="663"/><String WC="0.8799999952" CONTENT="hommes" HEIGHT="28" WIDTH="133" VPOS="506" HPOS="678"/></TextLine>
<TextLine HEIGHT="47" WIDTH="532" VPOS="537" HPOS="548"><String WC="0.3137142956" CONTENT="marchandifes,baHotSitag&lt;»£’tt,Iiar-" HEIGHT="47" WIDTH="532" VPOS="537" HPOS="548"/></TextLine>
<TextLine HEIGHT="42" WIDTH="530" VPOS="584" HPOS="549"><String STYLE="italics" WC="1." CONTENT="&amp;" HEIGHT="25" WIDTH="25" VPOS="590" HPOS="549"/><SP WIDTH="14" VPOS="590" HPOS="575"/><String WC="0.5142857432" CONTENT="touc-ee" HEIGHT="22" WIDTH="113" VPOS="594" HPOS="590"/><SP WIDTH="15" VPOS="594" HPOS="704"/><String WC="0.3400000036" CONTENT="qu*" HEIGHT="30" WIDTH="48" VPOS="593" HPOS="720"/><SP WIDTH="15" VPOS="588" HPOS="769"/><String WC="0.4300000072" CONTENT="ils" HEIGHT="28" WIDTH="35" VPOS="585" HPOS="785"/><SP WIDTH="13" VPOS="593" HPOS="821"/><String WC="0.4300000072" CONTENT="ont," HEIGHT="24" WIDTH="71" VPOS="591" HPOS="835"/><SP WIDTH="106" VPOS="588" HPOS="907"/><String WC="0.1850000024" CONTENT="[des" HEIGHT="37" WIDTH="65" VPOS="589" HPOS="1014"/></TextLine>
<TextLine HEIGHT="43" WIDTH="410" VPOS="669" HPOS="547"><String WC="0.4516666532" CONTENT="hclas!" HEIGHT="32" WIDTH="94" VPOS="673" HPOS="548"/><SP WIDTH="15" VPOS="675" HPOS="642"/><String WC="0.3619999886" CONTENT="periflent," HEIGHT="42" WIDTH="152" VPOS="669" HPOS="657"/><SP WIDTH="11" VPOS="682" HPOS="809"/><String STYLE="italics" WC="0.4199999869" CONTENT="ejchoiienl," HEIGHT="41" WIDTH="137" VPOS="671" HPOS="820"/></TextLine>
</TextBlock>
<ComposedBlock ID="Page1_Block12" HEIGHT="591" WIDTH="1090" VPOS="745" HPOS="0" TYPE="container"><Shape><Polygon POINTS="6,751 1094,751 1094,1337 6,1337 6,751"/></Shape>
<TextBlock ID="Page1_Block13" HEIGHT="588" WIDTH="517" VPOS="745" HPOS="0" language="de" STYLEREFS="font1"><Shape><Polygon POINTS="6,751 521,751 521,1337 6,1337 6,751"/></Shape>
<TextLine HEIGHT="45" WIDTH="408" VPOS="751" HPOS="53"><String WC="0.2599999905" CONTENT="e" HEIGHT="20" WIDTH="14" VPOS="756" HPOS="53"/><SP WIDTH="11" VPOS="756" HPOS="68"/><String WC="0.3290909231" CONTENT="quinulladel" HEIGHT="39" WIDTH="192" VPOS="751" HPOS="80"/><SP WIDTH="9" VPOS="753" HPOS="273"/><String WC="0.7659999728" CONTENT="tutto" HEIGHT="23" WIDTH="78" VPOS="761" HPOS="283"/><SP WIDTH="10" VPOS="764" HPOS="362"/><String WC="0.3860000074" CONTENT="gioYa" HEIGHT="41" WIDTH="88" VPOS="755" HPOS="373"/></TextLine>
<TextLine HEIGHT="47" WIDTH="290" VPOS="782" HPOS="8"><String WC="0.474999994" CONTENT="?&apos;" HEIGHT="39" WIDTH="18" VPOS="782" HPOS="8"/><SP WIDTH="9" VPOS="782" HPOS="27"/><String WC="0.3300000131" CONTENT="§" HEIGHT="30" WIDTH="16" VPOS="793" HPOS="37"/><String STYLE="superscript" WC="0.2599999905" CONTENT="e" HEIGHT="19" WIDTH="12" VPOS="796" HPOS="56"/><String WC="0.3840000033" CONTENT="ttär," HEIGHT="31" WIDTH="72" VPOS="793" HPOS="72"/><SP WIDTH="18" VPOS="794" HPOS="145"/><String STYLE="italics" WC="0.4199999869" CONTENT="dar" HEIGHT="26" WIDTH="45" VPOS="794" HPOS="164"/><SP WIDTH="11" VPOS="793" HPOS="210"/><String STYLE="italics" WC="0.4779999852" CONTENT="fondo" HEIGHT="36" WIDTH="76" VPOS="793" HPOS="222"/></TextLine>
<TextLine HEIGHT="42" WIDTH="301" VPOS="829" HPOS="21"><String STYLE="superscript" WC="0.25" CONTENT="a" HEIGHT="19" WIDTH="13" VPOS="831" HPOS="21"/><SP WIDTH="6" VPOS="831" HPOS="35"/><String WC="0.3066666722" CONTENT="greift" HEIGHT="36" WIDTH="89" VPOS="829" HPOS="42"/><SP WIDTH="11" VPOS="830" HPOS="132"/><String WC="0.3400000036" CONTENT="anchora," HEIGHT="37" WIDTH="143" VPOS="833" HPOS="144"/><SP WIDTH="13" VPOS="836" HPOS="288"/><String WC="0.3700000048" CONTENT="6" HEIGHT="28" WIDTH="20" VPOS="836" HPOS="302"/></TextLine>
<TextLine HEIGHT="44" WIDTH="219" VPOS="866" HPOS="10"><String STYLE="superscript" WC="0.25" CONTENT="£" HEIGHT="20" WIDTH="14" VPOS="868" HPOS="10"/><String WC="0.4824999869" CONTENT="Olla" HEIGHT="33" WIDTH="55" VPOS="866" HPOS="27"/><SP WIDTH="16" VPOS="880" HPOS="83"/><String WC="0.2885714173" CONTENT="goniena" HEIGHT="29" WIDTH="129" VPOS="881" HPOS="100"/></TextLine>
<TextLine HEIGHT="47" WIDTH="405" VPOS="953" HPOS="11"><String STYLE="subscript" WC="0.2300000042" CONTENT="N" HEIGHT="11" WIDTH="11" VPOS="986" HPOS="11"/><SP WIDTH="34" VPOS="955" HPOS="23"/><String WC="0.573333323" CONTENT="Alcuni" HEIGHT="28" WIDTH="103" VPOS="953" HPOS="58"/><SP WIDTH="9" VPOS="965" HPOS="162"/><String WC="0.3300000131" CONTENT="pu" HEIGHT="23" WIDTH="35" VPOS="965" HPOS="172"/><String STYLE="subscript" WC="0.2399999946" CONTENT="r" HEIGHT="14" WIDTH="11" VPOS="969" HPOS="212"/><String WC="0.3700000048" CONTENT="e" HEIGHT="17" WIDTH="13" VPOS="967" HPOS="227"/><SP WIDTH="8" VPOS="962" HPOS="241"/><String WC="0.4455555677" CONTENT="feämpano," HEIGHT="41" WIDTH="166" VPOS="959" HPOS="250"/></TextLine>
<TextLine HEIGHT="42" WIDTH="349" VPOS="992" HPOS="10" STYLEREFS="font1"><String WC="0.2399999946" CONTENT="v" HEIGHT="19" WIDTH="17" VPOS="998" HPOS="10"/><SP WIDTH="13" VPOS="993" HPOS="28"/><String WC="0.2520000041" CONTENT="fopra" HEIGHT="40" WIDTH="80" VPOS="993" HPOS="42"/><SP WIDTH="17" VPOS="1001" HPOS="123"/><String WC="0.2833333313" CONTENT="una" HEIGHT="20" WIDTH="55" VPOS="1000" HPOS="141"/><SP WIDTH="12" VPOS="1001" HPOS="197"/><String WC="0.3385714293" CONTENT="civola," HEIGHT="36" WIDTH="108" VPOS="993" HPOS="210"/><SP WIDTH="22" VPOS="1012" HPOS="319"/><String WC="0.3799999952" CONTENT="7" HEIGHT="22" WIDTH="17" VPOS="1012" HPOS="342"/></TextLine>
<TextLine HEIGHT="35" WIDTH="233" VPOS="1028" HPOS="10" STYLEREFS="font1"><String WC="0.2220000029" CONTENT="ovtro" HEIGHT="32" WIDTH="91" VPOS="1031" HPOS="10"/><SP WIDTH="15" VPOS="1033" HPOS="102"/><String WC="0." CONTENT="ä" HEIGHT="30" WIDTH="16" VPOS="1033" HPOS="118"/><SP WIDTH="14" VPOS="1033" HPOS="135"/><String WC="0.3100000024" CONTENT="nubco" HEIGHT="29" WIDTH="93" VPOS="1029" HPOS="150"/></TextLine>
<TextLine HEIGHT="45" WIDTH="493" VPOS="1068" HPOS="11"><String STYLEREFS="font1" WC="0.2599999905" CONTENT="v" HEIGHT="21" WIDTH="18" VPOS="1077" HPOS="11"/><SP WIDTH="13" VPOS="1077" HPOS="30"/><String STYLEREFS="font2" WC="0.2949999869" CONTENT="pure" HEIGHT="29" WIDTH="68" VPOS="1083" HPOS="44"/><SP WIDTH="15" VPOS="1077" HPOS="113"/><String STYLEREFS="font1" WC="0.6349999905" CONTENT="in" HEIGHT="26" WIDTH="28" VPOS="1077" HPOS="129"/><SP WIDTH="16" VPOS="1082" HPOS="158"/><String STYLEREFS="font1" WC="0.2879999876" CONTENT="pahfehermo" HEIGHT="43" WIDTH="189" VPOS="1069" HPOS="175"/><SP WIDTH="11" VPOS="1070" HPOS="365"/><String STYLE="italics" STYLEREFS="font0" WC="0.59375" CONTENT="fchiffo." HEIGHT="37" WIDTH="94" VPOS="1070" HPOS="377"/><SP WIDTH="14" VPOS="1073" HPOS="472"/><String STYLEREFS="font1" WC="1." CONTENT="8" HEIGHT="26" WIDTH="17" VPOS="1073" HPOS="487"/></TextLine>
<TextLine HEIGHT="48" WIDTH="421" VPOS="1155" HPOS="58" STYLEREFS="font1"><String WC="0.2366666645" CONTENT="Una" HEIGHT="28" WIDTH="64" VPOS="1166" HPOS="58"/><SP WIDTH="15" VPOS="1175" HPOS="123"/><String WC="0.9639999866" CONTENT="patte" HEIGHT="30" WIDTH="80" VPOS="1172" HPOS="139"/><SP WIDTH="12" VPOS="1163" HPOS="220"/><String WC="0.3420000076" CONTENT="delle" HEIGHT="30" WIDTH="75" VPOS="1162" HPOS="233"/><SP WIDTH="14" VPOS="1169" HPOS="309"/><String WC="0.248999998" CONTENT="rnercantie" HEIGHT="33" WIDTH="155" VPOS="1157" HPOS="324"/></TextLine>
<TextLine HEIGHT="44" WIDTH="320" VPOS="1200" HPOS="14" STYLEREFS="font1"><String STYLE="superscript" WC="0.2399999946" CONTENT="1" HEIGHT="18" WIDTH="13" VPOS="1204" HPOS="14"/><SP WIDTH="10" VPOS="1200" HPOS="28"/><String WC="0.3199999928" CONTENT="de" HEIGHT="31" WIDTH="33" VPOS="1200" HPOS="39"/><String STYLE="superscript" WC="0.2399999946" CONTENT="5" HEIGHT="13" WIDTH="8" VPOS="1205" HPOS="77"/><SP WIDTH="15" VPOS="1205" HPOS="86"/><String WC="0.2800000012" CONTENT="corpi" HEIGHT="35" WIDTH="78" VPOS="1208" HPOS="102"/><SP WIDTH="15" VPOS="1208" HPOS="181"/><String WC="0.3087500036" CONTENT="annegati" HEIGHT="30" WIDTH="137" VPOS="1214" HPOS="197"/></TextLine>
<TextLine HEIGHT="47" WIDTH="420" VPOS="1239" HPOS="89"><String WC="0.1920000017" CONTENT="genau" HEIGHT="30" WIDTH="111" VPOS="1255" HPOS="89"/><SP WIDTH="13" VPOS="1256" HPOS="201"/><String WC="0.6850000024" CONTENT="al" HEIGHT="29" WIDTH="27" VPOS="1247" HPOS="215"/><SP WIDTH="11" VPOS="1247" HPOS="243"/><String WC="0.223333329" CONTENT="Udo" HEIGHT="31" WIDTH="61" VPOS="1247" HPOS="255"/><SP WIDTH="12" VPOS="1254" HPOS="317"/><String STYLE="italics" WC="0.5099999905" CONTENT="AÜi" HEIGHT="32" WIDTH="52" VPOS="1244" HPOS="330"/><SP WIDTH="7" VPOS="1241" HPOS="383"/><String STYLE="italics" WC="0.4375" CONTENT="fpiäggiA" HEIGHT="45" WIDTH="118" VPOS="1241" HPOS="391"/></TextLine>
<TextLine HEIGHT="31" WIDTH="128" VPOS="1295" HPOS="73" STYLEREFS="font2"><String WC="0.6499999762" CONTENT="mare.^y" HEIGHT="31" WIDTH="128" VPOS="1295" HPOS="73"/></TextLine>
</TextBlock>
<TextBlock ID="Page1_Block14" HEIGHT="553" WIDTH="548" VPOS="751" HPOS="542" language="de" STYLEREFS="font1"><Shape><Polygon POINTS="546,754 1094,754 1094,1305 552,1305 552,851 546,851 546,754"/></Shape>
<TextLine HEIGHT="43" WIDTH="495" VPOS="757" HPOS="587"><String WC="0.3149999976" CONTENT="c-" HEIGHT="20" WIDTH="22" VPOS="770" HPOS="587"/><SP WIDTH="14" VPOS="769" HPOS="610"/><String WC="0.226666674" CONTENT="eft" HEIGHT="29" WIDTH="40" VPOS="760" HPOS="625"/><SP WIDTH="14" VPOS="760" HPOS="666"/><String WC="0.5849999785" CONTENT="en" HEIGHT="20" WIDTH="36" VPOS="768" HPOS="681"/><SP WIDTH="7" VPOS="768" HPOS="718"/><String WC="0.3425000012" CONTENT="vaeu" HEIGHT="21" WIDTH="68" VPOS="768" HPOS="726"/><SP WIDTH="7" VPOS="768" HPOS="795"/><String WC="0.4783333242" CONTENT="alors»" HEIGHT="35" WIDTH="89" VPOS="758" HPOS="803"/><SP WIDTH="9" VPOS="770" HPOS="893"/><String WC="0.1474999934" CONTENT="qron" HEIGHT="31" WIDTH="89" VPOS="769" HPOS="903"/><SP WIDTH="5" VPOS="762" HPOS="993"/><String WC="0.4699999988" CONTENT="jette»" HEIGHT="38" WIDTH="83" VPOS="762" HPOS="999"/></TextLine>
<TextLine HEIGHT="45" WIDTH="280" VPOS="797" HPOS="548"><String WC="0.625" CONTENT="la" HEIGHT="29" WIDTH="26" VPOS="802" HPOS="548"/><SP WIDTH="12" VPOS="811" HPOS="575"/><String WC="0.801666677" CONTENT="grolle" HEIGHT="44" WIDTH="91" VPOS="797" HPOS="588"/><SP WIDTH="15" VPOS="809" HPOS="680"/><String WC="0.4333333373" CONTENT="ancre," HEIGHT="25" WIDTH="94" VPOS="807" HPOS="696"/><SP WIDTH="18" VPOS="800" HPOS="791"/><String STYLE="italics" STYLEREFS="font2" WC="0.3700000048" CONTENT="6" HEIGHT="28" WIDTH="18" VPOS="800" HPOS="810"/></TextLine>
<TextLine HEIGHT="37" WIDTH="361" VPOS="836" HPOS="550"><String WC="0.2549999952" CONTENT="avec" HEIGHT="20" WIDTH="68" VPOS="852" HPOS="550"/><SP WIDTH="14" VPOS="842" HPOS="619"/><String WC="0.3400000036" CONTENT="le" HEIGHT="28" WIDTH="27" VPOS="842" HPOS="634"/><SP WIDTH="13" VPOS="850" HPOS="662"/><String WC="0.5674999952" CONTENT="ehameau»" HEIGHT="33" WIDTH="154" VPOS="839" HPOS="676"/><SP WIDTH="10" VPOS="849" HPOS="831"/><String STYLE="italics" WC="0.3339999914" CONTENT="cable" HEIGHT="30" WIDTH="69" VPOS="837" HPOS="842"/></TextLine>
<TextLine HEIGHT="43" WIDTH="491" VPOS="926" HPOS="590"><String WC="0.4225000143" CONTENT="Quelques" HEIGHT="40" WIDTH="148" VPOS="928" HPOS="590"/><SP WIDTH="6" VPOS="938" HPOS="739"/><String WC="0.5166666508" CONTENT="uns" HEIGHT="19" WIDTH="52" VPOS="939" HPOS="746"/><SP WIDTH="7" VPOS="936" HPOS="799"/><String WC="0.2816666663" CONTENT="toutes" HEIGHT="21" WIDTH="98" VPOS="936" HPOS="807"/><SP WIDTH="12" VPOS="927" HPOS="906"/><String WC="0.3549999893" CONTENT="fois" HEIGHT="31" WIDTH="56" VPOS="927" HPOS="919"/><SP WIDTH="7" VPOS="931" HPOS="976"/><String STYLE="italics" WC="0.4850000143" CONTENT="Ce" HEIGHT="28" WIDTH="27" VPOS="931" HPOS="984"/><SP WIDTH="7" VPOS="929" HPOS="1012"/><String WC="0.3774999976" CONTENT="fau*" HEIGHT="31" WIDTH="61" VPOS="929" HPOS="1020"/></TextLine>
<TextLine HEIGHT="42" WIDTH="533" VPOS="967" HPOS="550"><String WC="0.5950000286" CONTENT="on" HEIGHT="20" WIDTH="41" VPOS="978" HPOS="550"/><SP WIDTH="7" VPOS="969" HPOS="592"/><String WC="0.2199999988" CONTENT="für" HEIGHT="29" WIDTH="45" VPOS="969" HPOS="600"/><SP WIDTH="8" VPOS="979" HPOS="646"/><String WC="0.4199999869" CONTENT="un" HEIGHT="19" WIDTH="39" VPOS="979" HPOS="655"/><SP WIDTH="8" VPOS="979" HPOS="695"/><String WC="0.3799999952" CONTENT="ai" HEIGHT="26" WIDTH="24" VPOS="972" HPOS="704"/><String STYLE="italics" WC="0.481764704" CONTENT="s,j,fnruntplanchc" HEIGHT="40" WIDTH="258" VPOS="969" HPOS="732"/><SP WIDTH="6" VPOS="969" HPOS="991"/><String WC="0.4280000031" CONTENT="[vent" HEIGHT="39" WIDTH="85" VPOS="969" HPOS="998"/></TextLine>
<TextLine HEIGHT="36" WIDTH="216" VPOS="1010" HPOS="551"><String WC="0.2849999964" CONTENT="ou" HEIGHT="17" WIDTH="40" VPOS="1017" HPOS="551"/><SP WIDTH="14" VPOS="1010" HPOS="592"/><String WC="0.2399999946" CONTENT="ä" HEIGHT="26" WIDTH="16" VPOS="1010" HPOS="607"/><SP WIDTH="16" VPOS="1010" HPOS="624"/><String WC="0.3449999988" CONTENT="!a" HEIGHT="24" WIDTH="25" VPOS="1010" HPOS="641"/><SP WIDTH="14" VPOS="1018" HPOS="667"/><String WC="0.4620000124" CONTENT="nage," HEIGHT="28" WIDTH="85" VPOS="1018" HPOS="682"/></TextLine>
<TextLine HEIGHT="44" WIDTH="512" VPOS="1045" HPOS="551"><String WC="0.3549999893" CONTENT="ou" HEIGHT="19" WIDTH="40" VPOS="1053" HPOS="551"/><SP WIDTH="14" VPOS="1054" HPOS="592"/><String WC="0.5860000253" CONTENT="enfin" HEIGHT="28" WIDTH="79" VPOS="1045" HPOS="607"/><SP WIDTH="17" VPOS="1055" HPOS="687"/><String WC="0.2349999994" CONTENT="en" HEIGHT="18" WIDTH="35" VPOS="1055" HPOS="705"/><SP WIDTH="12" VPOS="1057" HPOS="741"/><String WC="0.3759999871" CONTENT="chalouppe," HEIGHT="39" WIDTH="171" VPOS="1046" HPOS="754"/><SP WIDTH="8" VPOS="1057" HPOS="926"/><String WC="0.4128571451" CONTENT="esqiiif" HEIGHT="37" WIDTH="103" VPOS="1052" HPOS="935"/><SP WIDTH="5" VPOS="1053" HPOS="1039"/><String WC="0.150000006" CONTENT="$" HEIGHT="28" WIDTH="18" VPOS="1058" HPOS="1045"/></TextLine>
<TextLine HEIGHT="39" WIDTH="155" VPOS="1128" HPOS="589"><String WC="0.2700000107" CONTENT="La" HEIGHT="28" WIDTH="44" VPOS="1128" HPOS="589"/><SP WIDTH="13" VPOS="1136" HPOS="634"/><String WC="0.4633333385" CONTENT="mer" HEIGHT="23" WIDTH="62" VPOS="1134" HPOS="648"/><SP WIDTH="14" VPOS="1138" HPOS="711"/><String WC="0.2099999934" CONTENT="9" HEIGHT="28" WIDTH="18" VPOS="1139" HPOS="726"/></TextLine>
<TextLine HEIGHT="38" WIDTH="370" VPOS="1167" HPOS="552"><String WC="0.5960000157" CONTENT="jette" HEIGHT="37" WIDTH="68" VPOS="1167" HPOS="552"/><SP WIDTH="16" VPOS="1178" HPOS="621"/><String WC="0.7866666913" CONTENT="sux" HEIGHT="19" WIDTH="55" VPOS="1178" HPOS="638"/><SP WIDTH="12" VPOS="1169" HPOS="694"/><String WC="0.3716666698" CONTENT="bords," HEIGHT="36" WIDTH="109" VPOS="1169" HPOS="707"/><SP WIDTH="14" VPOS="1170" HPOS="817"/><String STYLE="italics" WC="0.349999994" CONTENT="bxvrts" HEIGHT="34" WIDTH="90" VPOS="1170" HPOS="832"/></TextLine>
<TextLine HEIGHT="44" WIDTH="449" VPOS="1212" HPOS="552"><String WC="0.6700000167" CONTENT="une" HEIGHT="19" WIDTH="54" VPOS="1221" HPOS="552"/><SP WIDTH="12" VPOS="1220" HPOS="607"/><String WC="0.2949999869" CONTENT="partie" HEIGHT="30" WIDTH="89" VPOS="1220" HPOS="620"/><SP WIDTH="12" VPOS="1212" HPOS="710"/><String WC="0.6100000143" CONTENT="des" HEIGHT="32" WIDTH="48" VPOS="1212" HPOS="723"/><SP WIDTH="8" VPOS="1224" HPOS="772"/><String WC="0.3292307556" CONTENT="imrchandifsr*" HEIGHT="41" WIDTH="220" VPOS="1215" HPOS="781"/></TextLine>
<TextLine HEIGHT="44" WIDTH="312" VPOS="1253" HPOS="552" STYLEREFS="font2"><String STYLE="italics" STYLEREFS="font1" WC="0.1899999976" CONTENT="8" HEIGHT="25" WIDTH="16" VPOS="1256" HPOS="552"/><String STYLE="italics" WC="0.1599999964" CONTENT="t" HEIGHT="22" WIDTH="14" VPOS="1263" HPOS="563"/><SP WIDTH="13" VPOS="1253" HPOS="578"/><String STYLE="bold" WC="0.2166666687" CONTENT="des" HEIGHT="31" WIDTH="50" VPOS="1253" HPOS="592"/><SP WIDTH="13" VPOS="1263" HPOS="643"/><String STYLE="bold" WC="0.1400000006" CONTENT="corps" HEIGHT="34" WIDTH="86" VPOS="1263" HPOS="657"/><SP WIDTH="16" VPOS="1266" HPOS="744"/><String STYLE="bold" WC="0.4050000012" CONTENT="noy^z." HEIGHT="40" WIDTH="103" VPOS="1255" HPOS="761"/></TextLine>
</TextBlock></ComposedBlock>
<TextBlock ID="Page1_Block15" HEIGHT="64" WIDTH="159" VPOS="1766" HPOS="918" language="de" STYLEREFS="font2"><Shape><Polygon POINTS="927,1768 1086,1768 1086,1831 927,1831 927,1768"/></Shape>
<TextLine HEIGHT="52" WIDTH="147" VPOS="1773" HPOS="924"><String STYLE="bold" WC="0.3449999988" CONTENT="Psalm»" HEIGHT="52" WIDTH="147" VPOS="1773" HPOS="924"/></TextLine>
</TextBlock><GraphicalElement ID="Page1_Block16" HEIGHT="765" WIDTH="10" VPOS="291" HPOS="535"/><GraphicalElement ID="Page1_Block17" HEIGHT="221" WIDTH="6" VPOS="1056" HPOS="541"/>
</PrintSpace>
</Page>
</Layout>
</alto>