﻿<?xml version="1.0" encoding="UTF-8" standalone="yes"?>
<alto xmlns="http://www.loc.gov/standards/alto/ns-v2#" xmlns:xlink="http://www.w3.org/1999/xlink" xmlns:xsi="http://www.w3.org/2001/XMLSchema-instance" xsi:schemaLocation="http://www.loc.gov/standards/alto/ns-v2# http://www.loc.gov/standards/alto/alto-v2.0.xsd">
<Description>
<MeasurementUnit>pixel</MeasurementUnit>
<OCRProcessing ID="IdOcr"><ocrProcessingStep><processingDateTime>2017-03-20</processingDateTime><processingSoftware><softwareCreator>ABBYY</softwareCreator><softwareName>ABBYY FineReader Engine</softwareName><softwareVersion>11</softwareVersion></processingSoftware></ocrProcessingStep></OCRProcessing>
</Description>
<Styles><TextStyle ID="font0" FONTFAMILY="Times New Roman" FONTSIZE="9"/><TextStyle ID="font1" FONTFAMILY="Times New Roman" FONTSIZE="11"/><TextStyle ID="font2" FONTFAMILY="Times New Roman" FONTSIZE="12"/>
</Styles>
<Layout>
<Page ID="Page1" PHYSICAL_IMG_NR="1" HEIGHT="2054" WIDTH="1266">
<TopMargin HEIGHT="125" WIDTH="1266" VPOS="0" HPOS="0">
</TopMargin>
<LeftMargin HEIGHT="1798" WIDTH="183" VPOS="125" HPOS="0">
</LeftMargin>
<BottomMargin HEIGHT="131" WIDTH="1266" VPOS="1923" HPOS="0">
</BottomMargin>
<PrintSpace HEIGHT="1798" WIDTH="1083" VPOS="125" HPOS="183">
<TextBlock ID="Page1_Block1" HEIGHT="67" WIDTH="193" VPOS="136" HPOS="606" language="de" STYLEREFS="font2"><Shape><Polygon POINTS="654,156 846,156 846,218 654,218 654,156"/></Shape>
<TextLine HEIGHT="53" WIDTH="179" VPOS="145" HPOS="620"><String WC="0.462500006" CONTENT="-(48r):&gt;" HEIGHT="53" WIDTH="179" VPOS="145" HPOS="620"/></TextLine>
</TextBlock>
<TextBlock ID="Page1_Block2" HEIGHT="1474" WIDTH="441" VPOS="211" HPOS="183" language="de" STYLEREFS="font1"><Shape><Polygon POINTS="230,226 634,226 634,762 636,762 636,814 560,814 560,920 638,920 638,976 634,976 634,1010 636,1010 636,1062 634,1062 634,1690 230,1690 230,226"/></Shape>
<TextLine HEIGHT="43" WIDTH="239" VPOS="218" HPOS="235"><String WC="0.3249999881" CONTENT="An" HEIGHT="35" WIDTH="47" VPOS="226" HPOS="235"/><SP WIDTH="8" VPOS="226" HPOS="283"/><String WC="0.4566666782" CONTENT="der" HEIGHT="32" WIDTH="48" VPOS="225" HPOS="292"/><SP WIDTH="7" VPOS="222" HPOS="340"/><String WC="0.6333333254" CONTENT="Mauer/" HEIGHT="37" WIDTH="127" VPOS="218" HPOS="347"/></TextLine>
<TextLine HEIGHT="46" WIDTH="306" VPOS="258" HPOS="201"><String WC="0.5766666532" CONTENT="und" HEIGHT="32" WIDTH="56" VPOS="271" HPOS="201"/><SP WIDTH="11" VPOS="271" HPOS="258"/><String WC="0.3100000024" CONTENT="an" HEIGHT="24" WIDTH="36" VPOS="274" HPOS="270"/><SP WIDTH="13" VPOS="266" HPOS="307"/><String WC="0.3133333325" CONTENT="den" HEIGHT="32" WIDTH="49" VPOS="265" HPOS="321"/><SP WIDTH="8" VPOS="262" HPOS="371"/><String WC="0.6357142925" CONTENT="Thoren/" HEIGHT="42" WIDTH="127" VPOS="258" HPOS="380"/></TextLine>
<TextLine HEIGHT="48" WIDTH="290" VPOS="301" HPOS="201"><String WC="0.6100000143" CONTENT="das" HEIGHT="31" WIDTH="52" VPOS="311" HPOS="201"/><SP WIDTH="6" VPOS="311" HPOS="254"/><String WC="0.6830000281" CONTENT="Zeug--Hass" HEIGHT="46" WIDTH="194" VPOS="302" HPOS="260"/><String STYLEREFS="font0" WC="0.9900000095" CONTENT="/8" HEIGHT="35" WIDTH="33" VPOS="302" HPOS="457"/></TextLine>
<TextLine HEIGHT="42" WIDTH="336" VPOS="344" HPOS="205"><String WC="0.5400000215" CONTENT="das" HEIGHT="32" WIDTH="56" VPOS="352" HPOS="205"/><SP WIDTH="9" VPOS="353" HPOS="261"/><String WC="0.4120000005" CONTENT="Lorn-" HEIGHT="32" WIDTH="106" VPOS="350" HPOS="271"/><SP WIDTH="11" VPOS="348" HPOS="377"/><String WC="0.8516666889" CONTENT="Haus/1" HEIGHT="38" WIDTH="128" VPOS="344" HPOS="388"/><SP WIDTH="7" VPOS="348" HPOS="516"/><String WC="0.4300000072" CONTENT="°" HEIGHT="15" WIDTH="16" VPOS="352" HPOS="524"/></TextLine>
<TextLine HEIGHT="51" WIDTH="384" VPOS="380" HPOS="205"><String WC="0.5" CONTENT="die" HEIGHT="33" WIDTH="45" VPOS="394" HPOS="205"/><SP WIDTH="9" VPOS="393" HPOS="250"/><String WC="0.676666677" CONTENT="Gast-Höfe" HEIGHT="44" WIDTH="186" VPOS="386" HPOS="259"/><SP WIDTH="9" VPOS="385" HPOS="445"/><String WC="0.6299999952" CONTENT="(wirrs-" HEIGHT="43" WIDTH="135" VPOS="380" HPOS="454"/></TextLine>
<TextLine HEIGHT="47" WIDTH="146" VPOS="419" HPOS="442"><String WC="0.4744444489" CONTENT="f-Häuser)" HEIGHT="47" WIDTH="146" VPOS="419" HPOS="442"/></TextLine>
<TextLine HEIGHT="43" WIDTH="233" VPOS="509" HPOS="207"><String WC="0.6666666865" CONTENT="die" HEIGHT="33" WIDTH="45" VPOS="519" HPOS="207"/><SP WIDTH="13" VPOS="517" HPOS="252"/><String WC="0.4699999988" CONTENT="Sckencken" HEIGHT="41" WIDTH="175" VPOS="509" HPOS="265"/></TextLine>
<TextLine HEIGHT="49" WIDTH="356" VPOS="585" HPOS="208"><String WC="0.2466666698" CONTENT="und" HEIGHT="34" WIDTH="58" VPOS="600" HPOS="208"/><SP WIDTH="10" VPOS="597" HPOS="266"/><String WC="0.4325000048" CONTENT="Gar-" HEIGHT="36" WIDTH="86" VPOS="595" HPOS="276"/><SP WIDTH="9" VPOS="593" HPOS="362"/><String WC="0.7755555511" CONTENT="Rücken/11" HEIGHT="41" WIDTH="193" VPOS="585" HPOS="371"/></TextLine>
<TextLine HEIGHT="51" WIDTH="343" VPOS="630" HPOS="211"><String WC="0.5533333421" CONTENT="das" HEIGHT="31" WIDTH="54" VPOS="644" HPOS="211"/><SP WIDTH="10" VPOS="640" HPOS="265"/><String WC="0.6025000215" CONTENT="Spiel--Har»/" HEIGHT="47" WIDTH="226" VPOS="632" HPOS="275"/><SP WIDTH="19" VPOS="631" HPOS="501"/><String WC="0.5450000167" CONTENT="tr" HEIGHT="20" WIDTH="34" VPOS="638" HPOS="520"/></TextLine>
<TextLine HEIGHT="52" WIDTH="383" VPOS="670" HPOS="211"><String WC="0.4719047546" CONTENT="derSpiralfdasSiecken-" HEIGHT="52" WIDTH="383" VPOS="670" HPOS="211"/></TextLine>
<TextLine HEIGHT="47" WIDTH="201" VPOS="710" HPOS="393"><String WC="0.7225000262" CONTENT="s-Hau«:)" HEIGHT="45" WIDTH="154" VPOS="712" HPOS="393"/><SP WIDTH="17" VPOS="711" HPOS="547"/><String WC="0.1800000072" CONTENT="i" HEIGHT="16" WIDTH="5" VPOS="723" HPOS="564"/><SP WIDTH="11" VPOS="720" HPOS="569"/><String WC="0.2700000107" CONTENT="j" HEIGHT="28" WIDTH="14" VPOS="719" HPOS="580"/></TextLine>
<TextLine HEIGHT="53" WIDTH="345" VPOS="751" HPOS="254"><String WC="0.5400000215" CONTENT="NN" HEIGHT="27" WIDTH="37" VPOS="772" HPOS="254"/><SP WIDTH="14" VPOS="772" HPOS="291"/><String WC="0.349999994" CONTENT="abgelegnen" HEIGHT="45" WIDTH="185" VPOS="758" HPOS="305"/><SP WIDTH="10" VPOS="754" HPOS="490"/><String WC="0.4300000072" CONTENT="Grlen" HEIGHT="34" WIDTH="99" VPOS="751" HPOS="500"/></TextLine>
<TextLine HEIGHT="44" WIDTH="230" VPOS="836" HPOS="217" STYLEREFS="font1"><String WC="0.3666666746" CONTENT="die" HEIGHT="32" WIDTH="45" VPOS="848" HPOS="217"/><SP WIDTH="10" VPOS="848" HPOS="262"/><String STYLE="bold" WC="0.4922222197" CONTENT="Lloack/14" HEIGHT="42" WIDTH="175" VPOS="836" HPOS="272"/></TextLine>
<TextLine HEIGHT="52" WIDTH="389" VPOS="914" HPOS="217"><String STYLEREFS="font0" WC="0.275000006" CONTENT="UN" HEIGHT="25" WIDTH="38" VPOS="936" HPOS="218"/><SP WIDTH="11" VPOS="928" HPOS="256"/><String WC="0.4399999976" CONTENT="dasGefangen" HEIGHT="48" WIDTH="218" VPOS="917" HPOS="267"/><SP WIDTH="7" VPOS="927" HPOS="485"/><String WC="1." CONTENT="-" HEIGHT="6" WIDTH="11" VPOS="936" HPOS="493"/><SP WIDTH="8" VPOS="933" HPOS="505"/><String WC="0.6940000057" CONTENT="-Haus" HEIGHT="41" WIDTH="93" VPOS="915" HPOS="513"/></TextLine>
<TextLine HEIGHT="53" WIDTH="385" VPOS="958" HPOS="218"><String WC="0.4859091043" CONTENT="(Gefärignlfi/Rarker.)^" HEIGHT="53" WIDTH="385" VPOS="958" HPOS="218"/></TextLine>
<TextLine HEIGHT="51" WIDTH="372" VPOS="1001" HPOS="234"><String WC="0.4600000083" CONTENT="Auf" HEIGHT="41" WIDTH="61" VPOS="1011" HPOS="235"/><SP WIDTH="7" VPOS="1011" HPOS="296"/><String WC="0.3549999893" CONTENT="dein" HEIGHT="33" WIDTH="59" VPOS="1011" HPOS="304"/><SP WIDTH="11" VPOS="1009" HPOS="363"/><String WC="0.4471428692" CONTENT="hvchstenLhurn/" HEIGHT="46" WIDTH="232" VPOS="1001" HPOS="374"/></TextLine>
<TextLine HEIGHT="45" WIDTH="223" VPOS="1049" HPOS="220"><String STYLE="bold" WC="0.3333333433" CONTENT="ist" HEIGHT="38" WIDTH="32" VPOS="1056" HPOS="220"/><SP WIDTH="10" VPOS="1056" HPOS="252"/><String WC="0.5533333421" CONTENT="die" HEIGHT="29" WIDTH="41" VPOS="1057" HPOS="262"/><SP WIDTH="8" VPOS="1053" HPOS="304"/><String WC="0.3733333349" CONTENT="Uhr/16" HEIGHT="38" WIDTH="130" VPOS="1049" HPOS="313"/></TextLine>
<TextLine HEIGHT="47" WIDTH="310" VPOS="1088" HPOS="223"><String WC="0.5099999905" CONTENT="und" HEIGHT="31" WIDTH="55" VPOS="1100" HPOS="223"/><SP WIDTH="11" VPOS="1098" HPOS="279"/><String WC="0.5066666603" CONTENT="die" HEIGHT="31" WIDTH="41" VPOS="1096" HPOS="291"/><SP WIDTH="13" VPOS="1097" HPOS="333"/><String WC="0.3762499988" CONTENT="Wohnung/" HEIGHT="44" WIDTH="186" VPOS="1088" HPOS="347"/></TextLine>
<TextLine HEIGHT="43" WIDTH="260" VPOS="1131" HPOS="225"><String WC="0.2800000012" CONTENT="der" HEIGHT="31" WIDTH="48" VPOS="1141" HPOS="225"/><SP WIDTH="9" VPOS="1139" HPOS="273"/><String WC="0.5437499881" CONTENT="wackrer." HEIGHT="36" WIDTH="153" VPOS="1133" HPOS="282"/><SP WIDTH="12" VPOS="1144" HPOS="436"/><String WC="0.3300000131" CONTENT="17" HEIGHT="27" WIDTH="36" VPOS="1141" HPOS="449"/></TextLine>
<TextLine HEIGHT="51" WIDTH="262" VPOS="1207" HPOS="268"><String WC="0.5299999714" CONTENT="Auf" HEIGHT="41" WIDTH="62" VPOS="1217" HPOS="268"/><SP WIDTH="13" VPOS="1217" HPOS="330"/><String WC="0.2899999917" CONTENT="den" HEIGHT="34" WIDTH="48" VPOS="1217" HPOS="343"/><SP WIDTH="7" VPOS="1214" HPOS="391"/><String WC="0.4300000072" CONTENT="Plätzen/" HEIGHT="47" WIDTH="132" VPOS="1207" HPOS="398"/></TextLine>
<TextLine HEIGHT="49" WIDTH="283" VPOS="1290" HPOS="226"><String WC="0.7250000238" CONTENT="sind" HEIGHT="43" WIDTH="54" VPOS="1296" HPOS="226"/><SP WIDTH="11" VPOS="1298" HPOS="280"/><String WC="0.4012500048" CONTENT="Brunnen." HEIGHT="36" WIDTH="167" VPOS="1297" HPOS="291"/><SP WIDTH="14" VPOS="1304" HPOS="458"/><String WC="0.2199999988" CONTENT="18" HEIGHT="32" WIDTH="37" VPOS="1296" HPOS="472"/></TextLine>
<TextLine HEIGHT="45" WIDTH="202" VPOS="1334" HPOS="268"><String WC="0.5433333516" CONTENT="Der" HEIGHT="36" WIDTH="64" VPOS="1337" HPOS="268"/><SP WIDTH="6" VPOS="1341" HPOS="332"/><String WC="0.3025000095" CONTENT="Fluß" HEIGHT="38" WIDTH="83" VPOS="1339" HPOS="338"/><SP WIDTH="14" VPOS="1340" HPOS="421"/><String WC="0.2399999946" CONTENT="19" HEIGHT="27" WIDTH="35" VPOS="1347" HPOS="435"/></TextLine>
<TextLine HEIGHT="40" WIDTH="179" VPOS="1377" HPOS="229"><String WC="0.2899999917" CONTENT="oder" HEIGHT="35" WIDTH="69" VPOS="1381" HPOS="229"/><SP WIDTH="8" VPOS="1380" HPOS="298"/><String WC="0.3919999897" CONTENT="Lach/" HEIGHT="38" WIDTH="102" VPOS="1377" HPOS="306"/></TextLine>
<TextLine HEIGHT="56" WIDTH="385" VPOS="1411" HPOS="230"><String WC="0.3899999857" CONTENT="so" HEIGHT="42" WIDTH="28" VPOS="1425" HPOS="230"/><SP WIDTH="9" VPOS="1423" HPOS="258"/><String WC="0.2800000012" CONTENT="durch" HEIGHT="37" WIDTH="80" VPOS="1420" HPOS="267"/><SP WIDTH="11" VPOS="1418" HPOS="347"/><String WC="0.5699999928" CONTENT="die" HEIGHT="38" WIDTH="44" VPOS="1417" HPOS="358"/><SP WIDTH="11" VPOS="1420" HPOS="402"/><String WC="0.4799999893" CONTENT="Stadt" HEIGHT="39" WIDTH="99" VPOS="1418" HPOS="413"/><SP WIDTH="11" VPOS="1414" HPOS="512"/><String WC="0.5028571486" CONTENT="fließt/" HEIGHT="46" WIDTH="92" VPOS="1411" HPOS="523"/></TextLine>
<TextLine HEIGHT="39" WIDTH="96" VPOS="1461" HPOS="233"><String WC="0.4149999917" CONTENT="dienet" HEIGHT="39" WIDTH="96" VPOS="1461" HPOS="233"/></TextLine>
<TextLine HEIGHT="57" WIDTH="372" VPOS="1491" HPOS="231"><String WC="0.5166666508" CONTENT="den" HEIGHT="34" WIDTH="56" VPOS="1509" HPOS="231"/><SP WIDTH="8" VPOS="1504" HPOS="287"/><String WC="0.2533333302" CONTENT="Unflat" HEIGHT="42" WIDTH="105" VPOS="1498" HPOS="295"/><SP WIDTH="9" VPOS="1504" HPOS="400"/><String WC="0.4099999964" CONTENT="auszuführeu." HEIGHT="52" WIDTH="194" VPOS="1491" HPOS="409"/></TextLine>
<TextLine HEIGHT="51" WIDTH="239" VPOS="1581" HPOS="275"><String WC="0.5099999905" CONTENT="Das" HEIGHT="37" WIDTH="73" VPOS="1595" HPOS="275"/><SP WIDTH="8" VPOS="1591" HPOS="348"/><String WC="0.4183333218" CONTENT="Schloß" HEIGHT="46" WIDTH="107" VPOS="1582" HPOS="356"/><SP WIDTH="13" VPOS="1582" HPOS="463"/><String WC="0.3700000048" CONTENT="2°" HEIGHT="20" WIDTH="38" VPOS="1593" HPOS="476"/></TextLine>
<TextLine HEIGHT="46" WIDTH="187" VPOS="1633" HPOS="237"><String WC="0.4860000014" CONTENT="raget" HEIGHT="38" WIDTH="80" VPOS="1641" HPOS="237"/><SP WIDTH="8" VPOS="1636" HPOS="317"/><String WC="0.3983333409" CONTENT="hervor" HEIGHT="43" WIDTH="99" VPOS="1633" HPOS="325"/></TextLine>
</TextBlock>
<TextBlock ID="Page1_Block3" HEIGHT="220" WIDTH="308" VPOS="205" HPOS="591" language="de" STYLEREFS="font0"><Shape><Polygon POINTS="678,226 906,226 906,266 944,266 944,314 932,314 932,440 638,440 638,396 634,396 634,360 638,360 638,266 678,266 678,226"/></Shape>
<TextLine HEIGHT="40" WIDTH="197" VPOS="208" HPOS="634" STYLEREFS="font0"><String WC="0.6560000181" CONTENT="Circa" HEIGHT="29" WIDTH="78" VPOS="211" HPOS="634"/><SP WIDTH="7" VPOS="220" HPOS="713"/><String WC="0.3285714388" CONTENT="moenia," HEIGHT="36" WIDTH="111" VPOS="210" HPOS="720"/></TextLine>
<TextLine HEIGHT="45" WIDTH="299" VPOS="248" HPOS="596" STYLEREFS="font0"><String WC="1." CONTENT="&amp;" HEIGHT="27" WIDTH="28" VPOS="255" HPOS="596"/><SP WIDTH="6" VPOS="254" HPOS="624"/><String WC="0.4814285636" CONTENT="portas," HEIGHT="32" WIDTH="99" VPOS="260" HPOS="631"/><SP WIDTH="120" VPOS="249" HPOS="730"/><String WC="0.7466666698" CONTENT="(r." HEIGHT="39" WIDTH="45" VPOS="248" HPOS="850"/></TextLine>
<TextLine HEIGHT="44" WIDTH="286" VPOS="292" HPOS="598"><String STYLE="italics" WC="0.5430769324" CONTENT="armamentarium" HEIGHT="32" WIDTH="226" VPOS="293" HPOS="598"/><SP WIDTH="10" VPOS="301" HPOS="825"/><String STYLE="italics" WC="0.1599999964" CONTENT="y" HEIGHT="28" WIDTH="19" VPOS="302" HPOS="836"/><SP WIDTH="9" VPOS="300" HPOS="856"/><String WC="1." CONTENT="n" HEIGHT="17" WIDTH="18" VPOS="300" HPOS="866"/></TextLine>
<TextLine HEIGHT="40" WIDTH="279" VPOS="337" HPOS="597"><String STYLE="italics" WC="0.5730000138" CONTENT="grannrium," HEIGHT="37" WIDTH="161" VPOS="340" HPOS="597"/><String WC="0.5325000286" CONTENT="ion," HEIGHT="26" WIDTH="72" VPOS="342" HPOS="765"/><SP WIDTH="11" VPOS="344" HPOS="838"/><String WC="0.5749999881" CONTENT="3." HEIGHT="20" WIDTH="26" VPOS="343" HPOS="850"/></TextLine>
<TextLine HEIGHT="44" WIDTH="158" VPOS="377" HPOS="600"><String STYLE="italics" WC="0.6430000067" CONTENT="dtuirforia" HEIGHT="39" WIDTH="142" VPOS="378" HPOS="600"/><String STYLE="subscript italics" WC="0.3600000143" CONTENT="}" HEIGHT="19" WIDTH="13" VPOS="398" HPOS="745"/></TextLine>
</TextBlock>
<TextBlock ID="Page1_Block4" HEIGHT="1161" WIDTH="329" VPOS="496" HPOS="597" language="de" STYLEREFS="font0"><Shape><Polygon POINTS="636,518 936,518 936,920 946,920 946,972 944,972 944,1010 946,1010 946,1058 936,1058 936,1672 642,1672 642,1644 682,1644 682,1554 638,1554 638,1504 640,1504 640,1378 680,1378 680,1344 638,1344 638,1292 666,1292 666,1186 640,1186 640,1054 684,1054 684,972 642,972 642,892 640,892 640,842 676,842 676,726 638,726 638,678 640,678 640,640 638,640 638,558 636,558 636,518"/></Shape>
<TextLine HEIGHT="33" WIDTH="94" VPOS="506" HPOS="602" STYLEREFS="font0"><String STYLE="italics" WC="0.4099999964" CONTENT="popmt." HEIGHT="33" WIDTH="94" VPOS="506" HPOS="602"/></TextLine>
<TextLine HEIGHT="42" WIDTH="214" VPOS="579" HPOS="605" STYLEREFS="font0"><String WC="1." CONTENT="&amp;" HEIGHT="28" WIDTH="26" VPOS="583" HPOS="605"/><SP WIDTH="9" VPOS="583" HPOS="632"/><String STYLE="italics" WC="0.3799999952" CONTENT="cauponie" HEIGHT="34" WIDTH="113" VPOS="586" HPOS="642"/><String WC="0.6399999857" CONTENT=";" HEIGHT="23" WIDTH="8" VPOS="587" HPOS="762"/><SP WIDTH="15" VPOS="586" HPOS="771"/><String WC="0.6299999952" CONTENT="11" HEIGHT="18" WIDTH="31" VPOS="587" HPOS="787"/></TextLine>
<TextLine HEIGHT="40" WIDTH="263" VPOS="617" HPOS="607" STYLEREFS="font0"><String STYLE="italics" WC="0.4744444489" CONTENT="tbedtrum," HEIGHT="36" WIDTH="139" VPOS="621" HPOS="607"/><SP WIDTH="14" VPOS="628" HPOS="746"/><String WC="0.6333333254" CONTENT="un," HEIGHT="23" WIDTH="70" VPOS="626" HPOS="760"/><SP WIDTH="9" VPOS="626" HPOS="831"/><String WC="0.6150000095" CONTENT="l." HEIGHT="22" WIDTH="28" VPOS="625" HPOS="841"/></TextLine>
<TextLine HEIGHT="48" WIDTH="295" VPOS="659" HPOS="607" STYLEREFS="font0"><String STYLE="italics" WC="0.3163636327" CONTENT="nejodocbium" HEIGHT="45" WIDTH="170" VPOS="662" HPOS="607"/><String WC="0.2899999917" CONTENT=";" HEIGHT="25" WIDTH="10" VPOS="668" HPOS="785"/><SP WIDTH="14" VPOS="667" HPOS="795"/><String WC="0.3866666555" CONTENT="Ijn.2," HEIGHT="31" WIDTH="93" VPOS="665" HPOS="809"/></TextLine>
<TextLine HEIGHT="44" WIDTH="178" VPOS="744" HPOS="647" STYLEREFS="font0"><String WC="0.6399999857" CONTENT="in" HEIGHT="29" WIDTH="29" VPOS="751" HPOS="647"/><SP WIDTH="9" VPOS="760" HPOS="676"/><String STYLE="bold italics" WC="0.4966666698" CONTENT="recisfihm" HEIGHT="41" WIDTH="126" VPOS="744" HPOS="685"/><String STYLE="bold" WC="0.5500000119" CONTENT="," HEIGHT="17" WIDTH="12" VPOS="767" HPOS="813"/></TextLine>
<TextLine HEIGHT="50" WIDTH="258" VPOS="823" HPOS="614" STYLEREFS="font0"><String STYLE="italics" WC="0.3000000119" CONTENT="forica(clohc&amp;)" HEIGHT="48" WIDTH="207" VPOS="825" HPOS="614"/><SP WIDTH="15" VPOS="831" HPOS="821"/><String WC="0.3300000131" CONTENT="14" HEIGHT="27" WIDTH="36" VPOS="838" HPOS="836"/></TextLine>
<TextLine HEIGHT="46" WIDTH="297" VPOS="906" HPOS="616"><String WC="0.6349999905" CONTENT="&amp;f" HEIGHT="31" WIDTH="47" VPOS="916" HPOS="616"/><String STYLE="italics" WC="0.5442857146" CONTENT="uflodia" HEIGHT="41" WIDTH="97" VPOS="910" HPOS="665"/><SP WIDTH="12" VPOS="910" HPOS="762"/><String WC="0.6800000072" CONTENT="k." HEIGHT="27" WIDTH="19" VPOS="909" HPOS="774"/><SP WIDTH="14" VPOS="918" HPOS="793"/><String WC="1." CONTENT="I." HEIGHT="19" WIDTH="24" VPOS="917" HPOS="807"/><SP WIDTH="11" VPOS="908" HPOS="831"/><String WC="0.3871428668" CONTENT="(citt--" HEIGHT="39" WIDTH="71" VPOS="906" HPOS="842"/></TextLine>
<TextLine HEIGHT="46" WIDTH="255" VPOS="991" HPOS="660"><String WC="0.6100000143" CONTENT="In" HEIGHT="30" WIDTH="33" VPOS="998" HPOS="660"/><SP WIDTH="9" VPOS="1005" HPOS="693"/><String WC="0.5" CONTENT="turre" HEIGHT="23" WIDTH="71" VPOS="1003" HPOS="702"/><SP WIDTH="9" VPOS="1006" HPOS="774"/><String WC="0.6179999709" CONTENT="priraariä," HEIGHT="43" WIDTH="132" VPOS="991" HPOS="783"/></TextLine>
<TextLine HEIGHT="48" WIDTH="294" VPOS="1034" HPOS="617"><String STYLE="italics" WC="0.4066666663" CONTENT="e&amp;borolvgium" HEIGHT="45" WIDTH="199" VPOS="1037" HPOS="617"/><SP WIDTH="18" VPOS="1045" HPOS="817"/><String WC="1." CONTENT="1" HEIGHT="20" WIDTH="9" VPOS="1045" HPOS="836"/><String STYLE="italics" WC="1." CONTENT="6" HEIGHT="28" WIDTH="18" VPOS="1037" HPOS="852"/><SP WIDTH="8" VPOS="1036" HPOS="870"/><String WC="0.2949999869" CONTENT="n," HEIGHT="24" WIDTH="33" VPOS="1042" HPOS="878"/></TextLine>
<TextLine HEIGHT="47" WIDTH="287" VPOS="1075" HPOS="618"><String STYLE="italics" WC="0.2709091008" CONTENT="Scbabitatio" HEIGHT="33" WIDTH="165" VPOS="1080" HPOS="618"/><SP WIDTH="10" VPOS="1077" HPOS="783"/><String STYLE="italics" WC="0.6100000143" CONTENT="{," HEIGHT="31" WIDTH="21" VPOS="1077" HPOS="793"/><SP WIDTH="17" VPOS="1090" HPOS="815"/><String WC="0.3100000024" CONTENT="3." HEIGHT="26" WIDTH="22" VPOS="1090" HPOS="833"/><SP WIDTH="20" VPOS="1081" HPOS="855"/><String WC="0.2150000036" CONTENT="(3" HEIGHT="30" WIDTH="30" VPOS="1081" HPOS="875"/></TextLine>
<TextLine HEIGHT="42" WIDTH="170" VPOS="1124" HPOS="621"><String STYLE="italics" WC="0.5962499976" CONTENT="vigilum." HEIGHT="41" WIDTH="121" VPOS="1125" HPOS="621"/><SP WIDTH="12" VPOS="1132" HPOS="743"/><String WC="0.7799999714" CONTENT="17" HEIGHT="26" WIDTH="35" VPOS="1130" HPOS="756"/></TextLine>
<TextLine HEIGHT="41" WIDTH="142" VPOS="1203" HPOS="661" STYLEREFS="font0"><String WC="0.5600000024" CONTENT="In" HEIGHT="27" WIDTH="32" VPOS="1206" HPOS="661"/><SP WIDTH="6" VPOS="1212" HPOS="694"/><String STYLE="italics" WC="0.5383333564" CONTENT="pUtcd," HEIGHT="40" WIDTH="102" VPOS="1203" HPOS="701"/></TextLine>
<TextLine HEIGHT="44" WIDTH="193" VPOS="1280" HPOS="623"><String WC="0.2899999917" CONTENT="fun" HEIGHT="32" WIDTH="46" VPOS="1284" HPOS="623"/><String STYLE="italics" WC="0.2399999946" CONTENT="t" HEIGHT="21" WIDTH="10" VPOS="1294" HPOS="671"/><SP WIDTH="6" VPOS="1293" HPOS="682"/><String STYLE="italics" WC="0.5500000119" CONTENT="putei." HEIGHT="35" WIDTH="83" VPOS="1287" HPOS="688"/><SP WIDTH="13" VPOS="1299" HPOS="772"/><String WC="1." CONTENT="I" HEIGHT="18" WIDTH="6" VPOS="1299" HPOS="786"/><SP WIDTH="9" VPOS="1288" HPOS="793"/><String WC="0.5899999738" CONTENT="8" HEIGHT="25" WIDTH="13" VPOS="1288" HPOS="803"/></TextLine>
<TextLine HEIGHT="37" WIDTH="244" VPOS="1324" HPOS="667"><String STYLE="italics" WC="0.3928571343" CONTENT="tlwviui" HEIGHT="26" WIDTH="107" VPOS="1327" HPOS="667"/><SP WIDTH="19" VPOS="1335" HPOS="775"/><String WC="0.3799999952" CONTENT="1" HEIGHT="18" WIDTH="8" VPOS="1335" HPOS="795"/><SP WIDTH="7" VPOS="1333" HPOS="804"/><String WC="0.2300000042" CONTENT="p" HEIGHT="24" WIDTH="16" VPOS="1333" HPOS="812"/><SP WIDTH="11" VPOS="1330" HPOS="829"/><String WC="0.275000006" CONTENT="m," HEIGHT="22" WIDTH="39" VPOS="1329" HPOS="841"/><SP WIDTH="16" VPOS="1329" HPOS="881"/><String WC="0.2399999946" CONTENT="3" HEIGHT="16" WIDTH="13" VPOS="1329" HPOS="898"/></TextLine>
<TextLine HEIGHT="39" WIDTH="134" VPOS="1363" HPOS="626" STYLEREFS="font1"><String STYLE="italics" WC="0.6700000167" CONTENT="vel^ivm," HEIGHT="39" WIDTH="134" VPOS="1363" HPOS="626"/></TextLine>
<TextLine HEIGHT="44" WIDTH="277" VPOS="1402" HPOS="627"><String WC="0.4320000112" CONTENT="urbem" HEIGHT="33" WIDTH="95" VPOS="1406" HPOS="627"/><SP WIDTH="10" VPOS="1408" HPOS="723"/><String WC="0.5638461709" CONTENT="inccrflueris," HEIGHT="41" WIDTH="170" VPOS="1402" HPOS="734"/></TextLine>
<TextLine HEIGHT="32" WIDTH="104" VPOS="1450" HPOS="628"><String WC="0.3762499988" CONTENT="infervit" HEIGHT="32" WIDTH="104" VPOS="1450" HPOS="628"/></TextLine>
<TextLine HEIGHT="48" WIDTH="250" VPOS="1486" HPOS="630"><String STYLE="italics" WC="0.5214285851" CONTENT="jordibm" HEIGHT="43" WIDTH="111" VPOS="1491" HPOS="630"/><SP WIDTH="9" VPOS="1502" HPOS="741"/><String WC="0.4211111069" CONTENT="eluendis." HEIGHT="35" WIDTH="130" VPOS="1486" HPOS="750"/></TextLine>
<TextLine HEIGHT="44" WIDTH="175" VPOS="1575" HPOS="673"><String STYLE="italics" WC="0.5" CONTENT="Arx" HEIGHT="26" WIDTH="61" VPOS="1584" HPOS="673"/><SP WIDTH="10" VPOS="1591" HPOS="734"/><String WC="0.3149999976" CONTENT="20" HEIGHT="21" WIDTH="36" VPOS="1590" HPOS="744"/><SP WIDTH="9" VPOS="1577" HPOS="780"/><String WC="0.5799999833" CONTENT="f." HEIGHT="31" WIDTH="18" VPOS="1576" HPOS="789"/><SP WIDTH="14" VPOS="1588" HPOS="807"/><String WC="0.625" CONTENT="3." HEIGHT="28" WIDTH="27" VPOS="1587" HPOS="821"/></TextLine>
<TextLine HEIGHT="23" WIDTH="73" VPOS="1630" HPOS="634"><String WC="0.4779999852" CONTENT="extat" HEIGHT="23" WIDTH="73" VPOS="1630" HPOS="634"/></TextLine>
</TextBlock>
<TextBlock ID="Page1_Block5" HEIGHT="118" WIDTH="654" VPOS="1685" HPOS="225" language="de" STYLEREFS="font0"><Shape><Polygon POINTS="234,1706 886,1706 886,1808 234,1808 234,1706"/></Shape>
<TextLine HEIGHT="61" WIDTH="629" VPOS="1696" HPOS="240"><String STYLEREFS="font1" WC="0.4300000072" CONTENT="am" HEIGHT="29" WIDTH="46" VPOS="1727" HPOS="241"/><SP WIDTH="39" VPOS="1719" HPOS="287"/><String STYLEREFS="font1" WC="0.174999997" CONTENT="höchsten" HEIGHT="43" WIDTH="121" VPOS="1711" HPOS="326"/><SP WIDTH="36" VPOS="1714" HPOS="447"/><String WC="0.2399999946" CONTENT="jDtf" HEIGHT="42" WIDTH="62" VPOS="1706" HPOS="483"/><SP WIDTH="33" VPOS="1704" HPOS="545"/><String WC="0.5339999795" CONTENT="berin" HEIGHT="34" WIDTH="85" VPOS="1702" HPOS="578"/><SP WIDTH="9" VPOS="1704" HPOS="663"/><String WC="0.3359999955" CONTENT="fummo" HEIGHT="37" WIDTH="107" VPOS="1701" HPOS="672"/><SP WIDTH="10" VPOS="1711" HPOS="779"/><String WC="0.3466666639" CONTENT="urbis." HEIGHT="36" WIDTH="80" VPOS="1696" HPOS="789"/></TextLine>
<TextLine HEIGHT="56" WIDTH="132" VPOS="1737" HPOS="504"><String STYLEREFS="font1" WC="0.4474999905" CONTENT="(Skadk-l" HEIGHT="56" WIDTH="132" VPOS="1737" HPOS="504"/></TextLine>
</TextBlock>
<TextBlock ID="Page1_Block6" HEIGHT="66" WIDTH="317" VPOS="225" HPOS="906" language="de" STYLEREFS="font1"><Shape><Polygon POINTS="952,256 1268,256 1268,314 952,314 952,256"/></Shape>
<TextLine HEIGHT="51" WIDTH="296" VPOS="236" HPOS="910"><String WC="0.6376470327" CONTENT="kotta/.i.dasThor^" HEIGHT="51" WIDTH="296" VPOS="236" HPOS="910"/></TextLine>
</TextBlock>
<TextBlock ID="Page1_Block7" HEIGHT="311" WIDTH="324" VPOS="351" HPOS="911" language="de" STYLEREFS="font0"><Shape><Polygon POINTS="954,382 1270,382 1270,686 992,686 992,646 952,646 952,600 990,600 990,562 952,562 952,516 988,516 988,434 954,434 954,382"/></Shape>
<TextLine HEIGHT="43" WIDTH="296" VPOS="363" HPOS="914"><String WC="0.4553333223" CONTENT="Oivevforiutn,n." HEIGHT="41" WIDTH="218" VPOS="365" HPOS="914"/><SP WIDTH="4" VPOS="378" HPOS="1133"/><String WC="0.2700000107" CONTENT="2" HEIGHT="17" WIDTH="12" VPOS="377" HPOS="1138"/><SP WIDTH="4" VPOS="377" HPOS="1151"/><String WC="0.6549999714" CONTENT=".btt" HEIGHT="32" WIDTH="55" VPOS="364" HPOS="1155"/></TextLine>
<TextLine HEIGHT="46" WIDTH="258" VPOS="405" HPOS="953"><String WC="0.375" CONTENT="Gast" HEIGHT="39" WIDTH="67" VPOS="410" HPOS="953"/><SP WIDTH="11" VPOS="410" HPOS="1020"/><String WC="0.5699999928" CONTENT="-" HEIGHT="5" WIDTH="10" VPOS="427" HPOS="1032"/><SP WIDTH="15" VPOS="409" HPOS="1042"/><String WC="0.4779999852" CONTENT="Hof.(" HEIGHT="43" WIDTH="89" VPOS="406" HPOS="1057"/><SP WIDTH="12" VPOS="409" HPOS="1146"/><String WC="0.5033333302" CONTENT="das" HEIGHT="33" WIDTH="53" VPOS="406" HPOS="1158"/></TextLine>
<TextLine HEIGHT="47" WIDTH="232" VPOS="446" HPOS="951"><String WC="0.6150000095" CONTENT="Wirkhs-Haus)" HEIGHT="47" WIDTH="232" VPOS="446" HPOS="951"/></TextLine>
<TextLine HEIGHT="47" WIDTH="295" VPOS="487" HPOS="917"><String WC="0.7566666603" CONTENT="kopina" HEIGHT="39" WIDTH="101" VPOS="495" HPOS="917"/><SP WIDTH="18" VPOS="503" HPOS="1018"/><String WC="0.75" CONTENT="," HEIGHT="14" WIDTH="8" VPOS="513" HPOS="1037"/><SP WIDTH="19" VPOS="492" HPOS="1046"/><String WC="0.6349999905" CONTENT="k." HEIGHT="28" WIDTH="21" VPOS="492" HPOS="1066"/><SP WIDTH="27" VPOS="502" HPOS="1088"/><String WC="1." CONTENT="1." HEIGHT="22" WIDTH="25" VPOS="501" HPOS="1116"/><SP WIDTH="26" VPOS="492" HPOS="1142"/><String WC="0.4933333397" CONTENT="die" HEIGHT="35" WIDTH="44" VPOS="487" HPOS="1168"/></TextLine>
<TextLine HEIGHT="43" WIDTH="149" VPOS="531" HPOS="956"><String WC="0.4455555677" CONTENT="Schencke." HEIGHT="43" WIDTH="149" VPOS="531" HPOS="956"/></TextLine>
<TextLine HEIGHT="49" WIDTH="298" VPOS="569" HPOS="920"><String WC="0.8799999952" CONTENT="Caupöna," HEIGHT="42" WIDTH="147" VPOS="576" HPOS="920"/><SP WIDTH="17" VPOS="574" HPOS="1067"/><String WC="0.2899999917" CONTENT="f," HEIGHT="31" WIDTH="21" VPOS="573" HPOS="1084"/><SP WIDTH="20" VPOS="583" HPOS="1106"/><String WC="0.7749999762" CONTENT="1." HEIGHT="24" WIDTH="27" VPOS="582" HPOS="1127"/><SP WIDTH="16" VPOS="572" HPOS="1155"/><String WC="0.2466666698" CONTENT="die" HEIGHT="36" WIDTH="45" VPOS="569" HPOS="1172"/></TextLine>
<TextLine HEIGHT="48" WIDTH="191" VPOS="609" HPOS="959"><String WC="0.3869999945" CONTENT="Gar-Küche." HEIGHT="48" WIDTH="191" VPOS="609" HPOS="959"/></TextLine>
</TextBlock>
<TextBlock ID="Page1_Block8" HEIGHT="1063" WIDTH="345" VPOS="721" HPOS="921" language="de" STYLEREFS="font0"><Shape><Polygon POINTS="954,752 1274,752 1274,1808 990,1808 990,1764 952,1764 952,1708 992,1708 992,1676 952,1676 952,1630 954,1630 954,1464 952,1464 952,1426 992,1426 992,1346 950,1346 950,1300 992,1300 992,1266 952,1266 952,1218 992,1218 992,1184 952,1184 952,1128 956,1128 956,978 954,978 954,926 992,926 992,888 954,888 954,842 992,842 992,808 954,808 954,752"/></Shape>
<TextLine HEIGHT="52" WIDTH="297" VPOS="729" HPOS="924"><String STYLEREFS="font1" WC="0.8783333302" CONTENT="KeceL," HEIGHT="33" WIDTH="106" VPOS="733" HPOS="924"/><String WC="0.2199999988" CONTENT="8" HEIGHT="16" WIDTH="10" VPOS="747" HPOS="1033"/><String STYLEREFS="font1" WC="0.5" CONTENT=",m." HEIGHT="24" WIDTH="45" VPOS="746" HPOS="1044"/><String WC="0.25" CONTENT="4" HEIGHT="27" WIDTH="19" VPOS="750" HPOS="1092"/><String STYLEREFS="font1" WC="0.3942857087" CONTENT=".dx;ab," HEIGHT="38" WIDTH="107" VPOS="735" HPOS="1114"/></TextLine>
<TextLine HEIGHT="45" WIDTH="208" VPOS="772" HPOS="963"><String WC="0.4637500048" CONTENT="gelegene" HEIGHT="43" WIDTH="126" VPOS="774" HPOS="963"/><SP WIDTH="11" VPOS="784" HPOS="1089"/><String WC="0.4675000012" CONTENT="Orr." HEIGHT="31" WIDTH="71" VPOS="782" HPOS="1100"/></TextLine>
<TextLine HEIGHT="48" WIDTH="299" VPOS="813" HPOS="927"><String WC="0.753000021" CONTENT="kotica/.i.(CIoäca,k." HEIGHT="48" WIDTH="299" VPOS="813" HPOS="927"/></TextLine>
<TextLine HEIGHT="56" WIDTH="208" VPOS="856" HPOS="972"><String STYLE="bold" STYLEREFS="font1" WC="0.4350000024" CONTENT="1." HEIGHT="21" WIDTH="24" VPOS="875" HPOS="972"/><SP WIDTH="11" VPOS="864" HPOS="996"/><String STYLE="bold" STYLEREFS="font1" WC="0.2066666633" CONTENT="Die" HEIGHT="32" WIDTH="43" VPOS="863" HPOS="1007"/><SP WIDTH="14" VPOS="859" HPOS="1050"/><String STYLE="bold" STYLEREFS="font1" WC="0.4837499857" CONTENT="Cloack.^" HEIGHT="54" WIDTH="116" VPOS="856" HPOS="1064"/></TextLine>
<TextLine HEIGHT="52" WIDTH="301" VPOS="898" HPOS="928"><String WC="0.652777791" CONTENT="Carcer,m.z.Gesang»" HEIGHT="52" WIDTH="301" VPOS="898" HPOS="928"/></TextLine>
<TextLine HEIGHT="42" WIDTH="206" VPOS="944" HPOS="968"><String STYLE="bold" STYLEREFS="font1" WC="0.4930769205" CONTENT="Uiß(Karcker.)" HEIGHT="42" WIDTH="206" VPOS="944" HPOS="968"/></TextLine>
<TextLine HEIGHT="46" WIDTH="298" VPOS="983" HPOS="932"><String WC="0.7200000286" CONTENT="Primarius,a,um," HEIGHT="44" WIDTH="231" VPOS="985" HPOS="932"/><SP WIDTH="7" VPOS="992" HPOS="1163"/><String WC="0.4499999881" CONTENT="V0V»" HEIGHT="30" WIDTH="60" VPOS="990" HPOS="1170"/></TextLine>
<TextLine HEIGHT="50" WIDTH="262" VPOS="1024" HPOS="969"><String WC="0.3505882323" CONTENT="nehmstechöchste.)" HEIGHT="50" WIDTH="262" VPOS="1024" HPOS="969"/></TextLine>
<TextLine HEIGHT="48" WIDTH="303" VPOS="1108" HPOS="932"><String WC="0.5061110854" CONTENT="vißii.m.z.derWach»" HEIGHT="48" WIDTH="303" VPOS="1108" HPOS="932"/></TextLine>
<TextLine HEIGHT="30" WIDTH="54" VPOS="1159" HPOS="974"><String WC="0.5799999833" CONTENT="ter." HEIGHT="30" WIDTH="54" VPOS="1159" HPOS="974"/></TextLine>
<TextLine HEIGHT="46" WIDTH="300" VPOS="1191" HPOS="934"><String WC="0.7011111379" CONTENT="kiatca.k." HEIGHT="36" WIDTH="117" VPOS="1196" HPOS="934"/><SP WIDTH="13" VPOS="1204" HPOS="1052"/><String WC="1." CONTENT="I." HEIGHT="24" WIDTH="24" VPOS="1203" HPOS="1066"/><SP WIDTH="13" VPOS="1195" HPOS="1090"/><String WC="0.3333333433" CONTENT="der" HEIGHT="35" WIDTH="47" VPOS="1193" HPOS="1103"/><SP WIDTH="7" VPOS="1194" HPOS="1150"/><String WC="0.4600000083" CONTENT="Platz" HEIGHT="40" WIDTH="77" VPOS="1191" HPOS="1157"/></TextLine>
<TextLine HEIGHT="49" WIDTH="179" VPOS="1231" HPOS="974"><String STYLE="bold" STYLEREFS="font1" WC="0.5824999809" CONTENT="(die" HEIGHT="36" WIDTH="61" VPOS="1239" HPOS="975"/><SP WIDTH="9" VPOS="1234" HPOS="1036"/><String STYLE="bold" STYLEREFS="font1" WC="0.6171428561" CONTENT="Gasse.)" HEIGHT="47" WIDTH="108" VPOS="1231" HPOS="1045"/></TextLine>
<TextLine HEIGHT="46" WIDTH="295" VPOS="1273" HPOS="935"><String WC="0.573636353" CONTENT="Pnteus,n,.2" HEIGHT="39" WIDTH="160" VPOS="1277" HPOS="935"/><SP WIDTH="13" VPOS="1283" HPOS="1096"/><String WC="0.4099999964" CONTENT="o&apos;BrUN." HEIGHT="38" WIDTH="120" VPOS="1276" HPOS="1110"/></TextLine>
<TextLine HEIGHT="48" WIDTH="203" VPOS="1351" HPOS="1036"><String WC="0.5633333325" CONTENT="(durchfliessen-" HEIGHT="48" WIDTH="203" VPOS="1351" HPOS="1036"/></TextLine>
<TextLine HEIGHT="45" WIDTH="298" VPOS="1398" HPOS="940"><String WC="0.5958333611" CONTENT="Interfliiere" HEIGHT="32" WIDTH="159" VPOS="1402" HPOS="940"/><SP WIDTH="19" VPOS="1407" HPOS="1100"/><String WC="0.5799999833" CONTENT="," HEIGHT="16" WIDTH="8" VPOS="1416" HPOS="1120"/><SP WIDTH="19" VPOS="1408" HPOS="1129"/><String WC="0.7799999714" CONTENT="a." HEIGHT="21" WIDTH="24" VPOS="1407" HPOS="1149"/><SP WIDTH="37" VPOS="1409" HPOS="1174"/><String WC="0.2450000048" CONTENT="3," HEIGHT="28" WIDTH="27" VPOS="1408" HPOS="1211"/></TextLine>
<TextLine HEIGHT="47" WIDTH="299" VPOS="1437" HPOS="942" STYLEREFS="font1"><String WC="0.4584999979" CONTENT="Infervire^^.öienell." HEIGHT="47" WIDTH="299" VPOS="1437" HPOS="942"/></TextLine>
<TextLine HEIGHT="51" WIDTH="299" VPOS="1475" HPOS="944" STYLEREFS="font0"><String WC="0.4699999988" CONTENT="Sordes,f." HEIGHT="41" WIDTH="124" VPOS="1480" HPOS="944"/><SP WIDTH="6" VPOS="1492" HPOS="1068"/><String WC="0.4666666687" CONTENT="i.pl.Dctlin«" HEIGHT="40" WIDTH="168" VPOS="1482" HPOS="1075"/></TextLine>
<TextLine HEIGHT="43" WIDTH="56" VPOS="1520" HPOS="984"><String WC="0.4460000098" CONTENT="flat." HEIGHT="43" WIDTH="56" VPOS="1520" HPOS="984"/></TextLine>
<TextLine HEIGHT="54" WIDTH="298" VPOS="1556" HPOS="946"><String STYLEREFS="font1" WC="0.6255000234" CONTENT="L&gt;uere,a.3.aUsspÜI?&gt;" HEIGHT="54" WIDTH="298" VPOS="1556" HPOS="946"/></TextLine>
<TextLine HEIGHT="47" WIDTH="299" VPOS="1603" HPOS="946"><String WC="0.5642856956" CONTENT="Extare," HEIGHT="41" WIDTH="104" VPOS="1608" HPOS="946"/><SP WIDTH="8" VPOS="1621" HPOS="1050"/><String WC="0.6349999905" CONTENT="a." HEIGHT="19" WIDTH="25" VPOS="1620" HPOS="1058"/><SP WIDTH="14" VPOS="1621" HPOS="1083"/><String WC="0.8399999738" CONTENT="1." HEIGHT="20" WIDTH="25" VPOS="1620" HPOS="1097"/><SP WIDTH="13" VPOS="1608" HPOS="1122"/><String WC="0.4787499905" CONTENT="helt&gt;0k»" HEIGHT="40" WIDTH="110" VPOS="1605" HPOS="1135"/></TextLine>
<TextLine HEIGHT="33" WIDTH="97" VPOS="1659" HPOS="987" STYLEREFS="font1"><String WC="0.4983333349" CONTENT="ragen." HEIGHT="33" WIDTH="97" VPOS="1659" HPOS="987"/></TextLine>
<TextLine HEIGHT="51" WIDTH="302" VPOS="1685" HPOS="946"><String STYLE="bold" STYLEREFS="font1" WC="0.5299999714" CONTENT="8" HEIGHT="28" WIDTH="16" VPOS="1698" HPOS="946"/><String WC="0.5699999928" CONTENT="ummns,a,um,hoch»" HEIGHT="50" WIDTH="283" VPOS="1685" HPOS="965"/></TextLine>
<TextLine HEIGHT="42" WIDTH="46" VPOS="1736" HPOS="985" STYLEREFS="font1"><String STYLE="bold" WC="0.6449999809" CONTENT="sie." HEIGHT="42" WIDTH="46" VPOS="1736" HPOS="985"/></TextLine>
</TextBlock>
<TextBlock ID="Page1_Block9" HEIGHT="81" WIDTH="147" VPOS="1829" HPOS="1119" language="de" STYLEREFS="font2"><Shape><Polygon POINTS="1124,1860 1272,1860 1272,1938 1124,1938 1124,1860"/></Shape>
<TextLine HEIGHT="61" WIDTH="117" VPOS="1844" HPOS="1136"><String WC="0.5833333135" CONTENT="Das" HEIGHT="61" WIDTH="117" VPOS="1844" HPOS="1136"/></TextLine>
</TextBlock><GraphicalElement ID="Page1_Block10" HEIGHT="20" WIDTH="439" VPOS="182" HPOS="764"/><GraphicalElement ID="Page1_Block11" HEIGHT="22" WIDTH="531" VPOS="194" HPOS="217"/><GraphicalElement ID="Page1_Block12" HEIGHT="1433" WIDTH="45" VPOS="209" HPOS="589"/><GraphicalElement ID="Page1_Block13" HEIGHT="1547" WIDTH="43" VPOS="221" HPOS="901"/>
</PrintSpace>
</Page>
</Layout>
</alto>