﻿<?xml version="1.0" encoding="UTF-8" standalone="yes"?>
<alto xmlns="http://www.loc.gov/standards/alto/ns-v2#" xmlns:xlink="http://www.w3.org/1999/xlink" xmlns:xsi="http://www.w3.org/2001/XMLSchema-instance" xsi:schemaLocation="http://www.loc.gov/standards/alto/ns-v2# http://www.loc.gov/standards/alto/alto-v2.0.xsd">
<Description>
<MeasurementUnit>pixel</MeasurementUnit>
<OCRProcessing ID="IdOcr"><ocrProcessingStep><processingDateTime>2017-03-20</processingDateTime><processingSoftware><softwareCreator>ABBYY</softwareCreator><softwareName>ABBYY FineReader Engine</softwareName><softwareVersion>11</softwareVersion></processingSoftware></ocrProcessingStep></OCRProcessing>
</Description>
<Styles><TextStyle ID="font0" FONTFAMILY="Times New Roman" FONTSIZE="9"/><TextStyle ID="font1" FONTFAMILY="Times New Roman" FONTSIZE="10"/><TextStyle ID="font2" FONTFAMILY="Times New Roman" FONTSIZE="11"/><TextStyle ID="font3" FONTFAMILY="Times New Roman" FONTSIZE="16"/>
</Styles>
<Layout>
<Page ID="Page1" PHYSICAL_IMG_NR="1" HEIGHT="2044" WIDTH="1214">
<TopMargin HEIGHT="186" WIDTH="1214" VPOS="0" HPOS="0">
<TextBlock ID="Page1_Block1" HEIGHT="60" WIDTH="196" VPOS="116" HPOS="574" language="de">
<TextLine HEIGHT="46" WIDTH="196" VPOS="126" HPOS="574"><String STYLE="bold" STYLEREFS="font2" WC="0.2039999962" CONTENT="!S(ll" HEIGHT="46" WIDTH="103" VPOS="126" HPOS="574"/><String STYLEREFS="font2" WC="0.1899999976" CONTENT="8" HEIGHT="32" WIDTH="19" VPOS="134" HPOS="689"/><String STYLE="bold" STYLEREFS="font2" WC="0.5799999833" CONTENT=")?&apos;" HEIGHT="45" WIDTH="49" VPOS="127" HPOS="721"/></TextLine>
</TextBlock><GraphicalElement ID="Page1_Block2" HEIGHT="9" WIDTH="929" VPOS="177" HPOS="217"/>
</TopMargin>
<LeftMargin HEIGHT="1684" WIDTH="186" VPOS="186" HPOS="0">
</LeftMargin>
<BottomMargin HEIGHT="174" WIDTH="1214" VPOS="1870" HPOS="0">
</BottomMargin>
<PrintSpace HEIGHT="1684" WIDTH="1028" VPOS="186" HPOS="186">
<TextBlock ID="Page1_Block3" HEIGHT="136" WIDTH="704" VPOS="186" HPOS="186" language="de" STYLEREFS="font0"><Shape><Polygon POINTS="186,186 890,186 890,322 784,322 784,318 482,318 482,284 186,284 186,186"/></Shape>
<TextLine HEIGHT="53" WIDTH="665" VPOS="187" HPOS="225"><String WC="0.7124999762" CONTENT="Als/derLöw/1" HEIGHT="37" WIDTH="249" VPOS="187" HPOS="225"/><SP WIDTH="99" VPOS="195" HPOS="475"/><String WC="0.3000000119" CONTENT="j" HEIGHT="43" WIDTH="4" VPOS="195" HPOS="575"/><SP WIDTH="41" VPOS="195" HPOS="580"/><String WC="0.3657142818" CONTENT="Ut,Zco," HEIGHT="32" WIDTH="111" VPOS="198" HPOS="622"/><SP WIDTH="13" VPOS="205" HPOS="734"/><String WC="0.4850000143" CONTENT="i.m.3." HEIGHT="27" WIDTH="95" VPOS="205" HPOS="748"/><SP WIDTH="39" VPOS="193" HPOS="844"/><String WC="0.1299999952" CONTENT="]" HEIGHT="47" WIDTH="6" VPOS="193" HPOS="884"/></TextLine>
<TextLine HEIGHT="47" WIDTH="692" VPOS="232" HPOS="190"><String STYLE="bold" STYLEREFS="font2" WC="0.4137499928" CONTENT="derRönig" HEIGHT="39" WIDTH="162" VPOS="232" HPOS="190"/><SP WIDTH="12" VPOS="233" HPOS="353"/><String STYLE="bold" STYLEREFS="font2" WC="0.2899999917" CONTENT="der" HEIGHT="32" WIDTH="49" VPOS="233" HPOS="366"/><SP WIDTH="7" VPOS="232" HPOS="416"/><String STYLE="bold" STYLEREFS="font2" WC="0.5550000072" CONTENT="Bierfnssi-" HEIGHT="40" WIDTH="148" VPOS="232" HPOS="424"/><SP WIDTH="14" VPOS="240" HPOS="573"/><String WC="0.3174999952" CONTENT="8c-c" HEIGHT="25" WIDTH="51" VPOS="240" HPOS="588"/><SP WIDTH="7" VPOS="247" HPOS="640"/><String WC="0.7533333302" CONTENT="in." HEIGHT="18" WIDTH="37" VPOS="247" HPOS="648"/><SP WIDTH="11" VPOS="246" HPOS="686"/><String WC="0.427272737" CONTENT="3.quadrupe-" HEIGHT="42" WIDTH="184" VPOS="237" HPOS="698"/></TextLine>
<TextLine HEIGHT="44" WIDTH="388" VPOS="273" HPOS="497"><String WC="0.3849999905" CONTENT="CtJftl/." HEIGHT="41" WIDTH="85" VPOS="273" HPOS="497"/><SP WIDTH="215" VPOS="280" HPOS="583"/><String WC="0.40200001" CONTENT="[dum," HEIGHT="38" WIDTH="86" VPOS="279" HPOS="799"/></TextLine>
</TextBlock>
<TextBlock ID="Page1_Block4" HEIGHT="48" WIDTH="184" VPOS="308" HPOS="186" language="de" STYLEREFS="font2">
<TextLine HEIGHT="40" WIDTH="162" VPOS="312" HPOS="191"><String STYLE="bold" WC="0.4455555677" CONTENT="demahnek/" HEIGHT="40" WIDTH="162" VPOS="312" HPOS="191"/></TextLine>
</TextBlock>
<TextBlock ID="Page1_Block5" HEIGHT="46" WIDTH="138" VPOS="316" HPOS="574" language="de" STYLEREFS="font0">
<TextLine HEIGHT="38" WIDTH="114" VPOS="320" HPOS="590"><String WC="0.4612500072" CONTENT="jubätus." HEIGHT="38" WIDTH="114" VPOS="320" HPOS="590"/></TextLine>
</TextBlock>
<TextBlock ID="Page1_Block6" HEIGHT="98" WIDTH="294" VPOS="384" HPOS="186" language="de" STYLEREFS="font2">
<TextLine HEIGHT="43" WIDTH="270" VPOS="394" HPOS="194"><String STYLE="bold" WC="0.2779999971" CONTENT="fatnf" HEIGHT="42" WIDTH="71" VPOS="395" HPOS="194"/><SP WIDTH="8" VPOS="396" HPOS="266"/><String STYLE="bold" WC="0.25" CONTENT="brr" HEIGHT="32" WIDTH="46" VPOS="396" HPOS="275"/><SP WIDTH="9" VPOS="396" HPOS="322"/><String STYLE="bold" WC="0.4433333278" CONTENT="Lörvin" HEIGHT="34" WIDTH="114" VPOS="394" HPOS="332"/><SP WIDTH="6" VPOS="403" HPOS="447"/><String STYLE="bold" WC="0.6899999976" CONTENT="j" HEIGHT="28" WIDTH="10" VPOS="405" HPOS="454"/></TextLine>
<TextLine HEIGHT="41" WIDTH="192" VPOS="436" HPOS="238"><String STYLE="bold" WC="0.5666666627" CONTENT="das" HEIGHT="32" WIDTH="52" VPOS="439" HPOS="238"/><SP WIDTH="13" VPOS="438" HPOS="291"/><String STYLE="bold" WC="0.3000000119" CONTENT="ficckichte" HEIGHT="41" WIDTH="125" VPOS="436" HPOS="305"/></TextLine>
</TextBlock>
<TextBlock ID="Page1_Block7" HEIGHT="88" WIDTH="212" VPOS="398" HPOS="590" language="de" STYLEREFS="font0"><Shape><Polygon POINTS="590,398 802,398 802,486 632,486 632,440 590,440 590,398"/></Shape>
<TextLine HEIGHT="30" WIDTH="169" VPOS="405" HPOS="593"><String WC="0.2666666806" CONTENT="cum" HEIGHT="20" WIDTH="64" VPOS="415" HPOS="593"/><SP WIDTH="8" VPOS="405" HPOS="658"/><String STYLE="italics" WC="0.4228571355" CONTENT="Iticna}" HEIGHT="30" WIDTH="95" VPOS="405" HPOS="667"/></TextLine>
<TextLine HEIGHT="34" WIDTH="150" VPOS="442" HPOS="636"><String WC="0.4099999964" CONTENT="maculofus" HEIGHT="34" WIDTH="150" VPOS="442" HPOS="636"/></TextLine>
</TextBlock>
<TextBlock ID="Page1_Block8" HEIGHT="54" WIDTH="276" VPOS="510" HPOS="186" language="de" STYLEREFS="font2">
<TextLine HEIGHT="41" WIDTH="247" VPOS="519" HPOS="198"><String STYLE="bold" WC="0.4183333218" CONTENT="x&gt;a»tekchier" HEIGHT="41" WIDTH="200" VPOS="519" HPOS="198"/><SP WIDTH="8" VPOS="527" HPOS="399"/><String STYLE="bold" WC="0.150000006" CONTENT="i" HEIGHT="24" WIDTH="8" VPOS="529" HPOS="408"/><SP WIDTH="12" VPOS="529" HPOS="417"/><String STYLE="bold" WC="0.3300000131" CONTENT="2" HEIGHT="17" WIDTH="15" VPOS="531" HPOS="430"/></TextLine>
</TextBlock>
<TextBlock ID="Page1_Block9" HEIGHT="134" WIDTH="404" VPOS="592" HPOS="188" language="de" STYLEREFS="font2"><Shape><Polygon POINTS="188,592 580,592 580,676 592,676 592,726 188,726 188,592"/></Shape>
<TextLine HEIGHT="39" WIDTH="268" VPOS="602" HPOS="239"><String STYLE="bold" WC="0.4946666658" CONTENT="daSTrgerthier/;" HEIGHT="39" WIDTH="268" VPOS="602" HPOS="239"/></TextLine>
<TextLine HEIGHT="47" WIDTH="372" VPOS="637" HPOS="203"><String STYLE="bold" WC="0.6433333158" CONTENT="das" HEIGHT="34" WIDTH="52" VPOS="644" HPOS="203"/><SP WIDTH="14" VPOS="648" HPOS="256"/><String STYLE="bold" WC="0.3280000091" CONTENT="grausamste" HEIGHT="41" WIDTH="163" VPOS="643" HPOS="271"/><SP WIDTH="16" VPOS="649" HPOS="435"/><String STYLE="bold" WC="0.3840000033" CONTENT="unter" HEIGHT="30" WIDTH="79" VPOS="643" HPOS="452"/><SP WIDTH="15" VPOS="645" HPOS="532"/><String STYLE="bold" WC="0.2599999905" CONTENT="al" HEIGHT="32" WIDTH="27" VPOS="637" HPOS="548"/></TextLine>
<TextLine HEIGHT="42" WIDTH="69" VPOS="679" HPOS="518"><String STYLE="bold" WC="0.3120000064" CONTENT="slen;" HEIGHT="42" WIDTH="69" VPOS="679" HPOS="518"/></TextLine>
</TextBlock>
<TextBlock ID="Page1_Block10" HEIGHT="166" WIDTH="618" VPOS="522" HPOS="592" language="de" STYLEREFS="font0"><Shape><Polygon POINTS="592,522 908,522 908,562 1210,562 1210,688 596,688 596,644 634,644 634,572 592,572 592,522"/></Shape>
<TextLine HEIGHT="43" WIDTH="294" VPOS="525" HPOS="596"><String STYLE="italics" WC="0.3588888943" CONTENT="partim,m," HEIGHT="42" WIDTH="142" VPOS="526" HPOS="596"/><SP WIDTH="6" VPOS="536" HPOS="739"/><String STYLE="italics" WC="0.3709090948" CONTENT="2.(j&gt;anthc-" HEIGHT="37" WIDTH="144" VPOS="525" HPOS="746"/></TextLine>
<TextLine HEIGHT="39" WIDTH="154" VPOS="565" HPOS="738"><String STYLE="italics" WC="0.7599999905" CONTENT="[ra," HEIGHT="39" WIDTH="53" VPOS="565" HPOS="738"/><SP WIDTH="11" VPOS="574" HPOS="792"/><String WC="0.4550000131" CONTENT="r." HEIGHT="23" WIDTH="27" VPOS="574" HPOS="804"/><SP WIDTH="8" VPOS="565" HPOS="832"/><String WC="0.7250000238" CONTENT="k.i," HEIGHT="37" WIDTH="51" VPOS="565" HPOS="841"/></TextLine>
<TextLine HEIGHT="38" WIDTH="168" VPOS="605" HPOS="736" STYLEREFS="font0"><String WC="0.4375" CONTENT="3-f." HEIGHT="38" WIDTH="53" VPOS="605" HPOS="736"/><SP WIDTH="12" VPOS="617" HPOS="790"/><String STYLE="subscript" WC="0.2599999905" CONTENT="3" HEIGHT="26" WIDTH="10" VPOS="617" HPOS="803"/><String WC="0.1400000006" CONTENT="i" HEIGHT="30" WIDTH="7" VPOS="608" HPOS="820"/><SP WIDTH="72" VPOS="608" HPOS="828"/><String WC="0.7200000286" CONTENT="!" HEIGHT="25" WIDTH="3" VPOS="613" HPOS="901"/></TextLine>
<TextLine HEIGHT="37" WIDTH="595" VPOS="649" HPOS="599" STYLEREFS="font0"><String WC="0.3799999952" CONTENT="immanjflxma" HEIGHT="30" WIDTH="188" VPOS="649" HPOS="599"/><SP WIDTH="44" VPOS="658" HPOS="788"/><String WC="0.7833333611" CONTENT="om-" HEIGHT="17" WIDTH="61" VPOS="658" HPOS="833"/><SP WIDTH="12" VPOS="653" HPOS="895"/><String WC="0.4233333468" CONTENT="Immam&apos;fGmus," HEIGHT="35" WIDTH="227" VPOS="651" HPOS="908"/><SP WIDTH="6" VPOS="658" HPOS="1136"/><String WC="0.4149999917" CONTENT="a," HEIGHT="23" WIDTH="21" VPOS="658" HPOS="1143"/><SP WIDTH="7" VPOS="649" HPOS="1165"/><String WC="0.2066666633" CONTENT="fl)" HEIGHT="23" WIDTH="21" VPOS="649" HPOS="1173"/></TextLine>
</TextBlock>
<TextBlock ID="Page1_Block11" HEIGHT="56" WIDTH="214" VPOS="752" HPOS="228" language="de" STYLEREFS="font2">
<TextLine HEIGHT="42" WIDTH="179" VPOS="762" HPOS="245"><String STYLE="bold" WC="0.3274999857" CONTENT="berzottichtö" HEIGHT="42" WIDTH="179" VPOS="762" HPOS="245"/></TextLine>
</TextBlock>
<TextBlock ID="Page1_Block12" HEIGHT="132" WIDTH="260" VPOS="842" HPOS="190" language="de" STYLEREFS="font2">
<TextLine HEIGHT="40" WIDTH="129" VPOS="849" HPOS="205"><String STYLE="bold" WC="0.2820000052" CONTENT="Beer;" HEIGHT="36" WIDTH="102" VPOS="849" HPOS="205"/><SP WIDTH="7" VPOS="863" HPOS="308"/><String STYLE="bold" WC="1." CONTENT="4" HEIGHT="26" WIDTH="18" VPOS="863" HPOS="316"/></TextLine>
<TextLine HEIGHT="40" WIDTH="183" VPOS="890" HPOS="251"><String STYLE="bold" WC="0.3600000143" CONTENT="der" HEIGHT="28" WIDTH="48" VPOS="896" HPOS="251"/><SP WIDTH="6" VPOS="900" HPOS="300"/><String STYLE="bold" WC="0.4033333361" CONTENT="reiffenhe" HEIGHT="40" WIDTH="127" VPOS="890" HPOS="307"/></TextLine>
<TextLine HEIGHT="35" WIDTH="151" VPOS="934" HPOS="205"><String STYLEREFS="font0" WC="0.4485714138" CONTENT="wa&gt;ff;s" HEIGHT="35" WIDTH="151" VPOS="934" HPOS="205"/></TextLine>
</TextBlock>
<TextBlock ID="Page1_Block13" HEIGHT="310" WIDTH="312" VPOS="220" HPOS="896" language="de" STYLEREFS="font0"><Shape><Polygon POINTS="896,220 1208,220 1208,530 898,530 898,362 896,362 896,220"/></Shape>
<TextLine HEIGHT="45" WIDTH="289" VPOS="230" HPOS="900"><String WC="0.5794736743" CONTENT="&lt;2uadrupe5,o.z.d!e^" HEIGHT="45" WIDTH="289" VPOS="230" HPOS="900"/></TextLine>
<TextLine HEIGHT="44" WIDTH="249" VPOS="274" HPOS="942" STYLEREFS="font2"><String WC="0.4485714138" CONTENT="süffig-" HEIGHT="43" WIDTH="86" VPOS="274" HPOS="942"/><SP WIDTH="128" VPOS="300" HPOS="1029"/><String WC="0.5466666818" CONTENT="..." HEIGHT="7" WIDTH="33" VPOS="311" HPOS="1158"/></TextLine>
<TextLine HEIGHT="41" WIDTH="291" VPOS="317" HPOS="900"><String WC="0.5316666961" CONTENT="Jubätus,a,um" HEIGHT="39" WIDTH="230" VPOS="319" HPOS="900"/><SP WIDTH="9" VPOS="327" HPOS="1131"/><String WC="0.5080000162" CONTENT=",li(&apos;" HEIGHT="33" WIDTH="50" VPOS="317" HPOS="1141"/></TextLine>
<TextLine HEIGHT="43" WIDTH="195" VPOS="362" HPOS="939" STYLEREFS="font2"><String WC="0.4271428585" CONTENT="mahnet." HEIGHT="36" WIDTH="125" VPOS="362" HPOS="939"/><SP WIDTH="58" VPOS="381" HPOS="1065"/><String STYLE="subscript" WC="0.2399999946" CONTENT="c" HEIGHT="12" WIDTH="10" VPOS="393" HPOS="1124"/></TextLine>
<TextLine HEIGHT="45" WIDTH="291" VPOS="394" HPOS="902" STYLEREFS="font0"><String WC="0.3588888943" CONTENT="Le*na,f.i.bte?Pl»i" HEIGHT="45" WIDTH="266" VPOS="394" HPOS="902"/><String STYLE="superscript" WC="0.2899999917" CONTENT="#" HEIGHT="26" WIDTH="14" VPOS="397" HPOS="1171"/><String WC="1." CONTENT="&apos;" HEIGHT="8" WIDTH="7" VPOS="407" HPOS="1186"/></TextLine>
<TextLine HEIGHT="35" WIDTH="248" VPOS="444" HPOS="904"><String WC="0.4206666648" CONTENT="Maculofus,a,um," HEIGHT="35" WIDTH="248" VPOS="444" HPOS="904"/></TextLine>
<TextLine HEIGHT="39" WIDTH="89" VPOS="487" HPOS="945"><String WC="0.35857144" CONTENT="ckichs." HEIGHT="39" WIDTH="89" VPOS="487" HPOS="945"/></TextLine>
</TextBlock>
<TextBlock ID="Page1_Block14" HEIGHT="52" WIDTH="66" VPOS="684" HPOS="778" language="de" STYLEREFS="font0">
<TextLine HEIGHT="41" WIDTH="50" VPOS="689" HPOS="794"><String WC="0.4099999964" CONTENT="[ni," HEIGHT="41" WIDTH="50" VPOS="689" HPOS="794"/></TextLine>
</TextBlock>
<TextBlock ID="Page1_Block15" HEIGHT="44" WIDTH="142" VPOS="766" HPOS="626" language="de" STYLEREFS="font0">
<TextLine HEIGHT="31" WIDTH="110" VPOS="774" HPOS="642"><String WC="0.4774999917" CONTENT="villdfus" HEIGHT="31" WIDTH="110" VPOS="774" HPOS="642"/></TextLine>
</TextBlock>
<TextBlock ID="Page1_Block16" HEIGHT="130" WIDTH="226" VPOS="854" HPOS="598" language="de" STYLEREFS="font0">
<TextLine HEIGHT="33" WIDTH="211" VPOS="857" HPOS="603"><String STYLE="italics" WC="0.4880000055" CONTENT="urju*" HEIGHT="32" WIDTH="66" VPOS="857" HPOS="603"/><String WC="0.4300000072" CONTENT=";" HEIGHT="21" WIDTH="8" VPOS="864" HPOS="679"/><SP WIDTH="10" VPOS="864" HPOS="688"/><String WC="0.7749999762" CONTENT="4." HEIGHT="25" WIDTH="28" VPOS="865" HPOS="699"/><SP WIDTH="9" VPOS="864" HPOS="728"/><String WC="0.7149999738" CONTENT="m." HEIGHT="18" WIDTH="38" VPOS="864" HPOS="738"/><SP WIDTH="11" VPOS="865" HPOS="777"/><String WC="0.2649999857" CONTENT="2." HEIGHT="18" WIDTH="25" VPOS="865" HPOS="789"/></TextLine>
<TextLine HEIGHT="31" WIDTH="81" VPOS="904" HPOS="643"><String WC="0.1700000018" CONTENT="rapax" HEIGHT="31" WIDTH="81" VPOS="904" HPOS="643"/></TextLine>
<TextLine HEIGHT="40" WIDTH="216" VPOS="939" HPOS="604" STYLEREFS="font2"><String STYLE="italics" WC="0.2549999952" CONTENT="l»pus;" HEIGHT="40" WIDTH="88" VPOS="939" HPOS="604"/><SP WIDTH="12" VPOS="949" HPOS="693"/><String WC="0.625" CONTENT="y." HEIGHT="27" WIDTH="26" VPOS="949" HPOS="706"/><SP WIDTH="9" VPOS="950" HPOS="733"/><String WC="0.6499999762" CONTENT="m." HEIGHT="20" WIDTH="39" VPOS="950" HPOS="743"/><SP WIDTH="10" VPOS="952" HPOS="783"/><String WC="0.400000006" CONTENT="r." HEIGHT="18" WIDTH="26" VPOS="952" HPOS="794"/></TextLine>
</TextBlock>
<TextBlock ID="Page1_Block17" HEIGHT="168" WIDTH="328" VPOS="692" HPOS="884" language="de" STYLEREFS="font0"><Shape><Polygon POINTS="884,692 1212,692 1212,860 908,860 908,734 884,734 884,692"/></Shape>
<TextLine HEIGHT="37" WIDTH="235" VPOS="693" HPOS="887" STYLEREFS="font2"><String WC="0.7300000191" CONTENT="," HEIGHT="17" WIDTH="8" VPOS="708" HPOS="887"/><SP WIDTH="54" VPOS="700" HPOS="896"/><String WC="0.448181808" CONTENT="grausamste." HEIGHT="37" WIDTH="171" VPOS="693" HPOS="951"/></TextLine>
<TextLine HEIGHT="48" WIDTH="284" VPOS="723" HPOS="911"><String WC="0.3333333433" CONTENT="Omnis.e.j" HEIGHT="36" WIDTH="152" VPOS="735" HPOS="911"/><SP WIDTH="16" VPOS="743" HPOS="1064"/><String WC="0.4799999893" CONTENT="e.z.all^" HEIGHT="46" WIDTH="114" VPOS="723" HPOS="1081"/></TextLine>
<TextLine HEIGHT="44" WIDTH="283" VPOS="768" HPOS="912"><String WC="0.3922222257" CONTENT="Vrllolbs," HEIGHT="35" WIDTH="122" VPOS="777" HPOS="912"/><SP WIDTH="9" VPOS="788" HPOS="1035"/><String WC="0.5550000072" CONTENT="a," HEIGHT="24" WIDTH="24" VPOS="788" HPOS="1045"/><SP WIDTH="11" VPOS="786" HPOS="1070"/><String WC="0.400000006" CONTENT="um," HEIGHT="23" WIDTH="62" VPOS="786" HPOS="1082"/><SP WIDTH="7" VPOS="779" HPOS="1145"/><String WC="0.1599999964" CONTENT="$" HEIGHT="30" WIDTH="8" VPOS="779" HPOS="1153"/><String STYLE="bold" WC="0.2099999934" CONTENT="0" HEIGHT="27" WIDTH="12" VPOS="773" HPOS="1164"/><String WC="1." CONTENT="^" HEIGHT="28" WIDTH="16" VPOS="768" HPOS="1179"/></TextLine>
<TextLine HEIGHT="36" WIDTH="77" VPOS="820" HPOS="951"><String WC="0.521666646" CONTENT="licht." HEIGHT="36" WIDTH="77" VPOS="820" HPOS="951"/></TextLine>
</TextBlock>
<TextBlock ID="Page1_Block18" HEIGHT="70" WIDTH="308" VPOS="874" HPOS="896" language="de">
<TextLine HEIGHT="55" WIDTH="284" VPOS="885" HPOS="911"><String STYLEREFS="font0" WC="0.3666666746" CONTENT="Rapax," HEIGHT="40" WIDTH="102" VPOS="900" HPOS="911"/><SP WIDTH="1" VPOS="907" HPOS="1014"/><String STYLEREFS="font0" WC="0.5350000262" CONTENT="0.3." HEIGHT="28" WIDTH="58" VPOS="907" HPOS="1016"/><SP WIDTH="9" VPOS="904" HPOS="1075"/><String STYLEREFS="font0" WC="0.3740000129" CONTENT="reifft&apos;fl^" HEIGHT="52" WIDTH="110" VPOS="885" HPOS="1085"/></TextLine>
</TextBlock>
<TextBlock ID="Page1_Block19" HEIGHT="48" WIDTH="230" VPOS="1000" HPOS="628" language="de" STYLEREFS="font0">
<TextLine HEIGHT="36" WIDTH="197" VPOS="1008" HPOS="644"><String STYLE="italics" WC="0.6700000167" CONTENT="Lynx," HEIGHT="34" WIDTH="82" VPOS="1010" HPOS="644"/><SP WIDTH="11" VPOS="1008" HPOS="727"/><String STYLE="bold italics" WC="0.8100000024" CONTENT="6" HEIGHT="26" WIDTH="14" VPOS="1008" HPOS="739"/><String STYLE="italics" WC="0.8299999833" CONTENT="." HEIGHT="6" WIDTH="7" VPOS="1027" HPOS="758"/><SP WIDTH="12" VPOS="1015" HPOS="766"/><String WC="0.6299999952" CONTENT="c." HEIGHT="18" WIDTH="23" VPOS="1015" HPOS="779"/><SP WIDTH="10" VPOS="1017" HPOS="803"/><String WC="0.3100000024" CONTENT="3." HEIGHT="27" WIDTH="27" VPOS="1017" HPOS="814"/></TextLine>
</TextBlock>
<TextBlock ID="Page1_Block20" HEIGHT="132" WIDTH="608" VPOS="1010" HPOS="190" language="de" STYLEREFS="font0"><Shape><Polygon POINTS="190,1010 550,1010 550,1046 798,1046 798,1100 590,1100 590,1142 190,1142 190,1010"/></Shape>
<TextLine HEIGHT="35" WIDTH="203" VPOS="1013" HPOS="247"><String WC="0.2533333302" CONTENT="der" HEIGHT="35" WIDTH="46" VPOS="1013" HPOS="247"/><SP WIDTH="4" VPOS="1014" HPOS="294"/><String WC="0.7242857218" CONTENT="Lacks&apos;6" HEIGHT="33" WIDTH="151" VPOS="1013" HPOS="299"/></TextLine>
<TextLine HEIGHT="47" WIDTH="585" VPOS="1049" HPOS="207"><String WC="0.2466666698" CONTENT="her" HEIGHT="42" WIDTH="45" VPOS="1053" HPOS="207"/><SP WIDTH="32" VPOS="1064" HPOS="253"/><String WC="0.3166666627" CONTENT="ein" HEIGHT="34" WIDTH="42" VPOS="1057" HPOS="286"/><SP WIDTH="22" VPOS="1056" HPOS="329"/><String WC="0.2199999988" CONTENT="schärst&apos;" HEIGHT="41" WIDTH="96" VPOS="1055" HPOS="352"/><SP WIDTH="20" VPOS="1053" HPOS="449"/><String WC="0.5433333516" CONTENT="GesicktpoUcss^st»;" HEIGHT="41" WIDTH="322" VPOS="1049" HPOS="470"/></TextLine>
<TextLine HEIGHT="44" WIDTH="92" VPOS="1093" HPOS="505" STYLEREFS="font2"><String STYLE="bold" WC="0.453333348" CONTENT="lhat;-" HEIGHT="44" WIDTH="92" VPOS="1093" HPOS="505"/></TextLine>
</TextBlock>
<TextBlock ID="Page1_Block21" HEIGHT="140" WIDTH="398" VPOS="1210" HPOS="196" language="de" STYLEREFS="font2"><Shape><Polygon POINTS="196,1210 556,1210 556,1262 594,1262 594,1308 568,1308 568,1350 196,1350 196,1210"/></Shape>
<TextLine HEIGHT="46" WIDTH="303" VPOS="1219" HPOS="248"><String STYLE="bold" WC="0.3400000036" CONTENT="der" HEIGHT="31" WIDTH="49" VPOS="1225" HPOS="248"/><SP WIDTH="9" VPOS="1224" HPOS="298"/><String STYLE="bold" WC="0.2987500131" CONTENT="langgeschwäntzte" HEIGHT="46" WIDTH="243" VPOS="1219" HPOS="308"/></TextLine>
<TextLine HEIGHT="42" WIDTH="156" VPOS="1262" HPOS="433"><String STYLEREFS="font0" WC="0.8085714579" CONTENT="[Lacks/" HEIGHT="42" WIDTH="131" VPOS="1262" HPOS="433"/><SP WIDTH="8" VPOS="1266" HPOS="565"/><String STYLEREFS="font0" WC="0.7699999809" CONTENT="7" HEIGHT="24" WIDTH="15" VPOS="1279" HPOS="574"/></TextLine>
<TextLine HEIGHT="42" WIDTH="352" VPOS="1303" HPOS="211"><String STYLE="bold" WC="0.5166666508" CONTENT="das" HEIGHT="34" WIDTH="55" VPOS="1307" HPOS="211"/><SP WIDTH="6" VPOS="1304" HPOS="267"/><String STYLE="bold" WC="0.3044444323" CONTENT="Listigste" HEIGHT="42" WIDTH="113" VPOS="1303" HPOS="274"/><SP WIDTH="5" VPOS="1312" HPOS="388"/><String STYLE="bold" WC="0.4320000112" CONTENT="unter" HEIGHT="29" WIDTH="78" VPOS="1310" HPOS="394"/><SP WIDTH="7" VPOS="1314" HPOS="473"/><String STYLE="bold" WC="0.6333333254" CONTENT="allen." HEIGHT="34" WIDTH="82" VPOS="1306" HPOS="481"/></TextLine>
</TextBlock>
<TextBlock ID="Page1_Block22" HEIGHT="98" WIDTH="258" VPOS="1376" HPOS="196" language="de" STYLEREFS="font2">
<TextLine HEIGHT="42" WIDTH="185" VPOS="1386" HPOS="253"><String STYLE="bold" WC="0.3899999857" CONTENT="Der" HEIGHT="35" WIDTH="65" VPOS="1387" HPOS="253"/><SP WIDTH="6" VPOS="1388" HPOS="319"/><String STYLE="bold" WC="0.6919999719" CONTENT="Igel/" HEIGHT="42" WIDTH="88" VPOS="1386" HPOS="326"/><SP WIDTH="8" VPOS="1390" HPOS="415"/><String STYLE="bold" WC="0.1899999976" CONTENT="g" HEIGHT="27" WIDTH="14" VPOS="1395" HPOS="424"/></TextLine>
<TextLine HEIGHT="42" WIDTH="196" VPOS="1426" HPOS="212"><String STYLE="bold" WC="0.5815384388" CONTENT="Gstacheiicht." HEIGHT="42" WIDTH="196" VPOS="1426" HPOS="212"/></TextLine>
</TextBlock>
<TextBlock ID="Page1_Block23" HEIGHT="386" WIDTH="612" VPOS="1026" HPOS="600" language="de" STYLEREFS="font2"><Shape><Polygon POINTS="904,1026 1212,1026 1212,1384 906,1384 906,1412 644,1412 644,1340 600,1340 600,1294 904,1294 904,1026"/></Shape>
<TextLine HEIGHT="36" WIDTH="179" VPOS="1051" HPOS="913" STYLEREFS="font0"><String WC="0.4709999859" CONTENT="Poliere,a." HEIGHT="36" WIDTH="147" VPOS="1051" HPOS="913"/><SP WIDTH="6" VPOS="1065" HPOS="1061"/><String WC="0.6000000238" CONTENT="2." HEIGHT="18" WIDTH="24" VPOS="1065" HPOS="1068"/></TextLine>
<TextLine HEIGHT="48" WIDTH="290" VPOS="1093" HPOS="905"><String STYLE="bold" WC="0.5" CONTENT="!" HEIGHT="38" WIDTH="5" VPOS="1093" HPOS="905"/><SP WIDTH="41" VPOS="1093" HPOS="911"/><String STYLE="bold" WC="0.4925000072" CONTENT="gen." HEIGHT="30" WIDTH="62" VPOS="1102" HPOS="953"/><SP WIDTH="140" VPOS="1113" HPOS="1016"/><String STYLE="subscript italics" WC="0.2599999905" CONTENT="m" HEIGHT="23" WIDTH="38" VPOS="1118" HPOS="1157"/></TextLine>
<TextLine HEIGHT="48" WIDTH="281" VPOS="1125" HPOS="907" STYLEREFS="font0"><String WC="0.5757142901" CONTENT=".Vifus," HEIGHT="35" WIDTH="93" VPOS="1135" HPOS="907"/><SP WIDTH="7" VPOS="1145" HPOS="1001"/><String WC="0.3449999988" CONTENT="m," HEIGHT="21" WIDTH="40" VPOS="1145" HPOS="1009"/><SP WIDTH="7" VPOS="1146" HPOS="1050"/><String WC="0.5899999738" CONTENT="4." HEIGHT="27" WIDTH="29" VPOS="1146" HPOS="1058"/><SP WIDTH="11" VPOS="1136" HPOS="1088"/><String WC="1." CONTENT="b«s^" HEIGHT="42" WIDTH="88" VPOS="1125" HPOS="1100"/></TextLine>
<TextLine HEIGHT="44" WIDTH="286" VPOS="1176" HPOS="907"><String STYLE="bold" WC="0.3899999857" CONTENT="!" HEIGHT="29" WIDTH="3" VPOS="1182" HPOS="907"/><SP WIDTH="42" VPOS="1176" HPOS="911"/><String STYLE="bold" WC="0.6566666961" CONTENT="sicht." HEIGHT="40" WIDTH="72" VPOS="1176" HPOS="954"/><SP WIDTH="161" VPOS="1197" HPOS="1027"/><String STYLE="bold" WC="0.5500000119" CONTENT="," HEIGHT="19" WIDTH="4" VPOS="1201" HPOS="1189"/></TextLine>
<TextLine HEIGHT="40" WIDTH="272" VPOS="1212" HPOS="915" STYLEREFS="font0"><String WC="0.4811111093" CONTENT="Caüdätus," HEIGHT="32" WIDTH="146" VPOS="1220" HPOS="915"/><SP WIDTH="9" VPOS="1229" HPOS="1062"/><String WC="0.5049999952" CONTENT="a," HEIGHT="23" WIDTH="23" VPOS="1229" HPOS="1072"/><SP WIDTH="7" VPOS="1221" HPOS="1096"/><String WC="0.7749999762" CONTENT="ü," HEIGHT="28" WIDTH="27" VPOS="1221" HPOS="1104"/><SP WIDTH="7" VPOS="1212" HPOS="1132"/><String WC="0.4550000131" CONTENT="(fl®" HEIGHT="33" WIDTH="47" VPOS="1212" HPOS="1140"/></TextLine>
<TextLine HEIGHT="41" WIDTH="177" VPOS="1258" HPOS="956" STYLEREFS="font2"><String STYLE="bold" WC="0.4699999988" CONTENT="geschwaW." HEIGHT="41" WIDTH="177" VPOS="1258" HPOS="956"/></TextLine>
<TextLine HEIGHT="38" WIDTH="537" VPOS="1297" HPOS="604" STYLEREFS="font0"><String WC="0.3708333373" CONTENT="aftutlflTima" HEIGHT="28" WIDTH="152" VPOS="1297" HPOS="604"/><SP WIDTH="6" VPOS="1304" HPOS="757"/><String WC="0.5550000072" CONTENT="omnmm," HEIGHT="24" WIDTH="136" VPOS="1300" HPOS="764"/><SP WIDTH="14" VPOS="1304" HPOS="901"/><String WC="0.4458333254" CONTENT="AftutiÖimus," HEIGHT="34" WIDTH="189" VPOS="1301" HPOS="916"/><SP WIDTH="11" VPOS="1310" HPOS="1106"/><String WC="0.7749999762" CONTENT="a," HEIGHT="22" WIDTH="23" VPOS="1310" HPOS="1118"/></TextLine>
<TextLine HEIGHT="45" WIDTH="182" VPOS="1339" HPOS="902" STYLEREFS="font2"><String STYLE="bold" WC="0.1599999964" CONTENT="]" HEIGHT="43" WIDTH="15" VPOS="1341" HPOS="902"/><SP WIDTH="39" VPOS="1341" HPOS="918"/><String STYLE="bold" WC="0.3280000091" CONTENT="Listigste." HEIGHT="41" WIDTH="126" VPOS="1339" HPOS="958"/></TextLine>
<TextLine HEIGHT="33" WIDTH="256" VPOS="1379" HPOS="648" STYLEREFS="font0"><String STYLE="italics" WC="0.4560000002" CONTENT="Erinaceui," HEIGHT="33" WIDTH="144" VPOS="1379" HPOS="648"/><SP WIDTH="7" VPOS="1384" HPOS="793"/><String WC="0.6050000191" CONTENT="S." HEIGHT="23" WIDTH="25" VPOS="1384" HPOS="801"/><SP WIDTH="7" VPOS="1387" HPOS="827"/><String WC="0.6349999905" CONTENT="m.r." HEIGHT="20" WIDTH="69" VPOS="1387" HPOS="835"/></TextLine>
</TextBlock>
<TextBlock ID="Page1_Block24" HEIGHT="90" WIDTH="200" VPOS="1210" HPOS="600" language="de" STYLEREFS="font0"><Shape><Polygon POINTS="600,1210 800,1210 800,1300 640,1300 640,1288 600,1288 600,1210"/></Shape>
<TextLine HEIGHT="30" WIDTH="114" VPOS="1213" HPOS="643"><String WC="0.3771428466" CONTENT="caudata" HEIGHT="30" WIDTH="114" VPOS="1213" HPOS="643"/></TextLine>
<TextLine HEIGHT="41" WIDTH="190" VPOS="1254" HPOS="605"><String WC="0.6200000048" CONTENT="■" HEIGHT="4" WIDTH="4" VPOS="1269" HPOS="605"/><String STYLE="italics" WC="0.6057142615" CONTENT="vulpes," HEIGHT="36" WIDTH="94" VPOS="1259" HPOS="609"/><SP WIDTH="10" VPOS="1266" HPOS="704"/><String WC="0.6800000072" CONTENT="7." HEIGHT="27" WIDTH="27" VPOS="1266" HPOS="715"/><SP WIDTH="9" VPOS="1254" HPOS="743"/><String WC="0.5600000024" CONTENT="f." HEIGHT="29" WIDTH="19" VPOS="1254" HPOS="753"/><SP WIDTH="11" VPOS="1266" HPOS="773"/><String WC="0.2700000107" CONTENT="3" HEIGHT="26" WIDTH="10" VPOS="1266" HPOS="785"/></TextLine>
</TextBlock>
<TextBlock ID="Page1_Block25" HEIGHT="96" WIDTH="320" VPOS="1498" HPOS="200" language="de" STYLEREFS="font0">
<TextLine HEIGHT="39" WIDTH="217" VPOS="1507" HPOS="253"><String WC="0.628000021" CONTENT="DerDücks/9" HEIGHT="39" WIDTH="217" VPOS="1507" HPOS="253"/></TextLine>
<TextLine HEIGHT="46" WIDTH="288" VPOS="1547" HPOS="216" STYLEREFS="font2"><String STYLE="bold" WC="0.4099999964" CONTENT="perftikcht" HEIGHT="45" WIDTH="144" VPOS="1548" HPOS="216"/><SP WIDTH="5" VPOS="1547" HPOS="361"/><String STYLE="bold" WC="0.3950000107" CONTENT="sich" HEIGHT="41" WIDTH="46" VPOS="1547" HPOS="367"/><SP WIDTH="7" VPOS="1548" HPOS="414"/><String STYLE="bold" WC="0.4600000083" CONTENT="gern.." HEIGHT="35" WIDTH="82" VPOS="1555" HPOS="422"/></TextLine>
</TextBlock>
<TextBlock ID="Page1_Block26" HEIGHT="38" WIDTH="210" VPOS="1416" HPOS="604" language="de" STYLEREFS="font0">
<TextLine HEIGHT="33" WIDTH="190" VPOS="1419" HPOS="608"><String WC="0.5866666436" CONTENT="eft" HEIGHT="31" WIDTH="35" VPOS="1419" HPOS="608"/><SP WIDTH="10" VPOS="1419" HPOS="644"/><String WC="0.400000006" CONTENT="aculeätus," HEIGHT="31" WIDTH="143" VPOS="1421" HPOS="655"/></TextLine>
</TextBlock>
<TextBlock ID="Page1_Block27" HEIGHT="100" WIDTH="260" VPOS="1490" HPOS="606" language="de" STYLEREFS="font2"><Shape><Polygon POINTS="644,1490 866,1490 866,1590 606,1590 606,1538 644,1538 644,1490"/></Shape>
<TextLine HEIGHT="36" WIDTH="157" VPOS="1500" HPOS="647"><String STYLE="italics" WC="0.5049999952" CONTENT="Mtlit," HEIGHT="35" WIDTH="90" VPOS="1501" HPOS="647"/><SP WIDTH="13" VPOS="1513" HPOS="738"/><String WC="0.4966666698" CONTENT="&lt;3." HEIGHT="22" WIDTH="25" VPOS="1512" HPOS="752"/><SP WIDTH="8" VPOS="1500" HPOS="778"/><String STYLE="italics" WC="0.9200000167" CONTENT="f." HEIGHT="29" WIDTH="17" VPOS="1500" HPOS="787"/></TextLine>
<TextLine HEIGHT="44" WIDTH="213" VPOS="1542" HPOS="610"><String STYLE="italics" STYLEREFS="font1" WC="0.417142868" CONTENT="latebrn" HEIGHT="33" WIDTH="99" VPOS="1542" HPOS="610"/><SP WIDTH="7" VPOS="1555" HPOS="710"/><String STYLEREFS="font1" WC="0.4357142746" CONTENT="gaudst." HEIGHT="42" WIDTH="105" VPOS="1544" HPOS="718"/></TextLine>
</TextBlock>
<TextBlock ID="Page1_Block28" HEIGHT="112" WIDTH="296" VPOS="1398" HPOS="914" language="de" STYLEREFS="font0"><Shape><Polygon POINTS="914,1398 1210,1398 1210,1510 952,1510 952,1468 914,1468 914,1398"/></Shape>
<TextLine HEIGHT="60" WIDTH="268" VPOS="1403" HPOS="918"><String WC="0.3156250119" CONTENT="Aculcatus,a,urU&apos;" HEIGHT="41" WIDTH="235" VPOS="1422" HPOS="918"/><SP WIDTH="7" VPOS="1403" HPOS="1154"/><String STYLE="bold italics" STYLEREFS="font3" WC="0.2399999946" CONTENT="P" HEIGHT="46" WIDTH="24" VPOS="1403" HPOS="1162"/></TextLine>
<TextLine HEIGHT="41" WIDTH="121" VPOS="1465" HPOS="959" STYLEREFS="font2"><String STYLE="bold" WC="0.4399999976" CONTENT="cheiicht." HEIGHT="41" WIDTH="121" VPOS="1465" HPOS="959"/></TextLine>
</TextBlock>
<TextBlock ID="Page1_Block29" HEIGHT="70" WIDTH="298" VPOS="1518" HPOS="916" language="de" STYLEREFS="font1"><Shape><Polygon POINTS="916,1518 1214,1518 1214,1576 1126,1576 1126,1588 916,1588 916,1518"/></Shape>
<TextLine HEIGHT="36" WIDTH="230" VPOS="1547" HPOS="919"><String WC="0.2642857134" CONTENT="Lätebra" HEIGHT="31" WIDTH="114" VPOS="1550" HPOS="919"/><SP WIDTH="19" VPOS="1560" HPOS="1034"/><String WC="0.6499999762" CONTENT="," HEIGHT="16" WIDTH="9" VPOS="1567" HPOS="1054"/><SP WIDTH="26" VPOS="1547" HPOS="1064"/><String WC="0.6000000238" CONTENT="f." HEIGHT="29" WIDTH="18" VPOS="1547" HPOS="1091"/><SP WIDTH="19" VPOS="1553" HPOS="1110"/><String WC="0.7250000238" CONTENT="*&apos;" HEIGHT="18" WIDTH="19" VPOS="1553" HPOS="1130"/></TextLine>
</TextBlock>
<TextBlock ID="Page1_Block30" HEIGHT="202" WIDTH="298" VPOS="1556" HPOS="916" language="de" STYLEREFS="font2"><Shape><Polygon POINTS="1144,1556 1214,1556 1214,1758 916,1758 916,1646 956,1646 956,1586 1144,1586 1144,1556"/></Shape>
<TextLine HEIGHT="80" WIDTH="239" VPOS="1559" HPOS="959"><String STYLE="bold" WC="0.4314285815" CONTENT="EchiupffwinckA" HEIGHT="80" WIDTH="239" VPOS="1559" HPOS="959"/></TextLine>
<TextLine HEIGHT="53" WIDTH="241" VPOS="1627" HPOS="960"><String STYLE="bold" WC="0.502307713" CONTENT="(verborgenes^" HEIGHT="53" WIDTH="241" VPOS="1627" HPOS="960"/></TextLine>
<TextLine HEIGHT="35" WIDTH="204" VPOS="1673" HPOS="919" STYLEREFS="font0"><String WC="0.40625" CONTENT="Gaudere," HEIGHT="35" WIDTH="139" VPOS="1673" HPOS="919"/><SP WIDTH="8" VPOS="1684" HPOS="1059"/><String WC="1." CONTENT="a." HEIGHT="16" WIDTH="21" VPOS="1684" HPOS="1068"/><SP WIDTH="10" VPOS="1682" HPOS="1090"/><String WC="0.6600000262" CONTENT="r-" HEIGHT="18" WIDTH="22" VPOS="1682" HPOS="1101"/></TextLine>
<TextLine HEIGHT="48" WIDTH="220" VPOS="1706" HPOS="958"><String STYLE="bold" WC="0.381249994" CONTENT="den/gern" HEIGHT="41" WIDTH="137" VPOS="1713" HPOS="958"/><SP WIDTH="9" VPOS="1712" HPOS="1096"/><String STYLE="bold" WC="0.4560000002" CONTENT="thu&quot;&apos;" HEIGHT="38" WIDTH="72" VPOS="1706" HPOS="1106"/></TextLine>
</TextBlock>
<TextBlock ID="Page1_Block31" HEIGHT="94" WIDTH="232" VPOS="1776" HPOS="982" language="de" STYLEREFS="font1">
<TextLine HEIGHT="74" WIDTH="202" VPOS="1793" HPOS="999"><String WC="0.551666677" CONTENT="Schloß" HEIGHT="74" WIDTH="202" VPOS="1793" HPOS="999"/></TextLine>
</TextBlock><GraphicalElement ID="Page1_Block32" HEIGHT="2" WIDTH="458" VPOS="186" HPOS="643"/><GraphicalElement ID="Page1_Block33" HEIGHT="637" WIDTH="12" VPOS="420" HPOS="586"/><GraphicalElement ID="Page1_Block34" HEIGHT="233" WIDTH="9" VPOS="1093" HPOS="591"/><GraphicalElement ID="Page1_Block35" HEIGHT="417" WIDTH="11" VPOS="1326" HPOS="596"/><GraphicalElement ID="Page1_Block36" HEIGHT="225" WIDTH="8" VPOS="248" HPOS="889"/><GraphicalElement ID="Page1_Block37" HEIGHT="104" WIDTH="5" VPOS="473" HPOS="896"/><GraphicalElement ID="Page1_Block38" HEIGHT="79" WIDTH="4" VPOS="797" HPOS="903"/><GraphicalElement ID="Page1_Block39" HEIGHT="343" WIDTH="7" VPOS="1399" HPOS="908"/>
</PrintSpace>
</Page>
</Layout>
</alto>