﻿<?xml version="1.0" encoding="UTF-8" standalone="yes"?>
<alto xmlns="http://www.loc.gov/standards/alto/ns-v2#" xmlns:xlink="http://www.w3.org/1999/xlink" xmlns:xsi="http://www.w3.org/2001/XMLSchema-instance" xsi:schemaLocation="http://www.loc.gov/standards/alto/ns-v2# http://www.loc.gov/standards/alto/alto-v2.0.xsd">
<Description>
<MeasurementUnit>pixel</MeasurementUnit>
<OCRProcessing ID="IdOcr"><ocrProcessingStep><processingDateTime>2017-03-20</processingDateTime><processingSoftware><softwareCreator>ABBYY</softwareCreator><softwareName>ABBYY FineReader Engine</softwareName><softwareVersion>11</softwareVersion></processingSoftware></ocrProcessingStep></OCRProcessing>
</Description>
<Styles><TextStyle ID="font0" FONTFAMILY="Times New Roman" FONTSIZE="9"/><TextStyle ID="font1" FONTFAMILY="Times New Roman" FONTSIZE="11"/><TextStyle ID="font2" FONTFAMILY="Times New Roman" FONTSIZE="13"/><TextStyle ID="font3" FONTFAMILY="Times New Roman" FONTSIZE="14"/><TextStyle ID="font4" FONTFAMILY="Times New Roman" FONTSIZE="15"/><TextStyle ID="font5" FONTFAMILY="Times New Roman" FONTSIZE="16"/><TextStyle ID="font6" FONTFAMILY="Times New Roman" FONTSIZE="21"/><TextStyle ID="font7" FONTFAMILY="Times New Roman" FONTSIZE="25"/>
</Styles>
<Layout>
<Page ID="Page1" PHYSICAL_IMG_NR="1" HEIGHT="2058" WIDTH="1266">
<TopMargin HEIGHT="164" WIDTH="1266" VPOS="0" HPOS="0">
</TopMargin>
<RightMargin HEIGHT="1661" WIDTH="4" VPOS="164" HPOS="1262">
</RightMargin>
<BottomMargin HEIGHT="233" WIDTH="1266" VPOS="1825" HPOS="0">
</BottomMargin>
<PrintSpace HEIGHT="1661" WIDTH="1262" VPOS="164" HPOS="0">
<TextBlock ID="Page1_Block1" HEIGHT="1102" WIDTH="1073" VPOS="164" HPOS="0" language="de" STYLEREFS="font3"><Shape><Polygon POINTS="5,171 1074,171 1074,1267 5,1267 5,171"/></Shape>
<TextLine HEIGHT="53" WIDTH="356" VPOS="172" HPOS="351" STYLEREFS="font6"><String STYLE="italics" WC="0.3000000119" CONTENT="m" HEIGHT="48" WIDTH="79" VPOS="172" HPOS="351"/><SP WIDTH="23" VPOS="172" HPOS="431"/><String WC="0.2800000012" CONTENT="c" HEIGHT="39" WIDTH="14" VPOS="180" HPOS="455"/><SP WIDTH="26" VPOS="180" HPOS="470"/><String STYLE="italics" WC="0.2366666645" CONTENT="39?" HEIGHT="35" WIDTH="65" VPOS="185" HPOS="497"/><SP WIDTH="27" VPOS="176" HPOS="563"/><String WC="0.1899999976" CONTENT=")" HEIGHT="44" WIDTH="16" VPOS="176" HPOS="591"/><SP WIDTH="21" VPOS="175" HPOS="608"/><String STYLE="italics" WC="0.2899999917" CONTENT="m" HEIGHT="50" WIDTH="77" VPOS="175" HPOS="630"/></TextLine>
<TextLine HEIGHT="34" WIDTH="1048" VPOS="223" HPOS="15" STYLEREFS="font0"><String WC="1." CONTENT="-—&gt;" HEIGHT="22" WIDTH="63" VPOS="223" HPOS="15"/><SP WIDTH="615" VPOS="235" HPOS="79"/><String WC="0.896666646" CONTENT="———■—-" HEIGHT="18" WIDTH="369" VPOS="233" HPOS="694"/></TextLine>
<TextLine HEIGHT="55" WIDTH="168" VPOS="278" HPOS="445" STYLEREFS="font7"><String WC="0.4025000036" CONTENT="xcv." HEIGHT="55" WIDTH="168" VPOS="278" HPOS="445"/></TextLine>
<TextLine HEIGHT="59" WIDTH="660" VPOS="361" HPOS="203" STYLEREFS="font2"><String WC="0.2737500072" CONTENT="Offen!)." HEIGHT="53" WIDTH="159" VPOS="361" HPOS="203"/><SP WIDTH="19" VPOS="366" HPOS="363"/><String WC="0.3925000131" CONTENT="Ioh." HEIGHT="51" WIDTH="99" VPOS="366" HPOS="383"/><SP WIDTH="16" VPOS="371" HPOS="483"/><String WC="0.2725000083" CONTENT="Lap." HEIGHT="47" WIDTH="96" VPOS="371" HPOS="500"/><SP WIDTH="13" VPOS="368" HPOS="597"/><String WC="0.5966666937" CONTENT="VI." HEIGHT="44" WIDTH="54" VPOS="368" HPOS="611"/><SP WIDTH="14" VPOS="371" HPOS="666"/><String WC="0.5260000229" CONTENT="Versi" HEIGHT="48" WIDTH="109" VPOS="371" HPOS="681"/><SP WIDTH="12" VPOS="371" HPOS="791"/><String WC="0.3899999857" CONTENT="14." HEIGHT="34" WIDTH="59" VPOS="382" HPOS="804"/></TextLine>
<TextLine HEIGHT="73" WIDTH="990" VPOS="435" HPOS="71" STYLEREFS="font6"><String WC="0.4866666794" CONTENT="Der" HEIGHT="57" WIDTH="114" VPOS="440" HPOS="71"/><SP WIDTH="13" VPOS="439" HPOS="185"/><String WC="0.5316666961" CONTENT="Himmel" HEIGHT="65" WIDTH="212" VPOS="439" HPOS="198"/><SP WIDTH="24" VPOS="441" HPOS="410"/><String WC="0.4325000048" CONTENT="entwich/" HEIGHT="67" WIDTH="227" VPOS="439" HPOS="434"/><SP WIDTH="20" VPOS="445" HPOS="661"/><String WC="0.2833333313" CONTENT="wie" HEIGHT="53" WIDTH="93" VPOS="441" HPOS="681"/><SP WIDTH="26" VPOS="448" HPOS="774"/><String WC="0.9150000215" CONTENT="em" HEIGHT="45" WIDTH="76" VPOS="448" HPOS="800"/><SP WIDTH="20" VPOS="449" HPOS="876"/><String WC="0.5099999905" CONTENT="einge-" HEIGHT="67" WIDTH="165" VPOS="440" HPOS="896"/></TextLine>
<TextLine HEIGHT="79" WIDTH="1047" VPOS="496" HPOS="10" STYLEREFS="font6"><String WC="0.275000006" CONTENT="lvickelt" HEIGHT="65" WIDTH="173" VPOS="496" HPOS="10"/><SP WIDTH="16" VPOS="507" HPOS="184"/><String WC="0.476000011" CONTENT="Buch:" HEIGHT="65" WIDTH="183" VPOS="506" HPOS="201"/><SP WIDTH="35" VPOS="519" HPOS="385"/><String WC="0.2666666806" CONTENT="und" HEIGHT="53" WIDTH="95" VPOS="509" HPOS="421"/><SP WIDTH="13" VPOS="510" HPOS="517"/><String WC="0.8149999976" CONTENT="alle" HEIGHT="53" WIDTH="93" VPOS="508" HPOS="531"/><SP WIDTH="11" VPOS="506" HPOS="625"/><String WC="0.5299999714" CONTENT="Berge" HEIGHT="64" WIDTH="176" VPOS="507" HPOS="637"/><SP WIDTH="21" VPOS="516" HPOS="814"/><String WC="0.3133333325" CONTENT="und" HEIGHT="51" WIDTH="99" VPOS="507" HPOS="836"/><SP WIDTH="11" VPOS="507" HPOS="936"/><String WC="0.3633333445" CONTENT="Zn-" HEIGHT="65" WIDTH="109" VPOS="507" HPOS="948"/></TextLine>
<TextLine HEIGHT="78" WIDTH="1045" VPOS="564" HPOS="11" STYLEREFS="font6"><String WC="0.2680000067" CONTENT="futen" HEIGHT="66" WIDTH="127" VPOS="564" HPOS="11"/><SP WIDTH="18" VPOS="579" HPOS="139"/><String WC="0.3899999857" CONTENT="wurden" HEIGHT="56" WIDTH="205" VPOS="573" HPOS="158"/><SP WIDTH="20" VPOS="572" HPOS="364"/><String WC="0.4566666782" CONTENT="bewegt" HEIGHT="67" WIDTH="190" VPOS="572" HPOS="385"/><SP WIDTH="18" VPOS="574" HPOS="576"/><String WC="0.5966666937" CONTENT="aus" HEIGHT="54" WIDTH="93" VPOS="576" HPOS="595"/><SP WIDTH="22" VPOS="572" HPOS="689"/><String WC="0.4339999855" CONTENT="ihren" HEIGHT="68" WIDTH="140" VPOS="572" HPOS="712"/><SP WIDTH="10" VPOS="569" HPOS="853"/><String WC="0.4399999976" CONTENT="Orten." HEIGHT="58" WIDTH="192" VPOS="569" HPOS="864"/></TextLine>
<TextLine HEIGHT="79" WIDTH="995" VPOS="665" HPOS="69" STYLEREFS="font3"><String STYLE="italics" STYLEREFS="font4" WC="0.551666677" CONTENT="Ccelum" HEIGHT="48" WIDTH="164" VPOS="676" HPOS="69"/><SP WIDTH="21" VPOS="690" HPOS="234"/><String STYLE="italics" STYLEREFS="font4" WC="0.4414285719" CONTENT="receßlt" HEIGHT="71" WIDTH="156" VPOS="668" HPOS="256"/><SP WIDTH="13" VPOS="685" HPOS="413"/><String STYLE="italics" STYLEREFS="font4" WC="0.7083333135" CONTENT="^ficut" HEIGHT="74" WIDTH="132" VPOS="667" HPOS="427"/><SP WIDTH="22" VPOS="677" HPOS="560"/><String STYLE="italics" STYLEREFS="font4" WC="0.3950000107" CONTENT="Über" HEIGHT="48" WIDTH="104" VPOS="676" HPOS="583"/><SP WIDTH="18" VPOS="673" HPOS="688"/><String STYLE="italics" STYLEREFS="font4" WC="0.6544444561" CONTENT="involutus" HEIGHT="53" WIDTH="238" VPOS="673" HPOS="707"/><SP WIDTH="13" VPOS="685" HPOS="946"/><String STYLE="italics" STYLEREFS="font4" WC="0." CONTENT="$" HEIGHT="53" WIDTH="17" VPOS="685" HPOS="960"/><SP WIDTH="30" VPOS="677" HPOS="978"/><String STYLE="italics" STYLEREFS="font4" WC="0." CONTENT="&amp;" HEIGHT="50" WIDTH="55" VPOS="678" HPOS="1009"/></TextLine>
<TextLine HEIGHT="72" WIDTH="1048" VPOS="736" HPOS="11" STYLEREFS="font3"><String STYLE="italics" STYLEREFS="font4" WC="0.4313333333" CONTENT="omnismons&amp;inJuU" HEIGHT="65" WIDTH="493" VPOS="739" HPOS="11"/><SP WIDTH="8" VPOS="744" HPOS="505"/><String STYLE="italics" STYLEREFS="font4" WC="0.7099999785" CONTENT="de" HEIGHT="47" WIDTH="50" VPOS="744" HPOS="514"/><SP WIDTH="12" VPOS="744" HPOS="565"/><String STYLE="italics" STYLEREFS="font4" WC="0.8539999723" CONTENT="locis" HEIGHT="48" WIDTH="105" VPOS="743" HPOS="578"/><SP WIDTH="2" VPOS="742" HPOS="684"/><String STYLE="italics" STYLEREFS="font4" WC="0.6524999738" CONTENT="juismot£" HEIGHT="61" WIDTH="236" VPOS="742" HPOS="687"/><SP WIDTH="6" VPOS="741" HPOS="924"/><String STYLE="italics" STYLEREFS="font4" WC="0.5833333135" CONTENT="feint." HEIGHT="67" WIDTH="128" VPOS="741" HPOS="931"/></TextLine>
<TextLine HEIGHT="74" WIDTH="990" VPOS="828" HPOS="74" STYLEREFS="font5"><String WC="0.4099999964" CONTENT="IIcielo" HEIGHT="56" WIDTH="190" VPOS="830" HPOS="74"/><SP WIDTH="19" VPOS="836" HPOS="264"/><String WC="1." CONTENT="fi" HEIGHT="49" WIDTH="32" VPOS="836" HPOS="283"/><SP WIDTH="17" VPOS="836" HPOS="315"/><String WC="0.3436363637" CONTENT="ritirb,come" HEIGHT="70" WIDTH="342" VPOS="830" HPOS="332"/><SP WIDTH="16" VPOS="853" HPOS="674"/><String WC="0.6272727251" CONTENT="unlibrocon-" HEIGHT="55" WIDTH="373" VPOS="839" HPOS="691"/></TextLine>
<TextLine HEIGHT="75" WIDTH="1053" VPOS="898" HPOS="7" STYLEREFS="font5"><String WC="0.4883333445" CONTENT="Volto:" HEIGHT="52" WIDTH="162" VPOS="898" HPOS="7"/><SP WIDTH="17" VPOS="919" HPOS="170"/><String WC="0.6050000191" CONTENT="edogni" HEIGHT="68" WIDTH="206" VPOS="900" HPOS="188"/><SP WIDTH="15" VPOS="908" HPOS="395"/><String WC="0.448666662" CONTENT="montagnaedifola" HEIGHT="69" WIDTH="522" VPOS="903" HPOS="411"/><SP WIDTH="17" VPOS="910" HPOS="934"/><String WC="0.6299999952" CONTENT="fus-" HEIGHT="53" WIDTH="108" VPOS="910" HPOS="952"/></TextLine>
<TextLine HEIGHT="71" WIDTH="574" VPOS="963" HPOS="5" STYLEREFS="font5"><String WC="0.2783333361" CONTENT="taofia" HEIGHT="47" WIDTH="174" VPOS="963" HPOS="6"/><SP WIDTH="9" VPOS="965" HPOS="181"/><String WC="0.6200000048" CONTENT="dal" HEIGHT="49" WIDTH="89" VPOS="965" HPOS="191"/><SP WIDTH="11" VPOS="968" HPOS="281"/><String WC="0.4575000107" CONTENT="l&apos;uo" HEIGHT="46" WIDTH="93" VPOS="971" HPOS="293"/><SP WIDTH="12" VPOS="969" HPOS="387"/><String WC="0.3616666794" CONTENT="luogo." HEIGHT="65" WIDTH="180" VPOS="969" HPOS="399"/></TextLine>
<TextLine HEIGHT="81" WIDTH="989" VPOS="1054" HPOS="70"><String STYLE="bold italics" WC="0.3700000048" CONTENT="Le" HEIGHT="49" WIDTH="65" VPOS="1061" HPOS="70"/><SP WIDTH="12" VPOS="1061" HPOS="136"/><String STYLE="bold italics" WC="0.6266666651" CONTENT="Cielfe" HEIGHT="62" WIDTH="142" VPOS="1055" HPOS="149"/><SP WIDTH="16" VPOS="1076" HPOS="292"/><String STYLE="bold italics" WC="0.5457142591" CONTENT="retira," HEIGHT="52" WIDTH="142" VPOS="1063" HPOS="309"/><SP WIDTH="14" VPOS="1083" HPOS="452"/><String STYLE="bold italics" WC="0.4499999881" CONTENT="commeun" HEIGHT="32" WIDTH="244" VPOS="1081" HPOS="467"/><SP WIDTH="14" VPOS="1074" HPOS="712"/><String STYLE="bold italics" WC="0.6480000019" CONTENT="lh&gt;re" HEIGHT="44" WIDTH="117" VPOS="1074" HPOS="727"/><SP WIDTH="16" VPOS="1091" HPOS="845"/><String STYLE="bold italics" WC="0.5375000238" CONTENT="queV" HEIGHT="57" WIDTH="126" VPOS="1077" HPOS="862"/><SP WIDTH="10" VPOS="1077" HPOS="989"/><String STYLE="bold italics" WC="0.4399999976" CONTENT="on" HEIGHT="32" WIDTH="59" VPOS="1092" HPOS="1000"/></TextLine>
<TextLine HEIGHT="83" WIDTH="1053" VPOS="1123" HPOS="7"><String STYLE="bold italics" WC="0.4976923168" CONTENT="*oule:&amp;toutes" HEIGHT="53" WIDTH="354" VPOS="1126" HPOS="7"/><SP WIDTH="20" VPOS="1125" HPOS="362"/><String STYLE="bold italics" WC="0.6966666579" CONTENT="lesmontagnes" HEIGHT="66" WIDTH="329" VPOS="1125" HPOS="383"/><String WC="0.5500000119" CONTENT="," HEIGHT="18" WIDTH="13" VPOS="1167" HPOS="719"/><SP WIDTH="17" VPOS="1134" HPOS="733"/><String STYLE="bold italics" WC="0.5350000262" CONTENT="&amp;les" HEIGHT="48" WIDTH="124" VPOS="1134" HPOS="751"/><SP WIDTH="6" VPOS="1138" HPOS="876"/><String STYLE="bold italics" WC="0.8575000167" CONTENT="lies" HEIGHT="47" WIDTH="91" VPOS="1138" HPOS="883"/><SP WIDTH="1" VPOS="1137" HPOS="975"/><String STYLE="bold italics" WC="0.7033333182" CONTENT="fla" HEIGHT="69" WIDTH="65" VPOS="1137" HPOS="975" SUBS_TYPE="HypPart1" SUBS_CONTENT="flatent"/><HYP CONTENT="­"/></TextLine>
<TextLine HEIGHT="72" WIDTH="655" VPOS="1186" HPOS="6"><String STYLE="bold italics" WC="0.5124999881" CONTENT="tent" HEIGHT="48" WIDTH="91" VPOS="1197" HPOS="6" SUBS_TYPE="HypPart2" SUBS_CONTENT="flatent"/><SP WIDTH="8" VPOS="1209" HPOS="97"/><String STYLE="bold italics" WC="0.6100000143" CONTENT="ebr" HEIGHT="49" WIDTH="76" VPOS="1198" HPOS="105"/><SP WIDTH="2" VPOS="1209" HPOS="181"/><String STYLE="bold italics" WC="0.5557143092" CONTENT="drittes" HEIGHT="59" WIDTH="150" VPOS="1187" HPOS="181"/><SP WIDTH="8" VPOS="1188" HPOS="331"/><String STYLE="bold italics" WC="0.6800000072" CONTENT="de" HEIGHT="51" WIDTH="51" VPOS="1188" HPOS="339"/><SP WIDTH="25" VPOS="1191" HPOS="390"/><String STYLE="bold italics" WC="0.5224999785" CONTENT="leur" HEIGHT="49" WIDTH="91" VPOS="1191" HPOS="415"/><SP WIDTH="23" VPOS="1204" HPOS="506"/><String STYLE="bold italics" WC="0.5316666961" CONTENT="place." HEIGHT="66" WIDTH="132" VPOS="1192" HPOS="529"/></TextLine>
</TextBlock>
<TextBlock ID="Page1_Block2" HEIGHT="205" WIDTH="447" VPOS="1383" HPOS="0" language="de" STYLEREFS="font0"><Shape><Polygon POINTS="7,1390 454,1390 454,1593 7,1593 7,1390"/></Shape>
<TextLine HEIGHT="65" WIDTH="361" VPOS="1390" HPOS="80" STYLEREFS="font3"><String STYLE="bold italics" WC="0.6100000143" CONTENT="ll" HEIGHT="48" WIDTH="38" VPOS="1390" HPOS="80"/><SP WIDTH="7" VPOS="1390" HPOS="118"/><String STYLE="bold italics" WC="0.5450000167" CONTENT="Legatöredi" HEIGHT="62" WIDTH="214" VPOS="1393" HPOS="125"/><SP WIDTH="9" VPOS="1394" HPOS="339"/><String STYLE="bold italics" WC="0.5619999766" CONTENT="librl" HEIGHT="45" WIDTH="93" VPOS="1394" HPOS="348"/></TextLine>
<TextLine HEIGHT="39" WIDTH="238" VPOS="1457" HPOS="13"><String WC="0.6600000262" CONTENT="&apos;" HEIGHT="7" WIDTH="6" VPOS="1473" HPOS="13"/><SP WIDTH="20" VPOS="1458" HPOS="20"/><String WC="0.6200000048" CONTENT="S’" HEIGHT="28" WIDTH="25" VPOS="1457" HPOS="41"/><SP WIDTH="8" VPOS="1457" HPOS="67"/><String WC="0.3100000024" CONTENT="iocolävano" HEIGHT="32" WIDTH="175" VPOS="1464" HPOS="76"/></TextLine>
<TextLine HEIGHT="54" WIDTH="223" VPOS="1501" HPOS="5"><String WC="0.349999994" CONTENT="i" HEIGHT="29" WIDTH="9" VPOS="1523" HPOS="5"/><SP WIDTH="10" VPOS="1523" HPOS="15"/><String STYLE="subscript" WC="0.2399999946" CONTENT="(" HEIGHT="23" WIDTH="10" VPOS="1531" HPOS="26"/><String STYLE="superscript" WC="0.2899999917" CONTENT="tre" HEIGHT="26" WIDTH="39" VPOS="1501" HPOS="32"/><SP WIDTH="8" VPOS="1509" HPOS="72"/><String STYLE="superscript" WC="0.3166666627" CONTENT="vo|" HEIGHT="28" WIDTH="48" VPOS="1505" HPOS="81"/><String WC="0.4499999881" CONTENT="te,g^," HEIGHT="40" WIDTH="93" VPOS="1505" HPOS="135"/></TextLine>
<TextLine HEIGHT="43" WIDTH="349" VPOS="1539" HPOS="26"><String STYLE="superscript" WC="0.2800000012" CONTENT="to" HEIGHT="23" WIDTH="27" VPOS="1539" HPOS="26"/><String WC="0.1350000054" CONTENT="gU" HEIGHT="37" WIDTH="40" VPOS="1541" HPOS="56"/><SP WIDTH="13" VPOS="1542" HPOS="97"/><String WC="0.7360000014" CONTENT="l’uno" HEIGHT="30" WIDTH="87" VPOS="1546" HPOS="111"/><SP WIDTH="15" VPOS="1557" HPOS="199"/><String WC="0.4872727394" CONTENT="coll’a’froj" HEIGHT="35" WIDTH="160" VPOS="1547" HPOS="215"/></TextLine>
</TextBlock>
<TextBlock ID="Page1_Block3" HEIGHT="217" WIDTH="505" VPOS="1380" HPOS="518" language="de" STYLEREFS="font0"><Shape><Polygon POINTS="527,1384 1030,1384 1030,1598 527,1598 527,1384"/></Shape>
<TextLine HEIGHT="61" WIDTH="417" VPOS="1386" HPOS="588" STYLEREFS="font3"><String STYLE="bold italics" WC="0.3449999988" CONTENT="Le" HEIGHT="39" WIDTH="48" VPOS="1397" HPOS="588"/><SP WIDTH="11" VPOS="1397" HPOS="636"/><String STYLE="bold italics" WC="0.6271428466" CONTENT="Relieur" HEIGHT="53" WIDTH="149" VPOS="1387" HPOS="647"/><SP WIDTH="18" VPOS="1398" HPOS="796"/><String STYLE="bold italics" WC="0.5950000286" CONTENT="de" HEIGHT="45" WIDTH="43" VPOS="1398" HPOS="814"/><SP WIDTH="9" VPOS="1398" HPOS="857"/><String STYLE="bold italics" WC="0.6114285588" CONTENT="Havres." HEIGHT="49" WIDTH="139" VPOS="1398" HPOS="866"/></TextLine>
<TextLine HEIGHT="32" WIDTH="165" VPOS="1465" HPOS="574"><String WC="0.4799999893" CONTENT="On" HEIGHT="28" WIDTH="46" VPOS="1465" HPOS="574"/><SP WIDTH="15" VPOS="1475" HPOS="621"/><String WC="0.4199999869" CONTENT="colloic" HEIGHT="28" WIDTH="102" VPOS="1469" HPOS="637"/></TextLine>
<TextLine HEIGHT="31" WIDTH="136" VPOS="1505" HPOS="537"><String WC="0.2787500024" CONTENT="auuefois" HEIGHT="31" WIDTH="136" VPOS="1505" HPOS="537"/></TextLine>
<TextLine HEIGHT="47" WIDTH="479" VPOS="1544" HPOS="537" STYLEREFS="font0"><String WC="0.324444443" CONTENT="iesfeuiÜesPuneavec" HEIGHT="36" WIDTH="339" VPOS="1544" HPOS="538"/><SP WIDTH="14" VPOS="1548" HPOS="878"/><String WC="0.3700000048" CONTENT="PautrCj," HEIGHT="43" WIDTH="124" VPOS="1548" HPOS="892"/></TextLine>
</TextBlock>
<TextBlock ID="Page1_Block4" HEIGHT="45" WIDTH="56" VPOS="1610" HPOS="0" language="de">
<TextLine HEIGHT="32" WIDTH="45" VPOS="1617" HPOS="5"><String STYLEREFS="font6" WC="0.200000003" CONTENT="*&lt;1" HEIGHT="32" WIDTH="45" VPOS="1617" HPOS="5"/></TextLine>
</TextBlock>
<TextBlock ID="Page1_Block5" HEIGHT="44" WIDTH="207" VPOS="1625" HPOS="56" language="de" STYLEREFS="font0"><Shape><Polygon POINTS="65,1632 272,1632 272,1674 65,1674 65,1632"/></Shape>
<TextLine HEIGHT="31" WIDTH="195" VPOS="1631" HPOS="62"><String WC="0.4172727168" CONTENT="ruotolävano" HEIGHT="31" WIDTH="195" VPOS="1631" HPOS="62"/></TextLine>
</TextBlock>
<TextBlock ID="Page1_Block6" HEIGHT="52" WIDTH="237" VPOS="1626" HPOS="533" language="de" STYLEREFS="font0"><Shape><Polygon POINTS="542,1630 779,1630 779,1681 542,1681 542,1630"/></Shape>
<TextLine HEIGHT="40" WIDTH="225" VPOS="1632" HPOS="539"><String WC="0.6200000048" CONTENT="&amp;" HEIGHT="25" WIDTH="22" VPOS="1633" HPOS="539"/><SP WIDTH="9" VPOS="1632" HPOS="562"/><String WC="0.3390909135" CONTENT="ferouloyent" HEIGHT="40" WIDTH="192" VPOS="1632" HPOS="572"/></TextLine>
</TextBlock>
<TextBlock ID="Page1_Block7" HEIGHT="57" WIDTH="235" VPOS="1697" HPOS="0" language="de"><Shape><Polygon POINTS="8,1704 244,1704 244,1760 8,1760 8,1704"/></Shape>
<TextLine HEIGHT="43" WIDTH="213" VPOS="1706" HPOS="5"><String STYLEREFS="font0" WC="1." CONTENT="^" HEIGHT="25" WIDTH="24" VPOS="1706" HPOS="5"/><SP WIDTH="8" VPOS="1706" HPOS="30"/><String STYLE="superscript" STYLEREFS="font0" WC="1." CONTENT="l" HEIGHT="19" WIDTH="7" VPOS="1715" HPOS="39"/><String STYLEREFS="font0" WC="1." CONTENT="m" HEIGHT="25" WIDTH="28" VPOS="1717" HPOS="47"/><SP WIDTH="14" VPOS="1718" HPOS="76"/><String STYLEREFS="font0" WC="0.4571428597" CONTENT="volume," HEIGHT="32" WIDTH="127" VPOS="1717" HPOS="91"/></TextLine>
</TextBlock>
<TextBlock ID="Page1_Block8" HEIGHT="53" WIDTH="340" VPOS="1714" HPOS="531" language="de" STYLEREFS="font0"><Shape><Polygon POINTS="540,1718 880,1718 880,1769 540,1769 540,1718"/></Shape>
<TextLine HEIGHT="41" WIDTH="327" VPOS="1720" HPOS="538"><String WC="0.9300000072" CONTENT="&quot;n" HEIGHT="20" WIDTH="33" VPOS="1728" HPOS="538"/><SP WIDTH="11" VPOS="1729" HPOS="572"/><String WC="0.1949999928" CONTENT="un" HEIGHT="21" WIDTH="36" VPOS="1729" HPOS="584"/><SP WIDTH="9" VPOS="1731" HPOS="621"/><String WC="0.3042857051" CONTENT="volumc," HEIGHT="36" WIDTH="130" VPOS="1721" HPOS="631"/><SP WIDTH="10" VPOS="1732" HPOS="762"/><String WC="0.2049999982" CONTENT="ro" HEIGHT="18" WIDTH="27" VPOS="1732" HPOS="773"/><String STYLEREFS="font1" WC="0.1400000006" CONTENT="7" HEIGHT="31" WIDTH="12" VPOS="1721" HPOS="798"/><String WC="0.349999994" CONTENT="f," HEIGHT="29" WIDTH="21" VPOS="1732" HPOS="811"/><SP WIDTH="19" VPOS="1731" HPOS="833"/><String WC="0.6000000238" CONTENT=";" HEIGHT="25" WIDTH="12" VPOS="1731" HPOS="853"/></TextLine>
</TextBlock>
<Illustration ID="Page1_Block9" HEIGHT="98" WIDTH="61" VPOS="1727" HPOS="1008"><Shape><Polygon POINTS="1018,1728 1078,1728 1078,1826 1018,1826 1018,1728"/></Shape></Illustration><GraphicalElement ID="Page1_Block10" HEIGHT="17" WIDTH="449" VPOS="231" HPOS="16"/><GraphicalElement ID="Page1_Block11" HEIGHT="12" WIDTH="270" VPOS="238" HPOS="760"/><GraphicalElement ID="Page1_Block12" HEIGHT="8" WIDTH="230" VPOS="241" HPOS="479"/><GraphicalElement ID="Page1_Block13" HEIGHT="8" WIDTH="231" VPOS="1325" HPOS="277"/><GraphicalElement ID="Page1_Block14" HEIGHT="21" WIDTH="545" VPOS="1326" HPOS="517"/><GraphicalElement ID="Page1_Block15" HEIGHT="7" WIDTH="113" VPOS="1331" HPOS="154"/><GraphicalElement ID="Page1_Block16" HEIGHT="353" WIDTH="7" VPOS="1400" HPOS="524"/><GraphicalElement ID="Page1_Block17" HEIGHT="234" WIDTH="7" VPOS="1494" HPOS="1163"/><GraphicalElement ID="Page1_Block18" HEIGHT="79" WIDTH="4" VPOS="239" HPOS="1179"/>
<Illustration ID="Page1_Block19" HEIGHT="246" WIDTH="82" VPOS="1278" HPOS="1180"><Shape><Polygon POINTS="1188,1279 1269,1279 1269,1524 1188,1524 1188,1279"/></Shape></Illustration>
</PrintSpace>
</Page>
</Layout>
</alto>