﻿<?xml version="1.0" encoding="UTF-8" standalone="yes"?>
<alto xmlns="http://www.loc.gov/standards/alto/ns-v2#" xmlns:xlink="http://www.w3.org/1999/xlink" xmlns:xsi="http://www.w3.org/2001/XMLSchema-instance" xsi:schemaLocation="http://www.loc.gov/standards/alto/ns-v2# http://www.loc.gov/standards/alto/alto-v2.0.xsd">
<Description>
<MeasurementUnit>pixel</MeasurementUnit>
<OCRProcessing ID="IdOcr"><ocrProcessingStep><processingDateTime>2017-03-20</processingDateTime><processingSoftware><softwareCreator>ABBYY</softwareCreator><softwareName>ABBYY FineReader Engine</softwareName><softwareVersion>11</softwareVersion></processingSoftware></ocrProcessingStep></OCRProcessing>
</Description>
<Styles><TextStyle ID="font0" FONTFAMILY="Times New Roman" FONTSIZE="6"/><TextStyle ID="font1" FONTFAMILY="Times New Roman" FONTSIZE="8"/><TextStyle ID="font2" FONTFAMILY="Times New Roman" FONTSIZE="9"/><TextStyle ID="font3" FONTFAMILY="Times New Roman" FONTSIZE="11"/><TextStyle ID="font4" FONTFAMILY="Times New Roman" FONTSIZE="12"/><TextStyle ID="font5" FONTFAMILY="Times New Roman" FONTSIZE="17"/>
</Styles>
<Layout>
<Page ID="Page1" PHYSICAL_IMG_NR="1" HEIGHT="2034" WIDTH="1221">
<TopMargin HEIGHT="98" WIDTH="1221" VPOS="0" HPOS="0">
</TopMargin>
<LeftMargin HEIGHT="1715" WIDTH="172" VPOS="98" HPOS="0">
</LeftMargin>
<RightMargin HEIGHT="1715" WIDTH="13" VPOS="98" HPOS="1208">
</RightMargin>
<BottomMargin HEIGHT="221" WIDTH="1221" VPOS="1813" HPOS="0">
</BottomMargin>
<PrintSpace HEIGHT="1715" WIDTH="1036" VPOS="98" HPOS="172">
<TextBlock ID="Page1_Block1" HEIGHT="66" WIDTH="554" VPOS="98" HPOS="392" language="de" STYLEREFS="font2"><Shape><Polygon POINTS="456,98 946,98 946,164 392,164 392,118 456,118 456,98"/></Shape>
<TextLine HEIGHT="51" WIDTH="520" VPOS="109" HPOS="408"><String STYLE="bold" STYLEREFS="font5" WC="0.7533333302" CONTENT="M.-D-c" HEIGHT="50" WIDTH="209" VPOS="110" HPOS="408"/><SP WIDTH="110" VPOS="110" HPOS="618"/><String STYLE="bold" STYLEREFS="font3" WC="0.8271428347" CONTENT="):DiZD." HEIGHT="49" WIDTH="199" VPOS="109" HPOS="729"/></TextLine>
</TextBlock>
<TextBlock ID="Page1_Block2" HEIGHT="66" WIDTH="182" VPOS="172" HPOS="586" language="de" STYLEREFS="font5">
<TextLine HEIGHT="54" WIDTH="149" VPOS="179" HPOS="602"><String STYLE="bold" WC="0.6924999952" CONTENT="VLU." HEIGHT="54" WIDTH="149" VPOS="179" HPOS="602"/></TextLine>
</TextBlock>
<TextBlock ID="Page1_Block3" HEIGHT="70" WIDTH="178" VPOS="234" HPOS="886" language="de" STYLEREFS="font4">
<TextLine HEIGHT="51" WIDTH="169" VPOS="247" HPOS="891"><String STYLE="bold" WC="0.8125" CONTENT="UrÄ." HEIGHT="51" WIDTH="169" VPOS="247" HPOS="891"/></TextLine>
</TextBlock>
<Illustration ID="Page1_Block4" HEIGHT="738" WIDTH="854" VPOS="250" HPOS="252"><Shape><Polygon POINTS="252,250 886,250 886,304 1106,304 1106,988 252,988 252,250"/></Shape></Illustration>
<TextBlock ID="Page1_Block5" HEIGHT="807" WIDTH="330" VPOS="1006" HPOS="172" language="de" STYLEREFS="font2"><Shape><Polygon POINTS="172,1006 484,1006 484,1576 488,1576 488,1606 478,1606 478,1762 502,1762 502,1813 172,1813 172,1006"/></Shape>
<TextLine HEIGHT="42" WIDTH="236" VPOS="1017" HPOS="225" STYLEREFS="font4"><String STYLE="bold" WC="0.3133333325" CONTENT="Auf" HEIGHT="38" WIDTH="60" VPOS="1021" HPOS="225"/><SP WIDTH="9" VPOS="1021" HPOS="286"/><String STYLE="bold" WC="0.2800000012" CONTENT="dcr" HEIGHT="31" WIDTH="46" VPOS="1021" HPOS="296"/><SP WIDTH="9" VPOS="1017" HPOS="343"/><String STYLE="bold" WC="0.3075000048" CONTENT="Eudm" HEIGHT="35" WIDTH="108" VPOS="1017" HPOS="353"/></TextLine>
<TextLine HEIGHT="41" WIDTH="53" VPOS="1105" HPOS="188" STYLEREFS="font4"><String STYLE="bold" WC="0.4174999893" CONTENT="sind" HEIGHT="41" WIDTH="53" VPOS="1105" HPOS="188"/></TextLine>
<TextLine HEIGHT="42" WIDTH="219" VPOS="1196" HPOS="190" STYLEREFS="font2"><String STYLE="bold" STYLEREFS="font4" WC="0.4575000107" CONTENT="hoho" HEIGHT="41" WIDTH="66" VPOS="1197" HPOS="190"/><SP WIDTH="8" VPOS="1196" HPOS="257"/><String STYLE="bold" STYLEREFS="font4" WC="0.3928571343" CONTENT="Berge/i" HEIGHT="38" WIDTH="143" VPOS="1196" HPOS="266"/></TextLine>
<TextLine HEIGHT="41" WIDTH="230" VPOS="1318" HPOS="196"><String STYLE="bold" STYLEREFS="font4" WC="0.4271428585" CONTENT="tieffeThäler/r" HEIGHT="41" WIDTH="230" VPOS="1318" HPOS="196"/></TextLine>
<TextLine HEIGHT="47" WIDTH="284" VPOS="1398" HPOS="195"><String STYLE="bold" STYLEREFS="font3" WC="0.3637500107" CONTENT="tthabcne" HEIGHT="42" WIDTH="129" VPOS="1398" HPOS="195"/><SP WIDTH="14" VPOS="1412" HPOS="325"/><String STYLE="bold" STYLEREFS="font3" WC="0.667142868" CONTENT="-HSgel/" HEIGHT="43" WIDTH="115" VPOS="1402" HPOS="340"/><SP WIDTH="12" VPOS="1406" HPOS="456"/><String STYLE="bold" STYLEREFS="font3" WC="0.2199999988" CONTENT="z" HEIGHT="28" WIDTH="10" VPOS="1413" HPOS="469"/></TextLine>
<TextLine HEIGHT="42" WIDTH="114" VPOS="1560" HPOS="369" STYLEREFS="font4"><String STYLE="bold" WC="0.4550000131" CONTENT="fien/)" HEIGHT="41" WIDTH="86" VPOS="1560" HPOS="369"/><SP WIDTH="9" VPOS="1569" HPOS="456"/><String STYLEREFS="font2" WC="0.5699999928" CONTENT="4" HEIGHT="22" WIDTH="17" VPOS="1580" HPOS="466"/></TextLine>
<TextLine HEIGHT="40" WIDTH="242" VPOS="1647" HPOS="192"><String STYLE="bold" STYLEREFS="font3" WC="0.4040000141" CONTENT="«benc" HEIGHT="35" WIDTH="80" VPOS="1650" HPOS="192"/><SP WIDTH="10" VPOS="1649" HPOS="273"/><String STYLE="bold" STYLEREFS="font3" WC="0.4971428514" CONTENT="Felder/" HEIGHT="40" WIDTH="123" VPOS="1647" HPOS="284"/><SP WIDTH="10" VPOS="1647" HPOS="408"/><String STYLEREFS="font3" WC="0.6899999976" CONTENT="5" HEIGHT="30" WIDTH="15" VPOS="1651" HPOS="419"/></TextLine>
<TextLine HEIGHT="75" WIDTH="296" VPOS="1724" HPOS="194" STYLEREFS="font3"><String STYLE="bold" WC="0.2669999897" CONTENT="chattkchte" HEIGHT="44" WIDTH="142" VPOS="1731" HPOS="194"/><SP WIDTH="6" VPOS="1732" HPOS="337"/><String STYLE="bold" WC="0.4485714138" CONTENT="Wälder^" HEIGHT="75" WIDTH="146" VPOS="1724" HPOS="344"/></TextLine>
</TextBlock>
<TextBlock ID="Page1_Block6" HEIGHT="760" WIDTH="288" VPOS="1014" HPOS="490" language="de" STYLEREFS="font2"><Shape><Polygon POINTS="528,1014 778,1014 778,1774 496,1774 496,1728 574,1728 574,1688 494,1688 494,1568 492,1568 492,1232 490,1232 490,1086 528,1086 528,1014"/></Shape>
<TextLine HEIGHT="37" WIDTH="167" VPOS="1021" HPOS="532" STYLEREFS="font2"><String WC="0.5339999795" CONTENT="Super" HEIGHT="37" WIDTH="84" VPOS="1021" HPOS="532"/><SP WIDTH="10" VPOS="1027" HPOS="617"/><String STYLE="italics" WC="0.400000006" CONTENT="tirrit" HEIGHT="21" WIDTH="71" VPOS="1027" HPOS="628"/></TextLine>
<TextLine HEIGHT="32" WIDTH="62" VPOS="1090" HPOS="493" STYLEREFS="font2"><String WC="0.400000006" CONTENT="funt" HEIGHT="32" WIDTH="62" VPOS="1090" HPOS="493"/></TextLine>
<TextLine HEIGHT="35" WIDTH="186" VPOS="1192" HPOS="494" STYLEREFS="font2"><String STYLE="italics" WC="0.287499994" CONTENT="alti" HEIGHT="30" WIDTH="47" VPOS="1192" HPOS="494"/><SP WIDTH="5" VPOS="1192" HPOS="542"/><String STYLE="italics" WC="0.4714285731" CONTENT="montes)" HEIGHT="28" WIDTH="105" VPOS="1199" HPOS="548"/><SP WIDTH="13" VPOS="1197" HPOS="654"/><String STYLE="italics" WC="0.3300000131" CONTENT="i" HEIGHT="22" WIDTH="12" VPOS="1197" HPOS="668"/></TextLine>
<TextLine HEIGHT="41" WIDTH="265" VPOS="1314" HPOS="497"><String WC="0.337500006" CONTENT="profund«" HEIGHT="40" WIDTH="142" VPOS="1315" HPOS="497"/><SP WIDTH="6" VPOS="1327" HPOS="640"/><String STYLE="italics" WC="0.4485714138" CONTENT="val/es," HEIGHT="35" WIDTH="88" VPOS="1314" HPOS="647"/><SP WIDTH="11" VPOS="1320" HPOS="736"/><String STYLE="italics" WC="0.2599999905" CONTENT="i" HEIGHT="24" WIDTH="14" VPOS="1320" HPOS="748"/></TextLine>
<TextLine HEIGHT="37" WIDTH="214" VPOS="1396" HPOS="496"><String WC="0.2928571403" CONTENT="elevati" HEIGHT="31" WIDTH="95" VPOS="1396" HPOS="496"/><SP WIDTH="7" VPOS="1398" HPOS="592"/><String STYLE="italics" STYLEREFS="font1" WC="0.3799999952" CONTENT="coües," HEIGHT="33" WIDTH="79" VPOS="1399" HPOS="600"/><SP WIDTH="14" VPOS="1409" HPOS="680"/><String WC="0.3899999857" CONTENT="j" HEIGHT="24" WIDTH="15" VPOS="1409" HPOS="695"/></TextLine>
<TextLine HEIGHT="43" WIDTH="235" VPOS="1520" HPOS="496" STYLEREFS="font2"><String STYLE="bold" WC="0.4983333349" CONTENT="cav£^f" HEIGHT="39" WIDTH="113" VPOS="1524" HPOS="496"/><String WC="1." CONTENT="^" HEIGHT="28" WIDTH="26" VPOS="1520" HPOS="613"/><String STYLE="superscript" WC="0.400000006" CONTENT=",3fÄ" HEIGHT="20" WIDTH="47" VPOS="1528" HPOS="642"/><String WC="0.2399999946" CONTENT="3" HEIGHT="17" WIDTH="9" VPOS="1536" HPOS="691"/><SP WIDTH="9" VPOS="1527" HPOS="701"/><String WC="0.3799999952" CONTENT="4" HEIGHT="28" WIDTH="20" VPOS="1527" HPOS="711"/></TextLine>
<TextLine HEIGHT="47" WIDTH="203" VPOS="1649" HPOS="497"><String WC="0.273999989" CONTENT="P&apos;ani" HEIGHT="34" WIDTH="71" VPOS="1649" HPOS="497"/><SP WIDTH="8" VPOS="1654" HPOS="569"/><String WC="0.5133333206" CONTENT="camf«," HEIGHT="31" WIDTH="91" VPOS="1665" HPOS="578"/><SP WIDTH="11" VPOS="1661" HPOS="670"/><String WC="0.2800000012" CONTENT="f" HEIGHT="29" WIDTH="18" VPOS="1661" HPOS="682"/></TextLine>
<TextLine HEIGHT="36" WIDTH="213" VPOS="1732" HPOS="500"><String WC="0.2300000042" CONTENT="opacae" HEIGHT="31" WIDTH="89" VPOS="1736" HPOS="500"/><String STYLE="italics" WC="0.3700000048" CONTENT="ßlv*." HEIGHT="34" WIDTH="89" VPOS="1734" HPOS="593"/><SP WIDTH="9" VPOS="1732" HPOS="683"/><String WC="0.2599999905" CONTENT="6" HEIGHT="30" WIDTH="20" VPOS="1732" HPOS="693"/></TextLine>
</TextBlock>
<TextBlock ID="Page1_Block7" HEIGHT="50" WIDTH="344" VPOS="1006" HPOS="782" language="de" STYLEREFS="font2">
<TextLine HEIGHT="42" WIDTH="321" VPOS="1014" HPOS="798"><String WC="0.4411111176" CONTENT="[Terra,f." HEIGHT="40" WIDTH="130" VPOS="1016" HPOS="798"/><SP WIDTH="16" VPOS="1025" HPOS="929"/><String WC="0.3918181956" CONTENT="i.Dit&apos;£i&apos;ö6" HEIGHT="34" WIDTH="173" VPOS="1014" HPOS="946"/></TextLine>
</TextBlock>
<TextBlock ID="Page1_Block8" HEIGHT="634" WIDTH="408" VPOS="1178" HPOS="800" language="de" STYLEREFS="font2"><Shape><Polygon POINTS="806,1178 1208,1178 1208,1812 800,1812 800,1758 810,1758 810,1566 808,1566 808,1438 804,1438 804,1230 806,1230 806,1178"/></Shape>
<TextLine HEIGHT="42" WIDTH="279" VPOS="1187" HPOS="810" STYLEREFS="font2"><String WC="0.3350000083" CONTENT="Altus," HEIGHT="35" WIDTH="86" VPOS="1194" HPOS="810"/><SP WIDTH="9" VPOS="1204" HPOS="897"/><String WC="0.6200000048" CONTENT="a," HEIGHT="23" WIDTH="24" VPOS="1204" HPOS="907"/><SP WIDTH="12" VPOS="1203" HPOS="932"/><String WC="0.4933333397" CONTENT="um," HEIGHT="22" WIDTH="58" VPOS="1203" HPOS="945"/><SP WIDTH="9" VPOS="1187" HPOS="1004"/><String WC="0.349999994" CONTENT="hoch." HEIGHT="39" WIDTH="75" VPOS="1187" HPOS="1014"/></TextLine>
<TextLine HEIGHT="31" WIDTH="167" VPOS="1239" HPOS="807"><String WC="0.3819999993" CONTENT="Mons," HEIGHT="30" WIDTH="94" VPOS="1239" HPOS="807"/><SP WIDTH="7" VPOS="1244" HPOS="902"/><String WC="0.6200000048" CONTENT="m." HEIGHT="17" WIDTH="36" VPOS="1244" HPOS="910"/><SP WIDTH="15" VPOS="1244" HPOS="947"/><String WC="0.2199999988" CONTENT="z" HEIGHT="26" WIDTH="11" VPOS="1244" HPOS="963"/></TextLine>
<TextLine HEIGHT="43" WIDTH="343" VPOS="1311" HPOS="808" STYLEREFS="font2"><String STYLE="bold" WC="0.4050000012" CONTENT="Profundus," HEIGHT="33" WIDTH="161" VPOS="1317" HPOS="808"/><SP WIDTH="10" VPOS="1326" HPOS="970"/><String STYLE="bold" WC="0.4799999893" CONTENT="a," HEIGHT="22" WIDTH="24" VPOS="1326" HPOS="981"/><SP WIDTH="9" VPOS="1323" HPOS="1006"/><String STYLE="bold" WC="0.4133333266" CONTENT="um," HEIGHT="24" WIDTH="54" VPOS="1322" HPOS="1016"/><SP WIDTH="9" VPOS="1313" HPOS="1071"/><String STYLE="bold" WC="0.375" CONTENT="tlkff»" HEIGHT="43" WIDTH="70" VPOS="1311" HPOS="1081"/></TextLine>
<TextLine HEIGHT="40" WIDTH="311" VPOS="1353" HPOS="807" STYLEREFS="font2"><String WC="0.4871428609" CONTENT="Vallis," HEIGHT="32" WIDTH="90" VPOS="1361" HPOS="807"/><SP WIDTH="6" VPOS="1360" HPOS="898"/><String STYLE="bold" STYLEREFS="font3" WC="0.2800000012" CONTENT="f." HEIGHT="29" WIDTH="21" VPOS="1360" HPOS="905"/><SP WIDTH="13" VPOS="1369" HPOS="927"/><String WC="0.6100000143" CONTENT="z." HEIGHT="24" WIDTH="25" VPOS="1369" HPOS="941"/><SP WIDTH="8" VPOS="1356" HPOS="967"/><String STYLE="bold" STYLEREFS="font3" WC="0.4833333194" CONTENT="der" HEIGHT="29" WIDTH="46" VPOS="1356" HPOS="976"/><SP WIDTH="7" VPOS="1353" HPOS="1023"/><String STYLE="bold" STYLEREFS="font3" WC="0.4600000083" CONTENT="Thal." HEIGHT="40" WIDTH="87" VPOS="1353" HPOS="1031"/></TextLine>
<TextLine HEIGHT="39" WIDTH="387" VPOS="1396" HPOS="808" STYLEREFS="font2"><String STYLEREFS="font1" WC="0.4325000048" CONTENT="Eleyätus" HEIGHT="29" WIDTH="123" VPOS="1401" HPOS="808"/><SP WIDTH="9" VPOS="1408" HPOS="932"/><String STYLE="bold" WC="0.6800000072" CONTENT="," HEIGHT="15" WIDTH="7" VPOS="1416" HPOS="942"/><SP WIDTH="8" VPOS="1406" HPOS="950"/><String STYLE="bold" WC="0.5049999952" CONTENT="a," HEIGHT="24" WIDTH="25" VPOS="1406" HPOS="959"/><SP WIDTH="7" VPOS="1408" HPOS="985"/><String STYLE="bold" WC="0.3849999905" CONTENT="um" HEIGHT="19" WIDTH="45" VPOS="1408" HPOS="993"/><SP WIDTH="9" VPOS="1408" HPOS="1039"/><String STYLE="bold" WC="1." CONTENT="&gt;" HEIGHT="15" WIDTH="7" VPOS="1419" HPOS="1049"/><SP WIDTH="7" VPOS="1407" HPOS="1057"/><String STYLE="bold" WC="0.3427272737" CONTENT="eifjaOCtt«&apos;" HEIGHT="39" WIDTH="130" VPOS="1396" HPOS="1065"/></TextLine>
<TextLine HEIGHT="44" WIDTH="351" VPOS="1436" HPOS="811" STYLEREFS="font4"><String STYLEREFS="font2" WC="0.4571428597" CONTENT="Collis," HEIGHT="32" WIDTH="93" VPOS="1441" HPOS="811"/><SP WIDTH="9" VPOS="1448" HPOS="905"/><String STYLEREFS="font2" WC="0.6000000238" CONTENT="m." HEIGHT="20" WIDTH="36" VPOS="1448" HPOS="915"/><String STYLE="bold" WC="0.296666652" CONTENT="der" HEIGHT="33" WIDTH="46" VPOS="1441" HPOS="1002"/><SP WIDTH="8" VPOS="1436" HPOS="1049"/><String STYLE="bold" WC="0.3633333445" CONTENT="Hügel." HEIGHT="44" WIDTH="104" VPOS="1436" HPOS="1058"/></TextLine>
<TextLine HEIGHT="39" WIDTH="266" VPOS="1522" HPOS="812" STYLEREFS="font2"><String WC="0.676666677" CONTENT="Lavüs," HEIGHT="37" WIDTH="96" VPOS="1524" HPOS="812"/><SP WIDTH="8" VPOS="1535" HPOS="909"/><String WC="0.5299999714" CONTENT="L," HEIGHT="25" WIDTH="23" VPOS="1535" HPOS="918"/><SP WIDTH="9" VPOS="1536" HPOS="942"/><String WC="0.4233333468" CONTENT="um," HEIGHT="25" WIDTH="57" VPOS="1535" HPOS="952"/><SP WIDTH="10" VPOS="1522" HPOS="1010"/><String STYLE="bold" STYLEREFS="font3" WC="0.4600000083" CONTENT="hol." HEIGHT="38" WIDTH="57" VPOS="1522" HPOS="1021"/></TextLine>
<TextLine HEIGHT="52" WIDTH="379" VPOS="1555" HPOS="812" STYLEREFS="font2"><String WC="0.6433333158" CONTENT="Spelunca," HEIGHT="39" WIDTH="142" VPOS="1568" HPOS="812"/><SP WIDTH="11" VPOS="1567" HPOS="955"/><String WC="0.6399999857" CONTENT="k." HEIGHT="28" WIDTH="21" VPOS="1567" HPOS="967"/><SP WIDTH="16" VPOS="1577" HPOS="989"/><String WC="1." CONTENT="i." HEIGHT="17" WIDTH="23" VPOS="1577" HPOS="1006"/><SP WIDTH="18" VPOS="1565" HPOS="1030"/><String WC="0.4066666663" CONTENT="diL^lnff^" HEIGHT="44" WIDTH="142" VPOS="1555" HPOS="1049"/></TextLine>
<TextLine HEIGHT="41" WIDTH="119" VPOS="1607" HPOS="851" STYLEREFS="font2"><String STYLE="bold" STYLEREFS="font3" WC="0.6542857289" CONTENT="(HSle.)" HEIGHT="41" WIDTH="119" VPOS="1607" HPOS="851"/></TextLine>
<TextLine HEIGHT="40" WIDTH="289" VPOS="1643" HPOS="814"><String WC="0.7099999785" CONTENT="Planus," HEIGHT="30" WIDTH="103" VPOS="1652" HPOS="814"/><SP WIDTH="9" VPOS="1660" HPOS="918"/><String WC="0.8100000024" CONTENT="a," HEIGHT="23" WIDTH="24" VPOS="1660" HPOS="928"/><SP WIDTH="8" VPOS="1657" HPOS="953"/><String WC="0.3566666543" CONTENT="um," HEIGHT="23" WIDTH="56" VPOS="1656" HPOS="962"/><SP WIDTH="9" VPOS="1653" HPOS="1019"/><String WC="0.4025000036" CONTENT="cbm." HEIGHT="33" WIDTH="74" VPOS="1643" HPOS="1029"/></TextLine>
<TextLine HEIGHT="51" WIDTH="376" VPOS="1680" HPOS="815"><String WC="0.6857143044" CONTENT="Campus," HEIGHT="33" WIDTH="128" VPOS="1694" HPOS="815"/><SP WIDTH="9" VPOS="1698" HPOS="944"/><String WC="0.6349999905" CONTENT="m." HEIGHT="18" WIDTH="37" VPOS="1698" HPOS="954"/><SP WIDTH="10" VPOS="1699" HPOS="992"/><String STYLEREFS="font0" WC="0.2199999988" CONTENT="2" HEIGHT="17" WIDTH="12" VPOS="1699" HPOS="1003"/><String WC="0.7699999809" CONTENT="." HEIGHT="7" WIDTH="9" VPOS="1708" HPOS="1021"/><SP WIDTH="19" VPOS="1687" HPOS="1031"/><String WC="0.4600000083" CONTENT="das" HEIGHT="30" WIDTH="52" VPOS="1687" HPOS="1051"/><SP WIDTH="7" VPOS="1685" HPOS="1104"/><String WC="0.6359999776" CONTENT="^k!d°" HEIGHT="51" WIDTH="79" VPOS="1680" HPOS="1112"/></TextLine>
<TextLine HEIGHT="45" WIDTH="377" VPOS="1723" HPOS="815"><String WC="0.6541666389" CONTENT="Opscn«,s,um," HEIGHT="35" WIDTH="214" VPOS="1733" HPOS="815"/><SP WIDTH="17" VPOS="1727" HPOS="1030"/><String WC="0.2954545319" CONTENT="schatticht." HEIGHT="39" WIDTH="144" VPOS="1723" HPOS="1048"/></TextLine>
<TextLine HEIGHT="43" WIDTH="329" VPOS="1765" HPOS="804" STYLEREFS="font2"><String STYLE="bold" STYLEREFS="font3" WC="0.3249999881" CONTENT="fsjriva," HEIGHT="43" WIDTH="96" VPOS="1765" HPOS="804"/><SP WIDTH="7" VPOS="1770" HPOS="901"/><String STYLE="bold" STYLEREFS="font3" WC="0.6800000072" CONTENT="f." HEIGHT="28" WIDTH="17" VPOS="1770" HPOS="909"/><SP WIDTH="14" VPOS="1779" HPOS="927"/><String STYLE="bold" STYLEREFS="font3" WC="1." CONTENT="i" HEIGHT="23" WIDTH="10" VPOS="1779" HPOS="942"/><SP WIDTH="7" VPOS="1779" HPOS="953"/><String STYLE="bold" STYLEREFS="font3" WC="1." CONTENT="," HEIGHT="14" WIDTH="9" VPOS="1793" HPOS="961"/><SP WIDTH="8" VPOS="1771" HPOS="971"/><String STYLE="bold" STYLEREFS="font3" WC="0.25" CONTENT="der" HEIGHT="34" WIDTH="46" VPOS="1771" HPOS="980"/><SP WIDTH="7" VPOS="1768" HPOS="1027"/><String STYLE="bold" STYLEREFS="font3" WC="0.3160000145" CONTENT="Wald," HEIGHT="35" WIDTH="98" VPOS="1768" HPOS="1035"/></TextLine>
</TextBlock>
<ComposedBlock ID="Page1_Block9" HEIGHT="658" WIDTH="854" VPOS="329" HPOS="252" TYPE="separatorsBox"><GraphicalElement ID="Page1_Block10" HEIGHT="15" WIDTH="846" VPOS="329" HPOS="252"/><GraphicalElement ID="Page1_Block11" HEIGHT="22" WIDTH="803" VPOS="965" HPOS="256"/><GraphicalElement ID="Page1_Block12" HEIGHT="651" WIDTH="15" VPOS="335" HPOS="252"/><GraphicalElement ID="Page1_Block13" HEIGHT="648" WIDTH="18" VPOS="329" HPOS="1088"/></ComposedBlock><GraphicalElement ID="Page1_Block14" HEIGHT="7" WIDTH="117" VPOS="386" HPOS="401"/><GraphicalElement ID="Page1_Block15" HEIGHT="3" WIDTH="99" VPOS="386" HPOS="797"/><GraphicalElement ID="Page1_Block16" HEIGHT="6" WIDTH="142" VPOS="398" HPOS="531"/><GraphicalElement ID="Page1_Block17" HEIGHT="8" WIDTH="166" VPOS="407" HPOS="577"/><GraphicalElement ID="Page1_Block18" HEIGHT="7" WIDTH="278" VPOS="412" HPOS="822"/><GraphicalElement ID="Page1_Block19" HEIGHT="4" WIDTH="80" VPOS="420" HPOS="644"/><GraphicalElement ID="Page1_Block20" HEIGHT="5" WIDTH="157" VPOS="444" HPOS="860"/><GraphicalElement ID="Page1_Block21" HEIGHT="9" WIDTH="194" VPOS="450" HPOS="558"/><GraphicalElement ID="Page1_Block22" HEIGHT="5" WIDTH="129" VPOS="464" HPOS="971"/><GraphicalElement ID="Page1_Block23" HEIGHT="3" WIDTH="83" VPOS="465" HPOS="546"/><GraphicalElement ID="Page1_Block24" HEIGHT="5" WIDTH="156" VPOS="473" HPOS="895"/><GraphicalElement ID="Page1_Block25" HEIGHT="4" WIDTH="95" VPOS="491" HPOS="452"/><GraphicalElement ID="Page1_Block26" HEIGHT="9" WIDTH="193" VPOS="506" HPOS="379"/><GraphicalElement ID="Page1_Block27" HEIGHT="4" WIDTH="95" VPOS="513" HPOS="544"/><GraphicalElement ID="Page1_Block28" HEIGHT="3" WIDTH="76" VPOS="536" HPOS="827"/><GraphicalElement ID="Page1_Block29" HEIGHT="6" WIDTH="141" VPOS="542" HPOS="855"/><GraphicalElement ID="Page1_Block30" HEIGHT="6" WIDTH="179" VPOS="549" HPOS="806"/><GraphicalElement ID="Page1_Block31" HEIGHT="3" WIDTH="110" VPOS="552" HPOS="301"/><GraphicalElement ID="Page1_Block32" HEIGHT="737" WIDTH="13" VPOS="1026" HPOS="483"/><GraphicalElement ID="Page1_Block33" HEIGHT="97" WIDTH="5" VPOS="730" HPOS="676"/><GraphicalElement ID="Page1_Block34" HEIGHT="87" WIDTH="3" VPOS="628" HPOS="753"/><GraphicalElement ID="Page1_Block35" HEIGHT="686" WIDTH="13" VPOS="1076" HPOS="797"/><GraphicalElement ID="Page1_Block36" HEIGHT="83" WIDTH="4" VPOS="803" HPOS="1065"/><GraphicalElement ID="Page1_Block37" HEIGHT="6" WIDTH="114" VPOS="429" HPOS="768"/><GraphicalElement ID="Page1_Block38" HEIGHT="3" WIDTH="53" VPOS="448" HPOS="759"/><GraphicalElement ID="Page1_Block39" HEIGHT="3" WIDTH="29" VPOS="540" HPOS="988"/><GraphicalElement ID="Page1_Block40" HEIGHT="4" WIDTH="75" VPOS="769" HPOS="490"/>
</PrintSpace>
</Page>
</Layout>
</alto>