﻿<?xml version="1.0" encoding="UTF-8" standalone="yes"?>
<alto xmlns="http://www.loc.gov/standards/alto/ns-v2#" xmlns:xlink="http://www.w3.org/1999/xlink" xmlns:xsi="http://www.w3.org/2001/XMLSchema-instance" xsi:schemaLocation="http://www.loc.gov/standards/alto/ns-v2# http://www.loc.gov/standards/alto/alto-v2.0.xsd">
<Description>
<MeasurementUnit>pixel</MeasurementUnit>
<OCRProcessing ID="IdOcr"><ocrProcessingStep><processingDateTime>2017-03-20</processingDateTime><processingSoftware><softwareCreator>ABBYY</softwareCreator><softwareName>ABBYY FineReader Engine</softwareName><softwareVersion>11</softwareVersion></processingSoftware></ocrProcessingStep></OCRProcessing>
</Description>
<Styles><TextStyle ID="font0" FONTFAMILY="Arial" FONTSIZE="6"/><TextStyle ID="font1" FONTFAMILY="Arial" FONTSIZE="7"/><TextStyle ID="font2" FONTFAMILY="Arial" FONTSIZE="8"/><TextStyle ID="font3" FONTFAMILY="Arial" FONTSIZE="9"/><TextStyle ID="font4" FONTFAMILY="Arial" FONTSIZE="10"/><TextStyle ID="font5" FONTFAMILY="Arial" FONTSIZE="11"/><TextStyle ID="font6" FONTFAMILY="Arial" FONTSIZE="13"/><TextStyle ID="font7" FONTFAMILY="Courier New" FONTSIZE="9"/>
</Styles>
<Layout>
<Page ID="Page1" PHYSICAL_IMG_NR="1" HEIGHT="2055" WIDTH="1218">
<TopMargin HEIGHT="138" WIDTH="1218" VPOS="0" HPOS="0">
</TopMargin>
<RightMargin HEIGHT="1716" WIDTH="155" VPOS="138" HPOS="1063">
</RightMargin>
<BottomMargin HEIGHT="201" WIDTH="1218" VPOS="1854" HPOS="0">
</BottomMargin>
<PrintSpace HEIGHT="1716" WIDTH="1063" VPOS="138" HPOS="0">
<TextBlock ID="Page1_Block1" HEIGHT="76" WIDTH="525" VPOS="138" HPOS="251" language="de" STYLEREFS="font6"><Shape><Polygon POINTS="254,150 778,150 778,220 254,220 254,150"/></Shape>
<TextLine HEIGHT="55" WIDTH="493" VPOS="154" HPOS="268"><String WC="0.6499999762" CONTENT="Hs" HEIGHT="47" WIDTH="44" VPOS="157" HPOS="268"/><SP WIDTH="37" VPOS="159" HPOS="312"/><String WC="0.4600000083" CONTENT="Hof" HEIGHT="47" WIDTH="63" VPOS="157" HPOS="349"/><SP WIDTH="45" VPOS="156" HPOS="412"/><String WC="0.3466666639" CONTENT="hol" HEIGHT="45" WIDTH="55" VPOS="157" HPOS="457"/><SP WIDTH="50" VPOS="157" HPOS="512"/><String WC="0.2949999869" CONTENT="hu" HEIGHT="44" WIDTH="44" VPOS="161" HPOS="562"/><SP WIDTH="39" VPOS="160" HPOS="606"/><String WC="0.1599999964" CONTENT="ja" HEIGHT="43" WIDTH="36" VPOS="161" HPOS="645"/><SP WIDTH="51" VPOS="165" HPOS="681"/><String WC="0.3100000024" CONTENT="je" HEIGHT="43" WIDTH="29" VPOS="166" HPOS="732"/></TextLine>
</TextBlock>
<ComposedBlock ID="Page1_Block2" HEIGHT="368" WIDTH="1034" VPOS="203" HPOS="27" TYPE="table">
<TextBlock ID="Page1_Block3" HEIGHT="60" WIDTH="249" VPOS="203" HPOS="31" language="de"><Shape><Polygon POINTS="34,218 283,218 283,275 34,275 34,218"/></Shape>
<TextLine HEIGHT="43" WIDTH="105" VPOS="217" HPOS="74"><String STYLE="bold" STYLEREFS="font5" WC="0.4387499988" CONTENT="erhitzet" HEIGHT="43" WIDTH="105" VPOS="217" HPOS="74"/></TextLine>
</TextBlock>
<TextBlock ID="Page1_Block4" HEIGHT="58" WIDTH="88" VPOS="206" HPOS="280" language="de"><Shape><Polygon POINTS="283,218 371,218 371,275 283,275 283,218"/></Shape>
<TextLine HEIGHT="27" WIDTH="37" VPOS="238" HPOS="325"><String STYLE="italics" STYLEREFS="font4" WC="0.3300000131" CONTENT="34" HEIGHT="27" WIDTH="37" VPOS="238" HPOS="325"/></TextLine>
</TextBlock>
<TextBlock ID="Page1_Block5" HEIGHT="61" WIDTH="259" VPOS="207" HPOS="368" language="de"><Shape><Polygon POINTS="371,218 630,218 630,275 371,275 371,218"/></Shape>
<TextLine HEIGHT="40" WIDTH="113" VPOS="225" HPOS="419"><String STYLE="bold" STYLEREFS="font5" WC="0.3849999905" CONTENT="hvitzern" HEIGHT="40" WIDTH="113" VPOS="225" HPOS="419"/></TextLine>
</TextBlock>
<TextBlock ID="Page1_Block6" HEIGHT="58" WIDTH="87" VPOS="211" HPOS="626" language="de"><Shape><Polygon POINTS="630,218 716,218 716,275 630,275 630,218"/></Shape>
<TextLine HEIGHT="27" WIDTH="58" VPOS="236" HPOS="651"><String STYLE="bold" STYLEREFS="font5" WC="0.5366666913" CONTENT="218" HEIGHT="27" WIDTH="58" VPOS="236" HPOS="651"/></TextLine>
</TextBlock>
<TextBlock ID="Page1_Block7" HEIGHT="60" WIDTH="226" VPOS="212" HPOS="712" language="de"><Shape><Polygon POINTS="716,218 941,218 941,275 716,275 716,218"/></Shape>
<TextLine HEIGHT="38" WIDTH="150" VPOS="230" HPOS="725"><String STYLE="bold" STYLEREFS="font5" WC="0.2599999905" CONTENT="der" HEIGHT="32" WIDTH="47" VPOS="232" HPOS="725"/><SP WIDTH="9" VPOS="230" HPOS="773"/><String STYLE="bold" STYLEREFS="font5" WC="0.3959999979" CONTENT="Hurer" HEIGHT="37" WIDTH="92" VPOS="231" HPOS="783"/></TextLine>
</TextBlock>
<TextBlock ID="Page1_Block8" HEIGHT="58" WIDTH="124" VPOS="215" HPOS="937" language="de"><Shape><Polygon POINTS="941,218 1064,218 1064,275 941,275 941,218"/></Shape>
<TextLine HEIGHT="30" WIDTH="61" VPOS="244" HPOS="993"><String STYLE="italics" STYLEREFS="font4" WC="0.6200000048" CONTENT="43" HEIGHT="28" WIDTH="39" VPOS="246" HPOS="993"/><String STYLE="italics" STYLEREFS="font3" WC="0.2800000012" CONTENT="%" HEIGHT="23" WIDTH="13" VPOS="245" HPOS="1041"/></TextLine>
</TextBlock>
<TextBlock ID="Page1_Block9" HEIGHT="44" WIDTH="249" VPOS="260" HPOS="30" language="de"><Shape><Polygon POINTS="34,275 283,275 283,316 34,316 34,275"/></Shape>
<TextLine HEIGHT="44" WIDTH="111" VPOS="257" HPOS="36"><String STYLE="bold" STYLEREFS="font5" WC="0.5500000119" CONTENT="." HEIGHT="9" WIDTH="7" VPOS="290" HPOS="36"/><SP WIDTH="29" VPOS="257" HPOS="44"/><String STYLE="bold" STYLEREFS="font5" WC="0.4339999855" CONTENT="h&apos;tzM" HEIGHT="43" WIDTH="74" VPOS="258" HPOS="73"/></TextLine>
</TextBlock>
<TextBlock ID="Page1_Block10" HEIGHT="42" WIDTH="88" VPOS="263" HPOS="279" language="de"><Shape><Polygon POINTS="283,275 371,275 371,316 283,316 283,275"/></Shape>
<TextLine HEIGHT="28" WIDTH="55" VPOS="278" HPOS="302"><String STYLE="italics" STYLEREFS="font3" WC="0.5299999714" CONTENT="41" HEIGHT="25" WIDTH="33" VPOS="281" HPOS="302"/><SP WIDTH="9" VPOS="278" HPOS="336"/><String STYLE="italics" STYLEREFS="font3" WC="0.3000000119" CONTENT="8" HEIGHT="23" WIDTH="11" VPOS="278" HPOS="346"/></TextLine>
</TextBlock>
<TextBlock ID="Page1_Block11" HEIGHT="45" WIDTH="259" VPOS="264" HPOS="367" language="de"><Shape><Polygon POINTS="371,275 630,275 630,316 371,316 371,275"/></Shape>
<TextLine HEIGHT="42" WIDTH="220" VPOS="266" HPOS="377"><String STYLE="bold" STYLEREFS="font5" WC="0.3571428657" CONTENT="derHvltzhacker" HEIGHT="42" WIDTH="220" VPOS="266" HPOS="377"/></TextLine>
</TextBlock>
<TextBlock ID="Page1_Block12" HEIGHT="42" WIDTH="86" VPOS="268" HPOS="626" language="de"><Shape><Polygon POINTS="630,275 716,275 716,316 630,316 630,275"/></Shape>
<TextLine HEIGHT="35" WIDTH="58" VPOS="273" HPOS="651"><String STYLE="italics" STYLEREFS="font3" WC="0.3466666639" CONTENT="246" HEIGHT="35" WIDTH="58" VPOS="273" HPOS="651"/></TextLine>
</TextBlock>
<TextBlock ID="Page1_Block13" HEIGHT="44" WIDTH="225" VPOS="269" HPOS="712" language="de"><Shape><Polygon POINTS="716,275 941,275 941,316 716,316 716,275"/></Shape>
<TextLine HEIGHT="42" WIDTH="143" VPOS="270" HPOS="761"><String STYLE="bold" STYLEREFS="font5" WC="0.5400000215" CONTENT="sich" HEIGHT="39" WIDTH="44" VPOS="272" HPOS="761"/><SP WIDTH="11" VPOS="273" HPOS="806"/><String STYLE="bold" STYLEREFS="font5" WC="0.2779999971" CONTENT="hüten" HEIGHT="37" WIDTH="86" VPOS="271" HPOS="818"/></TextLine>
</TextBlock>
<TextBlock ID="Page1_Block14" HEIGHT="42" WIDTH="123" VPOS="272" HPOS="937" language="de"><Shape><Polygon POINTS="941,275 1064,275 1064,316 941,316 941,275"/></Shape>
<TextLine HEIGHT="38" WIDTH="56" VPOS="278" HPOS="994"><String STYLE="bold" STYLEREFS="font5" WC="0.3633333445" CONTENT="316" HEIGHT="38" WIDTH="56" VPOS="278" HPOS="994"/></TextLine>
</TextBlock>
<TextBlock ID="Page1_Block15" HEIGHT="43" WIDTH="249" VPOS="301" HPOS="30" language="de"><Shape><Polygon POINTS="34,316 283,316 283,356 34,356 34,316"/></Shape>
<TextLine HEIGHT="50" WIDTH="144" VPOS="291" HPOS="35"><String STYLE="bold" STYLEREFS="font5" WC="0.2899999917" CONTENT="der" HEIGHT="39" WIDTH="44" VPOS="291" HPOS="35"/><SP WIDTH="6" VPOS="302" HPOS="80"/><String STYLE="bold" STYLEREFS="font5" WC="0.4040000141" CONTENT="Hobel" HEIGHT="39" WIDTH="92" VPOS="302" HPOS="87"/></TextLine>
</TextBlock>
<TextBlock ID="Page1_Block16" HEIGHT="41" WIDTH="88" VPOS="304" HPOS="279" language="de"><Shape><Polygon POINTS="283,316 371,316 371,356 283,356 283,316"/></Shape>
<TextLine HEIGHT="31" WIDTH="55" VPOS="312" HPOS="305"><String STYLE="bold" STYLEREFS="font5" WC="0.2633333206" CONTENT="268" HEIGHT="31" WIDTH="55" VPOS="312" HPOS="305"/></TextLine>
</TextBlock>
<TextBlock ID="Page1_Block17" HEIGHT="44" WIDTH="260" VPOS="305" HPOS="366" language="de"><Shape><Polygon POINTS="371,316 630,316 630,356 371,356 371,316"/></Shape>
<TextLine HEIGHT="47" WIDTH="200" VPOS="303" HPOS="376"><String STYLE="bold" STYLEREFS="font5" WC="0.2366666645" CONTENT="dir" HEIGHT="37" WIDTH="45" VPOS="303" HPOS="377"/><SP WIDTH="7" VPOS="309" HPOS="423"/><String STYLE="bold" STYLEREFS="font5" WC="0.4366666675" CONTENT="Holtzhauf" HEIGHT="43" WIDTH="146" VPOS="307" HPOS="430"/></TextLine>
</TextBlock>
<TextBlock ID="Page1_Block18" HEIGHT="44" WIDTH="312" VPOS="309" HPOS="625" language="de"><Shape><Polygon POINTS="630,316 941,316 941,356 630,356 630,316"/></Shape>
<TextLine HEIGHT="39" WIDTH="226" VPOS="314" HPOS="648"><String STYLE="bold" STYLEREFS="font5" WC="0.4699999988" CONTENT="240&apos;dt&apos;r" HEIGHT="37" WIDTH="119" VPOS="314" HPOS="648"/><SP WIDTH="10" VPOS="315" HPOS="767"/><String STYLE="bold" STYLEREFS="font5" WC="0.2599999905" CONTENT="Hüter" HEIGHT="37" WIDTH="97" VPOS="316" HPOS="777"/></TextLine>
</TextBlock>
<TextBlock ID="Page1_Block19" HEIGHT="41" WIDTH="124" VPOS="313" HPOS="936" language="de"><Shape><Polygon POINTS="941,316 1064,316 1064,356 941,356 941,316"/></Shape>
<TextLine HEIGHT="27" WIDTH="56" VPOS="328" HPOS="995"><String STYLE="bold" STYLEREFS="font5" WC="0.5199999809" CONTENT="Z" HEIGHT="24" WIDTH="10" VPOS="330" HPOS="995"/><SP WIDTH="8" VPOS="330" HPOS="1005"/><String STYLE="bold" STYLEREFS="font5" WC="0.2700000107" CONTENT="00" HEIGHT="18" WIDTH="37" VPOS="329" HPOS="1014"/></TextLine>
</TextBlock>
<TextBlock ID="Page1_Block20" HEIGHT="46" WIDTH="249" VPOS="341" HPOS="29" language="de"><Shape><Polygon POINTS="34,356 283,356 283,399 34,399 34,356"/></Shape>
<TextLine HEIGHT="52" WIDTH="223" VPOS="334" HPOS="36"><String STYLE="bold" STYLEREFS="font5" WC="0.5099999905" CONTENT="die" HEIGHT="36" WIDTH="42" VPOS="334" HPOS="36"/><SP WIDTH="11" VPOS="343" HPOS="78"/><String STYLE="bold" STYLEREFS="font5" WC="0.4050000012" CONTENT="Hobelbanck" HEIGHT="43" WIDTH="169" VPOS="343" HPOS="89"/></TextLine>
</TextBlock>
<TextBlock ID="Page1_Block21" HEIGHT="44" WIDTH="88" VPOS="344" HPOS="278" language="de"><Shape><Polygon POINTS="283,356 371,356 371,399 283,399 283,356"/></Shape>
<TextLine HEIGHT="26" WIDTH="55" VPOS="357" HPOS="303"><String STYLE="bold" STYLEREFS="font5" WC="0.2533333302" CONTENT="268" HEIGHT="26" WIDTH="55" VPOS="357" HPOS="303"/></TextLine>
</TextBlock>
<TextBlock ID="Page1_Block22" HEIGHT="47" WIDTH="259" VPOS="345" HPOS="366" language="de"><Shape><Polygon POINTS="371,356 630,356 630,399 371,399 371,356"/></Shape>
<TextLine HEIGHT="46" WIDTH="213" VPOS="345" HPOS="375"><String STYLE="bold" STYLEREFS="font5" WC="0.4766666591" CONTENT="d-c" HEIGHT="29" WIDTH="41" VPOS="354" HPOS="375"/><SP WIDTH="10" VPOS="345" HPOS="417"/><String STYLE="bold" STYLEREFS="font5" WC="0.4329999983" CONTENT="Holtztanbe" HEIGHT="46" WIDTH="161" VPOS="345" HPOS="427"/></TextLine>
</TextBlock>
<TextBlock ID="Page1_Block23" HEIGHT="47" WIDTH="311" VPOS="349" HPOS="625" language="de"><Shape><Polygon POINTS="630,356 941,356 941,399 630,399 630,356"/></Shape>
<TextLine HEIGHT="45" WIDTH="226" VPOS="350" HPOS="674"><String STYLE="bold" STYLEREFS="font5" WC="0.2599999905" CONTENT="86" HEIGHT="28" WIDTH="32" VPOS="358" HPOS="674"/><SP WIDTH="13" VPOS="356" HPOS="707"/><String STYLE="bold" STYLEREFS="font5" WC="0.2700000107" CONTENT="dae" HEIGHT="32" WIDTH="51" VPOS="356" HPOS="721"/><SP WIDTH="8" VPOS="355" HPOS="773"/><String STYLE="bold" STYLEREFS="font5" WC="0.5442857146" CONTENT="Hütlein" HEIGHT="43" WIDTH="118" VPOS="352" HPOS="782"/></TextLine>
</TextBlock>
<TextBlock ID="Page1_Block24" HEIGHT="44" WIDTH="123" VPOS="353" HPOS="936" language="de"><Shape><Polygon POINTS="941,356 1064,356 1064,399 941,399 941,356"/></Shape>
<TextLine HEIGHT="32" WIDTH="55" VPOS="362" HPOS="993"><String STYLE="bold" STYLEREFS="font5" WC="0.2800000012" CONTENT="2" HEIGHT="19" WIDTH="14" VPOS="370" HPOS="993"/><SP WIDTH="5" VPOS="369" HPOS="1008"/><String STYLE="bold" STYLEREFS="font5" WC="0.2399999946" CONTENT="8" HEIGHT="24" WIDTH="11" VPOS="370" HPOS="1014"/><SP WIDTH="7" VPOS="363" HPOS="1026"/><String STYLE="bold" STYLEREFS="font5" WC="0.150000006" CONTENT="6" HEIGHT="26" WIDTH="14" VPOS="363" HPOS="1034"/></TextLine>
</TextBlock>
<TextBlock ID="Page1_Block25" HEIGHT="43" WIDTH="250" VPOS="384" HPOS="28" language="de"><Shape><Polygon POINTS="34,399 283,399 283,439 34,439 34,399"/></Shape>
<TextLine HEIGHT="41" WIDTH="94" VPOS="381" HPOS="72"><String STYLE="bold" STYLEREFS="font5" WC="0.2816666663" CONTENT="hobeln" HEIGHT="41" WIDTH="94" VPOS="381" HPOS="72"/></TextLine>
</TextBlock>
<TextBlock ID="Page1_Block26" HEIGHT="41" WIDTH="89" VPOS="387" HPOS="277" language="de"><Shape><Polygon POINTS="283,399 371,399 371,439 283,439 283,399"/></Shape>
<TextLine HEIGHT="29" WIDTH="55" VPOS="396" HPOS="301"><String STYLE="bold" STYLEREFS="font5" WC="0.4499999881" CONTENT="2/8" HEIGHT="29" WIDTH="55" VPOS="396" HPOS="301"/></TextLine>
</TextBlock>
<TextBlock ID="Page1_Block27" HEIGHT="44" WIDTH="260" VPOS="388" HPOS="365" language="de"><Shape><Polygon POINTS="371,399 630,399 630,439 371,439 371,399"/></Shape>
<TextLine HEIGHT="40" WIDTH="224" VPOS="392" HPOS="373"><String STYLE="italics" STYLEREFS="font3" WC="0.3100000024" CONTENT="6ct" HEIGHT="32" WIDTH="46" VPOS="392" HPOS="374"/><SP WIDTH="10" VPOS="393" HPOS="420"/><String STYLE="bold" STYLEREFS="font5" WC="0.3566666543" CONTENT="Holtzwurm" HEIGHT="39" WIDTH="167" VPOS="393" HPOS="430"/></TextLine>
</TextBlock>
<TextBlock ID="Page1_Block28" HEIGHT="41" WIDTH="87" VPOS="392" HPOS="624" language="de"><Shape><Polygon POINTS="630,399 716,399 716,439 630,439 630,399"/></Shape>
<TextLine HEIGHT="27" WIDTH="56" VPOS="403" HPOS="651"><String STYLE="bold" STYLEREFS="font5" WC="0.6733333468" CONTENT="124" HEIGHT="27" WIDTH="56" VPOS="403" HPOS="651"/></TextLine>
</TextBlock>
<TextBlock ID="Page1_Block29" HEIGHT="43" WIDTH="226" VPOS="393" HPOS="710" language="de"><Shape><Polygon POINTS="716,399 941,399 941,439 716,439 716,399"/></Shape>
<TextLine HEIGHT="43" WIDTH="142" VPOS="394" HPOS="719"><String STYLE="bold" STYLEREFS="font5" WC="0.75" CONTENT="die" HEIGHT="29" WIDTH="42" VPOS="399" HPOS="719"/><SP WIDTH="9" VPOS="397" HPOS="761"/><String STYLE="bold" STYLEREFS="font5" WC="0.4740000069" CONTENT="Hütte" HEIGHT="43" WIDTH="91" VPOS="394" HPOS="770"/></TextLine>
</TextBlock>
<TextBlock ID="Page1_Block30" HEIGHT="41" WIDTH="124" VPOS="396" HPOS="935" language="de"><Shape><Polygon POINTS="941,399 1064,399 1064,439 941,439 941,399"/></Shape>
<TextLine HEIGHT="20" WIDTH="63" VPOS="410" HPOS="986"><String STYLE="bold" STYLEREFS="font5" WC="0.2300000042" CONTENT="2" HEIGHT="19" WIDTH="17" VPOS="410" HPOS="986"/><SP WIDTH="6" VPOS="410" HPOS="1003"/><String STYLE="bold" STYLEREFS="font5" WC="0.2649999857" CONTENT="00" HEIGHT="19" WIDTH="39" VPOS="410" HPOS="1010"/></TextLine>
</TextBlock>
<TextBlock ID="Page1_Block31" HEIGHT="45" WIDTH="249" VPOS="424" HPOS="28" language="de"><Shape><Polygon POINTS="34,439 283,439 283,481 34,481 34,439"/></Shape>
<TextLine HEIGHT="44" WIDTH="62" VPOS="422" HPOS="70"><String STYLE="bold" STYLEREFS="font5" WC="0.2975000143" CONTENT="hoch" HEIGHT="44" WIDTH="62" VPOS="422" HPOS="70"/></TextLine>
</TextBlock>
<TextBlock ID="Page1_Block32" HEIGHT="43" WIDTH="88" VPOS="427" HPOS="277" language="de"><Shape><Polygon POINTS="283,439 371,439 371,481 283,481 283,439"/></Shape>
<TextLine HEIGHT="32" WIDTH="35" VPOS="438" HPOS="323"><String STYLE="bold" STYLEREFS="font5" WC="0.1899999976" CONTENT="36" HEIGHT="32" WIDTH="35" VPOS="438" HPOS="323"/></TextLine>
</TextBlock>
<TextBlock ID="Page1_Block33" HEIGHT="46" WIDTH="259" VPOS="428" HPOS="365" language="de"><Shape><Polygon POINTS="371,439 630,439 630,481 371,481 371,439"/></Shape>
<TextLine HEIGHT="39" WIDTH="157" VPOS="434" HPOS="373"><String STYLE="bold" STYLEREFS="font5" WC="0.5124999881" CONTENT="das." HEIGHT="30" WIDTH="56" VPOS="438" HPOS="373"/><SP WIDTH="6" VPOS="434" HPOS="430"/><String STYLE="bold" STYLEREFS="font5" WC="0.4440000057" CONTENT="Honig" HEIGHT="39" WIDTH="93" VPOS="434" HPOS="437"/></TextLine>
</TextBlock>
<TextBlock ID="Page1_Block34" HEIGHT="43" WIDTH="86" VPOS="432" HPOS="624" language="de"><Shape><Polygon POINTS="630,439 716,439 716,481 630,481 630,439"/></Shape>
<TextLine HEIGHT="36" WIDTH="37" VPOS="438" HPOS="666"><String STYLE="italics" STYLEREFS="font4" WC="0.4099999964" CONTENT="9" HEIGHT="27" WIDTH="17" VPOS="446" HPOS="666"/><SP WIDTH="3" VPOS="438" HPOS="684"/><String STYLE="superscript italics" STYLEREFS="font3" WC="0.3600000143" CONTENT="6" HEIGHT="26" WIDTH="15" VPOS="438" HPOS="688"/></TextLine>
</TextBlock>
<TextBlock ID="Page1_Block35" HEIGHT="45" WIDTH="225" VPOS="433" HPOS="710" language="de"><Shape><Polygon POINTS="716,439 941,439 941,481 716,481 716,439"/></Shape>
<TextLine HEIGHT="43" WIDTH="193" VPOS="435" HPOS="718"><String STYLE="bold" STYLEREFS="font5" WC="0.2566666603" CONTENT="Sie" HEIGHT="31" WIDTH="42" VPOS="440" HPOS="718"/><SP WIDTH="11" VPOS="438" HPOS="761"/><String STYLE="bold" STYLEREFS="font5" WC="0.4333333373" CONTENT="tzyacinkh" HEIGHT="42" WIDTH="138" VPOS="436" HPOS="773"/></TextLine>
</TextBlock>
<TextBlock ID="Page1_Block36" HEIGHT="43" WIDTH="123" VPOS="436" HPOS="935" language="de"><Shape><Polygon POINTS="941,439 1064,439 1064,481 941,481 941,439"/></Shape>
<TextLine HEIGHT="36" WIDTH="89" VPOS="444" HPOS="958"><String STYLE="bold" STYLEREFS="font5" WC="0.5440000296" CONTENT="48-58" HEIGHT="36" WIDTH="89" VPOS="444" HPOS="958"/></TextLine>
</TextBlock>
<TextBlock ID="Page1_Block37" HEIGHT="96" WIDTH="338" VPOS="466" HPOS="27" language="de"><Shape><Polygon POINTS="34,481 371,481 371,573 34,573 34,481"/></Shape>
<TextLine HEIGHT="48" WIDTH="288" VPOS="467" HPOS="69"><String STYLE="bold" STYLEREFS="font5" WC="0.423999995" CONTENT="hochbciiig" HEIGHT="47" WIDTH="148" VPOS="467" HPOS="69"/><SP WIDTH="81" VPOS="481" HPOS="217"/><String STYLE="bold" STYLEREFS="font5" WC="0.3199999928" CONTENT="59°" HEIGHT="33" WIDTH="59" VPOS="482" HPOS="298"/></TextLine>
<TextLine HEIGHT="52" WIDTH="319" VPOS="505" HPOS="37"><String STYLE="bold" STYLEREFS="font5" WC="1." CONTENT="&lt;" HEIGHT="18" WIDTH="13" VPOS="535" HPOS="37"/><SP WIDTH="15" VPOS="506" HPOS="51"/><String STYLE="bold" STYLEREFS="font5" WC="0.4514285624" CONTENT="höchste" HEIGHT="49" WIDTH="97" VPOS="506" HPOS="67"/><SP WIDTH="59" VPOS="524" HPOS="165"/><String STYLE="bold" STYLEREFS="font5" WC="0.3371428549" CONTENT="482.558" HEIGHT="31" WIDTH="131" VPOS="524" HPOS="225"/></TextLine>
</TextBlock>
<TextBlock ID="Page1_Block38" HEIGHT="96" WIDTH="260" VPOS="470" HPOS="364" language="de"><Shape><Polygon POINTS="371,481 630,481 630,573 371,573 371,481"/></Shape>
<TextLine HEIGHT="43" WIDTH="207" VPOS="473" HPOS="373"><String STYLE="bold" STYLEREFS="font5" WC="0.5" CONTENT="der" HEIGHT="30" WIDTH="46" VPOS="477" HPOS="373"/><SP WIDTH="9" VPOS="476" HPOS="419"/><String STYLE="bold" STYLEREFS="font5" WC="0.5487499833" CONTENT="Hsnigbau" HEIGHT="43" WIDTH="152" VPOS="473" HPOS="428"/></TextLine>
<TextLine HEIGHT="45" WIDTH="230" VPOS="514" HPOS="372"><String STYLE="bold" STYLEREFS="font5" WC="0.3033333421" CONTENT="der" HEIGHT="32" WIDTH="46" VPOS="518" HPOS="372"/><SP WIDTH="7" VPOS="517" HPOS="419"/><String STYLE="bold" STYLEREFS="font5" WC="0.40200001" CONTENT="Honigkuche" HEIGHT="45" WIDTH="175" VPOS="514" HPOS="427"/></TextLine>
</TextBlock>
<TextBlock ID="Page1_Block39" HEIGHT="93" WIDTH="87" VPOS="474" HPOS="623" language="de"><Shape><Polygon POINTS="630,481 716,481 716,573 630,573 630,481"/></Shape>
<TextLine HEIGHT="29" WIDTH="55" VPOS="483" HPOS="647"><String STYLE="bold" STYLEREFS="font5" WC="0.2800000012" CONTENT="18«" HEIGHT="29" WIDTH="55" VPOS="483" HPOS="647"/></TextLine>
<TextLine HEIGHT="28" WIDTH="54" VPOS="525" HPOS="647"><String STYLE="bold" STYLEREFS="font5" WC="0.4799999893" CONTENT="188" HEIGHT="28" WIDTH="54" VPOS="525" HPOS="647"/></TextLine>
</TextBlock>
<TextBlock ID="Page1_Block40" HEIGHT="94" WIDTH="226" VPOS="475" HPOS="709" language="de"><Shape><Polygon POINTS="716,481 941,481 941,573 716,573 716,481"/></Shape>
<TextLine HEIGHT="39" WIDTH="36" VPOS="479" HPOS="865"><String STYLE="bold" STYLEREFS="font5" WC="0.6100000143" CONTENT="2-" HEIGHT="39" WIDTH="36" VPOS="479" HPOS="865"/></TextLine>
<TextLine HEIGHT="45" WIDTH="44" VPOS="520" HPOS="716"><String STYLE="bold" STYLEREFS="font5" WC="0.4900000095" CONTENT="ja," HEIGHT="45" WIDTH="44" VPOS="520" HPOS="716"/></TextLine>
</TextBlock>
<TextBlock ID="Page1_Block41" HEIGHT="93" WIDTH="124" VPOS="478" HPOS="934" language="de"><Shape><Polygon POINTS="941,481 1064,481 1064,573 941,573 941,481"/></Shape>
<TextLine HEIGHT="29" WIDTH="58" VPOS="532" HPOS="981"><String STYLEREFS="font3" WC="0.2800000012" CONTENT="4" HEIGHT="25" WIDTH="19" VPOS="535" HPOS="981"/><String STYLE="bold" STYLEREFS="font5" WC="0.625" CONTENT="°S" HEIGHT="26" WIDTH="36" VPOS="532" HPOS="1003"/></TextLine>
</TextBlock></ComposedBlock>
<TextBlock ID="Page1_Block42" HEIGHT="28" WIDTH="55" VPOS="563" HPOS="304" language="de" STYLEREFS="font4"><Shape><Polygon POINTS="312,574 366,574 366,602 312,602 312,574"/></Shape>
<TextLine HEIGHT="20" WIDTH="34" VPOS="569" HPOS="321"><String WC="0.2199999988" CONTENT="!" HEIGHT="19" WIDTH="8" VPOS="569" HPOS="321"/><SP WIDTH="10" VPOS="569" HPOS="329"/><String STYLEREFS="font3" WC="0.2099999934" CONTENT="2" HEIGHT="19" WIDTH="16" VPOS="570" HPOS="339"/></TextLine>
</TextBlock>
<TextBlock ID="Page1_Block43" HEIGHT="411" WIDTH="554" VPOS="569" HPOS="10" language="de" STYLEREFS="font5"><Shape><Polygon POINTS="20,584 238,584 238,600 540,600 540,638 558,638 558,766 574,766 574,988 368,988 368,946 292,946 292,860 30,860 30,820 20,820 20,584"/></Shape>
<TextLine HEIGHT="60" WIDTH="423" VPOS="591" HPOS="104"><String WC="0.3628571332" CONTENT="höchste" HEIGHT="47" WIDTH="98" VPOS="591" HPOS="104"/><SP WIDTH="34" VPOS="598" HPOS="203"/><String WC="0.4289999902" CONTENT="Kriegender" HEIGHT="51" WIDTH="179" VPOS="599" HPOS="238"/><SP WIDTH="9" VPOS="600" HPOS="418"/><String WC="0.4883333445" CONTENT="Hopffe" HEIGHT="41" WIDTH="99" VPOS="599" HPOS="428"/></TextLine>
<TextLine HEIGHT="47" WIDTH="374" VPOS="638" HPOS="119"><String WC="0.2720000148" CONTENT="Haupt" HEIGHT="43" WIDTH="85" VPOS="638" HPOS="119"/><SP WIDTH="94" VPOS="644" HPOS="204"/><String WC="0." CONTENT="5" HEIGHT="27" WIDTH="12" VPOS="651" HPOS="298"/><String STYLEREFS="font3" WC="0.2949999869" CONTENT="54" HEIGHT="26" WIDTH="36" VPOS="652" HPOS="319"/><String WC="0.25" CONTENT="/" HEIGHT="31" WIDTH="5" VPOS="652" HPOS="359"/><SP WIDTH="45" VPOS="641" HPOS="364"/><String WC="0.2599999905" CONTENT="hören" HEIGHT="37" WIDTH="84" VPOS="642" HPOS="409"/></TextLine>
<TextLine HEIGHT="55" WIDTH="519" VPOS="671" HPOS="27"><String WC="0.2700000107" CONTENT="®" HEIGHT="24" WIDTH="15" VPOS="671" HPOS="27"/><String STYLE="superscript" WC="0.5649999976" CONTENT="lf" HEIGHT="26" WIDTH="20" VPOS="676" HPOS="46"/><SP WIDTH="6" VPOS="674" HPOS="67"/><String WC="0.3874999881" CONTENT="Hochzeit" HEIGHT="47" WIDTH="128" VPOS="674" HPOS="74"/><SP WIDTH="18" VPOS="687" HPOS="203"/><String WC="0.5062500238" CONTENT="4&gt;-r.y74" HEIGHT="30" WIDTH="132" VPOS="691" HPOS="222"/><SP WIDTH="12" VPOS="682" HPOS="355"/><String WC="0.5133333206" CONTENT="der" HEIGHT="34" WIDTH="46" VPOS="682" HPOS="368"/><SP WIDTH="9" VPOS="685" HPOS="415"/><String WC="0.6439999938" CONTENT="HoriM" HEIGHT="41" WIDTH="121" VPOS="684" HPOS="425"/></TextLine>
<TextLine HEIGHT="55" WIDTH="474" VPOS="711" HPOS="26"><String WC="0.5400000215" CONTENT="®" HEIGHT="26" WIDTH="15" VPOS="711" HPOS="27"/><String STYLE="superscript" WC="0.4250000119" CONTENT="ei" HEIGHT="25" WIDTH="19" VPOS="718" HPOS="46"/><SP WIDTH="14" VPOS="716" HPOS="65"/><String WC="0.2683333457" CONTENT="Hocker" HEIGHT="42" WIDTH="102" VPOS="716" HPOS="79"/><SP WIDTH="112" VPOS="732" HPOS="181"/><String WC="0.2933333218" CONTENT="172" HEIGHT="29" WIDTH="56" VPOS="735" HPOS="293"/><SP WIDTH="16" VPOS="728" HPOS="349"/><String WC="0.3625000119" CONTENT="Otis" HEIGHT="29" WIDTH="53" VPOS="728" HPOS="365"/><SP WIDTH="9" VPOS="731" HPOS="418"/><String WC="0.6100000143" CONTENT="*" HEIGHT="9" WIDTH="6" VPOS="731" HPOS="428"/><SP WIDTH="17" VPOS="731" HPOS="434"/><String WC="0.2566666603" CONTENT="vrn" HEIGHT="24" WIDTH="49" VPOS="733" HPOS="451"/></TextLine>
<TextLine HEIGHT="50" WIDTH="519" VPOS="757" HPOS="27"><String WC="1." CONTENT="“" HEIGHT="21" WIDTH="13" VPOS="757" HPOS="27"/><String STYLE="superscript" WC="0.2399999946" CONTENT="e" HEIGHT="25" WIDTH="11" VPOS="758" HPOS="44"/><String WC="0.5699999928" CONTENT="t&apos;" HEIGHT="23" WIDTH="11" VPOS="763" HPOS="59"/><SP WIDTH="12" VPOS="759" HPOS="71"/><String WC="0.3133333325" CONTENT="Hof" HEIGHT="41" WIDTH="57" VPOS="759" HPOS="84"/><SP WIDTH="150" VPOS="763" HPOS="142"/><String WC="0.7233333588" CONTENT="»76" HEIGHT="34" WIDTH="58" VPOS="770" HPOS="293"/><SP WIDTH="11" VPOS="767" HPOS="352"/><String WC="0.2466666698" CONTENT="die" HEIGHT="32" WIDTH="43" VPOS="767" HPOS="364"/><SP WIDTH="9" VPOS="766" HPOS="408"/><String WC="0.5437499881" CONTENT="Hornisse" HEIGHT="44" WIDTH="128" VPOS="763" HPOS="418"/></TextLine>
<TextLine HEIGHT="52" WIDTH="427" VPOS="799" HPOS="78"><String WC="0.3779999912" CONTENT="Hefjuliker" HEIGHT="48" WIDTH="150" VPOS="800" HPOS="78"/><SP WIDTH="61" VPOS="814" HPOS="228"/><String WC="0.5685714483" CONTENT="542!dic" HEIGHT="45" WIDTH="117" VPOS="802" HPOS="289"/><SP WIDTH="10" VPOS="808" HPOS="406"/><String WC="0.2939999998" CONTENT="Hosen" HEIGHT="40" WIDTH="89" VPOS="807" HPOS="416"/></TextLine>
<TextLine HEIGHT="47" WIDTH="194" VPOS="844" HPOS="288"><String STYLEREFS="font3" WC="0.25" CONTENT="44" HEIGHT="28" WIDTH="41" VPOS="859" HPOS="288"/><String STYLEREFS="font4" WC="0.4074999988" CONTENT="icherHoy" HEIGHT="46" WIDTH="149" VPOS="845" HPOS="333"/></TextLine>
<TextLine HEIGHT="49" WIDTH="197" VPOS="888" HPOS="287"><String WC="0.8600000143" CONTENT="5" HEIGHT="26" WIDTH="16" VPOS="901" HPOS="287"/><SP WIDTH="5" VPOS="902" HPOS="303"/><String WC="0.5033333302" CONTENT="4-1" HEIGHT="35" WIDTH="47" VPOS="900" HPOS="308"/><SP WIDTH="5" VPOS="892" HPOS="355"/><String WC="0.2733333409" CONTENT="der" HEIGHT="31" WIDTH="48" VPOS="892" HPOS="360"/><SP WIDTH="9" VPOS="892" HPOS="408"/><String WC="0.349999994" CONTENT="Huf" HEIGHT="42" WIDTH="67" VPOS="890" HPOS="417"/></TextLine>
<TextLine HEIGHT="46" WIDTH="186" VPOS="929" HPOS="361"><String WC="0.3672727346" CONTENT="SasHufeisen" HEIGHT="46" WIDTH="186" VPOS="929" HPOS="361"/></TextLine>
</TextBlock>
<TextBlock ID="Page1_Block44" HEIGHT="307" WIDTH="239" VPOS="829" HPOS="2" language="de" STYLEREFS="font5"><Shape><Polygon POINTS="56,844 164,844 164,882 252,882 252,1148 16,1148 16,882 56,882 56,844"/></Shape>
<TextLine HEIGHT="49" WIDTH="127" VPOS="834" HPOS="24"><String STYLEREFS="font4" WC="0.2199999988" CONTENT="-" HEIGHT="7" WIDTH="6" VPOS="869" HPOS="24"/><SP WIDTH="29" VPOS="836" HPOS="31"/><String STYLEREFS="font4" WC="0.2800000012" CONTENT="höflich" HEIGHT="48" WIDTH="90" VPOS="835" HPOS="61"/></TextLine>
<TextLine HEIGHT="43" WIDTH="156" VPOS="882" HPOS="54"><String STYLEREFS="font4" WC="0.3433333337" CONTENT="iHof&apos;nann" HEIGHT="43" WIDTH="156" VPOS="882" HPOS="54"/></TextLine>
<TextLine HEIGHT="50" WIDTH="216" VPOS="919" HPOS="22"><String WC="0.4966666698" CONTENT="®&apos;r" HEIGHT="34" WIDTH="42" VPOS="919" HPOS="22"/><SP WIDTH="8" VPOS="924" HPOS="65"/><String WC="0.3930000067" CONTENT="Hofmeister" HEIGHT="45" WIDTH="164" VPOS="924" HPOS="74"/></TextLine>
<TextLine HEIGHT="48" WIDTH="177" VPOS="958" HPOS="19"><String WC="0.3333333433" CONTENT="®cr" HEIGHT="36" WIDTH="46" VPOS="958" HPOS="19"/><SP WIDTH="10" VPOS="968" HPOS="65"/><String WC="0.4314285815" CONTENT="Hofnarr" HEIGHT="38" WIDTH="121" VPOS="968" HPOS="75"/></TextLine>
<TextLine HEIGHT="46" WIDTH="158" VPOS="999" HPOS="19"><String STYLEREFS="font4" WC="0.4099999964" CONTENT="die.Hofstat" HEIGHT="46" WIDTH="158" VPOS="999" HPOS="19"/></TextLine>
<TextLine HEIGHT="39" WIDTH="106" VPOS="1048" HPOS="53"><String WC="0.3371428549" CONTENT="hoffend" HEIGHT="39" WIDTH="106" VPOS="1048" HPOS="53"/></TextLine>
<TextLine HEIGHT="53" WIDTH="212" VPOS="1078" HPOS="19" STYLEREFS="font4"><String WC="0.3166666627" CONTENT="die" HEIGHT="43" WIDTH="38" VPOS="1078" HPOS="19"/><SP WIDTH="36" VPOS="1088" HPOS="58"/><String WC="0.4537500143" CONTENT="Hoffnung" HEIGHT="43" WIDTH="136" VPOS="1088" HPOS="95"/></TextLine>
</TextBlock>
<TextBlock ID="Page1_Block45" HEIGHT="743" WIDTH="341" VPOS="549" HPOS="364" language="de"><Shape><Polygon POINTS="372,560 590,560 590,568 710,568 710,614 712,614 712,642 708,642 708,682 706,682 706,864 716,864 716,900 710,900 710,942 704,942 704,1064 708,1064 708,1100 710,1100 710,1132 706,1132 706,1298 656,1298 656,1264 634,1264 634,906 570,906 570,616 372,616 372,560"/></Shape>
<TextLine HEIGHT="46" WIDTH="329" VPOS="557" HPOS="370" STYLEREFS="font4"><String WC="0.5083333254" CONTENT="deiHonigseim" HEIGHT="44" WIDTH="211" VPOS="557" HPOS="370"/><SP WIDTH="65" VPOS="567" HPOS="581"/><String WC="0.3033333421" CONTENT="188" HEIGHT="28" WIDTH="53" VPOS="567" HPOS="646"/></TextLine>
<TextLine HEIGHT="21" WIDTH="57" VPOS="613" HPOS="642" STYLEREFS="font7"><String STYLEREFS="font3" WC="0.4199999869" CONTENT="2" HEIGHT="16" WIDTH="14" VPOS="614" HPOS="642"/><SP WIDTH="5" VPOS="614" HPOS="657"/><String STYLEREFS="font3" WC="0.1199999973" CONTENT="3" HEIGHT="18" WIDTH="14" VPOS="615" HPOS="663"/><String STYLEREFS="font4" WC="0.7200000286" CONTENT="«" HEIGHT="15" WIDTH="16" VPOS="613" HPOS="683"/></TextLine>
<TextLine HEIGHT="29" WIDTH="58" VPOS="645" HPOS="640" STYLEREFS="font7"><String STYLE="italics" WC="0.5099999905" CONTENT="l6i" HEIGHT="29" WIDTH="58" VPOS="645" HPOS="640"/></TextLine>
<TextLine HEIGHT="31" WIDTH="57" VPOS="690" HPOS="637" STYLEREFS="font4"><String STYLE="italics" WC="2.500000037e-002" CONTENT="39" HEIGHT="27" WIDTH="37" VPOS="693" HPOS="637"/><String STYLE="italics" STYLEREFS="font3" WC="0.1700000018" CONTENT="$" HEIGHT="26" WIDTH="12" VPOS="690" HPOS="682"/></TextLine>
<TextLine HEIGHT="32" WIDTH="126" VPOS="724" HPOS="566" STYLEREFS="font3"><String STYLE="italics" WC="0.5471428633" CONTENT="116.112" HEIGHT="32" WIDTH="126" VPOS="724" HPOS="566"/></TextLine>
<TextLine HEIGHT="35" WIDTH="37" VPOS="774" HPOS="654"><String STYLE="italics" STYLEREFS="font4" WC="1." CONTENT="9" HEIGHT="29" WIDTH="19" VPOS="779" HPOS="654"/><SP WIDTH="4" VPOS="774" HPOS="674"/><String STYLE="bold" STYLEREFS="font5" WC="0.25" CONTENT="S" HEIGHT="29" WIDTH="12" VPOS="774" HPOS="679"/></TextLine>
<TextLine HEIGHT="28" WIDTH="60" VPOS="821" HPOS="634" STYLEREFS="font0"><String STYLE="bold" WC="0.2866666615" CONTENT="340" HEIGHT="28" WIDTH="60" VPOS="821" HPOS="634"/></TextLine>
<TextLine HEIGHT="29" WIDTH="69" VPOS="863" HPOS="633" STYLEREFS="font4"><String WC="0.4050000012" CONTENT="354;" HEIGHT="29" WIDTH="69" VPOS="863" HPOS="633"/></TextLine>
<TextLine HEIGHT="28" WIDTH="62" VPOS="904" HPOS="633" STYLEREFS="font4"><String STYLEREFS="font2" WC="0.3633333445" CONTENT="344" HEIGHT="28" WIDTH="62" VPOS="904" HPOS="633"/></TextLine>
<TextLine HEIGHT="29" WIDTH="56" VPOS="937" HPOS="633" STYLEREFS="font3"><String STYLE="italics" WC="0.2066666633" CONTENT="266" HEIGHT="29" WIDTH="56" VPOS="937" HPOS="633"/></TextLine>
<TextLine HEIGHT="33" WIDTH="58" VPOS="983" HPOS="631" STYLEREFS="font3"><String WC="0.473333329" CONTENT="1.4" HEIGHT="29" WIDTH="38" VPOS="987" HPOS="631"/><SP WIDTH="7" VPOS="983" HPOS="669"/><String WC="0.2800000012" CONTENT="8" HEIGHT="27" WIDTH="13" VPOS="983" HPOS="676"/></TextLine>
<TextLine HEIGHT="27" WIDTH="59" VPOS="1022" HPOS="630" STYLEREFS="font2"><String WC="0.3833333254" CONTENT="160" HEIGHT="27" WIDTH="59" VPOS="1022" HPOS="630"/></TextLine>
<TextLine HEIGHT="26" WIDTH="64" VPOS="1098" HPOS="628"><String STYLEREFS="font3" WC="0.150000006" CONTENT="£6" HEIGHT="25" WIDTH="39" VPOS="1098" HPOS="628"/><SP WIDTH="4" VPOS="1098" HPOS="668"/><String STYLEREFS="font4" WC="0.349999994" CONTENT="2/" HEIGHT="17" WIDTH="19" VPOS="1106" HPOS="673"/></TextLine>
<TextLine HEIGHT="18" WIDTH="37" VPOS="1144" HPOS="648"><String STYLE="bold" STYLEREFS="font5" WC="0.7350000143" CONTENT="22" HEIGHT="18" WIDTH="37" VPOS="1144" HPOS="648"/></TextLine>
<TextLine HEIGHT="29" WIDTH="59" VPOS="1182" HPOS="626"><String STYLEREFS="font2" WC="0.3366666734" CONTENT="320" HEIGHT="29" WIDTH="59" VPOS="1182" HPOS="626"/></TextLine>
<TextLine HEIGHT="27" WIDTH="62" VPOS="1226" HPOS="625"><String STYLE="bold" STYLEREFS="font5" WC="0.3166666627" CONTENT="244" HEIGHT="27" WIDTH="62" VPOS="1226" HPOS="625"/></TextLine>
<TextLine HEIGHT="28" WIDTH="39" VPOS="1260" HPOS="645"><String STYLEREFS="font3" WC="0.3849999905" CONTENT="66" HEIGHT="28" WIDTH="39" VPOS="1260" HPOS="645"/></TextLine>
</TextBlock>
<TextBlock ID="Page1_Block46" HEIGHT="332" WIDTH="317" VPOS="566" HPOS="746" language="de" STYLEREFS="font0"><Shape><Polygon POINTS="754,572 1070,572 1070,900 990,900 990,862 984,862 984,662 754,662 754,572"/></Shape>
<TextLine HEIGHT="36" WIDTH="297" VPOS="566" HPOS="749" STYLEREFS="font5"><String WC="0.1400000006" CONTENT="jagen" HEIGHT="33" WIDTH="81" VPOS="566" HPOS="749"/><SP WIDTH="156" VPOS="569" HPOS="830"/><String WC="0.226666674" CONTENT="204" HEIGHT="29" WIDTH="60" VPOS="573" HPOS="986"/></TextLine>
<TextLine HEIGHT="47" WIDTH="292" VPOS="598" HPOS="753" STYLEREFS="font5"><String WC="0.2633333206" CONTENT="vor" HEIGHT="29" WIDTH="48" VPOS="607" HPOS="753"/><SP WIDTH="22" VPOS="601" HPOS="802"/><String WC="0.4149999917" CONTENT="sich" HEIGHT="43" WIDTH="45" VPOS="600" HPOS="825"/><SP WIDTH="23" VPOS="600" HPOS="871"/><String WC="0.3633333445" CONTENT="her" HEIGHT="43" WIDTH="47" VPOS="600" HPOS="895"/><SP WIDTH="20" VPOS="604" HPOS="943"/><String WC="0.3000000119" CONTENT="jagen" HEIGHT="41" WIDTH="81" VPOS="604" HPOS="964"/></TextLine>
<TextLine HEIGHT="36" WIDTH="59" VPOS="649" HPOS="984"><String STYLEREFS="font4" WC="0.2199999988" CONTENT="Z" HEIGHT="26" WIDTH="12" VPOS="658" HPOS="984"/><SP WIDTH="9" VPOS="658" HPOS="996"/><String STYLEREFS="font3" WC="0.150000006" CONTENT="2" HEIGHT="19" WIDTH="14" VPOS="659" HPOS="1005"/><SP WIDTH="7" VPOS="650" HPOS="1019"/><String STYLEREFS="font3" WC="0.1400000006" CONTENT="4" HEIGHT="27" WIDTH="17" VPOS="650" HPOS="1026"/></TextLine>
<TextLine HEIGHT="25" WIDTH="60" VPOS="699" HPOS="982"><String STYLE="bold" WC="0.1633333266" CONTENT="304" HEIGHT="25" WIDTH="60" VPOS="699" HPOS="982"/></TextLine>
<TextLine HEIGHT="31" WIDTH="63" VPOS="738" HPOS="980"><String STYLEREFS="font3" WC="0.5866666436" CONTENT="574" HEIGHT="31" WIDTH="63" VPOS="738" HPOS="980"/></TextLine>
<TextLine HEIGHT="30" WIDTH="60" VPOS="773" HPOS="982" STYLEREFS="font0"><String STYLE="bold" WC="0.349999994" CONTENT="20(5" HEIGHT="30" WIDTH="60" VPOS="773" HPOS="982"/></TextLine>
<TextLine HEIGHT="21" WIDTH="60" VPOS="824" HPOS="981" STYLEREFS="font0"><String STYLE="bold" STYLEREFS="font5" WC="0.25" CONTENT="2" HEIGHT="18" WIDTH="16" VPOS="826" HPOS="981"/><SP WIDTH="6" VPOS="825" HPOS="997"/><String STYLEREFS="font3" WC="0.2649999857" CONTENT="04" HEIGHT="20" WIDTH="38" VPOS="824" HPOS="1003"/></TextLine>
<TextLine HEIGHT="35" WIDTH="57" VPOS="861" HPOS="984" STYLEREFS="font3"><String WC="0.6050000191" CONTENT="58" HEIGHT="31" WIDTH="34" VPOS="865" HPOS="984"/><String STYLEREFS="font4" WC="0.6200000048" CONTENT="»" HEIGHT="22" WIDTH="17" VPOS="862" HPOS="1024"/></TextLine>
</TextBlock>
<TextBlock ID="Page1_Block47" HEIGHT="235" WIDTH="251" VPOS="934" HPOS="259" language="de" STYLEREFS="font3"><Shape><Polygon POINTS="274,946 340,946 340,974 522,974 522,1028 360,1028 360,1060 362,1060 362,1102 356,1102 356,1134 358,1134 358,1180 274,1180 274,946"/></Shape>
<TextLine HEIGHT="33" WIDTH="222" VPOS="941" HPOS="288"><String STYLEREFS="font3" WC="0.7250000238" CONTENT="54" HEIGHT="31" WIDTH="38" VPOS="941" HPOS="288"/><SP WIDTH="23" VPOS="944" HPOS="327"/><String STYLE="bold" STYLEREFS="font5" WC="0.6200000048" CONTENT="," HEIGHT="8" WIDTH="2" VPOS="963" HPOS="351"/><SP WIDTH="151" VPOS="963" HPOS="354"/><String STYLE="bold" STYLEREFS="font5" WC="1." CONTENT="," HEIGHT="9" WIDTH="4" VPOS="965" HPOS="506"/></TextLine>
<TextLine HEIGHT="42" WIDTH="207" VPOS="972" HPOS="288" STYLEREFS="font6"><String STYLEREFS="font2" WC="0.2399999946" CONTENT="544" HEIGHT="26" WIDTH="58" VPOS="984" HPOS="288"/><SP WIDTH="12" VPOS="980" HPOS="346"/><String STYLE="bold" STYLEREFS="font2" WC="0.3100000024" CONTENT="Vie" HEIGHT="26" WIDTH="43" VPOS="980" HPOS="358"/><SP WIDTH="10" VPOS="977" HPOS="401"/><String WC="0.523999989" CONTENT="Hüfft" HEIGHT="40" WIDTH="84" VPOS="974" HPOS="411"/></TextLine>
<TextLine HEIGHT="26" WIDTH="59" VPOS="1021" HPOS="286" STYLEREFS="font6"><String STYLEREFS="font3" WC="0.5950000286" CONTENT="54" HEIGHT="26" WIDTH="39" VPOS="1021" HPOS="286"/><String STYLEREFS="font4" WC="1." CONTENT="«" HEIGHT="16" WIDTH="17" VPOS="1023" HPOS="328"/></TextLine>
<TextLine HEIGHT="31" WIDTH="63" VPOS="1055" HPOS="280" STYLEREFS="font5"><String WC="0.1966666728" CONTENT="446" HEIGHT="31" WIDTH="63" VPOS="1055" HPOS="280"/></TextLine>
<TextLine HEIGHT="27" WIDTH="53" VPOS="1093" HPOS="287"><String STYLEREFS="font4" WC="0.3199999928" CONTENT="t" HEIGHT="23" WIDTH="11" VPOS="1095" HPOS="287"/><String WC="0.3100000024" CONTENT="6" HEIGHT="21" WIDTH="15" VPOS="1094" HPOS="306"/><String STYLEREFS="font4" WC="0.2399999946" CONTENT="g" HEIGHT="26" WIDTH="12" VPOS="1094" HPOS="328"/></TextLine>
<TextLine HEIGHT="35" WIDTH="59" VPOS="1129" HPOS="282"><String WC="0.4366666675" CONTENT="446" HEIGHT="35" WIDTH="59" VPOS="1129" HPOS="282"/></TextLine>
</TextBlock>
<TextBlock ID="Page1_Block48" HEIGHT="167" WIDTH="237" VPOS="1005" HPOS="350" language="de" STYLEREFS="font4"><Shape><Polygon POINTS="366,1016 600,1016 600,1180 406,1180 406,1104 364,1104 364,1056 366,1056 366,1016"/></Shape>
<TextLine HEIGHT="41" WIDTH="203" VPOS="1013" HPOS="359"><String WC="0.4900000095" CONTENT="bas" HEIGHT="29" WIDTH="48" VPOS="1017" HPOS="359"/><SP WIDTH="8" VPOS="1017" HPOS="408"/><String WC="0.2775000036" CONTENT="Hafstbem" HEIGHT="40" WIDTH="145" VPOS="1014" HPOS="417"/></TextLine>
<TextLine HEIGHT="42" WIDTH="149" VPOS="1049" HPOS="358"><String WC="0.4966666698" CONTENT="der" HEIGHT="29" WIDTH="47" VPOS="1055" HPOS="358"/><SP WIDTH="10" VPOS="1054" HPOS="405"/><String WC="0.4720000029" CONTENT="Hügel" HEIGHT="41" WIDTH="92" VPOS="1050" HPOS="415"/></TextLine>
<TextLine HEIGHT="42" WIDTH="173" VPOS="1089" HPOS="398"><String STYLE="bold" STYLEREFS="font5" WC="0.2619999945" CONTENT="durch" HEIGHT="37" WIDTH="80" VPOS="1089" HPOS="398"/><SP WIDTH="8" VPOS="1092" HPOS="479"/><String STYLE="bold" STYLEREFS="font5" WC="0.6779999733" CONTENT="Hniff" HEIGHT="39" WIDTH="83" VPOS="1092" HPOS="488"/></TextLine>
<TextLine HEIGHT="43" WIDTH="143" VPOS="1125" HPOS="396"><String WC="0.4462499917" CONTENT="m-kHülff" HEIGHT="43" WIDTH="143" VPOS="1125" HPOS="396"/></TextLine>
</TextBlock>
<TextBlock ID="Page1_Block49" HEIGHT="567" WIDTH="696" VPOS="1156" HPOS="0" language="de" STYLEREFS="font4"><Shape><Polygon POINTS="282,1168 540,1168 540,1296 700,1296 700,1312 712,1312 712,1600 702,1600 702,1718 668,1718 668,1730 304,1730 304,1694 16,1694 16,1204 282,1204 282,1168"/></Shape>
<TextLine HEIGHT="50" WIDTH="503" VPOS="1163" HPOS="20" STYLEREFS="font4"><String STYLE="italics" STYLEREFS="font1" WC="0.2300000042" CONTENT=".-ww" HEIGHT="20" WIDTH="129" VPOS="1189" HPOS="20"/><SP WIDTH="132" VPOS="1173" HPOS="150"/><String WC="0.5966666937" CONTENT=")A°" HEIGHT="34" WIDTH="58" VPOS="1174" HPOS="283"/><SP WIDTH="11" VPOS="1168" HPOS="342"/><String WC="0.2399999946" CONTENT="Öu»" HEIGHT="34" WIDTH="41" VPOS="1168" HPOS="354"/><SP WIDTH="11" VPOS="1170" HPOS="396"/><String WC="0.3971428573" CONTENT="Hulfter" HEIGHT="41" WIDTH="115" VPOS="1168" HPOS="408"/></TextLine>
<TextLine HEIGHT="62" WIDTH="474" VPOS="1196" HPOS="18" STYLEREFS="font4"><String WC="0.3799999952" CONTENT="d&gt;eHoioersiaude" HEIGHT="59" WIDTH="248" VPOS="1196" HPOS="18"/><SP WIDTH="35" VPOS="1219" HPOS="266"/><String WC="0.5233333111" CONTENT="7«!dle" HEIGHT="42" WIDTH="97" VPOS="1209" HPOS="301"/><SP WIDTH="12" VPOS="1211" HPOS="398"/><String WC="0.3000000119" CONTENT="Hüffe" HEIGHT="47" WIDTH="82" VPOS="1206" HPOS="410"/></TextLine>
<TextLine HEIGHT="54" WIDTH="447" VPOS="1247" HPOS="52" STYLEREFS="font4"><String WC="0.3922222257" CONTENT="bolöseeug" HEIGHT="48" WIDTH="148" VPOS="1249" HPOS="52"/><SP WIDTH="79" VPOS="1265" HPOS="201"/><String WC="0.5274999738" CONTENT="448&gt;ffie" HEIGHT="42" WIDTH="118" VPOS="1253" HPOS="281"/><SP WIDTH="8" VPOS="1254" HPOS="400"/><String WC="0.3880000114" CONTENT="Hülse" HEIGHT="44" WIDTH="90" VPOS="1251" HPOS="409"/></TextLine>
<TextLine HEIGHT="55" WIDTH="675" VPOS="1289" HPOS="18" STYLEREFS="font4"><String WC="0.5500000119" CONTENT="," HEIGHT="10" WIDTH="5" VPOS="1316" HPOS="18"/><SP WIDTH="28" VPOS="1289" HPOS="24"/><String WC="0.5533333421" CONTENT="hol" HEIGHT="38" WIDTH="45" VPOS="1290" HPOS="52"/><SP WIDTH="208" VPOS="1294" HPOS="97"/><String WC="0.4381818175" CONTENT="laldastzlilseichetreid" HEIGHT="50" WIDTH="316" VPOS="1293" HPOS="305"/><SP WIDTH="23" VPOS="1299" HPOS="621"/><String WC="0.3066666722" CONTENT="66!" HEIGHT="30" WIDTH="49" VPOS="1303" HPOS="644"/></TextLine>
<TextLine HEIGHT="63" WIDTH="676" VPOS="1326" HPOS="16"><String WC="0.5866666436" CONTENT="?«r" HEIGHT="46" WIDTH="47" VPOS="1326" HPOS="16"/><SP WIDTH="8" VPOS="1334" HPOS="64"/><String WC="0.4950000048" CONTENT="ho!eRad2" HEIGHT="44" WIDTH="146" VPOS="1334" HPOS="73"/><SP WIDTH="8" VPOS="1355" HPOS="220"/><String WC="0.3659999967" CONTENT="54.2§rIdle" HEIGHT="41" WIDTH="166" VPOS="1343" HPOS="229"/><SP WIDTH="11" VPOS="1344" HPOS="396"/><String WC="0.2566666603" CONTENT="Hummel" HEIGHT="45" WIDTH="135" VPOS="1339" HPOS="408"/><SP WIDTH="99" VPOS="1341" HPOS="544"/><String WC="0.8000000119" CONTENT="96/" HEIGHT="45" WIDTH="48" VPOS="1344" HPOS="644"/></TextLine>
<TextLine HEIGHT="59" WIDTH="674" VPOS="1371" HPOS="17"><String WC="0.3428571522" CONTENT="&quot;&apos;chvie" HEIGHT="42" WIDTH="109" VPOS="1371" HPOS="17"/><SP WIDTH="30" VPOS="1391" HPOS="126"/><String WC="0.4188235402" CONTENT="z6.isr.r44drrHund" HEIGHT="46" WIDTH="337" VPOS="1381" HPOS="157"/><SP WIDTH="122" VPOS="1385" HPOS="494"/><String WC="0.5400000215" CONTENT="L-rcst" HEIGHT="42" WIDTH="75" VPOS="1387" HPOS="616"/></TextLine>
<TextLine HEIGHT="61" WIDTH="663" VPOS="1413" HPOS="18"><String WC="1." CONTENT="&lt;." HEIGHT="20" WIDTH="22" VPOS="1437" HPOS="19"/><SP WIDTH="9" VPOS="1413" HPOS="42"/><String WC="0.3619999886" CONTENT="holen" HEIGHT="42" WIDTH="79" VPOS="1414" HPOS="52"/><SP WIDTH="12" VPOS="1426" HPOS="132"/><String WC="0.4799999893" CONTENT="lassen" HEIGHT="43" WIDTH="80" VPOS="1426" HPOS="144"/><SP WIDTH="54" VPOS="1432" HPOS="225"/><String WC="0.7733333111" CONTENT="50s" HEIGHT="30" WIDTH="56" VPOS="1436" HPOS="280"/><SP WIDTH="14" VPOS="1431" HPOS="337"/><String WC="0.3425000012" CONTENT="vasHündleiri" HEIGHT="46" WIDTH="196" VPOS="1422" HPOS="352"/><SP WIDTH="65" VPOS="1430" HPOS="549"/><String WC="0.474999994" CONTENT=".tüv" HEIGHT="34" WIDTH="66" VPOS="1431" HPOS="615"/></TextLine>
<TextLine HEIGHT="57" WIDTH="662" VPOS="1457" HPOS="19"><String WC="1." CONTENT="." HEIGHT="9" WIDTH="10" VPOS="1483" HPOS="19"/><SP WIDTH="14" VPOS="1458" HPOS="30"/><String WC="0.5849999785" CONTENT="^Hölle" HEIGHT="41" WIDTH="99" VPOS="1457" HPOS="44"/><SP WIDTH="62" VPOS="1474" HPOS="143"/><String WC="0.6100000143" CONTENT="^7:^98!" HEIGHT="38" WIDTH="140" VPOS="1472" HPOS="206"/><SP WIDTH="43" VPOS="1468" HPOS="347"/><String WC="0.4157142937" CONTENT="hundert" HEIGHT="42" WIDTH="117" VPOS="1466" HPOS="391"/><SP WIDTH="26" VPOS="1471" HPOS="508"/><String WC="0.6366666555" CONTENT="und" HEIGHT="36" WIDTH="54" VPOS="1464" HPOS="535"/><SP WIDTH="17" VPOS="1464" HPOS="589"/><String WC="0.3700000048" CONTENT="fünf-" HEIGHT="39" WIDTH="75" VPOS="1465" HPOS="606"/></TextLine>
<TextLine HEIGHT="55" WIDTH="584" VPOS="1502" HPOS="98"><String WC="0.3066666722" CONTENT="höllische" HEIGHT="50" WIDTH="120" VPOS="1502" HPOS="98"/><SP WIDTH="30" VPOS="1511" HPOS="218"/><String WC="0.6750000119" CONTENT="Feuer-" HEIGHT="39" WIDTH="99" VPOS="1511" HPOS="248"/><SP WIDTH="68" VPOS="1526" HPOS="348"/><String WC="0.6100000143" CONTENT="." HEIGHT="3" WIDTH="3" VPOS="1542" HPOS="417"/><SP WIDTH="29" VPOS="1517" HPOS="421"/><String WC="0.3059999943" CONTENT="zehen" HEIGHT="37" WIDTH="78" VPOS="1509" HPOS="451"/><SP WIDTH="86" VPOS="1513" HPOS="530"/><String WC="0.2800000012" CONTENT="404" HEIGHT="29" WIDTH="65" VPOS="1519" HPOS="617"/></TextLine>
<TextLine HEIGHT="51" WIDTH="658" VPOS="1540" HPOS="20"><String WC="0.25" CONTENT="i" HEIGHT="19" WIDTH="12" VPOS="1558" HPOS="20"/><SP WIDTH="38" VPOS="1558" HPOS="33"/><String WC="0.2399999946" CONTENT="," HEIGHT="10" WIDTH="10" VPOS="1574" HPOS="72"/><SP WIDTH="65" VPOS="1563" HPOS="83"/><String WC="1." CONTENT="-" HEIGHT="6" WIDTH="5" VPOS="1564" HPOS="149"/><SP WIDTH="194" VPOS="1548" HPOS="155"/><String WC="0.276666671" CONTENT="dei" HEIGHT="33" WIDTH="42" VPOS="1550" HPOS="350"/><SP WIDTH="12" VPOS="1545" HPOS="393"/><String WC="0.8149999976" CONTENT="H&gt;" HEIGHT="41" WIDTH="36" VPOS="1545" HPOS="405"/><SP WIDTH="11" VPOS="1556" HPOS="441"/><String WC="0.3312500119" CONTENT="nerqeyer" HEIGHT="35" WIDTH="126" VPOS="1552" HPOS="453"/><SP WIDTH="58" VPOS="1553" HPOS="580"/><String WC="0.5849999785" CONTENT="90" HEIGHT="31" WIDTH="38" VPOS="1559" HPOS="639"/></TextLine>
<TextLine HEIGHT="68" WIDTH="661" VPOS="1574" HPOS="19"><String WC="0.6433333158" CONTENT="^Hvltz" HEIGHT="62" WIDTH="118" VPOS="1574" HPOS="19"/><SP WIDTH="111" VPOS="1591" HPOS="137"/><String WC="0.6100000143" CONTENT="L&lt;" HEIGHT="27" WIDTH="32" VPOS="1600" HPOS="248"/><SP WIDTH="19" VPOS="1600" HPOS="280"/><String WC="0.2199999988" CONTENT="fL" HEIGHT="33" WIDTH="36" VPOS="1601" HPOS="299"/><SP WIDTH="14" VPOS="1592" HPOS="336"/><String WC="0.2866666615" CONTENT="der" HEIGHT="32" WIDTH="46" VPOS="1592" HPOS="351"/><SP WIDTH="8" VPOS="1589" HPOS="397"/><String WC="0.2988888919" CONTENT="Hnnerkorb" HEIGHT="45" WIDTH="159" VPOS="1586" HPOS="405"/><SP WIDTH="78" VPOS="1588" HPOS="564"/><String WC="0.7450000048" CONTENT="7s" HEIGHT="32" WIDTH="38" VPOS="1601" HPOS="642"/></TextLine>
<TextLine HEIGHT="60" WIDTH="639" VPOS="1620" HPOS="38"><String WC="0.5023809671" CONTENT="ff-&gt;ausgelvschlkHo.ij" HEIGHT="56" WIDTH="301" VPOS="1620" HPOS="38"/><SP WIDTH="52" VPOS="1631" HPOS="339"/><String WC="0.4071428478" CONTENT="Hunqarn" HEIGHT="40" WIDTH="133" VPOS="1632" HPOS="392"/><SP WIDTH="94" VPOS="1637" HPOS="526"/><String STYLE="italics" STYLEREFS="font1" WC="0.2833333313" CONTENT="42." HEIGHT="27" WIDTH="55" VPOS="1647" HPOS="621"/></TextLine>
<TextLine HEIGHT="49" WIDTH="199" VPOS="1669" HPOS="298" STYLEREFS="font4"><String WC="0.1199999973" CONTENT="24" HEIGHT="31" WIDTH="40" VPOS="1685" HPOS="298"/><SP WIDTH="52" VPOS="1670" HPOS="338"/><String WC="0.2849999964" CONTENT="hüpßen" HEIGHT="44" WIDTH="107" VPOS="1670" HPOS="390"/></TextLine>
</TextBlock>
<TextBlock ID="Page1_Block50" HEIGHT="110" WIDTH="335" VPOS="1693" HPOS="5" language="de" STYLEREFS="font4"><Shape><Polygon POINTS="28,1708 300,1708 300,1736 362,1736 362,1814 28,1814 28,1708"/></Shape>
<TextLine HEIGHT="49" WIDTH="138" VPOS="1710" HPOS="199"><String STYLE="bold" STYLEREFS="font5" WC="0.3179999888" CONTENT="Hvitz" HEIGHT="48" WIDTH="76" VPOS="1710" HPOS="199"/><SP WIDTH="25" VPOS="1719" HPOS="276"/><String STYLEREFS="font3" WC="0.1700000018" CONTENT="-4" HEIGHT="24" WIDTH="35" VPOS="1731" HPOS="302"/></TextLine>
<TextLine HEIGHT="52" WIDTH="292" VPOS="1748" HPOS="46"><String WC="1." CONTENT="b" HEIGHT="23" WIDTH="10" VPOS="1748" HPOS="47"/><SP WIDTH="12" VPOS="1748" HPOS="57"/><String WC="0.5619999766" CONTENT="Hv.Wt" HEIGHT="39" WIDTH="117" VPOS="1756" HPOS="69"/><SP WIDTH="91" VPOS="1760" HPOS="186"/><String WC="0.2300000042" CONTENT="Lchü" HEIGHT="38" WIDTH="61" VPOS="1762" HPOS="277"/></TextLine>
</TextBlock>
<TextBlock ID="Page1_Block51" HEIGHT="106" WIDTH="184" VPOS="1702" HPOS="347" language="de" STYLEREFS="font5"><Shape><Polygon POINTS="408,1712 552,1712 552,1816 370,1816 370,1762 408,1762 408,1712"/></Shape>
<TextLine HEIGHT="49" WIDTH="125" VPOS="1709" HPOS="391" STYLEREFS="font5"><String WC="0.2462500036" CONTENT="hüpffenö" HEIGHT="49" WIDTH="125" VPOS="1709" HPOS="391"/></TextLine>
<TextLine HEIGHT="45" WIDTH="131" VPOS="1758" HPOS="353"><String STYLE="bold" WC="0.5" CONTENT="die" HEIGHT="37" WIDTH="44" VPOS="1760" HPOS="353"/><SP WIDTH="8" VPOS="1759" HPOS="397"/><String STYLE="bold" WC="0.4149999917" CONTENT="Hure" HEIGHT="44" WIDTH="79" VPOS="1759" HPOS="405"/></TextLine>
</TextBlock>
<TextBlock ID="Page1_Block52" HEIGHT="1194" WIDTH="348" VPOS="660" HPOS="695" language="de" STYLEREFS="font5"><Shape><Polygon POINTS="704,666 944,666 944,886 1054,886 1054,1856 876,1856 876,1650 748,1650 748,1640 734,1640 734,896 712,896 712,706 704,706 704,666"/></Shape>
<TextLine HEIGHT="42" WIDTH="172" VPOS="682" HPOS="710" STYLEREFS="font5"><String WC="0.2399999946" CONTENT="der" HEIGHT="35" WIDTH="50" VPOS="682" HPOS="710"/><SP WIDTH="6" VPOS="685" HPOS="761"/><String WC="0.5666666627" CONTENT="Kläger" HEIGHT="39" WIDTH="96" VPOS="685" HPOS="768"/><SP WIDTH="14" VPOS="688" HPOS="865"/><String WC="0.9599999785" CONTENT="-" HEIGHT="4" WIDTH="2" VPOS="701" HPOS="880"/></TextLine>
<TextLine HEIGHT="43" WIDTH="180" VPOS="725" HPOS="707" STYLEREFS="font5"><String STYLE="bold" WC="0.7566666603" CONTENT="Sie" HEIGHT="30" WIDTH="43" VPOS="728" HPOS="707"/><SP WIDTH="9" VPOS="725" HPOS="750"/><String STYLE="bold" WC="0.4385714233" CONTENT="Jagerey" HEIGHT="43" WIDTH="128" VPOS="725" HPOS="759"/></TextLine>
<TextLine HEIGHT="44" WIDTH="222" VPOS="765" HPOS="707" STYLEREFS="font5"><String STYLE="bold" WC="0.4766666591" CONTENT="der" HEIGHT="30" WIDTH="47" VPOS="771" HPOS="707"/><SP WIDTH="8" VPOS="770" HPOS="755"/><String STYLE="bold" WC="0.3440000117" CONTENT="Jagerspreß" HEIGHT="44" WIDTH="165" VPOS="765" HPOS="764"/></TextLine>
<TextLine HEIGHT="36" WIDTH="135" VPOS="811" HPOS="707" STYLEREFS="font5"><String STYLE="bold" WC="0.6133333445" CONTENT="die" HEIGHT="30" WIDTH="43" VPOS="813" HPOS="707"/><SP WIDTH="15" VPOS="811" HPOS="750"/><String STYLE="bold" WC="0.4074999988" CONTENT="Jagr" HEIGHT="36" WIDTH="77" VPOS="811" HPOS="765"/></TextLine>
<TextLine HEIGHT="40" WIDTH="141" VPOS="850" HPOS="707" STYLEREFS="font5"><String STYLE="bold" WC="0.5566666722" CONTENT="das" HEIGHT="31" WIDTH="51" VPOS="854" HPOS="707"/><SP WIDTH="8" VPOS="852" HPOS="759"/><String STYLE="bold" WC="0.462500006" CONTENT="Jahr" HEIGHT="40" WIDTH="80" VPOS="850" HPOS="768"/></TextLine>
<TextLine HEIGHT="49" WIDTH="293" VPOS="889" HPOS="745" STYLEREFS="font5"><String STYLE="bold" WC="0.6150000095" CONTENT="in" HEIGHT="32" WIDTH="28" VPOS="895" HPOS="745"/><SP WIDTH="13" VPOS="898" HPOS="773"/><String STYLE="bold" WC="0.3000000119" CONTENT="einemJahr" HEIGHT="47" WIDTH="170" VPOS="890" HPOS="786"/><SP WIDTH="25" VPOS="905" HPOS="956"/><String STYLE="bold" WC="0.3899999857" CONTENT="402" HEIGHT="26" WIDTH="56" VPOS="909" HPOS="981"/></TextLine>
<TextLine HEIGHT="47" WIDTH="295" VPOS="934" HPOS="744" STYLEREFS="font5"><String STYLE="bold" WC="0.6150000095" CONTENT="in" HEIGHT="32" WIDTH="27" VPOS="938" HPOS="744"/><SP WIDTH="18" VPOS="945" HPOS="772"/><String STYLE="bold" WC="0.2828571498" CONTENT="zfvegen" HEIGHT="36" WIDTH="102" VPOS="942" HPOS="791"/><SP WIDTH="27" VPOS="939" HPOS="894"/><String STYLE="bold" WC="0.3050000072" CONTENT="Jahren" HEIGHT="45" WIDTH="117" VPOS="936" HPOS="922"/></TextLine>
<TextLine HEIGHT="46" WIDTH="295" VPOS="1017" HPOS="743"><String WC="0.6349999905" CONTENT="in" HEIGHT="33" WIDTH="28" VPOS="1020" HPOS="743"/><SP WIDTH="29" VPOS="1021" HPOS="772"/><String WC="0.4799999893" CONTENT="Zwvlff" HEIGHT="43" WIDTH="101" VPOS="1018" HPOS="802"/><SP WIDTH="20" VPOS="1019" HPOS="904"/><String WC="0.6150000095" CONTENT="Jahren" HEIGHT="39" WIDTH="113" VPOS="1021" HPOS="925"/></TextLine>
<TextLine HEIGHT="30" WIDTH="68" VPOS="1069" HPOS="968"><String STYLEREFS="font4" WC="1." CONTENT="." HEIGHT="4" WIDTH="3" VPOS="1090" HPOS="968"/><String STYLEREFS="font3" WC="0.4099999964" CONTENT="4&quot;4" HEIGHT="30" WIDTH="66" VPOS="1069" HPOS="970"/></TextLine>
<TextLine HEIGHT="46" WIDTH="295" VPOS="1094" HPOS="742" STYLEREFS="font5"><String STYLE="bold" WC="0.625" CONTENT="in" HEIGHT="28" WIDTH="26" VPOS="1100" HPOS="742"/><SP WIDTH="22" VPOS="1095" HPOS="769"/><String STYLE="bold" WC="0.5162500143" CONTENT="dceiffig" HEIGHT="41" WIDTH="108" VPOS="1095" HPOS="792"/><SP WIDTH="20" VPOS="1098" HPOS="901"/><String STYLE="bold" WC="0.4833333194" CONTENT="Jahren" HEIGHT="43" WIDTH="115" VPOS="1097" HPOS="922"/></TextLine>
<TextLine HEIGHT="31" WIDTH="62" VPOS="1153" HPOS="973" STYLEREFS="font4"><String WC="0.4066666663" CONTENT="404" HEIGHT="31" WIDTH="62" VPOS="1153" HPOS="973"/></TextLine>
<TextLine HEIGHT="52" WIDTH="292" VPOS="1175" HPOS="740"><String WC="0.4029999971" CONTENT="jämmerlich" HEIGHT="47" WIDTH="168" VPOS="1175" HPOS="740"/><SP WIDTH="68" VPOS="1179" HPOS="909"/><String WC="0.150000006" CONTENT="$" HEIGHT="30" WIDTH="12" VPOS="1196" HPOS="978"/><String STYLE="subscript" WC="1." CONTENT="4" HEIGHT="28" WIDTH="15" VPOS="1198" HPOS="996"/><String WC="0.1599999964" CONTENT="g" HEIGHT="27" WIDTH="15" VPOS="1194" HPOS="1017"/></TextLine>
<TextLine HEIGHT="42" WIDTH="293" VPOS="1221" HPOS="740" STYLEREFS="font4"><String WC="0.2800000012" CONTENT="SCl)" HEIGHT="39" WIDTH="38" VPOS="1221" HPOS="740"/><SP WIDTH="238" VPOS="1229" HPOS="778"/><String WC="0.2199999988" CONTENT="L" HEIGHT="19" WIDTH="15" VPOS="1242" HPOS="1017"/></TextLine>
<TextLine HEIGHT="48" WIDTH="293" VPOS="1262" HPOS="739"><String WC="0.2866666615" CONTENT="ich" HEIGHT="35" WIDTH="39" VPOS="1264" HPOS="739"/><SP WIDTH="9" VPOS="1263" HPOS="779"/><String WC="0.4099999964" CONTENT="selber" HEIGHT="45" WIDTH="84" VPOS="1263" HPOS="789"/><SP WIDTH="99" VPOS="1274" HPOS="874"/><String WC="0.2599999905" CONTENT="120" HEIGHT="22" WIDTH="58" VPOS="1280" HPOS="974"/></TextLine>
<TextLine HEIGHT="48" WIDTH="303" VPOS="1303" HPOS="732"><String WC="0.3720000088" CONTENT="jeder" HEIGHT="43" WIDTH="78" VPOS="1303" HPOS="732"/><SP WIDTH="18" VPOS="1316" HPOS="810"/><String WC="0.5728571415" CONTENT="152,584" HEIGHT="35" WIDTH="127" VPOS="1315" HPOS="829"/><SP WIDTH="13" VPOS="1324" HPOS="957"/><String WC="0.1466666609" CONTENT="416" HEIGHT="36" WIDTH="63" VPOS="1314" HPOS="971"/></TextLine>
<TextLine HEIGHT="44" WIDTH="294" VPOS="1349" HPOS="737"><String WC="0.3819999993" CONTENT="jedes" HEIGHT="37" WIDTH="77" VPOS="1349" HPOS="738"/><SP WIDTH="154" VPOS="1353" HPOS="816"/><String STYLE="italics" STYLEREFS="font0" WC="0.1733333319" CONTENT="196" HEIGHT="37" WIDTH="61" VPOS="1356" HPOS="970"/></TextLine>
<TextLine HEIGHT="44" WIDTH="289" VPOS="1389" HPOS="736"><String WC="0.3366666734" CONTENT="jemand" HEIGHT="41" WIDTH="109" VPOS="1389" HPOS="736"/><SP WIDTH="103" VPOS="1390" HPOS="846"/><String WC="0.4250000119" CONTENT=".284" HEIGHT="30" WIDTH="75" VPOS="1401" HPOS="950"/></TextLine>
<TextLine HEIGHT="44" WIDTH="296" VPOS="1431" HPOS="735"><String WC="0.4133333266" CONTENT="jener/" HEIGHT="40" WIDTH="98" VPOS="1432" HPOS="735"/><SP WIDTH="16" VPOS="1433" HPOS="833"/><String WC="0.4560000002" CONTENT="jene/" HEIGHT="39" WIDTH="76" VPOS="1434" HPOS="849"/><SP WIDTH="20" VPOS="1433" HPOS="925"/><String WC="0.4120000005" CONTENT="joees" HEIGHT="40" WIDTH="86" VPOS="1434" HPOS="945"/></TextLine>
<TextLine HEIGHT="38" WIDTH="260" VPOS="1480" HPOS="770"><String STYLEREFS="font4" WC="0.3733333349" CONTENT="roö.r;" HEIGHT="35" WIDTH="107" VPOS="1480" HPOS="770"/><String STYLEREFS="font3" WC="0.6999999881" CONTENT="4" HEIGHT="25" WIDTH="15" VPOS="1489" HPOS="885"/><String STYLEREFS="font4" WC="1." CONTENT="»" HEIGHT="14" WIDTH="8" VPOS="1498" HPOS="907"/><String STYLEREFS="font3" WC="0." CONTENT="4" HEIGHT="26" WIDTH="19" VPOS="1491" HPOS="918"/><String STYLEREFS="font4" WC="0.6257143021" CONTENT="«^i.rc." HEIGHT="29" WIDTH="89" VPOS="1482" HPOS="941"/></TextLine>
<TextLine HEIGHT="43" WIDTH="294" VPOS="1517" HPOS="733"><String WC="0.3388888836" CONTENT="Jerusalem" HEIGHT="41" WIDTH="163" VPOS="1517" HPOS="733"/><SP WIDTH="76" VPOS="1526" HPOS="896"/><String WC="0.296666652" CONTENT="598" HEIGHT="36" WIDTH="55" VPOS="1522" HPOS="972"/></TextLine>
<TextLine HEIGHT="45" WIDTH="293" VPOS="1558" HPOS="733"><String WC="0.6380000114" CONTENT="JEsus" HEIGHT="42" WIDTH="99" VPOS="1558" HPOS="733"/><SP WIDTH="61" VPOS="1567" HPOS="833"/><String WC="0.3642857075" CONTENT="582.498" HEIGHT="36" WIDTH="131" VPOS="1564" HPOS="895"/></TextLine>
<TextLine HEIGHT="46" WIDTH="295" VPOS="1598" HPOS="733"><String WC="0.3442857265" CONTENT="jetzuNö" HEIGHT="43" WIDTH="101" VPOS="1598" HPOS="733"/><SP WIDTH="132" VPOS="1603" HPOS="834"/><String WC="0.5166666508" CONTENT="256" HEIGHT="35" WIDTH="62" VPOS="1603" HPOS="966"/></TextLine>
<TextLine HEIGHT="32" WIDTH="56" VPOS="1645" HPOS="968"><String STYLEREFS="font4" WC="0.5799999833" CONTENT="rrz" HEIGHT="32" WIDTH="56" VPOS="1645" HPOS="968"/></TextLine>
<TextLine HEIGHT="36" WIDTH="112" VPOS="1686" HPOS="914" STYLEREFS="font4"><String WC="0.8466666937" CONTENT="»S." HEIGHT="29" WIDTH="43" VPOS="1686" HPOS="914"/><String STYLEREFS="font3" WC="0.1199999973" CONTENT="4" HEIGHT="27" WIDTH="21" VPOS="1694" HPOS="961"/><String WC="0.2199999988" CONTENT="Z" HEIGHT="26" WIDTH="11" VPOS="1694" HPOS="987"/><String STYLEREFS="font3" WC="0.25" CONTENT="4" HEIGHT="27" WIDTH="22" VPOS="1695" HPOS="1004"/></TextLine>
<TextLine HEIGHT="29" WIDTH="57" VPOS="1729" HPOS="964" STYLEREFS="font4"><String STYLE="italics" STYLEREFS="font7" WC="0.3899999857" CONTENT="ioi" HEIGHT="29" WIDTH="57" VPOS="1729" HPOS="964"/></TextLine>
<TextLine HEIGHT="38" WIDTH="115" VPOS="1771" HPOS="911" STYLEREFS="font4"><String WC="0.4799999893" CONTENT="21.2915" HEIGHT="38" WIDTH="115" VPOS="1771" HPOS="911"/></TextLine>
<TextLine HEIGHT="50" WIDTH="168" VPOS="1801" HPOS="858" STYLEREFS="font4"><String WC="0.4966666698" CONTENT="dir" HEIGHT="42" WIDTH="45" VPOS="1801" HPOS="858"/><SP WIDTH="5" VPOS="1806" HPOS="904"/><String WC="0.4219999909" CONTENT="Imme." HEIGHT="45" WIDTH="116" VPOS="1806" HPOS="910"/></TextLine>
</TextBlock>
<TextBlock ID="Page1_Block53" HEIGHT="213" WIDTH="258" VPOS="1634" HPOS="573" language="de" STYLEREFS="font4"><Shape><Polygon POINTS="782,1640 848,1640 848,1680 852,1680 852,1852 596,1852 596,1768 642,1768 642,1724 746,1724 746,1680 710,1680 710,1648 782,1648 782,1640"/></Shape>
<TextLine HEIGHT="42" WIDTH="130" VPOS="1640" HPOS="694" STYLEREFS="font4"><String WC="0.2933333218" CONTENT="der" HEIGHT="29" WIDTH="45" VPOS="1644" HPOS="694"/><SP WIDTH="9" VPOS="1642" HPOS="740"/><String WC="0.4350000024" CONTENT="Igel" HEIGHT="42" WIDTH="74" VPOS="1640" HPOS="750"/></TextLine>
<TextLine HEIGHT="44" WIDTH="45" VPOS="1680" HPOS="730" STYLEREFS="font4"><String STYLE="bold" STYLEREFS="font5" WC="0.5099999905" CONTENT="ihr" HEIGHT="44" WIDTH="45" VPOS="1680" HPOS="730"/></TextLine>
<TextLine HEIGHT="41" WIDTH="201" VPOS="1723" HPOS="626"><String WC="0.5066666603" CONTENT="126" HEIGHT="26" WIDTH="54" VPOS="1725" HPOS="626"/><SP WIDTH="9" VPOS="1725" HPOS="681"/><String WC="0.2399999946" CONTENT="der" HEIGHT="31" WIDTH="47" VPOS="1726" HPOS="691"/><SP WIDTH="8" VPOS="1725" HPOS="739"/><String WC="0.6433333158" CONTENT="IMS" HEIGHT="40" WIDTH="79" VPOS="1724" HPOS="748"/></TextLine>
<TextLine HEIGHT="40" WIDTH="189" VPOS="1765" HPOS="582"><String STYLE="bold" STYLEREFS="font5" WC="0.3799999952" CONTENT=".43" HEIGHT="36" WIDTH="75" VPOS="1767" HPOS="582"/><SP WIDTH="10" VPOS="1770" HPOS="657"/><String STYLE="bold" STYLEREFS="font5" WC="0.5799999833" CONTENT="8!" HEIGHT="31" WIDTH="22" VPOS="1766" HPOS="667"/><SP WIDTH="42" VPOS="1767" HPOS="689"/><String STYLE="bold" STYLEREFS="font5" WC="0.6449999809" CONTENT="rm" HEIGHT="29" WIDTH="40" VPOS="1773" HPOS="731"/></TextLine>
<TextLine HEIGHT="40" WIDTH="91" VPOS="1800" HPOS="579"><String WC="0.2349999994" CONTENT="Rr" HEIGHT="40" WIDTH="55" VPOS="1800" HPOS="579"/><SP WIDTH="18" VPOS="1809" HPOS="635"/><String WC="1." CONTENT="Z" HEIGHT="25" WIDTH="16" VPOS="1811" HPOS="654"/></TextLine>
</TextBlock><GraphicalElement ID="Page1_Block54" HEIGHT="9" WIDTH="370" VPOS="211" HPOS="184"/><GraphicalElement ID="Page1_Block55" HEIGHT="9" WIDTH="316" VPOS="215" HPOS="572"/><GraphicalElement ID="Page1_Block56" HEIGHT="179" WIDTH="5" VPOS="1008" HPOS="346"/><GraphicalElement ID="Page1_Block57" HEIGHT="82" WIDTH="5" VPOS="1707" HPOS="343"/><GraphicalElement ID="Page1_Block58" HEIGHT="162" WIDTH="5" VPOS="235" HPOS="365"/><GraphicalElement ID="Page1_Block59" HEIGHT="83" WIDTH="4" VPOS="1454" HPOS="685"/><GraphicalElement ID="Page1_Block60" HEIGHT="135" WIDTH="5" VPOS="1596" HPOS="685"/><GraphicalElement ID="Page1_Block61" HEIGHT="75" WIDTH="4" VPOS="1163" HPOS="691"/><GraphicalElement ID="Page1_Block62" HEIGHT="216" WIDTH="7" VPOS="903" HPOS="694"/><GraphicalElement ID="Page1_Block63" HEIGHT="157" WIDTH="5" VPOS="702" HPOS="698"/><GraphicalElement ID="Page1_Block64" HEIGHT="243" WIDTH="10" VPOS="420" HPOS="703"/>
</PrintSpace>
</Page>
</Layout>
</alto>