﻿<?xml version="1.0" encoding="UTF-8" standalone="yes"?>
<alto xmlns="http://www.loc.gov/standards/alto/ns-v2#" xmlns:xlink="http://www.w3.org/1999/xlink" xmlns:xsi="http://www.w3.org/2001/XMLSchema-instance" xsi:schemaLocation="http://www.loc.gov/standards/alto/ns-v2# http://www.loc.gov/standards/alto/alto-v2.0.xsd">
<Description>
<MeasurementUnit>pixel</MeasurementUnit>
<OCRProcessing ID="IdOcr"><ocrProcessingStep><processingDateTime>2017-03-20</processingDateTime><processingSoftware><softwareCreator>ABBYY</softwareCreator><softwareName>ABBYY FineReader Engine</softwareName><softwareVersion>11</softwareVersion></processingSoftware></ocrProcessingStep></OCRProcessing>
</Description>
<Styles><TextStyle ID="font0" FONTFAMILY="Times New Roman" FONTSIZE="8"/><TextStyle ID="font1" FONTFAMILY="Times New Roman" FONTSIZE="9"/><TextStyle ID="font2" FONTFAMILY="Times New Roman" FONTSIZE="10"/><TextStyle ID="font3" FONTFAMILY="Times New Roman" FONTSIZE="11"/>
</Styles>
<Layout>
<Page ID="Page1" PHYSICAL_IMG_NR="1" HEIGHT="2042" WIDTH="1239">
<TopMargin HEIGHT="203" WIDTH="1239" VPOS="0" HPOS="0">
<TextBlock ID="Page1_Block1" HEIGHT="57" WIDTH="192" VPOS="145" HPOS="617" language="de"><Shape><Polygon POINTS="628,150 820,150 820,206 628,206 628,150"/></Shape>
<TextLine HEIGHT="46" WIDTH="192" VPOS="154" HPOS="617"><String STYLE="bold" STYLEREFS="font3" WC="0.4112499952" CONTENT="-(f94)-?" HEIGHT="46" WIDTH="192" VPOS="154" HPOS="617"/></TextLine>
</TextBlock><GraphicalElement ID="Page1_Block2" HEIGHT="6" WIDTH="867" VPOS="197" HPOS="331"/>
</TopMargin>
<LeftMargin HEIGHT="1708" WIDTH="197" VPOS="203" HPOS="0">
</LeftMargin>
<BottomMargin HEIGHT="131" WIDTH="1239" VPOS="1911" HPOS="0">
</BottomMargin>
<PrintSpace HEIGHT="1708" WIDTH="1042" VPOS="203" HPOS="197">
<TextBlock ID="Page1_Block3" HEIGHT="753" WIDTH="583" VPOS="208" HPOS="197" language="de" STYLEREFS="font3"><Shape><Polygon POINTS="208,212 752,212 752,292 790,292 790,342 556,342 556,870 562,870 562,918 484,918 484,962 208,962 208,212"/></Shape>
<TextLine HEIGHT="48" WIDTH="525" VPOS="210" HPOS="213" STYLEREFS="font2"><String WC="0.2574999928" CONTENT="auch" HEIGHT="31" WIDTH="65" VPOS="216" HPOS="213"/><SP WIDTH="14" VPOS="216" HPOS="279"/><String WC="0.2666666806" CONTENT="unsrer" HEIGHT="39" WIDTH="92" VPOS="212" HPOS="294"/><SP WIDTH="158" VPOS="219" HPOS="386"/><String WC="0.3933333457" CONTENT="|etiam" HEIGHT="44" WIDTH="89" VPOS="212" HPOS="544"/><SP WIDTH="9" VPOS="221" HPOS="633"/><String WC="0.417142868" CONTENT="noftra;" HEIGHT="28" WIDTH="94" VPOS="211" HPOS="643"/></TextLine>
<TextLine HEIGHT="49" WIDTH="477" VPOS="246" HPOS="212" STYLEREFS="font2"><String WC="0.4128571451" CONTENT="Vorsichtigkeit" HEIGHT="42" WIDTH="232" VPOS="253" HPOS="213"/><SP WIDTH="99" VPOS="247" HPOS="445"/><String WC="0.3100000024" CONTENT="I" HEIGHT="42" WIDTH="5" VPOS="247" HPOS="544"/><String STYLE="italics" STYLEREFS="font1" WC="0.424444437" CONTENT="frtidentU" HEIGHT="40" WIDTH="140" VPOS="253" HPOS="549"/></TextLine>
<TextLine HEIGHT="44" WIDTH="562" VPOS="292" HPOS="214" STYLEREFS="font2"><String WC="0.4339999855" CONTENT="tzder" HEIGHT="36" WIDTH="64" VPOS="297" HPOS="214"/><SP WIDTH="40" VPOS="297" HPOS="279"/><String WC="0.5061538219" CONTENT="Unvorsichtig-" HEIGHT="40" WIDTH="220" VPOS="293" HPOS="320"/><SP WIDTH="9" VPOS="306" HPOS="541"/><String WC="0.5233333111" CONTENT="vel" HEIGHT="28" WIDTH="42" VPOS="296" HPOS="551"/><SP WIDTH="9" VPOS="296" HPOS="594"/><String STYLE="italics" STYLEREFS="font1" WC="0.4418181777" CONTENT="imprudentie" HEIGHT="42" WIDTH="172" VPOS="292" HPOS="604"/></TextLine>
<TextLine HEIGHT="39" WIDTH="72" VPOS="334" HPOS="469" STYLEREFS="font3"><String STYLE="bold" WC="0.2840000093" CONTENT="(Seit" HEIGHT="39" WIDTH="72" VPOS="334" HPOS="469"/></TextLine>
<TextLine HEIGHT="39" WIDTH="275" VPOS="376" HPOS="215" STYLEREFS="font3"><String STYLE="bold" WC="0.3474999964" CONTENT="oder" HEIGHT="34" WIDTH="67" VPOS="381" HPOS="215"/><SP WIDTH="6" VPOS="386" HPOS="283"/><String STYLE="bold" WC="0.2150000036" CONTENT="auch" HEIGHT="34" WIDTH="66" VPOS="378" HPOS="290"/><SP WIDTH="8" VPOS="378" HPOS="357"/><String STYLE="bold" WC="0.4033333361" CONTENT="Sünve." HEIGHT="34" WIDTH="124" VPOS="376" HPOS="366"/></TextLine>
<TextLine HEIGHT="36" WIDTH="121" VPOS="420" HPOS="255" STYLEREFS="font3"><String STYLE="bold" WC="0.5350000262" CONTENT="GOTT" HEIGHT="36" WIDTH="121" VPOS="420" HPOS="255"/></TextLine>
<TextLine HEIGHT="42" WIDTH="253" VPOS="459" HPOS="215"><String STYLE="bold" WC="0.2800000012" CONTENT="hat" HEIGHT="36" WIDTH="50" VPOS="465" HPOS="215"/><SP WIDTH="8" VPOS="464" HPOS="266"/><String STYLE="bold" WC="0.4320000112" CONTENT="seine" HEIGHT="35" WIDTH="69" VPOS="463" HPOS="275"/><SP WIDTH="9" VPOS="463" HPOS="345"/><String STYLE="bold" WC="0.323333323" CONTENT="Diener" HEIGHT="32" WIDTH="113" VPOS="459" HPOS="355"/></TextLine>
<TextLine HEIGHT="42" WIDTH="324" VPOS="501" HPOS="217"><String STYLE="bold" WC="0.449000001" CONTENT="UndEngel/4" HEIGHT="41" WIDTH="193" VPOS="502" HPOS="217"/><SP WIDTH="8" VPOS="508" HPOS="411"/><String STYLE="bold" WC="0.3512499928" CONTENT="(schen/s" HEIGHT="34" WIDTH="121" VPOS="501" HPOS="420"/></TextLine>
<TextLine HEIGHT="44" WIDTH="322" VPOS="542" HPOS="220"><String STYLE="bold" WC="0.3249999881" CONTENT="welche" HEIGHT="41" WIDTH="98" VPOS="545" HPOS="220"/><SP WIDTH="36" VPOS="545" HPOS="319"/><String STYLE="bold" WC="0.3100000024" CONTENT="dem" HEIGHT="29" WIDTH="60" VPOS="545" HPOS="356"/><SP WIDTH="31" VPOS="542" HPOS="417"/><String STYLE="bold" WC="0.5099999905" CONTENT="Men-" HEIGHT="28" WIDTH="93" VPOS="542" HPOS="449"/></TextLine>
<TextLine HEIGHT="41" WIDTH="328" VPOS="585" HPOS="216"><String STYLE="bold" WC="0.4411111176" CONTENT="vonsemerGebnrrqtt/" HEIGHT="41" WIDTH="328" VPOS="585" HPOS="216"/></TextLine>
<TextLine HEIGHT="42" WIDTH="199" VPOS="626" HPOS="218"><String STYLE="bold" WC="0.4250000119" CONTENT="sich" HEIGHT="39" WIDTH="47" VPOS="629" HPOS="218"/><SP WIDTH="9" VPOS="630" HPOS="266"/><String STYLE="bold" WC="0.3310000002" CONTENT="zugeftllen" HEIGHT="41" WIDTH="141" VPOS="626" HPOS="276"/></TextLine>
<TextLine HEIGHT="37" WIDTH="257" VPOS="667" HPOS="217"><String STYLE="bold" WC="0.5966666937" CONTENT="als" HEIGHT="31" WIDTH="45" VPOS="672" HPOS="217"/><SP WIDTH="6" VPOS="672" HPOS="263"/><String STYLE="bold" WC="0.2872727215" CONTENT="Beschünere/" HEIGHT="37" WIDTH="204" VPOS="667" HPOS="270"/></TextLine>
<TextLine HEIGHT="46" WIDTH="316" VPOS="703" HPOS="219"><String STYLE="bold" WC="0.4420000017" CONTENT="wider" HEIGHT="34" WIDTH="86" VPOS="713" HPOS="219"/><SP WIDTH="17" VPOS="713" HPOS="306"/><String STYLE="bold" WC="0.5233333111" CONTENT="die" HEIGHT="31" WIDTH="40" VPOS="713" HPOS="324"/><SP WIDTH="14" VPOS="710" HPOS="365"/><String STYLE="bold" WC="0.2540000081" CONTENT="bösen" HEIGHT="43" WIDTH="77" VPOS="705" HPOS="380"/><SP WIDTH="14" VPOS="705" HPOS="458"/><String STYLE="bold" WC="0.4799999893" CONTENT="Gei" HEIGHT="32" WIDTH="62" VPOS="703" HPOS="473"/></TextLine>
<TextLine HEIGHT="36" WIDTH="90" VPOS="746" HPOS="455"><String STYLEREFS="font2" WC="0.5266666412" CONTENT="(sier/" HEIGHT="36" WIDTH="90" VPOS="746" HPOS="455"/></TextLine>
<TextLine HEIGHT="40" WIDTH="296" VPOS="786" HPOS="219" STYLEREFS="font3"><String STYLE="bold" WC="0.5450000167" CONTENT="oder" HEIGHT="32" WIDTH="67" VPOS="794" HPOS="219"/><SP WIDTH="8" VPOS="794" HPOS="287"/><String STYLE="bold" WC="0.3066666722" CONTENT="den" HEIGHT="29" WIDTH="49" VPOS="794" HPOS="296"/><SP WIDTH="8" VPOS="800" HPOS="346"/><String STYLE="bold" WC="0.352222234" CONTENT="vEettffel" HEIGHT="38" WIDTH="117" VPOS="786" HPOS="355"/><SP WIDTH="24" VPOS="786" HPOS="473"/><String STYLE="bold italics" STYLEREFS="font2" WC="0.8999999762" CONTENT="6" HEIGHT="29" WIDTH="17" VPOS="787" HPOS="498"/></TextLine>
<TextLine HEIGHT="40" WIDTH="328" VPOS="829" HPOS="220" STYLEREFS="font3"><String STYLE="bold" WC="0.603333354" CONTENT="der" HEIGHT="31" WIDTH="48" VPOS="836" HPOS="220"/><SP WIDTH="23" VPOS="833" HPOS="269"/><String STYLE="bold" WC="0.4799999893" CONTENT="Va" HEIGHT="32" WIDTH="35" VPOS="833" HPOS="293"/><SP WIDTH="22" VPOS="839" HPOS="329"/><String STYLE="bold" WC="0.4650000036" CONTENT="alle" HEIGHT="34" WIDTH="51" VPOS="831" HPOS="352"/><SP WIDTH="22" VPOS="830" HPOS="404"/><String STYLE="bold" WC="0.3666666746" CONTENT="Augen?" HEIGHT="39" WIDTH="121" VPOS="829" HPOS="427"/></TextLine>
<TextLine HEIGHT="39" WIDTH="90" VPOS="872" HPOS="460"><String STYLE="bold" WC="0.4050000012" CONTENT="(blick" HEIGHT="39" WIDTH="90" VPOS="872" HPOS="460"/></TextLine>
<TextLine HEIGHT="43" WIDTH="232" VPOS="912" HPOS="221" STYLEREFS="font3"><String STYLE="bold" WC="0.5333333611" CONTENT="ihm" HEIGHT="42" WIDTH="60" VPOS="913" HPOS="221"/><SP WIDTH="9" VPOS="922" HPOS="281"/><String STYLE="bold" WC="0.4883333445" CONTENT="nachstellek/" HEIGHT="41" WIDTH="163" VPOS="912" HPOS="290"/></TextLine>
</TextBlock>
<TextBlock ID="Page1_Block4" HEIGHT="142" WIDTH="357" VPOS="1027" HPOS="206" language="de" STYLEREFS="font3"><Shape><Polygon POINTS="212,1030 484,1030 484,1116 560,1116 560,1138 568,1138 568,1172 544,1172 544,1168 236,1168 236,1138 212,1138 212,1030"/></Shape>
<TextLine HEIGHT="45" WIDTH="251" VPOS="1036" HPOS="222"><String STYLE="bold" WC="0.25" CONTENT="ihn" HEIGHT="39" WIDTH="48" VPOS="1039" HPOS="222"/><SP WIDTH="6" VPOS="1046" HPOS="271"/><String STYLE="bold" WC="0.3000000119" CONTENT="zu" HEIGHT="33" WIDTH="28" VPOS="1046" HPOS="278"/><SP WIDTH="8" VPOS="1045" HPOS="307"/><String STYLE="bold" WC="0.3770000041" CONTENT="versuchen/" HEIGHT="44" WIDTH="157" VPOS="1036" HPOS="316"/></TextLine>
<TextLine HEIGHT="40" WIDTH="228" VPOS="1082" HPOS="221"><String STYLE="bold" WC="0.3249999881" CONTENT="oder" HEIGHT="33" WIDTH="66" VPOS="1086" HPOS="221"/><SP WIDTH="10" VPOS="1090" HPOS="287"/><String STYLE="bold" WC="0.6850000024" CONTENT="zu" HEIGHT="31" WIDTH="30" VPOS="1090" HPOS="297"/><SP WIDTH="10" VPOS="1089" HPOS="327"/><String STYLE="bold" WC="0.5471428633" CONTENT="plagen." HEIGHT="38" WIDTH="112" VPOS="1082" HPOS="337"/></TextLine>
<TextLine HEIGHT="46" WIDTH="310" VPOS="1116" HPOS="247"><String STYLE="bold" WC="0.412499994" CONTENT="Wehe" HEIGHT="36" WIDTH="91" VPOS="1126" HPOS="247"/><SP WIDTH="16" VPOS="1125" HPOS="339"/><String STYLE="bold" WC="0.4215384722" CONTENT="denthörichte." HEIGHT="41" WIDTH="201" VPOS="1116" HPOS="356"/></TextLine>
</TextBlock>
<TextBlock ID="Page1_Block5" HEIGHT="583" WIDTH="277" VPOS="370" HPOS="548" language="de" STYLEREFS="font1"><Shape><Polygon POINTS="558,374 786,374 786,426 826,426 826,504 812,504 812,622 830,622 830,830 832,830 832,864 830,864 830,956 564,956 564,908 642,908 642,830 562,830 562,786 564,786 564,664 562,664 562,586 560,586 560,542 562,542 562,496 560,496 560,460 598,460 598,412 558,412 558,374"/></Shape>
<TextLine HEIGHT="29" WIDTH="219" VPOS="376" HPOS="552"><String WC="0.7533333302" CONTENT="vel" HEIGHT="27" WIDTH="40" VPOS="378" HPOS="552"/><SP WIDTH="8" VPOS="378" HPOS="593"/><String WC="0.9840000272" CONTENT="stiam" HEIGHT="29" WIDTH="80" VPOS="376" HPOS="602"/><SP WIDTH="9" VPOS="387" HPOS="683"/><String STYLE="italics" WC="0.3840000033" CONTENT="nox£." HEIGHT="18" WIDTH="78" VPOS="385" HPOS="693"/></TextLine>
<TextLine HEIGHT="42" WIDTH="220" VPOS="414" HPOS="592"><String WC="0.5375000238" CONTENT="DEUS" HEIGHT="29" WIDTH="90" VPOS="419" HPOS="592"/><SP WIDTH="55" VPOS="415" HPOS="682"/><String WC="0.2240000069" CONTENT="[üios" HEIGHT="41" WIDTH="75" VPOS="414" HPOS="737"/></TextLine>
<TextLine HEIGHT="40" WIDTH="258" VPOS="457" HPOS="555"><String WC="0.2960000038" CONTENT="habet" HEIGHT="29" WIDTH="80" VPOS="459" HPOS="555"/><SP WIDTH="50" VPOS="468" HPOS="636"/><String STYLE="italics" WC="0.4012500048" CONTENT="minißros" HEIGHT="39" WIDTH="126" VPOS="457" HPOS="687"/></TextLine>
<TextLine HEIGHT="37" WIDTH="183" VPOS="502" HPOS="556"><String STYLEREFS="font2" WC="1." CONTENT="&amp;" HEIGHT="25" WIDTH="25" VPOS="503" HPOS="556"/><SP WIDTH="11" VPOS="503" HPOS="582"/><String STYLE="italics" WC="0.3425000012" CONTENT="Angeles," HEIGHT="37" WIDTH="116" VPOS="502" HPOS="594"/><SP WIDTH="8" VPOS="512" HPOS="711"/><String STYLEREFS="font2" WC="0.2599999905" CONTENT="4" HEIGHT="23" WIDTH="19" VPOS="512" HPOS="720"/></TextLine>
<TextLine HEIGHT="37" WIDTH="183" VPOS="542" HPOS="555"><String WC="0.296666652" CONTENT="qui" HEIGHT="36" WIDTH="46" VPOS="543" HPOS="555"/><SP WIDTH="4" VPOS="543" HPOS="602"/><String STYLE="italics" WC="0.5214285851" CONTENT="htmini," HEIGHT="31" WIDTH="106" VPOS="542" HPOS="607"/><SP WIDTH="13" VPOS="550" HPOS="714"/><String WC="0.2399999946" CONTENT="5" HEIGHT="24" WIDTH="10" VPOS="550" HPOS="728"/></TextLine>
<TextLine HEIGHT="34" WIDTH="243" VPOS="581" HPOS="557"><String WC="0.2399999946" CONTENT="ä" HEIGHT="27" WIDTH="15" VPOS="585" HPOS="557"/><SP WIDTH="9" VPOS="585" HPOS="572"/><String STYLE="italics" STYLEREFS="font0" WC="0.4466666579" CONTENT="»at" HEIGHT="22" WIDTH="45" VPOS="591" HPOS="581"/><SP WIDTH="4" VPOS="591" HPOS="626"/><String STYLE="italics" WC="0.3083333373" CONTENT="witäte" HEIGHT="27" WIDTH="98" VPOS="583" HPOS="630"/><SP WIDTH="8" VPOS="590" HPOS="728"/><String WC="0.4839999974" CONTENT="ejus," HEIGHT="33" WIDTH="64" VPOS="581" HPOS="736"/></TextLine>
<TextLine HEIGHT="32" WIDTH="177" VPOS="624" HPOS="558"><String WC="0.3249999881" CONTENT="fe" HEIGHT="29" WIDTH="23" VPOS="625" HPOS="558"/><SP WIDTH="14" VPOS="636" HPOS="582"/><String WC="0.5279999971" CONTENT="affociant," HEIGHT="32" WIDTH="138" VPOS="624" HPOS="597"/></TextLine>
<TextLine HEIGHT="38" WIDTH="162" VPOS="664" HPOS="559"><String WC="0.2849999964" CONTENT="ut" HEIGHT="21" WIDTH="31" VPOS="675" HPOS="559"/><SP WIDTH="11" VPOS="675" HPOS="591"/><String STYLE="italics" WC="0.4788888991" CONTENT="cuftddest" HEIGHT="38" WIDTH="118" VPOS="664" HPOS="603"/></TextLine>
<TextLine HEIGHT="41" WIDTH="259" VPOS="701" HPOS="559"><String WC="0.2849999964" CONTENT="contra" HEIGHT="21" WIDTH="95" VPOS="712" HPOS="559"/><SP WIDTH="20" VPOS="714" HPOS="655"/><String WC="0.2688888907" CONTENT="malignos," HEIGHT="40" WIDTH="142" VPOS="701" HPOS="676"/></TextLine>
<TextLine HEIGHT="44" WIDTH="136" VPOS="743" HPOS="682"><String WC="0.2099999934" CONTENT="[j" HEIGHT="43" WIDTH="28" VPOS="744" HPOS="682"/><String STYLE="italics" WC="0.474999994" CONTENT="(piritttt," HEIGHT="38" WIDTH="109" VPOS="746" HPOS="709"/></TextLine>
<TextLine HEIGHT="37" WIDTH="232" VPOS="785" HPOS="559"><String WC="0.4066666663" CONTENT="feu" HEIGHT="32" WIDTH="43" VPOS="786" HPOS="559"/><SP WIDTH="10" VPOS="793" HPOS="603"/><String STYLE="italics" WC="0.3766666651" CONTENT="Diabeiam," HEIGHT="33" WIDTH="145" VPOS="789" HPOS="614"/><SP WIDTH="14" VPOS="790" HPOS="760"/><String WC="0.2800000012" CONTENT="6" HEIGHT="27" WIDTH="16" VPOS="790" HPOS="775"/></TextLine>
<TextLine HEIGHT="42" WIDTH="181" VPOS="828" HPOS="639"><String WC="0.5166666508" CONTENT="quovis" HEIGHT="38" WIDTH="93" VPOS="832" HPOS="639"/><SP WIDTH="34" VPOS="841" HPOS="733"/><String STYLE="italics" WC="0.4375" CONTENT="tflu" HEIGHT="29" WIDTH="52" VPOS="828" HPOS="768"/></TextLine>
<TextLine HEIGHT="34" WIDTH="77" VPOS="870" HPOS="742"><String WC="0.4900000095" CONTENT="[" HEIGHT="33" WIDTH="11" VPOS="871" HPOS="742"/><String STYLE="bold italics" STYLEREFS="font2" WC="0.4975000024" CONTENT="öcuh" HEIGHT="25" WIDTH="62" VPOS="870" HPOS="757"/></TextLine>
<TextLine HEIGHT="41" WIDTH="233" VPOS="907" HPOS="561"><String WC="0.1850000024" CONTENT="ei" HEIGHT="27" WIDTH="26" VPOS="914" HPOS="561"/><SP WIDTH="7" VPOS="914" HPOS="587"/><String STYLE="italics" WC="0.7457143068" CONTENT="infidUs" HEIGHT="39" WIDTH="106" VPOS="909" HPOS="594"/><SP WIDTH="10" VPOS="908" HPOS="700"/><String WC="0.5366666913" CONTENT="ftmit," HEIGHT="35" WIDTH="84" VPOS="907" HPOS="710"/></TextLine>
</TextBlock>
<TextBlock ID="Page1_Block6" HEIGHT="38" WIDTH="52" VPOS="839" HPOS="557" language="de" STYLEREFS="font2">
<TextLine HEIGHT="28" WIDTH="45" VPOS="844" HPOS="560"><String WC="0.1800000072" CONTENT="qui" HEIGHT="28" WIDTH="45" VPOS="844" HPOS="560"/></TextLine>
</TextBlock>
<TextBlock ID="Page1_Block7" HEIGHT="49" WIDTH="568" VPOS="1160" HPOS="205" language="de" STYLEREFS="font3"><Shape><Polygon POINTS="210,1164 778,1164 778,1210 210,1210 210,1164"/></Shape>
<TextLine HEIGHT="41" WIDTH="547" VPOS="1163" HPOS="221"><String STYLE="bold" WC="0.4357142746" CONTENT="Zauber»" HEIGHT="35" WIDTH="142" VPOS="1166" HPOS="221"/><SP WIDTH="9" VPOS="1172" HPOS="364"/><String STYLE="bold" WC="0.2899999917" CONTENT="und" HEIGHT="32" WIDTH="54" VPOS="1165" HPOS="374"/><SP WIDTH="7" VPOS="1165" HPOS="429"/><String STYLE="bold" WC="0.7185714245" CONTENT="-Hexen/" HEIGHT="39" WIDTH="113" VPOS="1164" HPOS="437"/><SP WIDTH="9" VPOS="1164" HPOS="551"/><String STYLE="subscript bold italics" STYLEREFS="font2" WC="0.6100000143" CONTENT="m" HEIGHT="17" WIDTH="24" VPOS="1180" HPOS="561"/><String STYLE="bold italics" STYLEREFS="font2" WC="0.7133333087" CONTENT="*z«" HEIGHT="23" WIDTH="52" VPOS="1177" HPOS="587"/><SP WIDTH="11" VPOS="1168" HPOS="640"/><String STYLE="bold" WC="1." CONTENT="&amp;" HEIGHT="26" WIDTH="27" VPOS="1168" HPOS="652"/><SP WIDTH="5" VPOS="1167" HPOS="680"/><String STYLE="bold" WC="0.7771428823" CONTENT="/-&gt;»&gt;-«" HEIGHT="27" WIDTH="82" VPOS="1167" HPOS="686"/></TextLine>
</TextBlock>
<TextBlock ID="Page1_Block8" HEIGHT="654" WIDTH="594" VPOS="1241" HPOS="209" language="de" STYLEREFS="font3"><Shape><Polygon POINTS="214,1246 806,1246 806,1550 566,1550 566,1628 570,1628 570,1846 728,1846 728,1894 494,1894 494,1896 214,1896 214,1246"/></Shape>
<TextLine HEIGHT="41" WIDTH="554" VPOS="1246" HPOS="225"><String STYLE="bold" WC="0.3033333421" CONTENT="die" HEIGHT="33" WIDTH="43" VPOS="1249" HPOS="225"/><SP WIDTH="11" VPOS="1248" HPOS="268"/><String STYLE="bold" WC="0.2533333302" CONTENT="dem" HEIGHT="33" WIDTH="63" VPOS="1248" HPOS="279"/><SP WIDTH="10" VPOS="1248" HPOS="342"/><String STYLE="bold" WC="0.2399999946" CONTENT="Satan" HEIGHT="35" WIDTH="113" VPOS="1247" HPOS="352"/><SP WIDTH="97" VPOS="1254" HPOS="465"/><String STYLEREFS="font2" WC="0.5166666508" CONTENT="qui" HEIGHT="34" WIDTH="49" VPOS="1251" HPOS="562"/><SP WIDTH="8" VPOS="1251" HPOS="611"/><String STYLE="italics" STYLEREFS="font1" WC="0.3230000138" CONTENT="easodamdui" HEIGHT="30" WIDTH="158" VPOS="1247" HPOS="620"/></TextLine>
<TextLine HEIGHT="54" WIDTH="5" VPOS="1279" HPOS="558"><String STYLE="bold" WC="0.2700000107" CONTENT="I" HEIGHT="54" WIDTH="5" VPOS="1279" HPOS="558"/></TextLine>
<TextLine HEIGHT="48" WIDTH="489" VPOS="1330" HPOS="226"><String STYLE="bold" WC="0.3799999952" CONTENT="sich" HEIGHT="39" WIDTH="47" VPOS="1335" HPOS="226"/><SP WIDTH="10" VPOS="1338" HPOS="274"/><String STYLE="bold" WC="0.4837499857" CONTENT="ergeben/" HEIGHT="45" WIDTH="130" VPOS="1332" HPOS="285"/><SP WIDTH="147" VPOS="1332" HPOS="416"/><String STYLE="bold" WC="1." CONTENT="K" HEIGHT="31" WIDTH="24" VPOS="1332" HPOS="564"/><SP WIDTH="14" VPOS="1331" HPOS="589"/><String STYLE="bold" WC="0.7814285755" CONTENT="dedunt," HEIGHT="35" WIDTH="111" VPOS="1330" HPOS="604"/></TextLine>
<TextLine HEIGHT="53" WIDTH="571" VPOS="1367" HPOS="227"><String STYLE="bold" WC="0.4546153843" CONTENT="(verschioffen" HEIGHT="44" WIDTH="186" VPOS="1376" HPOS="227"/><SP WIDTH="13" VPOS="1378" HPOS="414"/><String STYLE="bold" WC="0.3700000048" CONTENT="in" HEIGHT="34" WIDTH="28" VPOS="1377" HPOS="428"/><SP WIDTH="8" VPOS="1384" HPOS="457"/><String STYLE="bold" WC="0.4539999962" CONTENT="einem" HEIGHT="31" WIDTH="87" VPOS="1378" HPOS="466"/><SP WIDTH="11" VPOS="1378" HPOS="554"/><String STYLEREFS="font1" WC="0.4600000083" CONTENT="(mcluü" HEIGHT="40" WIDTH="106" VPOS="1371" HPOS="566"/><SP WIDTH="6" VPOS="1371" HPOS="673"/><String STYLEREFS="font1" WC="0.612857163" CONTENT="c-i-cxD" HEIGHT="33" WIDTH="92" VPOS="1368" HPOS="680"/><SP WIDTH="9" VPOS="1368" HPOS="773"/><String STYLEREFS="font1" WC="0.7400000095" CONTENT="7" HEIGHT="27" WIDTH="15" VPOS="1376" HPOS="783"/></TextLine>
<TextLine HEIGHT="40" WIDTH="161" VPOS="1418" HPOS="405"><String STYLE="bold" WC="0.3249999881" CONTENT="sLirckei" HEIGHT="40" WIDTH="125" VPOS="1418" HPOS="405"/><SP WIDTH="7" VPOS="1419" HPOS="530"/><String STYLE="bold" WC="0." CONTENT="7" HEIGHT="30" WIDTH="18" VPOS="1427" HPOS="537"/><SP WIDTH="8" VPOS="1427" HPOS="555"/><String STYLE="bold" WC="0.2800000012" CONTENT="j" HEIGHT="18" WIDTH="3" VPOS="1439" HPOS="563"/></TextLine>
<TextLine HEIGHT="50" WIDTH="535" VPOS="1494" HPOS="231"><String STYLE="bold" WC="0.3166666627" CONTENT="Mit" HEIGHT="35" WIDTH="54" VPOS="1503" HPOS="231"/><SP WIDTH="8" VPOS="1501" HPOS="286"/><String STYLE="bold" WC="0.3753846288" CONTENT="Beschwerungen" HEIGHT="43" WIDTH="264" VPOS="1500" HPOS="295"/><SP WIDTH="9" VPOS="1501" HPOS="560"/><String STYLE="bold italics" STYLEREFS="font2" WC="0.4070000052" CONTENT="ineanume»^" HEIGHT="36" WIDTH="196" VPOS="1494" HPOS="570"/></TextLine>
<TextLine HEIGHT="47" WIDTH="278" VPOS="1582" HPOS="231"><String STYLE="bold" WC="0.3266666532" CONTENT="ihn" HEIGHT="40" WIDTH="51" VPOS="1589" HPOS="231"/><SP WIDTH="9" VPOS="1588" HPOS="282"/><String STYLE="bold" WC="0.4769230783" CONTENT="herzubannen/)" HEIGHT="45" WIDTH="218" VPOS="1582" HPOS="291"/></TextLine>
<TextLine HEIGHT="36" WIDTH="74" VPOS="1629" HPOS="486"><String STYLE="bold" WC="0.326000005" CONTENT="[Den/" HEIGHT="36" WIDTH="74" VPOS="1629" HPOS="486"/></TextLine>
<TextLine HEIGHT="44" WIDTH="330" VPOS="1666" HPOS="234"><String STYLE="bold" WC="0.3033333421" CONTENT="mit" HEIGHT="32" WIDTH="54" VPOS="1672" HPOS="234"/><SP WIDTH="15" VPOS="1672" HPOS="289"/><String STYLE="bold" WC="0.5299999714" CONTENT="ihm" HEIGHT="36" WIDTH="57" VPOS="1672" HPOS="305"/><SP WIDTH="16" VPOS="1677" HPOS="363"/><String STYLE="bold" WC="0.3899999857" CONTENT="zu" HEIGHT="33" WIDTH="30" VPOS="1676" HPOS="380"/><SP WIDTH="20" VPOS="1669" HPOS="411"/><String STYLE="bold" WC="0.2980000079" CONTENT="fluiu" HEIGHT="35" WIDTH="67" VPOS="1666" HPOS="432"/><SP WIDTH="17" VPOS="1669" HPOS="500"/><String STYLE="bold" WC="0.4133333266" CONTENT="ha," HEIGHT="36" WIDTH="46" VPOS="1669" HPOS="518"/></TextLine>
<TextLine HEIGHT="41" WIDTH="328" VPOS="1717" HPOS="236"><String STYLE="bold" WC="0.2649999857" CONTENT="UN" HEIGHT="24" WIDTH="37" VPOS="1729" HPOS="236"/><SP WIDTH="9" VPOS="1726" HPOS="274"/><String STYLE="bold" WC="0.417142868" CONTENT="vonGOtt" HEIGHT="33" WIDTH="144" VPOS="1721" HPOS="284"/><SP WIDTH="10" VPOS="1721" HPOS="429"/><String STYLE="bold" WC="0.3412500024" CONTENT="abfaüen:" HEIGHT="40" WIDTH="124" VPOS="1717" HPOS="440"/></TextLine>
<TextLine HEIGHT="38" WIDTH="221" VPOS="1761" HPOS="239"><String STYLE="bold" WC="0.3149999976" CONTENT="dann" HEIGHT="32" WIDTH="74" VPOS="1764" HPOS="239"/><SP WIDTH="11" VPOS="1768" HPOS="313"/><String STYLE="bold" WC="0.4985714257" CONTENT="mitchme" HEIGHT="37" WIDTH="136" VPOS="1761" HPOS="324"/></TextLine>
<TextLine HEIGHT="44" WIDTH="316" VPOS="1800" HPOS="237"><String STYLE="bold" WC="0.4383333325" CONTENT="werden" HEIGHT="31" WIDTH="113" VPOS="1807" HPOS="237"/><SP WIDTH="6" VPOS="1801" HPOS="351"/><String STYLE="bold" WC="0.9933333397" CONTENT="sie" HEIGHT="40" WIDTH="33" VPOS="1801" HPOS="358"/><SP WIDTH="7" VPOS="1806" HPOS="392"/><String STYLE="bold" WC="0.8433333039" CONTENT="de»" HEIGHT="36" WIDTH="50" VPOS="1805" HPOS="400"/><SP WIDTH="6" VPOS="1802" HPOS="451"/><String STYLE="bold italics" STYLEREFS="font2" WC="0.6050000191" CONTENT="Mn" HEIGHT="40" WIDTH="95" VPOS="1802" HPOS="458"/></TextLine>
<TextLine HEIGHT="46" WIDTH="481" VPOS="1843" HPOS="238"><String STYLE="bold" WC="0.3560000062" CONTENT="empfangen." HEIGHT="44" WIDTH="173" VPOS="1845" HPOS="238"/><SP WIDTH="166" VPOS="1855" HPOS="412"/><String STYLE="bold" WC="0.2230000049" CONTENT="aceipient»" HEIGHT="41" WIDTH="140" VPOS="1844" HPOS="579"/></TextLine>
</TextBlock>
<TextBlock ID="Page1_Block9" HEIGHT="1706" WIDTH="674" VPOS="203" HPOS="565" language="de" STYLEREFS="font1"><Shape><Polygon POINTS="908,210 1246,210 1246,1914 852,1914 852,1838 576,1838 576,1708 574,1708 574,1628 568,1628 568,1572 844,1572 844,1422 840,1422 840,1356 842,1356 842,1294 840,1294 840,1254 838,1254 838,1162 840,1162 840,1128 838,1128 838,996 878,996 878,960 838,960 838,880 836,880 836,828 834,828 834,592 832,592 832,340 830,340 830,294 870,294 870,250 828,250 828,212 908,212 908,210"/></Shape>
<TextLine HEIGHT="35" WIDTH="378" VPOS="208" HPOS="820" STYLEREFS="font1"><String WC="0.3170000017" CONTENT="Prudentia," HEIGHT="33" WIDTH="159" VPOS="210" HPOS="820"/><SP WIDTH="11" VPOS="210" HPOS="980"/><String STYLE="bold italics" WC="0.2399999946" CONTENT="t." HEIGHT="28" WIDTH="18" VPOS="210" HPOS="992"/><SP WIDTH="15" VPOS="219" HPOS="1011"/><String WC="0.6899999976" CONTENT="l." HEIGHT="18" WIDTH="23" VPOS="219" HPOS="1027"/><SP WIDTH="18" VPOS="211" HPOS="1051"/><String WC="0.1875" CONTENT="i)iC" HEIGHT="32" WIDTH="43" VPOS="210" HPOS="1070"/><SP WIDTH="10" VPOS="209" HPOS="1114"/><String STYLE="bold" STYLEREFS="font2" WC="0.25" CONTENT="3" HEIGHT="33" WIDTH="17" VPOS="208" HPOS="1125"/><String WC="0.2399999946" CONTENT="i" HEIGHT="24" WIDTH="14" VPOS="217" HPOS="1141"/><String STYLE="bold" STYLEREFS="font2" WC="0.25" CONTENT="0" HEIGHT="25" WIDTH="14" VPOS="214" HPOS="1159"/><String WC="1." CONTENT="l&apos;" HEIGHT="26" WIDTH="12" VPOS="212" HPOS="1177"/><String STYLE="superscript" WC="0.3400000036" CONTENT="(" HEIGHT="17" WIDTH="8" VPOS="216" HPOS="1190"/></TextLine>
<TextLine HEIGHT="40" WIDTH="151" VPOS="249" HPOS="864" STYLEREFS="font3"><String WC="0.5774999857" CONTENT="sichtigkeit." HEIGHT="40" WIDTH="151" VPOS="249" HPOS="864"/></TextLine>
<TextLine HEIGHT="44" WIDTH="378" VPOS="287" HPOS="824"><String WC="0.4174999893" CONTENT="Imprudentia," HEIGHT="39" WIDTH="191" VPOS="292" HPOS="824"/><SP WIDTH="7" VPOS="292" HPOS="1016"/><String WC="0.6499999762" CONTENT="f." HEIGHT="28" WIDTH="18" VPOS="292" HPOS="1024"/><SP WIDTH="13" VPOS="303" HPOS="1043"/><String WC="1." CONTENT="1." HEIGHT="17" WIDTH="23" VPOS="303" HPOS="1057"/><SP WIDTH="12" VPOS="291" HPOS="1081"/><String STYLEREFS="font3" WC="0.4933333397" CONTENT="die" HEIGHT="33" WIDTH="43" VPOS="288" HPOS="1094"/><SP WIDTH="10" VPOS="289" HPOS="1138"/><String WC="0.5139999986" CONTENT="litt*" HEIGHT="33" WIDTH="53" VPOS="287" HPOS="1149"/></TextLine>
<TextLine HEIGHT="41" WIDTH="235" VPOS="333" HPOS="867"><String STYLEREFS="font3" WC="0.4406666756" CONTENT="bedachksamtett." HEIGHT="41" WIDTH="235" VPOS="333" HPOS="867"/></TextLine>
<TextLine HEIGHT="41" WIDTH="335" VPOS="369" HPOS="826" STYLEREFS="font3"><String STYLEREFS="font1" WC="0.4659999907" CONTENT="Noxa," HEIGHT="30" WIDTH="91" VPOS="380" HPOS="826"/><SP WIDTH="7" VPOS="376" HPOS="918"/><String WC="0.6299999952" CONTENT="f." HEIGHT="28" WIDTH="20" VPOS="376" HPOS="926"/><SP WIDTH="10" VPOS="387" HPOS="947"/><String STYLEREFS="font1" WC="1." CONTENT="I" HEIGHT="19" WIDTH="8" VPOS="386" HPOS="958"/><String WC="0.5500000119" CONTENT="." HEIGHT="9" WIDTH="7" VPOS="394" HPOS="975"/><SP WIDTH="7" VPOS="376" HPOS="983"/><String WC="0.4966666698" CONTENT="die" HEIGHT="30" WIDTH="43" VPOS="376" HPOS="991"/><SP WIDTH="8" VPOS="376" HPOS="1035"/><String WC="0.4566666782" CONTENT="Sünde»" HEIGHT="39" WIDTH="117" VPOS="369" HPOS="1044"/></TextLine>
<TextLine HEIGHT="40" WIDTH="296" VPOS="415" HPOS="825"><String WC="0.6057142615" CONTENT="Dabere," HEIGHT="33" WIDTH="114" VPOS="419" HPOS="825"/><SP WIDTH="8" VPOS="428" HPOS="940"/><String WC="0.9750000238" CONTENT="a." HEIGHT="19" WIDTH="22" VPOS="427" HPOS="949"/><SP WIDTH="11" VPOS="429" HPOS="972"/><String WC="0.5199999809" CONTENT="r." HEIGHT="19" WIDTH="25" VPOS="429" HPOS="984"/><SP WIDTH="15" VPOS="416" HPOS="1009"/><String WC="0.3166666627" CONTENT="hüben." HEIGHT="39" WIDTH="97" VPOS="415" HPOS="1024"/></TextLine>
<TextLine HEIGHT="39" WIDTH="376" VPOS="455" HPOS="827"><String WC="0.5406666398" CONTENT="!Vliliiüer,m.r." HEIGHT="35" WIDTH="199" VPOS="459" HPOS="827"/><SP WIDTH="7" VPOS="459" HPOS="1027"/><String WC="0.3549999893" CONTENT="derDienM" HEIGHT="34" WIDTH="168" VPOS="455" HPOS="1035"/></TextLine>
<TextLine HEIGHT="55" WIDTH="374" VPOS="487" HPOS="829" STYLEREFS="font1"><String WC="0.40625" CONTENT="Angelus," HEIGHT="43" WIDTH="125" VPOS="499" HPOS="829"/><SP WIDTH="8" VPOS="511" HPOS="955"/><String WC="0.6100000143" CONTENT="m." HEIGHT="17" WIDTH="36" VPOS="511" HPOS="964"/><SP WIDTH="13" VPOS="512" HPOS="1001"/><String STYLE="bold italics" WC="0.25" CONTENT="2" HEIGHT="16" WIDTH="12" VPOS="512" HPOS="1015"/><String STYLEREFS="font3" WC="1." CONTENT="." HEIGHT="5" WIDTH="5" VPOS="523" HPOS="1036"/><SP WIDTH="10" VPOS="500" HPOS="1042"/><String STYLEREFS="font3" WC="0.2533333302" CONTENT="der" HEIGHT="30" WIDTH="46" VPOS="500" HPOS="1053"/><SP WIDTH="7" VPOS="497" HPOS="1100"/><String WC="0.3700000048" CONTENT="Engel." HEIGHT="47" WIDTH="95" VPOS="487" HPOS="1108"/></TextLine>
<TextLine HEIGHT="50" WIDTH="375" VPOS="531" HPOS="829" STYLEREFS="font1"><String WC="0.4357142746" CONTENT="Homo,m," HEIGHT="32" WIDTH="142" VPOS="546" HPOS="829"/><SP WIDTH="12" VPOS="554" HPOS="972"/><String WC="1." CONTENT="3." HEIGHT="26" WIDTH="23" VPOS="554" HPOS="985"/><SP WIDTH="10" VPOS="543" HPOS="1009"/><String STYLEREFS="font3" WC="0.1566666663" CONTENT="der" HEIGHT="31" WIDTH="48" VPOS="543" HPOS="1020"/><SP WIDTH="7" VPOS="540" HPOS="1069"/><String STYLEREFS="font3" WC="0.3642857075" CONTENT="Mensch&apos;" HEIGHT="45" WIDTH="127" VPOS="531" HPOS="1077"/></TextLine>
<TextLine HEIGHT="43" WIDTH="363" VPOS="579" HPOS="830" STYLEREFS="font1"><String WC="0.4666666687" CONTENT="Nativitas,f." HEIGHT="35" WIDTH="159" VPOS="584" HPOS="830"/><SP WIDTH="5" VPOS="596" HPOS="990"/><String WC="0.2399999946" CONTENT="3" HEIGHT="25" WIDTH="9" VPOS="596" HPOS="996"/><SP WIDTH="6" VPOS="596" HPOS="1006"/><String STYLEREFS="font3" WC="0.4550000131" CONTENT=".hje" HEIGHT="30" WIDTH="52" VPOS="585" HPOS="1012"/><SP WIDTH="8" VPOS="582" HPOS="1064"/><String STYLEREFS="font3" WC="0.3657142818" CONTENT="©CbUtf-" HEIGHT="36" WIDTH="121" VPOS="579" HPOS="1072"/></TextLine>
<TextLine HEIGHT="42" WIDTH="375" VPOS="620" HPOS="831" STYLEREFS="font1"><String WC="0.4291666746" CONTENT="Affociare,a." HEIGHT="34" WIDTH="174" VPOS="625" HPOS="831"/><SP WIDTH="12" VPOS="636" HPOS="1006"/><String WC="0.6150000095" CONTENT="1." HEIGHT="17" WIDTH="22" VPOS="636" HPOS="1019"/><SP WIDTH="13" VPOS="632" HPOS="1042"/><String WC="0.5954545736" CONTENT="^UgescÜett-" HEIGHT="41" WIDTH="150" VPOS="620" HPOS="1056"/></TextLine>
<TextLine HEIGHT="45" WIDTH="376" VPOS="658" HPOS="832" STYLEREFS="font1"><String WC="0.6549999714" CONTENT="Cuftos,c.3" HEIGHT="38" WIDTH="146" VPOS="665" HPOS="832"/><SP WIDTH="13" VPOS="667" HPOS="979"/><String STYLEREFS="font3" WC="0.3578571379" CONTENT="derBeschützer-" HEIGHT="44" WIDTH="215" VPOS="658" HPOS="993"/></TextLine>
<TextLine HEIGHT="47" WIDTH="324" VPOS="699" HPOS="830" STYLEREFS="font1"><String WC="0.5522222519" CONTENT="Malignus," HEIGHT="39" WIDTH="145" VPOS="707" HPOS="830"/><SP WIDTH="8" VPOS="716" HPOS="976"/><String WC="0.4600000083" CONTENT="a," HEIGHT="25" WIDTH="24" VPOS="716" HPOS="985"/><SP WIDTH="11" VPOS="715" HPOS="1010"/><String WC="0.3933333457" CONTENT="um," HEIGHT="24" WIDTH="56" VPOS="715" HPOS="1022"/><SP WIDTH="11" VPOS="704" HPOS="1079"/><String WC="0.5824999809" CONTENT="bös." HEIGHT="37" WIDTH="63" VPOS="699" HPOS="1091"/></TextLine>
<TextLine HEIGHT="51" WIDTH="358" VPOS="741" HPOS="831" STYLEREFS="font1"><String WC="0.4477777779" CONTENT="Spiritus," HEIGHT="42" WIDTH="122" VPOS="750" HPOS="831"/><SP WIDTH="10" VPOS="759" HPOS="953"/><String STYLEREFS="font3" WC="0.4300000072" CONTENT="m." HEIGHT="19" WIDTH="38" VPOS="759" HPOS="963"/><SP WIDTH="10" VPOS="757" HPOS="1001"/><String STYLEREFS="font3" WC="0.6700000167" CONTENT="4." HEIGHT="29" WIDTH="27" VPOS="757" HPOS="1011"/><SP WIDTH="11" VPOS="749" HPOS="1038"/><String STYLEREFS="font3" WC="0.2666666806" CONTENT="der" HEIGHT="31" WIDTH="48" VPOS="749" HPOS="1049"/><SP WIDTH="8" VPOS="746" HPOS="1097"/><String STYLEREFS="font3" WC="0.3566666543" CONTENT="Geisi-" HEIGHT="41" WIDTH="84" VPOS="741" HPOS="1105"/></TextLine>
<TextLine HEIGHT="51" WIDTH="378" VPOS="778" HPOS="832" STYLEREFS="font1"><String WC="0.7799999714" CONTENT="Diabolus,m.r" HEIGHT="35" WIDTH="197" VPOS="794" HPOS="832"/><SP WIDTH="7" VPOS="792" HPOS="1030"/><String STYLEREFS="font3" WC="0.4683333337" CONTENT="cherTeusiesi" HEIGHT="46" WIDTH="172" VPOS="778" HPOS="1038"/></TextLine>
<TextLine HEIGHT="45" WIDTH="379" VPOS="825" HPOS="832" STYLEREFS="font1"><String WC="0.3909523785" CONTENT="I£his,rn.4.oculi,iii." HEIGHT="36" WIDTH="280" VPOS="834" HPOS="832"/><SP WIDTH="12" VPOS="842" HPOS="1113"/><String WC="0.4799999893" CONTENT="a-" HEIGHT="19" WIDTH="25" VPOS="841" HPOS="1126"/><SP WIDTH="13" VPOS="828" HPOS="1152"/><String WC="0.3433333337" CONTENT="dtk" HEIGHT="32" WIDTH="45" VPOS="825" HPOS="1166"/></TextLine>
<TextLine HEIGHT="36" WIDTH="177" VPOS="874" HPOS="873" STYLEREFS="font1"><String WC="0.4718181789" CONTENT="Augenblick." HEIGHT="36" WIDTH="177" VPOS="874" HPOS="873"/></TextLine>
<TextLine HEIGHT="47" WIDTH="379" VPOS="904" HPOS="834" STYLEREFS="font3"><String WC="0.5066666603" CONTENT="inKcliL,k.&gt;.pl.öieNachsiel*" HEIGHT="47" WIDTH="379" VPOS="904" HPOS="834"/></TextLine>
<TextLine HEIGHT="47" WIDTH="266" VPOS="949" HPOS="876" STYLEREFS="font3"><String WC="0.7419999838" CONTENT="luttg" HEIGHT="40" WIDTH="66" VPOS="956" HPOS="876"/><SP WIDTH="9" VPOS="954" HPOS="943"/><String WC="0.5746153593" CONTENT="(Hinterlist.)" HEIGHT="46" WIDTH="189" VPOS="949" HPOS="953"/></TextLine>
<TextLine HEIGHT="46" WIDTH="300" VPOS="992" HPOS="835" STYLEREFS="font3"><String STYLEREFS="font1" WC="0.6449999809" CONTENT="StruerL," HEIGHT="30" WIDTH="116" VPOS="1005" HPOS="835"/><SP WIDTH="10" VPOS="1009" HPOS="952"/><String STYLEREFS="font1" WC="0.9700000286" CONTENT="a." HEIGHT="19" WIDTH="22" VPOS="1008" HPOS="963"/><SP WIDTH="13" VPOS="1010" HPOS="986"/><String STYLEREFS="font1" WC="0.6100000143" CONTENT="z." HEIGHT="27" WIDTH="24" VPOS="1010" HPOS="1000"/><SP WIDTH="10" VPOS="993" HPOS="1025"/><String WC="0.5137500167" CONTENT="stellen." HEIGHT="43" WIDTH="99" VPOS="992" HPOS="1036"/></TextLine>
<TextLine HEIGHT="43" WIDTH="357" VPOS="1035" HPOS="835"><String WC="0.4900000095" CONTENT="Ternäre," HEIGHT="34" WIDTH="127" VPOS="1043" HPOS="835"/><SP WIDTH="6" VPOS="1053" HPOS="963"/><String WC="0.6200000048" CONTENT="a." HEIGHT="17" WIDTH="22" VPOS="1053" HPOS="970"/><SP WIDTH="12" VPOS="1052" HPOS="993"/><String WC="1." CONTENT="1." HEIGHT="21" WIDTH="23" VPOS="1052" HPOS="1006"/><SP WIDTH="11" VPOS="1045" HPOS="1030"/><String STYLEREFS="font3" WC="0.4379999936" CONTENT="versuchen»" HEIGHT="42" WIDTH="150" VPOS="1035" HPOS="1042"/></TextLine>
<TextLine HEIGHT="41" WIDTH="307" VPOS="1082" HPOS="835"><String WC="0.354285717" CONTENT="Vexärc," HEIGHT="33" WIDTH="116" VPOS="1086" HPOS="835"/><SP WIDTH="8" VPOS="1096" HPOS="951"/><String WC="0.8949999809" CONTENT="a." HEIGHT="18" WIDTH="25" VPOS="1095" HPOS="959"/><SP WIDTH="13" VPOS="1095" HPOS="984"/><String WC="1." CONTENT="1." HEIGHT="18" WIDTH="25" VPOS="1095" HPOS="997"/><SP WIDTH="11" VPOS="1090" HPOS="1022"/><String WC="0.4142857194" CONTENT="plage»." HEIGHT="40" WIDTH="109" VPOS="1082" HPOS="1033"/></TextLine>
<TextLine HEIGHT="46" WIDTH="356" VPOS="1117" HPOS="839"><String WC="0.3614285588" CONTENT="Demens," HEIGHT="33" WIDTH="134" VPOS="1130" HPOS="839"/><SP WIDTH="11" VPOS="1135" HPOS="974"/><String WC="0.5299999714" CONTENT="o." HEIGHT="17" WIDTH="26" VPOS="1135" HPOS="986"/><SP WIDTH="17" VPOS="1136" HPOS="1013"/><String WC="0.401818186" CONTENT="3.thvcicht&apos;" HEIGHT="45" WIDTH="164" VPOS="1117" HPOS="1031"/></TextLine>
<TextLine HEIGHT="51" WIDTH="379" VPOS="1158" HPOS="838"><String WC="0.5046153665" CONTENT="Magus,m.i.Der" HEIGHT="40" WIDTH="223" VPOS="1169" HPOS="838"/><SP WIDTH="7" VPOS="1164" HPOS="1062"/><String WC="0.3566666543" CONTENT="Zauberer-" HEIGHT="45" WIDTH="147" VPOS="1158" HPOS="1070"/></TextLine>
<TextLine HEIGHT="41" WIDTH="325" VPOS="1204" HPOS="837"><String WC="0.337500006" CONTENT="Lämia.f." HEIGHT="36" WIDTH="132" VPOS="1208" HPOS="837"/><SP WIDTH="18" VPOS="1218" HPOS="970"/><String WC="0.8149999976" CONTENT="1." HEIGHT="18" WIDTH="24" VPOS="1218" HPOS="989"/><SP WIDTH="10" VPOS="1209" HPOS="1014"/><String WC="0.5066666603" CONTENT="die" HEIGHT="31" WIDTH="41" VPOS="1208" HPOS="1025"/><SP WIDTH="9" VPOS="1205" HPOS="1067"/><String WC="0.4740000069" CONTENT="Hexe." HEIGHT="40" WIDTH="85" VPOS="1204" HPOS="1077"/></TextLine>
<TextLine HEIGHT="43" WIDTH="378" VPOS="1242" HPOS="839"><String WC="0.3681818247" CONTENT="Cacodaunonjm.j.bCt^tt*" HEIGHT="43" WIDTH="378" VPOS="1242" HPOS="839"/></TextLine>
<TextLine HEIGHT="34" WIDTH="236" VPOS="1296" HPOS="882"><String WC="0.4900000095" CONTENT="tan." HEIGHT="28" WIDTH="60" VPOS="1297" HPOS="882"/><SP WIDTH="162" VPOS="1312" HPOS="943"/><String WC="0.5500000119" CONTENT="," HEIGHT="9" WIDTH="12" VPOS="1320" HPOS="1106"/></TextLine>
<TextLine HEIGHT="47" WIDTH="328" VPOS="1324" HPOS="841"><String WC="0.495714277" CONTENT="Dederi," HEIGHT="36" WIDTH="115" VPOS="1334" HPOS="841"/><SP WIDTH="11" VPOS="1344" HPOS="957"/><String WC="0.5049999952" CONTENT="a." HEIGHT="19" WIDTH="23" VPOS="1344" HPOS="969"/><SP WIDTH="13" VPOS="1344" HPOS="993"/><String WC="0.5899999738" CONTENT="3." HEIGHT="26" WIDTH="24" VPOS="1344" HPOS="1007"/><SP WIDTH="7" VPOS="1336" HPOS="1032"/><String WC="0.368750006" CONTENT="ergeben»" HEIGHT="39" WIDTH="129" VPOS="1324" HPOS="1040"/></TextLine>
<TextLine HEIGHT="51" WIDTH="365" VPOS="1361" HPOS="840"><String WC="0.3350000083" CONTENT="Indufus," HEIGHT="36" WIDTH="127" VPOS="1376" HPOS="840"/><SP WIDTH="8" VPOS="1386" HPOS="968"/><String WC="0.474999994" CONTENT="a," HEIGHT="22" WIDTH="23" VPOS="1386" HPOS="977"/><SP WIDTH="6" VPOS="1384" HPOS="1001"/><String WC="0.3066666722" CONTENT="um," HEIGHT="22" WIDTH="63" VPOS="1380" HPOS="1008"/><SP WIDTH="9" VPOS="1370" HPOS="1072"/><String STYLEREFS="font3" WC="0.3666666746" CONTENT="verschlbi" HEIGHT="46" WIDTH="123" VPOS="1361" HPOS="1082"/></TextLine>
<TextLine HEIGHT="72" WIDTH="376" VPOS="1435" HPOS="843"><String WC="0.5199999809" CONTENT="Circulus,m." HEIGHT="31" WIDTH="167" VPOS="1460" HPOS="844"/><SP WIDTH="4" VPOS="1462" HPOS="1012"/><String WC="0.6349999905" CONTENT="2." HEIGHT="18" WIDTH="24" VPOS="1462" HPOS="1017"/><SP WIDTH="7" VPOS="1451" HPOS="1042"/><String WC="0.2366666645" CONTENT="öft" HEIGHT="35" WIDTH="48" VPOS="1451" HPOS="1050"/><SP WIDTH="8" VPOS="1453" HPOS="1099"/><String WC="0.4014285803" CONTENT="Qtiuff^" HEIGHT="71" WIDTH="112" VPOS="1435" HPOS="1107"/></TextLine>
<TextLine HEIGHT="49" WIDTH="375" VPOS="1486" HPOS="844"><String WC="0.3768750131" CONTENT="Incantamentum,n." HEIGHT="33" WIDTH="288" VPOS="1502" HPOS="844"/><SP WIDTH="11" VPOS="1502" HPOS="1133"/><String STYLEREFS="font3" WC="0.6225000024" CONTENT="r-d^" HEIGHT="34" WIDTH="74" VPOS="1486" HPOS="1145"/></TextLine>
<TextLine HEIGHT="41" WIDTH="216" VPOS="1537" HPOS="888" STYLEREFS="font3"><String WC="0.426666677" CONTENT="Beschwerung." HEIGHT="41" WIDTH="216" VPOS="1537" HPOS="888"/></TextLine>
<TextLine HEIGHT="48" WIDTH="639" VPOS="1572" HPOS="573"><String WC="0.2428571433" CONTENT="eumadvocanres)" HEIGHT="35" WIDTH="246" VPOS="1579" HPOS="573"/><SP WIDTH="25" VPOS="1580" HPOS="820"/><String WC="0.424444437" CONTENT="^dvoeäre," HEIGHT="37" WIDTH="152" VPOS="1581" HPOS="846"/><SP WIDTH="7" VPOS="1593" HPOS="999"/><String WC="0.5749999881" CONTENT="a." HEIGHT="18" WIDTH="22" VPOS="1593" HPOS="1007"/><SP WIDTH="13" VPOS="1591" HPOS="1030"/><String WC="0.5450000167" CONTENT="1." HEIGHT="20" WIDTH="25" VPOS="1591" HPOS="1044"/><SP WIDTH="13" VPOS="1579" HPOS="1070"/><String WC="0.6436363459" CONTENT="herzttvtttt" HEIGHT="45" WIDTH="128" VPOS="1572" HPOS="1084"/></TextLine>
<TextLine HEIGHT="54" WIDTH="388" VPOS="1616" HPOS="838" STYLEREFS="font3"><String WC="0.2399999946" CONTENT="i" HEIGHT="36" WIDTH="5" VPOS="1618" HPOS="838"/><SP WIDTH="43" VPOS="1618" HPOS="843"/><String WC="0.3824999928" CONTENT="neu." HEIGHT="26" WIDTH="61" VPOS="1632" HPOS="887"/><SP WIDTH="224" VPOS="1644" HPOS="949"/><String STYLE="subscript" WC="0.2399999946" CONTENT="e" HEIGHT="18" WIDTH="16" VPOS="1650" HPOS="1174"/><String WC="0.2300000042" CONTENT="„" HEIGHT="21" WIDTH="33" VPOS="1647" HPOS="1193"/></TextLine>
<TextLine HEIGHT="45" WIDTH="650" VPOS="1656" HPOS="576"><String WC="0.5199999809" CONTENT="cü" HEIGHT="26" WIDTH="32" VPOS="1668" HPOS="576"/><SP WIDTH="18" VPOS="1667" HPOS="609"/><String WC="0.3000000119" CONTENT="eo" HEIGHT="18" WIDTH="35" VPOS="1674" HPOS="628"/><SP WIDTH="17" VPOS="1673" HPOS="664"/><String WC="0.4309999943" CONTENT="colludunt," HEIGHT="37" WIDTH="153" VPOS="1660" HPOS="682"/><SP WIDTH="12" VPOS="1671" HPOS="836"/><String WC="0.2899999917" CONTENT="Concludere." HEIGHT="33" WIDTH="191" VPOS="1666" HPOS="849"/><SP WIDTH="8" VPOS="1672" HPOS="1041"/><String WC="0.3700000048" CONTENT="*•" HEIGHT="18" WIDTH="24" VPOS="1672" HPOS="1050"/><SP WIDTH="53" VPOS="1665" HPOS="1075"/><String STYLEREFS="font3" WC="0.6414285898" CONTENT="jutytt&quot;" HEIGHT="41" WIDTH="97" VPOS="1656" HPOS="1129"/></TextLine>
<TextLine HEIGHT="42" WIDTH="567" VPOS="1710" HPOS="577"><String WC="1." CONTENT="&amp;" HEIGHT="26" WIDTH="26" VPOS="1720" HPOS="577"/><SP WIDTH="7" VPOS="1719" HPOS="604"/><String WC="0.5400000215" CONTENT="ä" HEIGHT="28" WIDTH="14" VPOS="1718" HPOS="612"/><SP WIDTH="7" VPOS="1718" HPOS="627"/><String WC="0.3000000119" CONTENT="Deo" HEIGHT="26" WIDTH="61" VPOS="1719" HPOS="635"/><SP WIDTH="8" VPOS="1717" HPOS="697"/><String WC="0.3459999859" CONTENT="dcficiunt!" HEIGHT="32" WIDTH="135" VPOS="1714" HPOS="706"/><SP WIDTH="46" VPOS="1712" HPOS="842"/><String WC="0.3716666698" CONTENT="hüben." HEIGHT="39" WIDTH="97" VPOS="1711" HPOS="889"/><SP WIDTH="113" VPOS="1729" HPOS="987"/><String WC="0.5500000119" CONTENT="," HEIGHT="9" WIDTH="9" VPOS="1738" HPOS="1101"/><SP WIDTH="16" VPOS="1738" HPOS="1111"/><String WC="0.9300000072" CONTENT="„" HEIGHT="8" WIDTH="16" VPOS="1737" HPOS="1128"/></TextLine>
<TextLine HEIGHT="47" WIDTH="609" VPOS="1742" HPOS="577"><String WC="0.3799999952" CONTENT="nam" HEIGHT="19" WIDTH="64" VPOS="1769" HPOS="577"/><SP WIDTH="15" VPOS="1770" HPOS="642"/><String WC="0.25" CONTENT="cum" HEIGHT="18" WIDTH="62" VPOS="1769" HPOS="658"/><SP WIDTH="13" VPOS="1761" HPOS="721"/><String WC="0.6549999714" CONTENT="illö" HEIGHT="29" WIDTH="46" VPOS="1759" HPOS="735"/><SP WIDTH="70" VPOS="1756" HPOS="782"/><String WC="0.5400000215" CONTENT="Deficere,a." HEIGHT="34" WIDTH="165" VPOS="1752" HPOS="853"/><SP WIDTH="44" VPOS="1743" HPOS="1019"/><String WC="0.7014285922" CONTENT="Mallen-" HEIGHT="35" WIDTH="122" VPOS="1742" HPOS="1064"/></TextLine>
<TextLine HEIGHT="49" WIDTH="609" VPOS="1782" HPOS="577"><String STYLE="italics" WC="0.4655555487" CONTENT="mcrctilem" HEIGHT="31" WIDTH="132" VPOS="1800" HPOS="578"/><SP WIDTH="145" VPOS="1801" HPOS="711"/><String WC="0.424444437" CONTENT="Merces,f." HEIGHT="38" WIDTH="145" VPOS="1789" HPOS="856"/><SP WIDTH="9" VPOS="1800" HPOS="1002"/><String WC="0.4199999869" CONTENT="z." HEIGHT="28" WIDTH="25" VPOS="1800" HPOS="1012"/><SP WIDTH="8" VPOS="1788" HPOS="1037"/><String WC="0.7666666508" CONTENT="dev" HEIGHT="31" WIDTH="49" VPOS="1788" HPOS="1045"/><SP WIDTH="8" VPOS="1791" HPOS="1094"/><String WC="0.5059999824" CONTENT="rdhN»" HEIGHT="36" WIDTH="84" VPOS="1782" HPOS="1102"/></TextLine>
<TextLine HEIGHT="77" WIDTH="375" VPOS="1820" HPOS="854" STYLEREFS="font1"><String WC="0.4308333397" CONTENT="Acchcr-,«-Z." HEIGHT="42" WIDTH="202" VPOS="1837" HPOS="854"/><SP WIDTH="7" VPOS="1833" HPOS="1057"/><String STYLE="bold" STYLEREFS="font3" WC="0.5260000229" CONTENT="MpfM^" HEIGHT="76" WIDTH="164" VPOS="1820" HPOS="1065"/></TextLine>
</TextBlock>
<TextBlock ID="Page1_Block10" HEIGHT="131" WIDTH="273" VPOS="1028" HPOS="556" language="de" STYLEREFS="font1"><Shape><Polygon POINTS="564,1032 796,1032 796,1120 834,1120 834,1162 598,1162 598,1120 562,1120 562,1082 564,1082 564,1032"/></Shape>
<TextLine HEIGHT="36" WIDTH="214" VPOS="1035" HPOS="561"><String WC="0.9599999785" CONTENT="ad" HEIGHT="31" WIDTH="34" VPOS="1040" HPOS="561"/><SP WIDTH="7" VPOS="1040" HPOS="596"/><String WC="0.7090908885" CONTENT="tencandurn," HEIGHT="36" WIDTH="171" VPOS="1035" HPOS="604"/></TextLine>
<TextLine HEIGHT="32" WIDTH="217" VPOS="1081" HPOS="560"><String WC="1." CONTENT="vel" HEIGHT="29" WIDTH="44" VPOS="1084" HPOS="560"/><SP WIDTH="9" VPOS="1084" HPOS="604"/><String WC="0.8266666532" CONTENT="vexandum," HEIGHT="32" WIDTH="164" VPOS="1081" HPOS="613"/></TextLine>
<TextLine HEIGHT="35" WIDTH="227" VPOS="1118" HPOS="597"><String WC="0.8933333158" CONTENT="Vsa" HEIGHT="26" WIDTH="47" VPOS="1127" HPOS="597"/><SP WIDTH="7" VPOS="1124" HPOS="645"/><String WC="0.9200000167" CONTENT="dernentibus" HEIGHT="33" WIDTH="171" VPOS="1118" HPOS="653"/></TextLine>
</TextBlock><GraphicalElement ID="Page1_Block11" HEIGHT="9" WIDTH="910" VPOS="203" HPOS="221"/><GraphicalElement ID="Page1_Block12" HEIGHT="783" WIDTH="11" VPOS="321" HPOS="547"/><GraphicalElement ID="Page1_Block13" HEIGHT="90" WIDTH="5" VPOS="1620" HPOS="568"/><GraphicalElement ID="Page1_Block14" HEIGHT="143" WIDTH="5" VPOS="1725" HPOS="570"/><GraphicalElement ID="Page1_Block15" HEIGHT="380" WIDTH="14" VPOS="230" HPOS="810"/><GraphicalElement ID="Page1_Block16" HEIGHT="232" WIDTH="5" VPOS="610" HPOS="822"/><GraphicalElement ID="Page1_Block17" HEIGHT="637" WIDTH="14" VPOS="853" HPOS="824"/><GraphicalElement ID="Page1_Block18" HEIGHT="91" WIDTH="5" VPOS="1490" HPOS="836"/><GraphicalElement ID="Page1_Block19" HEIGHT="161" WIDTH="7" VPOS="1708" HPOS="845"/>
</PrintSpace>
</Page>
</Layout>
</alto>